customer_id,tenure_months,plan_type,monthly_charges,total_charges,internet_service,payment_method,n_complaints_30d,severity,reopen_count,open_unresolved_count,n_contacts_30d,channel,n_repeat_contacts,escalation_count,first_contact_resolved,avg_resolution_hours,max_resolution_hours,sla_breached,pending_age_days,csat_score,days_since_last_complaint,churned
CUST-1000,2,Month-to-month,53.85,108.15,DSL,Mailed check,0,Low,0,0,2,Chat,0,1,0,5.8,12.8,0,0.0,2.4,133,1
CUST-1001,2,Month-to-month,70.7,151.65,Fiber optic,Electronic check,1,Low,1,0,2,Call,1,0,0,7.4,29.5,0,0.0,4.3,4,1
CUST-1002,8,Month-to-month,99.65,820.5,Fiber optic,Electronic check,1,Low,0,1,1,Ticket,1,1,1,14.2,21.8,0,0.6,2.4,18,1
CUST-1003,28,Month-to-month,104.8,3046.05,Fiber optic,Electronic check,1,Low,0,1,2,Email,0,0,1,33.9,61.6,0,0.2,4.2,7,1
CUST-1004,49,Month-to-month,103.7,5036.3,Fiber optic,Bank transfer (automatic),3,Low,1,0,4,Call,0,1,1,31.4,60.8,0,0.0,5.0,27,1
CUST-1005,10,Month-to-month,55.2,528.35,DSL,Credit card (automatic),1,Medium,4,1,1,Email,0,0,0,4.7,4.8,0,0.1,2.6,4,1
CUST-1006,1,Month-to-month,39.65,39.65,DSL,Electronic check,0,Medium,0,1,0,Call,1,0,0,17.4,23.3,0,0.9,4.5,171,1
CUST-1007,1,Month-to-month,20.15,20.15,No,Mailed check,2,Low,0,0,2,Email,0,1,0,17.0,43.2,0,0.0,3.1,11,1
CUST-1008,47,Month-to-month,99.35,4749.15,Fiber optic,Electronic check,2,Medium,1,0,2,Ticket,0,1,1,19.5,19.6,0,0.0,3.0,29,1
CUST-1009,1,Month-to-month,30.2,30.2,DSL,Electronic check,0,Low,0,0,0,Email,1,0,1,8.7,10.0,0,0.0,3.8,125,1
CUST-1010,17,Month-to-month,64.7,1093.1,DSL,Mailed check,1,High,1,0,1,Call,0,1,1,29.1,35.9,0,0.0,4.3,6,1
CUST-1011,5,Month-to-month,69.7,316.9,Fiber optic,Electronic check,0,Low,1,0,0,Ticket,0,1,1,7.6,54.7,0,0.0,2.9,37,1
CUST-1012,34,Month-to-month,106.35,3549.25,Fiber optic,Electronic check,1,Medium,0,0,1,Call,0,0,1,9.2,40.6,0,0.0,4.5,17,1
CUST-1013,11,Month-to-month,97.85,1105.4,Fiber optic,Bank transfer (automatic),1,Medium,0,1,1,Call,1,0,0,4.9,15.5,0,1.6,4.3,13,1
CUST-1014,2,Month-to-month,80.65,144.15,Fiber optic,Electronic check,1,Low,0,0,1,Chat,1,0,0,4.0,7.5,0,0.0,4.0,4,1
CUST-1015,15,Month-to-month,99.1,1426.4,Fiber optic,Credit card (automatic),3,High,1,0,3,Email,0,0,1,49.0,61.3,1,0.0,4.1,12,1
CUST-1016,8,Month-to-month,80.65,633.3,Fiber optic,Credit card (automatic),0,Low,0,0,1,Call,1,1,1,11.5,16.2,0,0.0,3.9,134,1
CUST-1017,18,Month-to-month,95.45,1752.55,Fiber optic,Electronic check,1,Medium,1,0,2,Ticket,0,1,0,32.4,45.1,0,0.0,5.0,2,1
CUST-1018,9,Month-to-month,94.4,857.25,Fiber optic,Electronic check,3,Low,0,1,4,Ticket,1,0,1,32.7,34.9,0,1.5,2.1,28,1
CUST-1019,1,Month-to-month,79.35,79.35,Fiber optic,Electronic check,0,Low,0,1,0,Ticket,0,0,0,19.5,30.5,0,0.8,3.1,49,1
CUST-1020,7,Month-to-month,75.15,496.9,Fiber optic,Bank transfer (automatic),1,Medium,0,1,1,Chat,0,0,1,40.2,54.3,0,0.7,3.2,4,1
CUST-1021,12,Month-to-month,78.95,927.35,Fiber optic,Electronic check,1,Low,0,1,1,Call,0,0,1,0.0,15.1,0,1.0,3.5,26,1
CUST-1022,5,Month-to-month,21.05,113.85,No,Mailed check,0,Low,1,0,0,Ticket,1,0,1,4.1,49.4,0,0.0,2.7,122,1
CUST-1023,25,Month-to-month,98.5,2514.5,Fiber optic,Electronic check,1,Low,0,0,4,Chat,0,0,0,44.3,44.6,0,0.0,3.5,27,1
CUST-1024,68,Two year,110.0,7611.85,Fiber optic,Bank transfer (automatic),4,Medium,0,0,5,Ticket,0,1,0,63.5,64.5,1,0.0,3.5,15,1
CUST-1025,55,Month-to-month,96.75,5238.9,Fiber optic,Electronic check,1,Low,0,0,3,Chat,1,0,1,16.5,27.6,0,0.0,3.5,20,1
CUST-1026,37,Month-to-month,76.5,2868.15,Fiber optic,Electronic check,1,Low,1,1,2,Email,1,0,1,27.2,35.1,0,0.0,2.9,6,1
CUST-1027,10,Month-to-month,100.25,1064.65,Fiber optic,Electronic check,2,Medium,1,0,2,Call,0,0,1,3.9,15.8,0,0.0,3.2,11,1
CUST-1028,3,Month-to-month,74.4,229.55,Fiber optic,Electronic check,1,Low,1,1,2,Ticket,0,0,0,25.6,39.8,0,3.1,3.2,4,1
CUST-1029,27,Month-to-month,78.05,2135.5,Fiber optic,Electronic check,0,Low,0,0,2,Chat,0,0,1,24.1,24.5,0,0.0,4.0,137,1
CUST-1030,25,Month-to-month,58.6,1502.65,DSL,Credit card (automatic),0,Low,0,1,0,Call,0,1,1,2.7,10.6,0,2.0,4.4,136,1
CUST-1031,1,Month-to-month,35.45,35.45,DSL,Electronic check,0,Low,0,0,0,Email,0,2,1,35.1,43.4,0,0.0,2.4,55,1
CUST-1032,2,Month-to-month,44.35,81.25,DSL,Electronic check,0,Low,0,1,1,Chat,0,0,1,0.8,12.4,0,1.1,3.9,42,1
CUST-1033,1,Month-to-month,70.45,70.45,Fiber optic,Mailed check,1,High,0,1,2,Ticket,0,0,1,90.0,95.3,1,0.1,2.7,2,1
CUST-1034,8,Month-to-month,71.15,563.65,DSL,Electronic check,1,Low,1,0,2,Call,1,0,0,77.8,78.7,1,0.0,3.7,24,1
CUST-1035,1,Month-to-month,45.65,45.65,DSL,Electronic check,2,Low,0,0,2,Email,1,0,0,35.6,40.2,0,0.0,5.0,16,1
CUST-1036,7,Month-to-month,95.0,655.5,Fiber optic,Mailed check,1,Low,1,2,1,Email,0,1,1,15.3,18.3,0,3.8,3.0,15,1
CUST-1037,20,Month-to-month,82.4,1592.35,Fiber optic,Electronic check,1,Low,1,0,1,Chat,0,0,0,8.1,26.7,0,0.0,3.1,6,1
CUST-1038,4,Month-to-month,70.9,273.0,Fiber optic,Bank transfer (automatic),2,Medium,0,0,2,Email,0,0,0,9.5,34.9,0,0.0,3.7,29,1
CUST-1039,58,Month-to-month,45.3,2651.2,DSL,Electronic check,1,Low,0,0,2,Ticket,1,0,0,2.5,4.8,0,0.0,4.5,25,1
CUST-1040,2,Month-to-month,104.4,242.8,Fiber optic,Electronic check,2,Low,3,2,4,Chat,0,1,0,29.7,41.0,0,0.9,4.2,2,1
CUST-1041,53,One year,94.85,5000.2,Fiber optic,Bank transfer (automatic),0,Low,1,0,0,Email,0,0,0,74.5,77.2,1,0.0,5.0,78,1
CUST-1042,15,Month-to-month,74.45,1145.7,Fiber optic,Mailed check,2,Medium,0,0,3,Call,0,0,1,6.3,27.7,0,0.0,2.5,28,1
CUST-1043,7,Month-to-month,76.45,503.6,Fiber optic,Bank transfer (automatic),0,Low,1,0,0,Ticket,0,0,0,87.5,105.3,1,0.0,3.4,144,1
CUST-1044,1,Month-to-month,29.95,29.95,DSL,Bank transfer (automatic),2,Low,0,0,2,Call,0,0,0,13.9,24.3,0,0.0,3.3,21,1
CUST-1045,8,Month-to-month,84.5,662.65,Fiber optic,Bank transfer (automatic),1,Medium,0,0,1,Email,0,0,0,3.5,8.1,0,0.0,4.0,7,1
CUST-1046,13,Month-to-month,79.25,1111.65,Fiber optic,Electronic check,1,Low,1,1,1,Ticket,0,0,1,34.0,83.0,0,0.3,2.9,7,1
CUST-1047,1,Month-to-month,24.8,24.8,DSL,Electronic check,3,Medium,0,0,3,Call,0,0,0,40.8,53.2,0,0.0,4.3,9,1
CUST-1048,6,Month-to-month,91.0,531.0,Fiber optic,Electronic check,0,Medium,1,0,0,Email,0,0,0,9.5,25.6,0,0.0,3.8,127,1
CUST-1049,1,Month-to-month,79.9,79.9,Fiber optic,Electronic check,1,Low,0,2,1,Ticket,1,0,1,78.4,103.9,1,11.2,3.7,9,1
CUST-1050,19,Month-to-month,106.6,1934.45,Fiber optic,Electronic check,2,Medium,0,1,2,Ticket,0,0,0,17.7,38.5,0,0.0,2.6,24,1
CUST-1051,2,Month-to-month,46.0,84.5,DSL,Credit card (automatic),0,High,1,0,0,Ticket,0,1,0,0.8,21.4,0,0.0,4.7,142,1
CUST-1052,4,Month-to-month,70.15,268.35,Fiber optic,Electronic check,0,Medium,0,0,0,Email,0,0,0,9.7,13.2,0,0.0,4.1,90,1
CUST-1053,4,Month-to-month,50.05,179.35,DSL,Mailed check,3,High,0,0,3,Email,1,0,0,33.4,38.0,0,0.0,2.2,21,1
CUST-1054,1,Month-to-month,55.2,55.2,DSL,Mailed check,1,Low,0,0,1,Ticket,0,0,1,5.1,11.1,0,0.0,3.8,5,1
CUST-1055,1,Month-to-month,84.6,84.6,Fiber optic,Mailed check,0,Low,0,1,1,Ticket,0,0,0,3.2,33.1,0,1.7,4.0,41,1
CUST-1056,2,Month-to-month,54.4,114.1,DSL,Mailed check,1,High,0,0,2,Ticket,0,0,1,21.9,22.6,0,0.0,4.6,20,1
CUST-1057,11,Month-to-month,95.0,1120.3,Fiber optic,Electronic check,0,Low,0,0,1,Email,0,0,1,8.2,11.8,0,0.0,3.9,125,1
CUST-1058,15,Month-to-month,74.4,1074.3,Fiber optic,Electronic check,2,High,2,1,3,Chat,0,0,1,21.9,28.9,0,1.4,4.0,5,1
CUST-1059,1,Month-to-month,48.55,48.55,DSL,Mailed check,1,Low,1,0,1,Call,1,0,1,8.7,23.8,0,0.0,3.4,20,1
CUST-1060,2,Month-to-month,70.4,147.15,Fiber optic,Electronic check,4,High,0,0,4,Call,0,0,1,33.9,36.1,0,0.0,2.2,23,1
CUST-1061,1,Month-to-month,40.2,40.2,DSL,Electronic check,1,Low,1,0,1,Call,0,1,1,12.6,21.1,0,0.0,3.3,27,1
CUST-1062,2,Month-to-month,44.6,80.55,DSL,Credit card (automatic),1,Low,1,0,2,Chat,0,1,0,98.5,103.4,1,0.0,4.6,11,1
CUST-1063,3,Month-to-month,41.15,132.2,DSL,Electronic check,1,High,0,0,1,Email,2,0,1,10.8,13.7,0,0.0,4.6,22,1
CUST-1064,13,Month-to-month,106.9,1364.3,Fiber optic,Electronic check,2,Low,0,0,2,Ticket,0,0,1,3.6,4.4,0,0.0,2.5,29,1
CUST-1065,59,Two year,19.35,1099.6,No,Mailed check,1,Low,0,1,1,Ticket,0,1,1,23.2,43.9,0,1.1,2.2,29,1
CUST-1066,16,Month-to-month,94.45,1511.2,Fiber optic,Electronic check,0,Low,0,1,0,Chat,0,0,1,30.0,43.8,0,1.5,3.2,167,1
CUST-1067,1,Month-to-month,24.8,24.8,DSL,Bank transfer (automatic),2,Medium,0,0,2,Call,0,0,1,9.7,13.7,0,0.0,2.3,11,1
CUST-1068,1,Month-to-month,70.6,70.6,Fiber optic,Mailed check,1,High,1,1,1,Email,0,0,1,31.5,37.4,0,1.0,5.0,11,1
CUST-1069,5,Month-to-month,85.4,401.1,Fiber optic,Electronic check,0,Low,0,1,1,Email,2,0,1,9.6,19.1,0,2.2,4.3,164,1
CUST-1070,52,Month-to-month,105.05,5624.85,Fiber optic,Electronic check,2,Low,1,0,3,Email,2,0,1,2.4,7.0,0,0.0,4.3,8,1
CUST-1071,18,Month-to-month,95.15,1779.95,Fiber optic,Mailed check,1,Low,0,0,1,Ticket,1,1,0,2.0,4.5,0,0.0,4.5,16,1
CUST-1072,1,Month-to-month,70.0,70.0,Fiber optic,Electronic check,1,Medium,0,0,1,Call,0,0,0,14.9,17.7,0,0.0,3.1,16,1
CUST-1073,8,Month-to-month,74.5,606.55,Fiber optic,Electronic check,1,Low,1,0,2,Call,0,0,0,94.6,117.4,1,0.0,2.1,18,1
CUST-1074,10,Month-to-month,44.85,435.4,DSL,Credit card (automatic),1,Low,1,0,1,Chat,1,0,1,17.5,25.4,0,0.0,4.6,25,1
CUST-1075,24,Month-to-month,76.1,1712.7,Fiber optic,Electronic check,3,Low,0,0,4,Call,0,1,1,17.5,25.1,0,0.0,2.9,18,1
CUST-1076,1,Month-to-month,73.6,73.6,Fiber optic,Mailed check,1,Medium,0,1,2,Ticket,0,1,0,45.7,51.6,0,1.3,4.7,19,1
CUST-1077,4,Month-to-month,95.45,396.1,Fiber optic,Electronic check,2,High,0,0,4,Ticket,0,0,0,67.7,83.1,1,0.0,1.8,25,1
CUST-1078,32,Month-to-month,74.9,2303.35,Fiber optic,Electronic check,4,Medium,0,0,5,Email,0,0,1,4.5,25.7,0,0.0,2.7,28,1
CUST-1079,5,Month-to-month,80.6,415.55,Fiber optic,Electronic check,3,Low,1,0,3,Email,0,1,1,3.3,18.6,0,0.0,3.2,19,1
CUST-1080,38,One year,80.3,3058.65,DSL,Credit card (automatic),3,Medium,1,0,4,Call,0,0,1,26.4,34.3,0,0.0,3.6,19,1
CUST-1081,24,Month-to-month,93.15,2231.05,Fiber optic,Electronic check,2,Medium,1,0,3,Email,1,0,1,21.8,24.4,0,0.0,3.1,12,1
CUST-1082,54,One year,82.45,4350.1,DSL,Bank transfer (automatic),2,Low,1,1,2,Email,0,0,1,9.8,19.1,0,4.5,3.7,25,1
CUST-1083,2,Month-to-month,70.35,139.05,Fiber optic,Electronic check,1,Low,0,0,1,Chat,0,0,1,52.0,67.5,1,0.0,3.3,7,1
CUST-1084,7,Month-to-month,73.85,511.25,Fiber optic,Electronic check,1,Low,1,0,1,Email,0,0,1,18.0,24.4,0,0.0,5.0,16,1
CUST-1085,2,Month-to-month,80.6,155.8,Fiber optic,Mailed check,0,Medium,1,0,1,Email,0,0,0,4.4,60.7,0,0.0,4.3,179,1
CUST-1086,68,One year,75.8,5293.95,DSL,Bank transfer (automatic),3,Medium,0,0,3,Call,0,0,1,11.3,44.2,0,0.0,5.0,1,1
CUST-1087,43,Two year,104.6,4759.85,Fiber optic,Electronic check,1,Medium,0,0,1,Call,0,0,0,48.4,80.7,1,0.0,4.1,10,1
CUST-1088,63,Month-to-month,103.4,6603.0,Fiber optic,Electronic check,1,Low,0,0,1,Email,0,1,0,0.4,11.2,0,0.0,4.2,13,1
CUST-1089,2,Month-to-month,90.4,168.2,Fiber optic,Electronic check,1,Low,0,0,1,Chat,0,0,1,41.9,51.5,0,0.0,2.7,15,1
CUST-1090,4,Month-to-month,84.8,371.9,Fiber optic,Bank transfer (automatic),0,High,0,0,0,Ticket,1,0,0,69.7,78.8,1,0.0,4.3,142,1
CUST-1091,21,Month-to-month,41.9,840.1,DSL,Electronic check,1,Low,1,0,2,Ticket,0,0,1,10.5,18.1,0,0.0,3.5,5,1
CUST-1092,10,Month-to-month,80.25,846.0,Fiber optic,Bank transfer (automatic),0,High,2,1,1,Ticket,0,0,1,7.7,9.8,0,0.4,5.0,104,1
CUST-1093,27,Month-to-month,30.75,805.1,DSL,Credit card (automatic),3,Medium,1,1,3,Chat,0,0,0,4.2,29.3,0,0.9,3.1,7,1
CUST-1094,5,Month-to-month,96.5,492.55,Fiber optic,Bank transfer (automatic),3,Low,0,0,4,Email,0,1,0,0.9,21.4,0,0.0,4.7,18,1
CUST-1095,2,Month-to-month,85.65,181.5,Fiber optic,Electronic check,3,Low,1,1,3,Ticket,0,0,0,26.0,42.3,0,1.0,1.0,2,1
CUST-1096,25,Month-to-month,104.95,2566.5,Fiber optic,Bank transfer (automatic),0,High,1,0,0,Email,0,1,0,4.3,18.4,0,0.0,3.7,47,1
CUST-1097,1,Month-to-month,50.65,50.65,DSL,Mailed check,0,Low,0,0,0,Email,0,0,0,51.8,59.3,1,0.0,3.8,155,1
CUST-1098,1,Month-to-month,90.85,90.85,Fiber optic,Credit card (automatic),0,High,0,0,0,Email,0,0,1,14.0,79.0,0,0.0,4.0,53,1
CUST-1099,11,Month-to-month,19.95,214.75,No,Mailed check,1,Low,0,0,3,Ticket,1,0,1,83.0,90.0,1,0.0,3.7,8,1
CUST-1100,55,Month-to-month,85.45,4874.7,Fiber optic,Electronic check,0,Medium,2,0,0,Chat,0,0,1,89.8,93.4,1,0.0,5.0,111,1
CUST-1101,34,Month-to-month,73.95,2524.45,Fiber optic,Credit card (automatic),0,Medium,0,0,0,Chat,0,0,1,37.1,41.9,0,0.0,4.5,99,1
CUST-1102,69,Month-to-month,99.45,7007.6,Fiber optic,Credit card (automatic),0,High,0,3,1,Chat,0,2,1,13.3,28.4,0,0.6,3.9,136,1
CUST-1103,1,Month-to-month,19.9,19.9,No,Mailed check,0,Low,1,3,0,Chat,0,0,0,14.3,18.6,0,1.0,4.4,150,1
CUST-1104,1,Month-to-month,19.6,19.6,No,Mailed check,2,Medium,1,0,2,Email,0,0,1,69.2,82.4,1,0.0,2.9,12,1
CUST-1105,3,Month-to-month,81.35,233.7,Fiber optic,Electronic check,1,Low,1,0,1,Ticket,0,0,1,29.9,44.8,0,0.0,3.4,4,1
CUST-1106,22,Month-to-month,83.3,1845.9,Fiber optic,Electronic check,0,Low,1,1,1,Chat,1,1,0,11.8,40.0,0,1.5,3.7,30,1
CUST-1107,1,Month-to-month,75.3,75.3,Fiber optic,Bank transfer (automatic),3,Low,2,0,3,Chat,1,0,1,45.6,53.0,0,0.0,3.8,12,1
CUST-1108,61,Month-to-month,19.4,1182.55,No,Mailed check,0,Low,0,0,1,Chat,0,0,0,7.3,15.4,0,0.0,1.6,174,1
CUST-1109,12,Month-to-month,45.4,518.9,DSL,Bank transfer (automatic),3,Low,2,0,4,Call,1,1,1,63.5,64.4,1,0.0,3.7,19,1
CUST-1110,60,Month-to-month,105.9,6396.45,Fiber optic,Electronic check,3,Low,0,1,3,Email,0,0,1,6.4,8.7,0,0.1,2.8,16,1
CUST-1111,1,Month-to-month,69.55,69.55,Fiber optic,Mailed check,3,High,0,0,3,Chat,0,1,1,30.4,33.9,0,0.0,4.1,16,1
CUST-1112,28,Month-to-month,81.05,2227.1,Fiber optic,Electronic check,2,Medium,1,1,4,Email,0,0,1,24.0,56.3,0,1.6,4.3,26,1
CUST-1113,4,Month-to-month,101.15,385.9,Fiber optic,Electronic check,2,Low,0,1,2,Email,0,0,0,20.3,32.6,0,3.7,3.5,23,1
CUST-1114,7,Month-to-month,99.8,673.25,Fiber optic,Electronic check,2,High,0,1,3,Email,0,0,0,14.5,42.4,0,1.6,1.7,29,1
CUST-1115,13,Month-to-month,55.95,734.35,DSL,Electronic check,3,Low,0,0,3,Call,0,0,0,18.8,23.2,0,0.0,3.1,12,1
CUST-1116,1,Month-to-month,55.0,55.0,DSL,Electronic check,1,Low,0,0,1,Call,0,0,0,27.1,31.9,0,0.0,2.5,12,1
CUST-1117,1,Month-to-month,74.7,74.7,Fiber optic,Electronic check,1,Medium,0,1,1,Chat,0,0,0,23.1,31.4,0,2.4,3.6,12,1
CUST-1118,24,Month-to-month,80.25,1861.5,Fiber optic,Electronic check,2,Low,0,0,2,Email,0,0,1,7.4,20.4,0,0.0,3.6,15,1
CUST-1119,5,Month-to-month,96.1,453.4,Fiber optic,Electronic check,0,Medium,2,1,0,Call,0,0,1,7.3,9.2,0,1.2,3.7,145,1
CUST-1120,15,Month-to-month,69.0,994.8,Fiber optic,Bank transfer (automatic),2,Low,0,0,4,Ticket,0,0,1,24.1,26.4,0,0.0,3.2,26,1
CUST-1121,48,Month-to-month,45.3,2145.0,DSL,Bank transfer (automatic),4,Low,1,1,4,Ticket,0,0,0,3.8,23.3,0,0.3,3.2,28,1
CUST-1122,8,Month-to-month,83.55,680.05,Fiber optic,Electronic check,2,Low,1,0,2,Email,2,0,1,84.9,108.7,1,0.0,3.3,15,1
CUST-1123,1,Month-to-month,74.35,74.35,Fiber optic,Electronic check,3,High,1,1,3,Ticket,0,0,1,43.1,43.2,0,1.2,4.6,18,1
CUST-1124,2,Month-to-month,74.4,139.4,Fiber optic,Electronic check,0,Medium,0,0,1,Chat,0,0,0,13.9,28.7,0,0.0,4.6,100,1
CUST-1125,22,One year,43.75,903.6,DSL,Bank transfer (automatic),0,Medium,0,1,0,Ticket,0,0,1,17.1,22.4,0,4.5,3.2,162,1
CUST-1126,5,Month-to-month,28.45,131.05,DSL,Electronic check,2,Medium,1,1,3,Ticket,0,0,1,10.1,15.1,0,0.2,2.1,3,1
CUST-1127,12,Month-to-month,99.7,1238.45,Fiber optic,Bank transfer (automatic),3,Low,2,1,3,Ticket,0,0,1,3.8,13.6,0,1.6,4.7,23,1
CUST-1128,20,Month-to-month,94.1,1782.4,Fiber optic,Electronic check,2,Medium,0,0,2,Email,0,1,0,20.6,37.5,0,0.0,3.9,20,1
CUST-1129,2,Month-to-month,94.2,167.5,Fiber optic,Electronic check,0,Low,0,1,0,Call,1,0,1,103.3,134.9,1,1.2,3.0,63,1
CUST-1130,6,Month-to-month,80.5,502.85,Fiber optic,Electronic check,1,Low,1,0,1,Ticket,0,0,0,4.1,4.2,0,0.0,2.1,10,1
CUST-1131,5,Month-to-month,74.35,334.8,Fiber optic,Electronic check,1,Medium,0,1,1,Ticket,0,0,1,17.7,21.4,0,2.0,3.5,28,1
CUST-1132,40,Month-to-month,104.8,4131.95,Fiber optic,Bank transfer (automatic),1,Low,2,0,2,Email,0,0,1,74.1,80.0,1,0.0,3.7,22,1
CUST-1133,27,Month-to-month,75.2,1929.35,Fiber optic,Bank transfer (automatic),1,Low,1,0,2,Chat,0,0,0,92.8,93.8,1,0.0,4.0,27,1
CUST-1134,23,Month-to-month,75.6,1758.6,Fiber optic,Bank transfer (automatic),0,Medium,0,1,0,Chat,0,0,0,15.3,15.7,0,3.5,4.7,80,1
CUST-1135,34,Month-to-month,100.05,3480.0,Fiber optic,Electronic check,1,Medium,0,1,1,Call,0,0,1,1.7,62.2,0,3.3,3.4,12,1
CUST-1136,1,Month-to-month,85.0,85.0,Fiber optic,Electronic check,1,Medium,1,1,2,Email,0,0,0,6.6,19.1,0,0.8,3.1,16,1
CUST-1137,10,Month-to-month,86.05,834.1,Fiber optic,Bank transfer (automatic),3,Low,0,0,3,Call,0,0,0,28.0,31.7,0,0.0,4.0,4,1
CUST-1138,13,Month-to-month,45.55,597.0,DSL,Credit card (automatic),1,Low,0,0,1,Ticket,0,0,1,1.7,7.3,0,0.0,3.3,11,1
CUST-1139,39,Month-to-month,86.3,3266.0,Fiber optic,Mailed check,0,Medium,2,0,1,Call,0,0,0,23.4,38.1,0,0.0,4.2,48,1
CUST-1140,32,Month-to-month,80.35,2596.15,Fiber optic,Bank transfer (automatic),1,Medium,0,0,1,Call,0,0,0,13.8,15.6,0,0.0,3.3,14,1
CUST-1141,35,Month-to-month,100.25,3527.6,Fiber optic,Electronic check,2,Medium,0,0,4,Ticket,0,1,1,4.6,11.2,0,0.0,3.8,10,1
CUST-1142,56,One year,100.3,5614.45,Fiber optic,Credit card (automatic),1,High,1,1,2,Call,0,0,0,2.4,26.3,0,4.2,2.9,20,1
CUST-1143,12,Month-to-month,19.0,233.55,No,Mailed check,1,High,0,1,2,Call,0,0,1,26.4,30.2,0,1.5,4.2,22,1
CUST-1144,1,Month-to-month,75.3,75.3,Fiber optic,Mailed check,0,Low,1,1,1,Ticket,0,0,1,4.5,6.7,0,1.2,4.5,175,1
CUST-1145,4,Month-to-month,89.2,346.2,Fiber optic,Electronic check,0,Medium,0,1,2,Ticket,1,0,0,17.0,43.0,0,0.5,4.4,155,1
CUST-1146,1,Month-to-month,85.7,85.7,Fiber optic,Electronic check,2,Medium,0,1,4,Ticket,0,0,0,15.6,51.6,0,2.0,3.5,20,1
CUST-1147,12,Month-to-month,61.65,713.75,DSL,Mailed check,0,Medium,0,0,0,Call,1,0,0,25.8,51.2,0,0.0,3.9,160,1
CUST-1148,65,Month-to-month,105.25,6786.4,Fiber optic,Bank transfer (automatic),4,Low,2,1,6,Ticket,0,0,0,13.0,43.6,0,3.3,3.1,23,1
CUST-1149,9,Month-to-month,29.95,248.95,DSL,Electronic check,0,Medium,0,0,0,Email,0,0,1,56.8,63.1,1,0.0,3.5,137,1
CUST-1150,9,Month-to-month,65.0,663.05,DSL,Mailed check,1,High,0,0,2,Call,0,0,0,44.0,51.6,0,0.0,2.2,3,1
CUST-1151,7,Month-to-month,20.0,137.6,No,Bank transfer (automatic),3,Medium,0,0,3,Ticket,0,0,0,39.1,50.8,0,0.0,1.7,2,1
CUST-1152,49,Month-to-month,90.05,4547.25,Fiber optic,Credit card (automatic),3,Medium,1,0,3,Call,0,1,1,7.5,8.2,0,0.0,3.1,14,1
CUST-1153,43,Month-to-month,110.75,4687.9,Fiber optic,Bank transfer (automatic),0,Low,0,1,0,Email,1,0,1,96.5,110.3,1,2.9,3.0,150,1
CUST-1154,65,Month-to-month,105.5,6985.65,Fiber optic,Electronic check,2,Low,0,1,3,Ticket,0,0,1,17.1,26.5,0,4.6,2.2,17,1
CUST-1155,56,One year,104.55,5794.65,Fiber optic,Bank transfer (automatic),1,Low,0,0,1,Ticket,0,0,1,86.4,119.7,1,0.0,3.6,13,1
CUST-1156,10,Month-to-month,85.25,855.3,Fiber optic,Electronic check,0,Low,1,1,0,Chat,0,0,1,42.3,51.7,0,4.5,5.0,148,1
CUST-1157,43,Month-to-month,56.15,2499.3,DSL,Electronic check,1,Medium,0,0,1,Email,0,0,0,46.0,102.6,0,0.0,2.7,21,1
CUST-1158,1,Month-to-month,89.55,89.55,Fiber optic,Electronic check,1,Low,0,0,2,Email,1,1,1,28.1,70.0,0,0.0,5.0,6,1
CUST-1159,20,Month-to-month,94.55,1899.65,Fiber optic,Electronic check,1,Medium,0,2,3,Chat,0,0,0,4.4,10.6,0,0.3,3.1,25,1
CUST-1160,1,Month-to-month,45.7,45.7,DSL,Mailed check,1,Low,0,0,2,Email,1,0,0,72.9,73.3,1,0.0,4.2,26,1
CUST-1161,2,Month-to-month,89.5,161.5,Fiber optic,Electronic check,0,Low,2,0,1,Ticket,0,1,0,11.8,31.5,0,0.0,2.7,120,1
CUST-1162,3,Month-to-month,69.55,222.3,Fiber optic,Bank transfer (automatic),2,Low,0,0,2,Chat,0,0,1,66.1,89.1,1,0.0,4.7,29,1
CUST-1163,1,Month-to-month,74.6,74.6,Fiber optic,Mailed check,1,High,1,1,2,Call,0,0,1,48.3,58.0,1,1.2,3.4,23,1
CUST-1164,8,Month-to-month,19.65,164.3,No,Electronic check,2,Low,0,0,2,Ticket,1,0,0,39.8,55.6,0,0.0,4.6,1,1
CUST-1165,2,One year,19.85,35.9,No,Mailed check,0,Low,2,1,0,Email,1,0,0,0.2,8.0,0,2.4,3.8,37,1
CUST-1166,4,Month-to-month,24.25,96.05,DSL,Mailed check,2,Medium,0,1,2,Chat,0,0,1,19.8,31.8,0,3.6,2.8,23,1
CUST-1167,2,Month-to-month,69.65,145.15,Fiber optic,Electronic check,1,High,1,1,1,Call,0,0,1,6.4,15.0,0,0.8,2.2,29,1
CUST-1168,4,Month-to-month,45.65,191.05,DSL,Mailed check,2,Medium,0,0,2,Chat,0,0,1,48.9,56.7,1,0.0,4.4,16,1
CUST-1169,1,Month-to-month,75.05,75.05,Fiber optic,Mailed check,1,Low,0,0,2,Ticket,0,0,0,27.8,48.4,0,0.0,3.8,13,1
CUST-1170,52,Month-to-month,49.15,2550.9,DSL,Electronic check,0,Low,0,1,0,Ticket,1,0,1,24.1,26.4,0,5.3,3.6,155,1
CUST-1171,2,Month-to-month,34.7,62.25,DSL,Electronic check,2,High,1,0,3,Chat,0,0,1,54.0,60.7,1,0.0,2.2,15,1
CUST-1172,1,Month-to-month,80.0,80.0,Fiber optic,Electronic check,2,Medium,0,1,2,Chat,1,1,1,8.1,21.5,0,2.6,3.7,29,1
CUST-1173,2,Month-to-month,49.25,91.1,DSL,Electronic check,2,Medium,1,0,3,Email,0,0,1,2.6,53.5,0,0.0,3.7,2,1
CUST-1174,3,Month-to-month,75.1,270.7,Fiber optic,Credit card (automatic),5,Low,1,0,6,Ticket,0,0,1,8.4,18.6,0,0.0,1.8,22,1
CUST-1175,3,Month-to-month,50.15,168.15,DSL,Electronic check,2,Low,0,0,2,Call,1,0,1,4.7,14.3,0,0.0,4.5,1,1
CUST-1176,25,Month-to-month,79.85,2015.35,Fiber optic,Bank transfer (automatic),0,Low,0,0,0,Chat,0,0,1,6.7,15.2,0,0.0,2.8,49,1
CUST-1177,1,Month-to-month,19.55,19.55,No,Mailed check,2,Medium,2,0,3,Call,0,0,0,19.2,19.9,0,0.0,3.1,21,1
CUST-1178,4,Month-to-month,85.95,381.3,Fiber optic,Electronic check,3,Low,2,1,6,Chat,0,0,1,14.0,26.6,0,0.1,1.4,16,1
CUST-1179,3,Month-to-month,45.35,141.5,DSL,Electronic check,1,High,0,0,2,Ticket,1,0,1,91.1,131.0,1,0.0,3.6,18,1
CUST-1180,33,Month-to-month,94.5,3105.55,Fiber optic,Electronic check,0,Low,0,0,0,Chat,0,1,1,12.5,27.9,0,0.0,3.2,174,1
CUST-1181,30,Month-to-month,91.7,2758.15,Fiber optic,Credit card (automatic),1,Medium,0,0,1,Email,0,0,0,3.8,8.4,0,0.0,4.6,11,1
CUST-1182,45,Month-to-month,87.25,3941.7,Fiber optic,Electronic check,4,Low,0,2,4,Call,0,0,0,47.8,60.6,0,1.0,2.5,13,1
CUST-1183,10,Month-to-month,98.55,1008.55,Fiber optic,Electronic check,0,Medium,0,1,2,Chat,0,1,0,7.4,15.9,0,1.4,3.4,176,1
CUST-1184,20,Month-to-month,98.55,1842.8,Fiber optic,Electronic check,1,Low,0,1,1,Ticket,1,0,0,2.6,15.8,0,0.1,5.0,15,1
CUST-1185,15,Month-to-month,85.9,1269.55,Fiber optic,Bank transfer (automatic),0,Medium,0,0,1,Chat,0,0,1,24.7,96.7,0,0.0,4.2,96,1
CUST-1186,22,Month-to-month,89.25,1907.85,Fiber optic,Electronic check,1,Medium,0,2,3,Call,1,0,1,6.8,18.1,0,3.2,3.3,27,1
CUST-1187,3,Month-to-month,70.3,208.85,Fiber optic,Electronic check,1,Low,0,1,2,Ticket,1,0,0,0.4,0.6,0,1.0,2.4,1,1
CUST-1188,15,Month-to-month,93.35,1444.65,Fiber optic,Electronic check,0,Medium,0,0,1,Chat,0,0,1,25.1,28.6,0,0.0,3.8,68,1
CUST-1189,1,Month-to-month,19.9,19.9,No,Mailed check,1,Medium,0,0,2,Email,0,1,1,1.7,8.3,0,0.0,3.0,15,1
CUST-1190,5,Month-to-month,88.9,454.15,Fiber optic,Mailed check,1,High,1,0,2,Email,0,2,1,0.1,0.9,0,0.0,3.4,8,1
CUST-1191,33,One year,95.8,3036.75,Fiber optic,Electronic check,2,High,0,2,2,Email,0,0,1,26.4,33.8,0,9.0,3.5,6,1
CUST-1192,2,Month-to-month,82.0,184.65,Fiber optic,Electronic check,1,High,0,1,2,Ticket,0,0,1,13.9,21.1,0,0.2,5.0,17,1
CUST-1193,2,Month-to-month,45.35,89.5,DSL,Electronic check,2,Low,0,0,2,Chat,0,0,1,37.5,62.7,0,0.0,2.8,28,1
CUST-1194,1,Month-to-month,52.2,52.2,DSL,Electronic check,1,Low,1,0,1,Ticket,0,0,0,4.1,8.2,0,0.0,3.8,19,1
CUST-1195,46,One year,110.0,4874.8,Fiber optic,Electronic check,0,High,0,0,0,Email,0,0,0,16.4,22.7,0,0.0,2.8,34,1
CUST-1196,62,One year,96.75,6125.4,Fiber optic,Electronic check,0,Low,0,0,0,Ticket,0,2,0,2.8,6.1,0,0.0,4.7,94,1
CUST-1197,10,Month-to-month,98.5,1058.25,Fiber optic,Electronic check,1,Low,0,1,1,Chat,0,0,0,12.1,31.4,0,1.2,3.4,24,1
CUST-1198,6,Month-to-month,85.35,489.45,Fiber optic,Electronic check,0,Medium,0,0,0,Email,1,1,1,10.1,28.9,0,0.0,2.7,48,1
CUST-1199,40,Month-to-month,101.3,4113.1,Fiber optic,Electronic check,1,Low,0,1,1,Ticket,0,1,1,23.4,58.1,0,2.8,3.3,18,1
CUST-1200,1,Month-to-month,69.55,69.55,Fiber optic,Electronic check,1,Medium,0,0,1,Call,0,1,0,22.5,43.9,0,0.0,4.5,15,1
CUST-1201,58,One year,103.25,6017.65,Fiber optic,Bank transfer (automatic),0,Medium,1,0,0,Email,0,0,1,6.9,26.6,0,0.0,2.5,122,1
CUST-1202,70,Two year,104.0,7250.15,Fiber optic,Credit card (automatic),1,Medium,0,0,1,Call,0,0,0,1.2,4.4,0,0.0,4.5,16,1
CUST-1203,2,Month-to-month,86.2,178.7,Fiber optic,Mailed check,1,Low,0,1,1,Email,0,0,0,2.5,16.4,0,3.2,2.9,8,1
CUST-1204,21,Month-to-month,111.2,2317.1,Fiber optic,Electronic check,1,Low,1,1,2,Chat,0,0,1,56.1,56.7,1,8.9,3.8,17,1
CUST-1205,16,Month-to-month,89.45,1430.25,Fiber optic,Credit card (automatic),2,Low,0,0,3,Ticket,0,0,1,29.8,30.1,0,0.0,4.7,12,1
CUST-1206,7,Month-to-month,95.6,644.35,Fiber optic,Bank transfer (automatic),1,Low,0,0,1,Call,0,1,0,65.7,70.0,1,0.0,3.9,18,1
CUST-1207,60,One year,90.95,5453.4,Fiber optic,Electronic check,1,Low,1,1,1,Call,0,0,0,22.1,46.5,0,0.9,3.8,15,1
CUST-1208,50,One year,108.55,5610.7,Fiber optic,Electronic check,1,Low,1,0,1,Ticket,0,0,1,48.6,52.5,1,0.0,3.5,27,1
CUST-1209,4,Month-to-month,78.85,292.8,Fiber optic,Electronic check,3,Medium,1,1,3,Chat,0,2,0,34.1,65.8,0,0.4,2.1,13,1
CUST-1210,1,Month-to-month,44.4,44.4,DSL,Mailed check,2,Medium,1,0,2,Call,1,0,0,6.5,9.4,0,0.0,3.7,25,1
CUST-1211,55,One year,100.0,5509.3,Fiber optic,Electronic check,3,Medium,0,0,4,Ticket,0,0,1,31.9,32.4,0,0.0,3.6,27,1
CUST-1212,12,One year,19.8,229.6,No,Bank transfer (automatic),0,Medium,1,2,0,Call,0,0,0,21.6,32.4,0,12.5,3.6,159,1
CUST-1213,1,Month-to-month,89.9,89.9,Fiber optic,Electronic check,1,Low,1,0,2,Chat,0,1,0,4.3,24.7,0,0.0,2.0,17,1
CUST-1214,62,One year,100.15,6413.65,Fiber optic,Electronic check,1,Medium,1,0,1,Call,0,1,0,2.3,12.4,0,0.0,3.5,23,1
CUST-1215,1,Month-to-month,50.8,50.8,DSL,Electronic check,1,Medium,1,1,1,Call,0,1,1,10.5,19.0,0,3.9,3.1,15,1
CUST-1216,20,Month-to-month,73.65,1463.5,Fiber optic,Electronic check,0,Low,0,0,1,Chat,0,1,0,20.3,27.2,0,0.0,2.5,54,1
CUST-1217,3,Month-to-month,95.1,307.4,Fiber optic,Electronic check,1,Medium,1,1,2,Call,0,0,0,18.7,33.8,0,1.3,3.5,18,1
CUST-1218,22,Month-to-month,94.65,2104.55,Fiber optic,Credit card (automatic),0,Low,0,0,0,Ticket,3,1,0,15.1,55.5,0,0.0,2.9,156,1
CUST-1219,4,Month-to-month,80.6,319.15,Fiber optic,Mailed check,0,Low,0,2,0,Chat,1,1,1,15.0,19.5,0,3.4,3.7,165,1
CUST-1220,59,One year,85.55,5084.65,Fiber optic,Electronic check,1,High,0,0,3,Call,0,1,1,0.4,5.4,0,0.0,3.4,10,1
CUST-1221,60,Month-to-month,50.8,3027.4,DSL,Electronic check,0,High,0,0,0,Chat,0,0,1,0.5,1.3,0,0.0,3.2,89,1
CUST-1222,15,Month-to-month,105.1,1582.75,Fiber optic,Electronic check,2,Medium,0,0,2,Email,0,0,0,12.0,14.2,0,0.0,2.4,4,1
CUST-1223,10,Month-to-month,110.1,1043.3,Fiber optic,Electronic check,1,Medium,1,2,2,Ticket,2,0,0,16.7,25.6,0,2.6,5.0,13,1
CUST-1224,6,Month-to-month,83.9,497.55,Fiber optic,Electronic check,1,High,0,0,2,Call,0,0,1,25.9,30.4,0,0.0,4.6,24,1
CUST-1225,63,Month-to-month,100.55,6215.35,Fiber optic,Electronic check,0,High,1,0,0,Ticket,2,0,1,25.2,45.7,0,0.0,3.0,68,1
CUST-1226,50,Month-to-month,103.85,5017.9,Fiber optic,Bank transfer (automatic),1,Low,0,0,2,Call,0,0,1,96.8,108.5,1,0.0,3.7,2,1
CUST-1227,1,Month-to-month,24.6,24.6,DSL,Electronic check,2,Medium,1,0,2,Email,0,0,0,11.4,27.2,0,0.0,3.8,21,1
CUST-1228,12,Month-to-month,98.9,1120.95,Fiber optic,Bank transfer (automatic),1,Low,1,0,2,Email,0,1,0,3.1,10.1,0,0.0,4.1,3,1
CUST-1229,9,Month-to-month,98.3,923.5,Fiber optic,Credit card (automatic),0,Low,0,0,1,Ticket,0,0,0,8.2,9.5,0,0.0,4.1,51,1
CUST-1230,17,Month-to-month,93.85,1625.65,Fiber optic,Electronic check,3,Low,0,0,3,Ticket,0,0,0,33.5,43.4,0,0.0,3.5,8,1
CUST-1231,9,Month-to-month,100.5,918.6,Fiber optic,Electronic check,3,Medium,1,0,5,Chat,1,0,0,6.4,10.0,0,0.0,4.2,24,1
CUST-1232,10,Month-to-month,72.85,688.65,Fiber optic,Electronic check,2,Medium,0,0,2,Call,0,0,1,39.1,48.0,0,0.0,1.8,6,1
CUST-1233,1,Month-to-month,73.55,73.55,Fiber optic,Electronic check,0,High,1,0,0,Call,0,1,0,37.7,39.1,0,0.0,3.5,61,1
CUST-1234,3,Month-to-month,79.4,205.05,Fiber optic,Electronic check,4,Low,0,0,5,Ticket,0,0,1,14.6,32.7,0,0.0,4.5,26,1
CUST-1235,13,Month-to-month,81.15,952.3,Fiber optic,Electronic check,0,Medium,4,0,1,Chat,0,0,1,30.1,36.2,0,0.0,2.7,138,1
CUST-1236,4,Month-to-month,84.6,360.1,Fiber optic,Electronic check,0,Low,1,0,0,Email,0,0,1,37.2,50.3,0,0.0,3.9,167,1
CUST-1237,6,Month-to-month,79.05,434.5,Fiber optic,Electronic check,1,Low,2,1,1,Call,0,1,0,29.8,37.9,0,5.1,2.3,16,1
CUST-1238,3,Month-to-month,74.4,215.8,Fiber optic,Bank transfer (automatic),3,High,0,2,3,Email,0,0,1,8.6,16.2,0,0.0,3.4,12,1
CUST-1239,35,Month-to-month,99.05,3395.8,Fiber optic,Electronic check,0,Low,0,0,2,Chat,0,0,0,4.3,10.1,0,0.0,2.4,101,1
CUST-1240,2,Month-to-month,44.95,85.15,DSL,Mailed check,0,Medium,2,0,0,Call,0,0,1,2.9,10.8,0,0.0,3.2,54,1
CUST-1241,1,Month-to-month,44.7,44.7,DSL,Credit card (automatic),1,Low,0,0,2,Chat,0,1,1,76.1,87.5,1,0.0,3.1,4,1
CUST-1242,1,Month-to-month,45.7,45.7,DSL,Mailed check,0,Low,1,0,0,Chat,0,0,0,2.3,5.3,0,0.0,4.5,69,1
CUST-1243,8,Month-to-month,100.3,832.35,Fiber optic,Credit card (automatic),1,Medium,0,1,1,Call,0,0,0,13.4,28.4,0,0.0,3.1,12,1
CUST-1244,7,Month-to-month,19.25,112.3,No,Electronic check,2,Low,0,2,2,Email,1,0,1,2.5,10.4,0,6.3,3.6,18,1
CUST-1245,2,Month-to-month,96.0,174.8,Fiber optic,Electronic check,2,Low,2,0,3,Email,1,0,1,36.4,47.9,0,0.0,3.2,29,1
CUST-1246,1,Month-to-month,90.55,90.55,Fiber optic,Electronic check,2,Low,0,0,3,Chat,0,0,0,18.5,26.2,0,0.0,4.9,15,1
CUST-1247,44,Month-to-month,30.35,1359.7,DSL,Electronic check,2,Medium,0,0,3,Ticket,0,0,1,4.4,6.6,0,0.0,2.1,26,1
CUST-1248,71,Two year,108.05,7532.15,Fiber optic,Electronic check,0,High,1,0,0,Chat,0,0,0,73.9,78.6,1,0.0,2.0,128,1
CUST-1249,1,Month-to-month,69.9,69.9,Fiber optic,Electronic check,1,Medium,0,1,1,Email,0,0,0,43.4,48.4,0,1.1,3.2,25,1
CUST-1250,62,One year,103.75,6383.35,Fiber optic,Electronic check,0,High,0,0,1,Chat,0,0,1,3.1,9.4,0,0.0,5.0,133,1
CUST-1251,1,Month-to-month,86.6,86.6,Fiber optic,Electronic check,2,Medium,1,1,4,Chat,0,2,0,38.6,43.2,0,0.0,2.7,28,1
CUST-1252,33,Month-to-month,80.6,2656.5,Fiber optic,Bank transfer (automatic),2,High,0,0,3,Call,0,0,1,42.8,56.3,0,0.0,4.4,4,1
CUST-1253,35,Month-to-month,85.3,2917.5,Fiber optic,Credit card (automatic),2,Medium,2,0,4,Chat,1,0,1,34.0,95.8,0,0.0,3.5,10,1
CUST-1254,34,Month-to-month,70.0,2416.1,Fiber optic,Credit card (automatic),1,Medium,0,0,1,Ticket,0,0,0,9.9,24.6,0,0.0,4.2,20,1
CUST-1255,4,Month-to-month,94.3,424.45,Fiber optic,Electronic check,3,Low,0,2,4,Ticket,1,0,1,6.8,45.1,0,0.7,4.9,4,1
CUST-1256,7,Month-to-month,95.35,660.9,Fiber optic,Electronic check,2,Medium,0,0,2,Ticket,0,0,1,17.1,33.2,0,0.0,4.2,14,1
CUST-1257,27,Month-to-month,75.5,1893.95,Fiber optic,Electronic check,2,Low,0,0,2,Ticket,0,1,1,14.8,25.4,0,0.0,4.9,22,1
CUST-1258,18,Month-to-month,90.1,1612.75,Fiber optic,Electronic check,2,Low,0,1,3,Chat,0,0,0,20.2,34.8,0,0.0,5.0,4,1
CUST-1259,2,Month-to-month,68.95,119.75,Fiber optic,Electronic check,1,High,0,0,2,Ticket,0,0,1,12.4,32.8,0,0.0,3.6,13,1
CUST-1260,32,Month-to-month,99.55,3204.65,Fiber optic,Credit card (automatic),2,Low,1,0,3,Ticket,0,0,1,5.4,27.0,0,0.0,3.4,9,1
CUST-1261,18,Month-to-month,57.45,990.85,DSL,Electronic check,1,High,0,1,2,Call,0,0,1,19.4,21.1,0,0.3,4.6,29,1
CUST-1262,12,One year,53.65,696.35,DSL,Credit card (automatic),1,Medium,0,1,2,Email,0,0,1,17.7,29.5,0,0.3,2.7,6,1
CUST-1263,8,Month-to-month,100.6,819.4,Fiber optic,Electronic check,1,Low,0,0,2,Call,1,0,1,55.0,57.1,1,0.0,3.5,26,1
CUST-1264,26,Month-to-month,83.75,2070.6,Fiber optic,Electronic check,0,Medium,0,0,0,Ticket,0,1,1,23.2,38.9,0,0.0,4.8,105,1
CUST-1265,3,Month-to-month,88.3,273.75,Fiber optic,Mailed check,0,Medium,1,0,0,Email,0,0,0,33.8,33.8,0,0.0,5.0,30,1
CUST-1266,8,Month-to-month,92.1,729.95,Fiber optic,Electronic check,0,Low,1,1,2,Call,0,0,0,12.8,25.1,0,3.6,4.9,101,1
CUST-1267,38,Month-to-month,79.45,3013.05,Fiber optic,Electronic check,2,Medium,0,0,4,Chat,0,0,1,39.8,40.4,0,0.0,3.5,2,1
CUST-1268,14,Month-to-month,90.45,1266.1,Fiber optic,Credit card (automatic),3,Medium,0,0,3,Email,0,0,1,8.5,36.3,0,0.0,3.9,20,1
CUST-1269,32,Month-to-month,69.75,2347.9,Fiber optic,Bank transfer (automatic),1,Low,0,1,1,Call,2,0,0,87.7,104.0,1,1.6,3.1,3,1
CUST-1270,1,Month-to-month,19.65,19.65,No,Mailed check,2,Low,2,0,2,Call,0,0,0,38.9,69.3,0,0.0,4.0,8,1
CUST-1271,12,Month-to-month,43.65,526.95,DSL,Electronic check,1,Low,0,0,2,Ticket,1,0,0,0.1,8.1,0,0.0,2.6,19,1
CUST-1272,5,Month-to-month,39.5,210.75,DSL,Electronic check,2,Low,0,0,2,Email,0,0,1,39.2,39.2,0,0.0,5.0,11,1
CUST-1273,40,Month-to-month,97.1,3706.95,Fiber optic,Bank transfer (automatic),1,Low,1,1,3,Ticket,0,0,1,17.8,50.4,0,2.5,4.8,13,1
CUST-1274,5,Month-to-month,80.0,412.5,Fiber optic,Electronic check,3,Medium,1,1,3,Email,0,0,0,20.0,23.7,0,0.5,3.7,16,1
CUST-1275,10,Month-to-month,84.7,832.05,Fiber optic,Mailed check,0,Low,1,1,1,Ticket,0,0,0,147.1,152.0,1,3.0,3.4,101,1
CUST-1276,2,Month-to-month,89.55,185.55,Fiber optic,Bank transfer (automatic),0,High,0,0,1,Email,0,0,0,29.1,38.8,0,0.0,4.9,164,1
CUST-1277,23,Month-to-month,90.6,1943.2,Fiber optic,Electronic check,0,Low,0,0,1,Email,1,2,1,3.2,6.1,0,0.0,2.4,117,1
CUST-1278,23,Month-to-month,90.05,2169.8,Fiber optic,Bank transfer (automatic),1,Low,0,2,2,Call,0,0,1,32.3,70.8,0,3.5,2.6,5,1
CUST-1279,49,Month-to-month,99.05,4853.75,Fiber optic,Bank transfer (automatic),2,Medium,0,3,3,Ticket,0,0,1,5.1,6.8,0,21.4,2.5,15,1
CUST-1280,2,Month-to-month,69.75,144.55,Fiber optic,Bank transfer (automatic),0,High,0,2,1,Email,1,0,0,62.8,67.7,1,2.7,5.0,174,1
CUST-1281,2,Month-to-month,49.05,91.1,DSL,Credit card (automatic),0,Medium,0,1,0,Email,0,0,0,7.0,46.2,0,1.3,2.6,41,1
CUST-1282,7,Month-to-month,98.05,713.0,Fiber optic,Bank transfer (automatic),1,Low,0,0,2,Email,0,0,0,14.2,71.3,0,0.0,2.6,13,1
CUST-1283,41,Month-to-month,114.5,4527.45,Fiber optic,Bank transfer (automatic),0,High,0,1,0,Chat,1,0,1,38.5,50.9,0,5.0,5.0,159,1
CUST-1284,2,Month-to-month,80.95,171.15,Fiber optic,Electronic check,2,Low,0,1,2,Email,0,0,0,76.6,95.0,1,1.0,2.7,3,1
CUST-1285,13,Month-to-month,74.3,940.35,Fiber optic,Electronic check,1,Low,0,0,1,Chat,0,0,0,3.9,14.3,0,0.0,3.5,16,1
CUST-1286,11,Month-to-month,89.7,1047.7,Fiber optic,Bank transfer (automatic),2,Low,0,0,2,Email,0,0,1,1.6,9.1,0,0.0,4.4,10,1
CUST-1287,17,Month-to-month,100.45,1622.45,Fiber optic,Credit card (automatic),2,Medium,0,0,2,Email,0,1,1,35.9,41.0,0,0.0,2.6,29,1
CUST-1288,25,One year,90.4,2178.6,Fiber optic,Electronic check,1,Low,1,1,2,Call,2,0,0,45.7,48.9,0,5.4,4.3,10,1
CUST-1289,3,Month-to-month,56.15,168.15,DSL,Mailed check,1,Medium,1,0,1,Call,0,0,0,21.2,24.9,0,0.0,3.4,8,1
CUST-1290,4,Month-to-month,94.4,387.2,Fiber optic,Bank transfer (automatic),1,Medium,2,0,1,Call,1,0,0,4.3,12.3,0,0.0,1.3,9,1
CUST-1291,37,Month-to-month,78.95,2839.65,Fiber optic,Credit card (automatic),1,High,1,1,2,Call,0,0,1,3.9,38.4,0,0.1,3.5,22,1
CUST-1292,19,One year,44.85,893.55,DSL,Credit card (automatic),0,Low,0,1,0,Ticket,1,1,1,14.2,38.7,0,0.2,5.0,139,1
CUST-1293,39,Month-to-month,105.65,4284.8,Fiber optic,Electronic check,3,Low,0,0,3,Email,0,1,1,5.0,9.7,0,0.0,2.0,25,1
CUST-1294,7,Month-to-month,74.65,544.55,Fiber optic,Mailed check,0,Low,0,1,0,Chat,1,0,1,9.8,46.3,0,0.1,5.0,134,1
CUST-1295,14,Month-to-month,64.7,941.0,DSL,Bank transfer (automatic),2,Low,0,0,2,Email,2,0,1,36.4,38.4,0,0.0,3.6,26,1
CUST-1296,11,Month-to-month,104.05,1133.65,Fiber optic,Bank transfer (automatic),1,Medium,0,1,2,Email,0,0,1,2.6,12.0,0,1.1,3.0,25,1
CUST-1297,1,Month-to-month,35.55,35.55,DSL,Electronic check,5,Medium,0,1,7,Email,2,0,0,8.3,22.4,0,1.1,2.8,7,1
CUST-1298,2,Month-to-month,95.15,196.9,Fiber optic,Electronic check,1,Medium,0,0,1,Call,0,1,1,11.6,45.7,0,0.0,5.0,3,1
CUST-1299,13,Month-to-month,96.65,1162.85,Fiber optic,Mailed check,2,Medium,0,0,2,Email,0,0,1,5.9,9.2,0,0.0,2.4,21,1
CUST-1300,3,Month-to-month,80.4,224.05,Fiber optic,Electronic check,1,High,0,0,1,Email,0,0,0,28.3,32.8,0,0.0,3.8,13,1
CUST-1301,1,Month-to-month,31.35,31.35,DSL,Mailed check,1,Low,1,2,1,Ticket,0,0,1,14.6,16.0,0,1.6,3.2,3,1
CUST-1302,12,Month-to-month,89.75,1052.4,Fiber optic,Bank transfer (automatic),1,High,0,0,2,Ticket,0,0,0,67.4,72.3,1,0.0,3.8,1,1
CUST-1303,60,One year,94.4,5610.25,Fiber optic,Electronic check,1,Low,0,0,2,Chat,0,1,0,9.6,31.4,0,0.0,4.0,18,1
CUST-1304,1,Month-to-month,19.85,19.85,No,Electronic check,1,Medium,1,1,2,Ticket,0,0,1,59.7,66.2,1,4.1,3.4,16,1
CUST-1305,6,Month-to-month,109.9,669.45,Fiber optic,Credit card (automatic),0,Medium,1,3,1,Call,1,0,1,19.3,73.2,0,12.0,4.1,90,1
CUST-1306,15,Month-to-month,101.35,1553.95,Fiber optic,Electronic check,1,Medium,0,2,1,Ticket,0,0,0,17.8,23.9,0,2.1,3.4,15,1
CUST-1307,21,Month-to-month,60.05,1236.15,DSL,Bank transfer (automatic),1,Low,2,0,1,Chat,1,0,1,6.2,21.3,0,0.0,3.3,25,1
CUST-1308,1,Month-to-month,60.15,60.15,DSL,Electronic check,1,Medium,0,2,1,Chat,0,0,1,67.9,74.0,1,1.6,3.7,8,1
CUST-1309,7,Month-to-month,90.45,593.45,Fiber optic,Electronic check,1,High,1,0,1,Ticket,0,0,0,8.8,12.1,0,0.0,3.7,28,1
CUST-1310,53,One year,94.25,4867.95,Fiber optic,Bank transfer (automatic),1,Medium,0,0,1,Email,1,0,1,18.2,20.5,0,0.0,3.5,1,1
CUST-1311,1,Month-to-month,74.9,74.9,Fiber optic,Electronic check,2,Medium,0,2,2,Chat,0,0,1,64.5,66.8,1,8.5,4.1,17,1
CUST-1312,1,Month-to-month,80.25,80.25,Fiber optic,Electronic check,0,Low,0,0,0,Ticket,1,0,1,43.7,56.2,0,0.0,4.6,106,1
CUST-1313,17,Month-to-month,69.0,1149.65,Fiber optic,Electronic check,1,Low,1,3,2,Ticket,0,0,1,8.5,9.4,0,1.5,4.6,19,1
CUST-1314,11,Month-to-month,66.35,740.8,DSL,Electronic check,0,High,1,0,1,Ticket,0,0,0,37.6,49.8,0,0.0,2.9,46,1
CUST-1315,19,Month-to-month,86.0,1532.45,Fiber optic,Bank transfer (automatic),0,Medium,0,1,1,Chat,0,0,1,26.3,32.7,0,2.6,3.8,57,1
CUST-1316,3,Month-to-month,80.3,250.05,Fiber optic,Electronic check,2,Medium,1,1,3,Email,1,1,0,0.8,13.8,0,3.0,1.9,17,1
CUST-1317,24,Month-to-month,90.55,2282.55,Fiber optic,Credit card (automatic),0,Low,2,2,0,Call,1,0,0,15.6,15.9,0,8.0,3.5,114,1
CUST-1318,2,Month-to-month,75.9,143.35,Fiber optic,Electronic check,3,Low,2,0,5,Ticket,1,1,0,12.6,14.4,0,0.0,3.1,10,1
CUST-1319,1,Month-to-month,45.85,45.85,DSL,Mailed check,0,Low,0,0,1,Email,0,0,1,24.7,49.5,0,0.0,3.9,79,1
CUST-1320,16,Month-to-month,49.95,810.2,DSL,Electronic check,0,Low,0,3,0,Call,1,1,1,27.9,140.0,0,4.0,4.1,113,1
CUST-1321,34,Month-to-month,78.3,2564.3,Fiber optic,Electronic check,1,Low,0,0,2,Ticket,0,0,1,28.0,50.2,0,0.0,3.3,13,1
CUST-1322,3,Month-to-month,76.95,228.4,Fiber optic,Electronic check,0,Low,1,0,0,Chat,0,0,0,14.2,15.8,0,0.0,3.5,145,1
CUST-1323,16,Month-to-month,96.15,1529.2,Fiber optic,Electronic check,0,Medium,0,0,0,Call,1,0,0,67.7,70.4,1,0.0,3.1,114,1
CUST-1324,1,Month-to-month,45.3,45.3,DSL,Electronic check,2,Medium,0,1,2,Email,1,0,0,1.7,4.0,0,0.2,2.3,25,1
CUST-1325,15,Month-to-month,19.4,289.3,No,Bank transfer (automatic),1,Low,0,0,1,Call,1,0,0,24.1,48.3,0,0.0,4.0,12,1
CUST-1326,11,Month-to-month,90.15,987.95,Fiber optic,Electronic check,0,Medium,1,1,0,Email,0,0,0,13.3,34.4,0,1.8,4.5,127,1
CUST-1327,1,Month-to-month,45.05,45.05,DSL,Mailed check,1,High,0,0,2,Email,1,0,1,6.1,12.4,0,0.0,2.4,16,1
CUST-1328,1,Month-to-month,75.8,75.8,Fiber optic,Electronic check,1,Low,2,0,1,Email,0,0,1,3.4,5.0,0,0.0,2.6,14,1
CUST-1329,7,Month-to-month,79.3,523.15,Fiber optic,Electronic check,1,High,0,0,2,Ticket,0,0,0,14.3,40.6,0,0.0,3.3,5,1
CUST-1330,2,Month-to-month,30.9,59.05,DSL,Electronic check,1,High,0,1,1,Call,0,1,1,8.4,18.8,0,0.7,3.4,12,1
CUST-1331,46,One year,95.25,4424.2,Fiber optic,Credit card (automatic),1,Low,1,0,3,Chat,0,0,1,5.7,51.0,0,0.0,3.6,18,1
CUST-1332,68,Month-to-month,89.6,6127.6,Fiber optic,Bank transfer (automatic),1,Low,0,2,3,Ticket,0,1,0,0.9,4.8,0,4.7,4.7,23,1
CUST-1333,59,One year,110.15,6448.05,Fiber optic,Electronic check,0,Low,1,0,0,Chat,0,0,0,8.6,9.1,0,0.0,2.9,85,1
CUST-1334,7,Month-to-month,89.5,676.7,Fiber optic,Electronic check,1,Medium,0,0,1,Chat,1,0,1,61.8,110.2,1,0.0,4.8,4,1
CUST-1335,8,Month-to-month,75.0,632.95,Fiber optic,Electronic check,3,Low,0,0,3,Call,1,1,0,17.8,23.0,0,0.0,1.9,8,1
CUST-1336,6,Month-to-month,44.75,270.95,DSL,Electronic check,2,Low,0,0,2,Ticket,2,0,1,6.4,13.5,0,0.0,3.3,23,1
CUST-1337,11,Month-to-month,44.05,483.7,DSL,Electronic check,0,Medium,0,1,1,Call,0,0,1,85.5,86.6,1,1.8,3.7,123,1
CUST-1338,15,Month-to-month,85.6,1345.55,Fiber optic,Bank transfer (automatic),3,Low,1,0,3,Ticket,1,0,1,24.2,35.0,0,0.0,4.6,20,1
CUST-1339,70,One year,115.55,8127.6,Fiber optic,Credit card (automatic),0,High,1,1,0,Ticket,0,0,0,16.3,19.9,0,5.7,3.3,171,1
CUST-1340,16,Month-to-month,86.6,1281.0,Fiber optic,Electronic check,2,Low,1,0,2,Call,0,0,0,62.3,76.1,1,0.0,3.3,15,1
CUST-1341,18,Month-to-month,85.2,1553.9,Fiber optic,Electronic check,0,High,0,0,1,Ticket,1,0,1,34.9,52.1,0,0.0,5.0,89,1
CUST-1342,34,Month-to-month,97.65,3207.55,Fiber optic,Electronic check,0,Low,0,0,1,Call,1,0,1,17.5,21.6,0,0.0,4.4,127,1
CUST-1343,47,Month-to-month,109.55,5124.55,Fiber optic,Electronic check,1,Low,0,0,1,Email,0,0,0,0.2,7.2,0,0.0,3.1,21,1
CUST-1344,39,One year,89.55,3474.45,Fiber optic,Electronic check,1,Low,1,0,1,Email,2,1,0,12.3,17.4,0,0.0,4.8,25,1
CUST-1345,1,Month-to-month,19.45,19.45,No,Mailed check,1,High,0,0,1,Chat,0,0,0,37.0,83.4,0,0.0,3.1,5,1
CUST-1346,4,Month-to-month,20.35,76.35,No,Mailed check,0,Low,0,0,1,Call,0,0,1,7.7,30.3,0,0.0,2.9,103,1
CUST-1347,1,Month-to-month,69.25,69.25,Fiber optic,Electronic check,1,Medium,1,0,1,Chat,0,0,0,1.3,7.9,0,0.0,4.6,6,1
CUST-1348,59,One year,99.5,5961.1,Fiber optic,Bank transfer (automatic),0,High,0,0,1,Ticket,1,0,1,21.5,30.2,0,0.0,3.1,80,1
CUST-1349,1,Month-to-month,25.2,25.2,DSL,Electronic check,0,Medium,1,1,0,Email,0,0,1,52.9,102.5,1,4.5,3.3,60,1
CUST-1350,2,Month-to-month,45.0,96.45,DSL,Mailed check,0,Low,0,1,1,Call,0,1,1,103.3,107.1,1,5.3,4.5,132,1
CUST-1351,1,Month-to-month,20.15,20.15,No,Mailed check,2,High,0,1,2,Chat,0,0,1,2.8,28.8,0,0.1,4.4,15,1
CUST-1352,66,Month-to-month,105.0,7133.25,Fiber optic,Credit card (automatic),2,High,0,0,2,Ticket,0,0,1,75.2,109.3,1,0.0,2.5,27,1
CUST-1353,3,Month-to-month,54.7,169.45,DSL,Credit card (automatic),2,Low,0,1,3,Ticket,0,0,0,11.1,18.5,0,0.1,4.4,3,1
CUST-1354,14,Month-to-month,87.25,1258.6,Fiber optic,Electronic check,0,Medium,0,2,0,Call,0,0,1,31.5,34.9,0,0.0,3.1,170,1
CUST-1355,10,Month-to-month,79.95,857.2,Fiber optic,Electronic check,0,High,3,0,2,Ticket,1,0,1,5.3,7.3,0,0.0,2.5,163,1
CUST-1356,18,Month-to-month,88.35,1639.3,Fiber optic,Electronic check,0,High,0,0,0,Chat,0,0,1,25.7,26.6,0,0.0,3.7,95,1
CUST-1357,9,Month-to-month,94.75,889.9,Fiber optic,Electronic check,2,Low,1,0,3,Call,0,0,1,25.6,28.0,0,0.0,2.9,3,1
CUST-1358,13,Month-to-month,95.05,1290.0,Fiber optic,Electronic check,3,Medium,1,1,5,Chat,1,0,1,7.6,12.6,0,1.9,3.6,12,1
CUST-1359,4,Month-to-month,78.45,330.05,Fiber optic,Electronic check,1,Low,2,1,1,Call,0,0,1,13.6,31.4,0,1.7,4.3,10,1
CUST-1360,4,Month-to-month,70.2,237.95,Fiber optic,Electronic check,0,Low,0,0,1,Chat,1,1,0,12.3,18.2,0,0.0,3.8,104,1
CUST-1361,59,Month-to-month,41.05,2452.7,DSL,Bank transfer (automatic),0,Low,0,0,0,Ticket,1,0,0,24.5,29.9,0,0.0,3.1,32,1
CUST-1362,10,Month-to-month,85.6,813.85,Fiber optic,Electronic check,2,Low,0,0,2,Email,0,0,1,86.9,109.3,1,0.0,3.7,23,1
CUST-1363,1,Month-to-month,79.2,79.2,Fiber optic,Electronic check,2,Medium,0,2,3,Ticket,0,1,1,19.4,30.2,0,6.9,2.9,21,1
CUST-1364,5,One year,70.0,347.4,DSL,Mailed check,0,Medium,1,1,1,Ticket,0,0,0,18.1,25.5,0,0.6,4.3,144,1
CUST-1365,1,Month-to-month,49.95,49.95,DSL,Bank transfer (automatic),2,Low,0,1,3,Chat,0,0,1,9.5,21.4,0,3.8,4.7,28,1
CUST-1366,22,Month-to-month,69.25,1554.0,Fiber optic,Electronic check,2,Low,0,0,2,Chat,0,1,0,26.0,35.9,0,0.0,4.0,6,1
CUST-1367,34,Month-to-month,94.25,3217.55,Fiber optic,Electronic check,0,Low,0,0,1,Email,0,0,1,43.0,50.1,0,0.0,2.9,49,1
CUST-1368,41,One year,73.0,3001.2,DSL,Electronic check,0,High,0,0,0,Email,0,0,0,2.4,8.5,0,0.0,4.9,135,1
CUST-1369,64,One year,100.05,6254.2,Fiber optic,Credit card (automatic),1,High,1,0,3,Chat,1,0,0,6.4,32.3,0,0.0,1.8,26,1
CUST-1370,4,Month-to-month,99.8,442.85,Fiber optic,Credit card (automatic),2,Low,0,0,3,Ticket,0,1,0,20.7,23.1,0,0.0,2.2,6,1
CUST-1371,18,Month-to-month,35.0,553.0,DSL,Electronic check,3,High,0,0,3,Call,0,0,0,2.0,4.1,0,0.0,3.2,27,1
CUST-1372,1,Month-to-month,76.0,76.0,Fiber optic,Electronic check,3,Low,1,0,3,Email,0,0,1,9.8,29.2,0,0.0,3.5,17,1
CUST-1373,2,Month-to-month,93.85,170.85,Fiber optic,Electronic check,1,Medium,0,1,1,Ticket,1,0,1,15.0,16.6,0,0.0,3.8,4,1
CUST-1374,15,Month-to-month,84.3,1308.4,Fiber optic,Electronic check,0,High,0,1,0,Call,0,0,0,37.7,79.7,0,1.8,5.0,110,1
CUST-1375,9,Month-to-month,84.4,732.5,Fiber optic,Credit card (automatic),2,Low,0,0,2,Ticket,0,0,0,17.2,21.1,0,0.0,3.3,5,1
CUST-1376,15,Month-to-month,101.1,1504.05,Fiber optic,Electronic check,2,Medium,0,0,2,Email,0,0,1,11.0,34.0,0,0.0,3.5,9,1
CUST-1377,1,Month-to-month,50.45,50.45,DSL,Electronic check,1,Low,1,0,1,Chat,0,0,1,3.7,16.2,0,0.0,2.7,27,1
CUST-1378,12,Month-to-month,99.95,1132.75,Fiber optic,Mailed check,1,Low,1,1,1,Chat,1,0,1,5.2,25.1,0,2.5,4.3,18,1
CUST-1379,2,Month-to-month,91.4,193.6,Fiber optic,Electronic check,3,Medium,1,0,3,Email,0,0,1,16.8,22.9,0,0.0,2.1,8,1
CUST-1380,5,Month-to-month,75.55,349.65,Fiber optic,Credit card (automatic),0,High,0,0,0,Chat,0,0,1,37.6,40.3,0,0.0,1.4,124,1
CUST-1381,4,Month-to-month,80.8,332.45,Fiber optic,Credit card (automatic),1,Low,2,0,3,Call,0,0,0,11.7,47.2,0,0.0,3.6,22,1
CUST-1382,16,Month-to-month,100.0,1534.75,Fiber optic,Electronic check,0,High,1,2,0,Ticket,0,0,1,5.9,24.5,0,5.4,4.3,124,1
CUST-1383,1,Month-to-month,20.55,20.55,No,Electronic check,1,High,1,0,3,Chat,0,1,1,11.0,12.9,0,0.0,5.0,13,1
CUST-1384,5,Month-to-month,85.3,424.15,Fiber optic,Electronic check,0,Low,0,3,0,Chat,2,0,0,1.3,8.3,0,17.8,3.4,116,1
CUST-1385,4,Month-to-month,70.4,281.0,Fiber optic,Electronic check,2,Low,0,0,2,Chat,1,2,1,17.4,22.2,0,0.0,4.4,13,1
CUST-1386,37,Month-to-month,98.8,3475.55,Fiber optic,Bank transfer (automatic),1,Medium,0,0,3,Email,0,0,0,1.8,3.8,0,0.0,3.5,3,1
CUST-1387,13,Month-to-month,74.4,896.75,Fiber optic,Credit card (automatic),2,Medium,1,2,2,Email,1,0,1,43.6,54.4,0,0.4,4.5,14,1
CUST-1388,24,Month-to-month,98.75,2407.3,Fiber optic,Electronic check,0,Low,0,0,1,Chat,0,0,1,33.1,49.3,0,0.0,3.9,41,1
CUST-1389,61,One year,106.0,6547.7,Fiber optic,Electronic check,3,High,0,1,4,Email,0,0,0,27.9,31.1,0,0.6,4.4,16,1
CUST-1390,41,Month-to-month,104.7,4346.4,Fiber optic,Electronic check,3,Medium,1,1,3,Ticket,0,1,1,66.7,76.3,1,0.2,4.5,25,1
CUST-1391,22,Month-to-month,96.7,2082.95,Fiber optic,Electronic check,1,Low,2,0,1,Call,0,0,1,50.6,53.3,1,0.0,3.5,22,1
CUST-1392,2,Month-to-month,55.05,102.75,DSL,Credit card (automatic),4,Medium,0,0,5,Ticket,1,0,1,0.1,13.0,0,0.0,5.0,1,1
CUST-1393,19,Month-to-month,88.2,1775.8,Fiber optic,Electronic check,1,Low,1,1,1,Ticket,0,0,1,34.7,49.1,0,0.8,4.7,29,1
CUST-1394,8,One year,19.75,145.0,No,Mailed check,3,Low,1,0,3,Call,0,1,0,20.2,28.6,0,0.0,2.9,19,1
CUST-1395,15,Month-to-month,75.65,1146.65,Fiber optic,Electronic check,2,High,1,0,2,Call,1,1,1,13.2,26.3,0,0.0,2.8,17,1
CUST-1396,1,Month-to-month,74.7,74.7,Fiber optic,Electronic check,2,High,0,1,2,Ticket,0,0,0,7.8,22.2,0,1.1,3.7,15,1
CUST-1397,17,Month-to-month,76.65,1313.55,Fiber optic,Electronic check,2,Low,1,0,2,Call,0,0,0,5.0,34.2,0,0.0,3.2,12,1
CUST-1398,1,Month-to-month,25.8,25.8,DSL,Mailed check,1,Medium,1,0,1,Ticket,0,0,1,49.2,70.8,1,0.0,3.8,3,1
CUST-1399,2,Month-to-month,42.6,72.4,DSL,Electronic check,0,Medium,0,1,0,Chat,0,0,0,10.4,31.1,0,3.5,3.5,99,1
CUST-1400,29,Month-to-month,68.85,1970.5,DSL,Bank transfer (automatic),1,Low,0,0,2,Email,0,0,1,13.7,13.9,0,0.0,3.3,17,1
CUST-1401,2,Month-to-month,90.0,190.05,Fiber optic,Credit card (automatic),4,Low,1,0,4,Call,0,0,0,28.7,32.4,0,0.0,3.2,29,1
CUST-1402,14,Month-to-month,75.35,1025.95,Fiber optic,Electronic check,1,Medium,0,0,1,Chat,1,4,1,35.4,38.0,0,0.0,4.2,26,1
CUST-1403,8,Month-to-month,100.85,819.55,Fiber optic,Electronic check,2,Medium,1,2,2,Call,0,0,1,22.6,83.7,0,2.6,3.3,23,1
CUST-1404,5,Month-to-month,69.95,330.15,Fiber optic,Electronic check,2,Low,1,0,2,Email,0,0,0,12.5,22.5,0,0.0,4.1,12,1
CUST-1405,63,One year,107.5,6873.75,Fiber optic,Electronic check,1,Low,1,0,2,Email,0,0,1,1.5,3.8,0,0.0,2.5,18,1
CUST-1406,1,Month-to-month,45.85,45.85,DSL,Mailed check,2,Low,2,0,2,Email,0,0,0,21.8,31.9,0,0.0,4.2,22,1
CUST-1407,53,One year,106.1,5769.75,Fiber optic,Bank transfer (automatic),0,Low,0,0,1,Call,0,0,1,43.1,57.3,0,0.0,3.3,79,1
CUST-1408,1,Month-to-month,91.7,91.7,Fiber optic,Electronic check,1,Medium,1,1,1,Ticket,0,0,1,1.1,21.9,0,1.9,3.8,11,1
CUST-1409,16,Month-to-month,95.6,1555.65,Fiber optic,Credit card (automatic),0,Low,1,0,1,Call,0,0,1,10.0,13.9,0,0.0,2.8,139,1
CUST-1410,1,Month-to-month,74.95,74.95,Fiber optic,Electronic check,4,Low,1,1,4,Call,0,0,0,6.5,16.3,0,0.3,1.8,5,1
CUST-1411,10,Month-to-month,95.35,898.35,Fiber optic,Electronic check,0,High,0,1,1,Chat,0,0,1,17.9,22.2,0,1.5,3.7,157,1
CUST-1412,3,Month-to-month,45.0,127.1,DSL,Electronic check,1,Low,0,0,1,Chat,3,0,1,0.3,7.4,0,0.0,1.9,20,1
CUST-1413,66,Month-to-month,99.5,6710.5,Fiber optic,Electronic check,1,Low,0,0,1,Ticket,0,0,0,49.3,55.5,1,0.0,3.6,19,1
CUST-1414,17,One year,98.6,1704.95,Fiber optic,Bank transfer (automatic),0,High,0,0,1,Email,0,0,1,36.1,39.0,0,0.0,5.0,131,1
CUST-1415,7,Month-to-month,59.5,415.95,DSL,Mailed check,1,Medium,0,0,2,Email,2,0,0,2.5,6.7,0,0.0,5.0,4,1
CUST-1416,12,Month-to-month,80.45,950.2,Fiber optic,Electronic check,0,Medium,0,0,0,Call,0,0,0,51.3,54.9,1,0.0,3.2,124,1
CUST-1417,42,Month-to-month,77.95,3384.0,Fiber optic,Credit card (automatic),1,Low,1,0,1,Email,0,0,1,33.5,53.6,0,0.0,3.5,24,1
CUST-1418,2,Month-to-month,74.7,165.4,Fiber optic,Electronic check,0,Low,1,1,1,Ticket,1,0,0,72.2,74.1,1,0.1,4.9,69,1
CUST-1419,1,Month-to-month,88.8,88.8,Fiber optic,Electronic check,1,Medium,0,0,1,Email,1,0,1,6.9,49.8,0,0.0,4.6,14,1
CUST-1420,30,Month-to-month,90.25,2755.35,Fiber optic,Electronic check,1,Medium,0,2,1,Chat,0,0,1,44.4,50.6,0,6.3,3.6,8,1
CUST-1421,15,Month-to-month,64.65,994.55,DSL,Bank transfer (automatic),1,Low,0,0,1,Email,0,0,0,3.6,6.7,0,0.0,3.6,4,1
CUST-1422,13,Month-to-month,89.05,1169.35,Fiber optic,Bank transfer (automatic),1,Low,0,1,1,Call,0,0,1,27.4,44.7,0,0.5,3.6,17,1
CUST-1423,67,One year,87.4,5918.8,Fiber optic,Electronic check,3,High,0,0,3,Chat,0,0,0,1.7,2.9,0,0.0,3.3,29,1
CUST-1424,23,Month-to-month,94.75,2293.6,Fiber optic,Electronic check,1,Low,0,0,1,Ticket,0,0,0,28.8,49.1,0,0.0,3.5,3,1
CUST-1425,35,Month-to-month,86.45,3029.1,Fiber optic,Electronic check,0,Low,0,1,0,Call,0,0,0,3.8,8.3,0,0.4,4.1,120,1
CUST-1426,56,One year,98.25,5508.35,Fiber optic,Electronic check,3,Low,0,0,4,Call,0,0,0,30.5,32.8,0,0.0,1.9,3,1
CUST-1427,9,Month-to-month,75.75,655.9,Fiber optic,Bank transfer (automatic),3,Medium,0,0,3,Chat,1,0,0,13.3,35.7,0,0.0,2.5,21,1
CUST-1428,17,Month-to-month,85.35,1463.45,Fiber optic,Bank transfer (automatic),0,Medium,0,1,0,Call,1,0,0,3.3,14.2,0,3.7,3.7,100,1
CUST-1429,48,One year,106.1,5082.8,Fiber optic,Credit card (automatic),1,Medium,1,1,1,Email,0,0,1,19.5,28.8,0,2.4,5.0,18,1
CUST-1430,17,Month-to-month,45.05,770.6,DSL,Electronic check,2,Low,0,1,4,Email,1,0,0,0.6,4.8,0,0.2,3.8,13,1
CUST-1431,34,Month-to-month,109.8,3587.25,Fiber optic,Mailed check,1,Low,0,0,2,Chat,0,0,1,6.2,14.6,0,0.0,3.8,29,1
CUST-1432,42,Month-to-month,84.65,3541.35,Fiber optic,Electronic check,0,Low,0,2,2,Email,2,1,1,8.0,26.2,0,9.5,4.7,132,1
CUST-1433,11,Month-to-month,79.5,868.5,Fiber optic,Bank transfer (automatic),0,Medium,0,1,2,Call,0,0,0,111.2,119.0,1,1.2,4.1,70,1
CUST-1434,1,Month-to-month,85.8,85.8,Fiber optic,Mailed check,2,Medium,1,0,2,Chat,0,0,1,36.4,48.4,0,0.0,3.0,22,1
CUST-1435,1,Month-to-month,79.1,79.1,Fiber optic,Electronic check,1,High,0,0,2,Chat,1,0,1,8.6,9.1,0,0.0,4.1,24,1
CUST-1436,3,Month-to-month,44.3,134.5,DSL,Mailed check,1,Low,0,0,2,Ticket,1,1,1,10.4,21.2,0,0.0,4.3,4,1
CUST-1437,50,Month-to-month,105.95,5341.8,Fiber optic,Credit card (automatic),0,Medium,0,0,0,Call,0,0,0,13.3,16.4,0,0.0,3.8,133,1
CUST-1438,5,Month-to-month,69.75,324.6,Fiber optic,Electronic check,0,Medium,0,0,2,Call,0,0,0,35.8,51.7,0,0.0,4.7,67,1
CUST-1439,51,Month-to-month,94.65,4812.75,Fiber optic,Electronic check,1,Low,2,1,2,Ticket,0,0,0,26.3,30.8,0,0.8,5.0,7,1
CUST-1440,46,Month-to-month,96.05,4399.5,Fiber optic,Bank transfer (automatic),3,Low,1,0,3,Ticket,0,1,0,17.9,22.1,0,0.0,3.2,10,1
CUST-1441,1,Month-to-month,50.15,50.15,DSL,Mailed check,0,Medium,0,0,0,Call,1,0,1,13.6,20.1,0,0.0,3.6,117,1
CUST-1442,41,Month-to-month,113.6,4594.95,Fiber optic,Bank transfer (automatic),4,High,0,2,4,Ticket,0,0,1,6.7,8.3,0,2.7,3.5,15,1
CUST-1443,29,Month-to-month,78.9,2384.15,Fiber optic,Electronic check,0,Low,0,2,0,Chat,0,0,0,13.9,30.7,0,3.7,5.0,179,1
CUST-1444,26,Month-to-month,60.05,1616.15,DSL,Electronic check,0,High,2,0,1,Chat,0,0,1,34.5,46.3,0,0.0,3.4,155,1
CUST-1445,1,Month-to-month,34.7,34.7,DSL,Electronic check,0,Medium,0,0,0,Call,0,1,0,13.7,17.6,0,0.0,3.6,113,1
CUST-1446,3,Month-to-month,85.3,264.8,Fiber optic,Electronic check,1,Low,1,0,3,Chat,0,1,0,17.1,34.8,0,0.0,3.6,16,1
CUST-1447,66,One year,102.45,6615.15,Fiber optic,Credit card (automatic),2,Low,0,3,2,Call,0,0,1,9.5,48.6,0,7.6,3.9,18,1
CUST-1448,21,Month-to-month,104.4,2200.25,Fiber optic,Bank transfer (automatic),2,Low,0,0,4,Ticket,0,0,0,15.3,38.6,0,0.0,3.4,25,1
CUST-1449,1,Month-to-month,99.75,99.75,Fiber optic,Electronic check,0,Low,1,0,0,Email,0,0,1,32.8,39.2,0,0.0,4.9,133,1
CUST-1450,4,Month-to-month,74.4,299.7,DSL,Electronic check,1,Low,1,0,3,Chat,0,0,1,58.7,62.9,1,0.0,4.2,27,1
CUST-1451,9,Month-to-month,74.25,639.65,Fiber optic,Credit card (automatic),0,Low,0,0,0,Chat,0,0,1,15.8,15.9,0,0.0,3.9,123,1
CUST-1452,1,Month-to-month,59.85,59.85,DSL,Electronic check,1,High,2,0,1,Ticket,0,0,0,3.7,7.3,0,0.0,2.8,21,1
CUST-1453,1,Month-to-month,69.6,69.6,Fiber optic,Electronic check,1,Medium,0,1,1,Chat,0,0,0,34.2,35.7,0,3.6,3.4,14,1
CUST-1454,9,Month-to-month,45.4,418.8,DSL,Electronic check,2,Medium,3,2,2,Call,0,0,1,32.7,53.8,0,3.6,3.8,17,1
CUST-1455,1,Month-to-month,19.5,19.5,No,Mailed check,0,Low,1,0,0,Chat,0,0,1,25.9,43.9,0,0.0,3.8,117,1
CUST-1456,1,Month-to-month,69.9,69.9,Fiber optic,Electronic check,0,Low,1,2,1,Ticket,2,0,0,20.1,27.8,0,2.1,3.7,83,1
CUST-1457,2,Month-to-month,87.15,183.75,Fiber optic,Bank transfer (automatic),1,Low,1,0,1,Call,0,1,0,8.9,10.4,0,0.0,4.1,10,1
CUST-1458,3,Month-to-month,84.75,264.85,Fiber optic,Bank transfer (automatic),2,High,1,1,2,Chat,1,1,0,31.7,40.5,0,0.6,3.7,3,1
CUST-1459,14,Month-to-month,89.95,1178.4,Fiber optic,Electronic check,2,Low,0,0,2,Chat,0,0,1,95.2,104.3,1,0.0,1.6,5,1
CUST-1460,41,Month-to-month,113.2,4689.5,Fiber optic,Electronic check,1,Low,1,1,1,Chat,1,0,0,14.6,26.5,0,5.2,5.0,15,1
CUST-1461,13,Month-to-month,90.5,1201.15,Fiber optic,Electronic check,2,Medium,0,0,2,Chat,1,0,0,4.1,13.0,0,0.0,3.0,23,1
CUST-1462,2,Month-to-month,79.0,143.65,Fiber optic,Electronic check,1,Medium,1,2,3,Email,1,3,0,5.9,7.1,0,3.4,3.6,8,1
CUST-1463,18,One year,20.15,390.85,No,Bank transfer (automatic),0,Medium,1,0,1,Email,1,0,0,6.8,19.1,0,0.0,4.3,111,1
CUST-1464,1,Month-to-month,71.65,71.65,Fiber optic,Electronic check,2,Low,1,0,4,Ticket,0,0,1,23.2,79.2,0,0.0,4.6,18,1
CUST-1465,4,Month-to-month,20.35,77.5,No,Mailed check,1,Low,2,0,1,Email,0,0,1,33.5,45.5,0,0.0,4.0,15,1
CUST-1466,38,Month-to-month,84.25,3264.5,Fiber optic,Credit card (automatic),3,Medium,1,0,3,Ticket,0,0,1,9.9,15.3,0,0.0,1.7,24,1
CUST-1467,12,Month-to-month,78.1,947.3,Fiber optic,Bank transfer (automatic),1,Medium,0,3,1,Call,0,0,1,30.3,41.9,0,4.0,4.6,24,1
CUST-1468,19,Month-to-month,89.65,1761.05,Fiber optic,Mailed check,1,Low,0,1,2,Email,0,0,0,2.1,11.9,0,0.8,4.2,13,1
CUST-1469,10,Month-to-month,98.7,973.25,Fiber optic,Electronic check,2,Low,1,0,2,Call,0,0,0,52.3,53.5,1,0.0,5.0,24,1
CUST-1470,1,Month-to-month,76.35,76.35,Fiber optic,Electronic check,1,Medium,0,0,1,Email,0,0,0,1.6,13.7,0,0.0,3.8,9,1
CUST-1471,23,Month-to-month,79.15,1676.95,Fiber optic,Electronic check,2,High,0,0,2,Ticket,0,0,1,37.3,50.0,0,0.0,3.6,2,1
CUST-1472,32,Month-to-month,85.0,2642.05,Fiber optic,Electronic check,2,Medium,0,0,2,Call,0,0,1,28.5,33.7,0,0.0,4.4,1,1
CUST-1473,32,Month-to-month,85.3,2661.1,Fiber optic,Electronic check,4,High,1,0,4,Chat,0,0,0,23.8,28.1,0,0.0,3.9,26,1
CUST-1474,31,Month-to-month,86.55,2697.4,Fiber optic,Credit card (automatic),1,Medium,0,0,2,Chat,1,0,1,1.4,9.7,0,0.0,3.3,12,1
CUST-1475,19,Month-to-month,73.85,1424.5,Fiber optic,Credit card (automatic),0,Low,1,0,1,Email,0,0,1,16.8,18.7,0,0.0,2.3,78,1
CUST-1476,57,Month-to-month,44.85,2572.95,DSL,Electronic check,2,Low,1,0,2,Call,0,0,1,3.0,4.2,0,0.0,4.3,28,1
CUST-1477,1,Month-to-month,45.1,45.1,DSL,Electronic check,0,Medium,1,1,0,Ticket,0,0,0,13.3,30.2,0,2.4,3.6,145,1
CUST-1478,24,Month-to-month,96.0,2122.45,Fiber optic,Electronic check,4,Low,0,0,4,Ticket,0,1,0,4.3,6.7,0,0.0,4.2,18,1
CUST-1479,1,Month-to-month,20.05,20.05,No,Bank transfer (automatic),2,Medium,0,1,3,Chat,0,0,1,3.9,7.3,0,0.6,3.5,7,1
CUST-1480,65,Two year,108.65,6937.95,Fiber optic,Bank transfer (automatic),0,Medium,0,0,0,Chat,0,0,1,19.5,25.3,0,0.0,4.6,51,1
CUST-1481,10,Month-to-month,45.55,402.6,DSL,Electronic check,0,High,0,1,1,Email,0,0,1,7.7,22.9,0,1.6,3.0,124,1
CUST-1482,2,Month-to-month,35.1,68.75,DSL,Electronic check,0,Medium,0,1,1,Ticket,0,0,0,33.9,43.9,0,0.1,4.9,36,1
CUST-1483,1,Month-to-month,46.2,46.2,DSL,Credit card (automatic),0,Low,0,0,0,Call,0,0,0,6.7,14.0,0,0.0,5.0,132,1
CUST-1484,1,Month-to-month,45.15,45.15,DSL,Electronic check,0,Low,0,0,1,Chat,0,0,1,9.4,59.2,0,0.0,4.0,67,1
CUST-1485,1,Month-to-month,43.3,43.3,DSL,Electronic check,0,Low,0,0,0,Call,0,0,1,20.6,28.2,0,0.0,3.4,121,1
CUST-1486,38,Month-to-month,57.15,2250.65,DSL,Credit card (automatic),0,High,0,0,1,Ticket,1,1,0,0.2,10.8,0,0.0,3.4,174,1
CUST-1487,19,Month-to-month,73.2,1441.1,Fiber optic,Electronic check,1,Low,0,0,2,Call,1,0,0,42.4,43.4,0,0.0,3.4,16,1
CUST-1488,52,Month-to-month,85.35,4338.6,Fiber optic,Electronic check,1,High,0,0,2,Ticket,0,1,0,2.2,6.0,0,0.0,3.0,1,1
CUST-1489,1,Month-to-month,45.95,45.95,DSL,Mailed check,4,High,1,1,4,Ticket,0,0,1,0.6,4.8,0,1.4,2.4,27,1
CUST-1490,3,Month-to-month,83.75,247.25,Fiber optic,Electronic check,4,Medium,2,1,5,Call,0,0,1,34.1,37.2,0,1.2,3.4,16,1
CUST-1491,1,Month-to-month,70.05,70.05,Fiber optic,Electronic check,1,Low,1,1,1,Call,0,1,0,37.0,41.2,0,0.1,4.0,24,1
CUST-1492,2,Month-to-month,86.0,165.45,Fiber optic,Electronic check,1,Low,0,0,1,Call,1,0,0,23.3,31.2,0,0.0,3.2,16,1
CUST-1493,35,Month-to-month,100.5,3653.35,Fiber optic,Bank transfer (automatic),1,Low,1,1,1,Ticket,1,0,0,41.0,64.2,0,1.4,2.9,5,1
CUST-1494,16,Month-to-month,72.65,1194.3,Fiber optic,Electronic check,0,Low,0,2,0,Email,0,0,0,57.3,69.7,1,2.1,3.7,50,1
CUST-1495,1,Month-to-month,21.0,21.0,No,Electronic check,2,Low,0,1,3,Ticket,0,0,1,5.8,25.0,0,0.1,3.1,10,1
CUST-1496,1,Month-to-month,45.1,45.1,DSL,Mailed check,0,Low,0,2,1,Ticket,0,0,0,13.7,21.7,0,4.8,2.0,170,1
CUST-1497,30,Month-to-month,50.4,1527.5,DSL,Bank transfer (automatic),0,Medium,1,0,0,Email,0,0,1,11.9,22.0,0,0.0,4.5,150,1
CUST-1498,5,Month-to-month,78.95,378.4,Fiber optic,Electronic check,3,Low,0,0,3,Chat,1,0,0,4.2,5.1,0,0.0,2.3,11,1
CUST-1499,56,Month-to-month,94.45,5124.6,Fiber optic,Electronic check,2,Low,0,2,2,Call,1,0,1,7.1,8.9,0,4.6,4.0,18,1
CUST-1500,44,Month-to-month,84.8,3862.55,Fiber optic,Bank transfer (automatic),1,Medium,1,2,1,Call,0,0,1,12.1,33.4,0,2.4,4.2,18,1
CUST-1501,1,Month-to-month,50.9,50.9,DSL,Mailed check,2,High,0,0,2,Chat,0,0,1,2.5,61.6,0,0.0,2.2,1,1
CUST-1502,49,Month-to-month,99.8,4872.45,Fiber optic,Electronic check,0,Medium,1,0,0,Call,0,0,1,32.5,50.8,0,0.0,5.0,55,1
CUST-1503,47,Month-to-month,107.35,5118.95,Fiber optic,Bank transfer (automatic),0,Low,1,1,1,Ticket,0,0,1,21.6,24.2,0,1.1,2.0,88,1
CUST-1504,31,Month-to-month,19.55,658.95,No,Mailed check,1,Medium,1,1,1,Chat,0,1,0,58.9,59.2,1,0.3,3.8,14,1
CUST-1505,3,Month-to-month,79.1,246.5,Fiber optic,Electronic check,0,Medium,0,0,0,Email,2,0,0,0.7,1.2,0,0.0,5.0,117,1
CUST-1506,8,Month-to-month,25.5,215.2,DSL,Mailed check,3,High,0,0,3,Ticket,0,0,0,24.2,27.9,0,0.0,2.6,2,1
CUST-1507,2,Month-to-month,80.75,159.45,Fiber optic,Electronic check,4,Low,0,0,5,Ticket,0,1,0,35.4,60.9,0,0.0,4.7,9,1
CUST-1508,65,Month-to-month,91.85,5940.85,Fiber optic,Bank transfer (automatic),1,High,0,0,1,Ticket,0,0,1,16.4,19.3,0,0.0,4.2,4,1
CUST-1509,1,Month-to-month,75.35,75.35,Fiber optic,Electronic check,0,Low,0,0,0,Ticket,0,0,0,77.6,90.0,1,0.0,3.8,103,1
CUST-1510,1,Month-to-month,75.45,75.45,Fiber optic,Electronic check,1,High,0,1,1,Call,2,0,1,0.9,2.7,0,0.5,3.3,26,1
CUST-1511,24,Month-to-month,49.55,1210.4,DSL,Bank transfer (automatic),3,Low,1,0,3,Ticket,2,0,1,17.1,31.8,0,0.0,4.2,13,1
CUST-1512,69,One year,78.6,5356.45,DSL,Credit card (automatic),1,High,4,0,1,Call,0,0,1,8.6,10.5,0,0.0,4.2,12,1
CUST-1513,7,Month-to-month,81.1,576.65,Fiber optic,Electronic check,2,High,1,0,2,Call,0,0,0,83.5,89.4,1,0.0,3.2,5,1
CUST-1514,11,Month-to-month,74.95,825.7,Fiber optic,Electronic check,1,Low,0,0,2,Call,0,1,1,72.4,75.1,1,0.0,3.0,3,1
CUST-1515,1,Month-to-month,93.55,93.55,Fiber optic,Electronic check,0,High,1,1,1,Call,0,0,1,2.3,6.2,0,1.4,2.2,121,1
CUST-1516,58,Month-to-month,102.1,5885.4,Fiber optic,Credit card (automatic),0,Low,0,0,1,Email,1,0,0,11.5,26.3,0,0.0,5.0,125,1
CUST-1517,14,Month-to-month,90.9,1259.0,Fiber optic,Bank transfer (automatic),2,Low,1,2,2,Call,1,2,1,5.7,15.6,0,24.7,2.5,21,1
CUST-1518,12,Month-to-month,29.2,309.1,DSL,Mailed check,1,Low,1,0,1,Call,0,1,1,40.7,42.0,0,0.0,3.3,28,1
CUST-1519,25,Month-to-month,89.15,2257.75,Fiber optic,Bank transfer (automatic),1,High,0,2,1,Chat,0,0,0,55.8,77.4,1,1.4,3.0,7,1
CUST-1520,58,One year,108.85,6287.25,Fiber optic,Electronic check,0,Low,0,0,0,Email,0,1,0,49.8,60.9,1,0.0,3.0,159,1
CUST-1521,16,Month-to-month,84.75,1350.15,Fiber optic,Electronic check,3,Medium,1,1,3,Ticket,2,0,1,10.2,14.1,0,1.8,2.8,28,1
CUST-1522,1,Month-to-month,45.7,45.7,DSL,Electronic check,1,Medium,1,1,1,Call,1,0,0,8.3,14.4,0,4.5,5.0,28,1
CUST-1523,1,Month-to-month,69.95,69.95,Fiber optic,Electronic check,0,High,0,0,0,Call,0,0,1,25.9,51.6,0,0.0,2.5,69,1
CUST-1524,2,Month-to-month,44.6,97.1,DSL,Electronic check,1,Medium,0,1,1,Email,1,0,0,61.5,66.2,1,0.1,3.9,13,1
CUST-1525,23,Month-to-month,74.95,1710.45,Fiber optic,Electronic check,0,Low,0,0,0,Chat,0,0,1,1.5,5.4,0,0.0,4.8,102,1
CUST-1526,57,Two year,95.25,5464.65,Fiber optic,Electronic check,0,Low,0,1,1,Ticket,0,0,0,1.4,4.2,0,2.3,5.0,61,1
CUST-1527,24,Month-to-month,89.85,2165.05,Fiber optic,Mailed check,0,Low,0,1,1,Ticket,1,0,1,11.9,30.5,0,0.5,2.7,176,1
CUST-1528,49,One year,100.45,4941.8,Fiber optic,Mailed check,2,Medium,0,0,3,Email,0,0,1,12.5,16.0,0,0.0,2.9,15,1
CUST-1529,5,Month-to-month,47.15,223.15,DSL,Electronic check,0,Low,0,0,0,Email,0,0,1,15.6,23.3,0,0.0,2.1,114,1
CUST-1530,2,Month-to-month,80.2,181.1,Fiber optic,Electronic check,0,Low,1,1,0,Chat,0,0,1,15.9,16.0,0,0.2,3.1,32,1
CUST-1531,4,Month-to-month,87.1,341.45,Fiber optic,Mailed check,1,High,0,0,3,Email,0,0,1,14.4,52.7,0,0.0,4.1,23,1
CUST-1532,5,Month-to-month,75.9,357.75,Fiber optic,Bank transfer (automatic),1,Low,0,2,2,Chat,0,0,0,35.1,56.6,0,2.1,3.5,13,1
CUST-1533,47,Month-to-month,98.75,4533.7,Fiber optic,Electronic check,0,Medium,3,0,0,Chat,1,1,1,33.3,46.0,0,0.0,5.0,178,1
CUST-1534,10,Month-to-month,86.45,830.85,Fiber optic,Electronic check,2,Low,2,0,3,Call,0,1,0,31.9,36.3,0,0.0,4.4,24,1
CUST-1535,1,Month-to-month,45.3,45.3,DSL,Mailed check,3,Low,0,1,4,Ticket,0,0,0,9.1,11.6,0,2.5,3.0,4,1
CUST-1536,67,One year,104.1,7040.85,Fiber optic,Electronic check,2,Low,1,3,2,Ticket,0,1,0,0.4,7.3,0,6.9,2.4,16,1
CUST-1537,5,Month-to-month,81.0,371.65,Fiber optic,Electronic check,2,Low,0,1,2,Call,0,0,1,39.8,42.8,0,1.1,3.7,22,1
CUST-1538,67,One year,90.6,6056.15,Fiber optic,Credit card (automatic),0,High,0,2,0,Ticket,0,0,1,60.2,93.4,1,3.7,3.7,59,1
CUST-1539,15,Month-to-month,88.15,1390.6,Fiber optic,Electronic check,0,Low,0,1,1,Email,0,0,0,19.6,35.5,0,1.8,4.6,98,1
CUST-1540,1,Month-to-month,20.2,20.2,No,Mailed check,2,Low,0,0,3,Call,0,1,1,3.0,17.0,0,0.0,3.4,2,1
CUST-1541,26,Month-to-month,90.8,2361.8,Fiber optic,Electronic check,0,Medium,0,0,1,Chat,0,0,0,4.0,17.6,0,0.0,4.2,67,1
CUST-1542,22,Month-to-month,79.35,1730.35,Fiber optic,Electronic check,2,Medium,1,3,2,Chat,0,1,1,44.7,62.1,0,9.2,3.5,29,1
CUST-1543,21,Month-to-month,96.8,2030.3,Fiber optic,Bank transfer (automatic),3,Medium,1,0,4,Email,0,0,1,25.0,25.5,0,0.0,4.0,22,1
CUST-1544,47,Month-to-month,83.35,4065.0,Fiber optic,Bank transfer (automatic),3,High,2,1,3,Ticket,0,0,0,6.5,10.1,0,0.7,4.9,5,1
CUST-1545,2,Month-to-month,49.4,106.55,DSL,Electronic check,0,Medium,1,0,0,Email,0,0,0,4.7,15.0,0,0.0,3.1,40,1
CUST-1546,22,Month-to-month,79.2,1742.75,DSL,Electronic check,0,Low,0,1,1,Call,0,0,0,7.9,10.9,0,0.8,4.1,124,1
CUST-1547,7,Month-to-month,48.7,340.25,DSL,Electronic check,2,Medium,0,0,2,Email,0,0,1,8.5,19.5,0,0.0,2.2,7,1
CUST-1548,1,Month-to-month,95.6,95.6,Fiber optic,Electronic check,0,Medium,0,0,0,Email,0,0,0,39.1,77.3,0,0.0,4.6,143,1
CUST-1549,49,Month-to-month,59.75,2934.3,DSL,Credit card (automatic),3,Low,0,3,3,Email,0,0,0,52.3,57.2,1,3.8,2.9,7,1
CUST-1550,43,Month-to-month,108.15,4600.7,Fiber optic,Credit card (automatic),1,Low,0,0,2,Chat,0,0,1,6.7,23.7,0,0.0,4.9,2,1
CUST-1551,1,Month-to-month,71.35,71.35,Fiber optic,Electronic check,1,Low,1,1,1,Call,0,0,1,4.9,11.7,0,0.7,3.4,8,1
CUST-1552,1,Month-to-month,20.15,20.15,No,Mailed check,1,Low,0,0,1,Ticket,0,0,1,18.5,33.7,0,0.0,4.5,29,1
CUST-1553,1,Month-to-month,69.75,69.75,Fiber optic,Bank transfer (automatic),1,Low,1,0,1,Chat,3,0,0,19.3,20.1,0,0.0,3.7,6,1
CUST-1554,32,Month-to-month,93.2,2931.0,Fiber optic,Electronic check,1,Low,1,2,2,Chat,0,1,0,5.9,11.4,0,2.9,2.0,29,1
CUST-1555,17,Month-to-month,80.85,1400.85,Fiber optic,Electronic check,1,High,0,0,2,Email,1,0,1,39.2,54.7,0,0.0,3.0,21,1
CUST-1556,4,Month-to-month,33.65,137.85,DSL,Electronic check,0,High,0,1,0,Chat,0,0,1,58.1,80.6,1,0.9,3.7,70,1
CUST-1557,1,Month-to-month,79.95,79.95,Fiber optic,Electronic check,0,Medium,1,1,1,Call,1,0,1,2.0,8.4,0,1.8,3.3,148,1
CUST-1558,1,Month-to-month,19.3,19.3,No,Electronic check,2,Medium,0,0,3,Call,0,0,0,32.8,42.4,0,0.0,4.7,22,1
CUST-1559,37,One year,99.2,3754.6,Fiber optic,Electronic check,2,Low,2,0,2,Ticket,0,0,1,16.0,56.6,0,0.0,5.0,8,1
CUST-1560,8,Month-to-month,85.2,627.4,Fiber optic,Credit card (automatic),1,High,1,0,2,Call,0,1,0,5.0,12.3,0,0.0,3.3,15,1
CUST-1561,3,Month-to-month,75.25,242.0,Fiber optic,Electronic check,2,Medium,0,2,2,Chat,0,0,0,12.9,16.1,0,5.0,3.6,22,1
CUST-1562,1,Month-to-month,54.35,54.35,DSL,Electronic check,1,Low,0,1,1,Ticket,0,0,0,16.2,16.5,0,0.5,2.3,23,1
CUST-1563,5,Month-to-month,24.95,100.4,DSL,Electronic check,0,Low,0,0,0,Chat,1,0,0,20.3,50.9,0,0.0,3.7,141,1
CUST-1564,40,One year,42.35,1716.45,DSL,Electronic check,1,Low,0,0,1,Chat,2,0,1,0.8,1.5,0,0.0,4.7,22,1
CUST-1565,1,Month-to-month,75.3,75.3,Fiber optic,Electronic check,0,Low,0,1,1,Call,0,0,1,27.4,30.7,0,2.4,3.2,171,1
CUST-1566,51,One year,94.8,4837.6,Fiber optic,Electronic check,1,Low,0,0,2,Call,1,0,1,16.3,39.6,0,0.0,3.4,7,1
CUST-1567,1,Month-to-month,70.55,70.55,Fiber optic,Electronic check,3,Low,0,1,3,Ticket,0,1,0,23.5,57.1,0,1.9,1.4,15,1
CUST-1568,33,Month-to-month,86.15,2745.7,Fiber optic,Credit card (automatic),0,Low,0,0,0,Call,1,0,1,43.6,56.8,0,0.0,3.3,147,1
CUST-1569,30,Month-to-month,85.0,2624.25,Fiber optic,Electronic check,1,Low,2,0,1,Chat,1,0,0,19.2,22.8,0,0.0,1.6,27,1
CUST-1570,2,Month-to-month,80.55,184.1,Fiber optic,Electronic check,1,High,1,0,1,Ticket,0,0,1,52.0,55.7,1,0.0,2.2,26,1
CUST-1571,2,Month-to-month,75.8,160.75,Fiber optic,Electronic check,0,Low,0,0,1,Ticket,0,0,1,36.2,44.7,0,0.0,5.0,121,1
CUST-1572,29,Month-to-month,98.5,3004.15,Fiber optic,Electronic check,0,Low,0,0,0,Ticket,0,1,1,22.8,55.5,0,0.0,3.3,80,1
CUST-1573,13,Month-to-month,95.25,1233.65,Fiber optic,Electronic check,1,Medium,0,0,1,Call,0,0,0,20.0,55.2,0,0.0,4.7,26,1
CUST-1574,7,Month-to-month,74.4,527.9,Fiber optic,Mailed check,0,High,2,0,0,Ticket,0,0,1,13.0,19.8,0,0.0,3.4,104,1
CUST-1575,30,Month-to-month,85.15,2555.9,Fiber optic,Electronic check,2,Low,0,0,2,Call,0,0,0,48.7,53.4,1,0.0,2.9,18,1
CUST-1576,2,Month-to-month,88.55,179.25,Fiber optic,Electronic check,0,High,0,0,1,Email,0,1,0,12.3,18.1,0,0.0,4.4,173,1
CUST-1577,24,Month-to-month,54.75,1338.15,DSL,Electronic check,3,Low,0,0,3,Ticket,1,0,1,0.5,3.7,0,0.0,3.8,7,1
CUST-1578,1,Month-to-month,91.3,91.3,Fiber optic,Electronic check,1,Low,1,0,2,Chat,0,0,1,0.8,3.1,0,0.0,2.7,7,1
CUST-1579,1,Month-to-month,79.5,79.5,Fiber optic,Electronic check,0,Low,0,0,0,Chat,2,0,1,59.7,73.6,1,0.0,3.0,78,1
CUST-1580,7,Month-to-month,70.1,467.55,Fiber optic,Mailed check,3,Medium,1,0,3,Ticket,0,0,1,2.9,6.5,0,0.0,2.4,10,1
CUST-1581,67,One year,111.3,7482.1,Fiber optic,Electronic check,0,Low,1,0,0,Call,1,0,1,35.6,56.8,0,0.0,4.7,138,1
CUST-1582,57,Month-to-month,95.25,5427.05,Fiber optic,Bank transfer (automatic),3,Medium,0,0,4,Email,0,0,1,43.6,47.0,0,0.0,4.6,16,1
CUST-1583,7,Month-to-month,86.25,587.1,Fiber optic,Electronic check,0,Low,0,0,0,Email,0,0,0,18.4,28.0,0,0.0,4.6,157,1
CUST-1584,1,Month-to-month,100.8,100.8,Fiber optic,Electronic check,1,Medium,0,1,1,Call,0,0,0,42.1,57.0,0,6.4,3.7,15,1
CUST-1585,14,Month-to-month,86.3,1180.95,Fiber optic,Electronic check,3,Low,1,0,3,Ticket,0,1,0,2.6,15.3,0,0.0,3.1,3,1
CUST-1586,28,Month-to-month,89.95,2625.55,Fiber optic,Electronic check,1,Low,1,0,1,Email,0,0,1,159.8,161.2,1,0.0,4.0,4,1
CUST-1587,17,Month-to-month,76.45,1233.4,Fiber optic,Electronic check,1,Medium,2,2,2,Call,0,1,0,20.9,24.8,0,3.2,4.0,28,1
CUST-1588,10,Month-to-month,70.0,740.0,Fiber optic,Electronic check,1,Medium,0,0,2,Chat,0,0,0,44.1,44.3,0,0.0,3.2,29,1
CUST-1589,34,One year,64.4,2088.75,DSL,Mailed check,1,Low,1,0,1,Ticket,0,0,1,7.3,18.0,0,0.0,3.2,21,1
CUST-1590,1,Month-to-month,102.45,102.45,Fiber optic,Electronic check,0,Medium,1,0,0,Email,0,2,0,8.6,20.1,0,0.0,4.0,112,1
CUST-1591,3,Month-to-month,80.1,217.55,Fiber optic,Credit card (automatic),1,Medium,1,0,2,Ticket,0,1,1,3.8,11.6,0,0.0,4.3,19,1
CUST-1592,2,Month-to-month,80.2,146.05,Fiber optic,Electronic check,2,Low,1,0,2,Ticket,0,0,0,29.0,41.1,0,0.0,2.7,12,1
CUST-1593,6,Month-to-month,98.15,567.45,Fiber optic,Bank transfer (automatic),1,High,1,0,1,Ticket,0,0,0,0.5,23.4,0,0.0,4.4,26,1
CUST-1594,12,Month-to-month,112.95,1384.75,Fiber optic,Mailed check,0,Medium,0,0,0,Ticket,0,0,1,2.6,6.2,0,0.0,3.7,48,1
CUST-1595,1,Month-to-month,70.9,70.9,Fiber optic,Mailed check,2,Low,3,0,2,Email,0,0,0,4.4,13.6,0,0.0,3.1,24,1
CUST-1596,3,Month-to-month,86.85,220.95,Fiber optic,Electronic check,2,Low,1,1,3,Email,0,0,0,27.0,28.8,0,0.7,4.0,25,1
CUST-1597,23,Month-to-month,99.85,2331.3,Fiber optic,Electronic check,0,Medium,1,1,0,Call,0,0,0,24.4,27.6,0,2.4,4.0,113,1
CUST-1598,1,Month-to-month,74.5,74.5,Fiber optic,Electronic check,4,Low,0,0,4,Chat,1,0,1,22.3,26.7,0,0.0,1.5,29,1
CUST-1599,65,Month-to-month,109.15,6941.2,Fiber optic,Electronic check,0,Low,1,1,0,Email,0,0,1,12.2,27.2,0,3.1,5.0,54,1
CUST-1600,16,Month-to-month,65.2,1043.35,DSL,Credit card (automatic),1,Low,1,0,1,Chat,0,0,0,62.7,64.6,1,0.0,3.3,2,1
CUST-1601,66,Month-to-month,99.5,6822.15,Fiber optic,Credit card (automatic),1,Medium,2,0,2,Chat,0,1,1,75.8,90.1,1,0.0,3.8,26,1
CUST-1602,1,Month-to-month,71.55,71.55,Fiber optic,Mailed check,1,Low,0,0,2,Email,0,0,1,10.6,11.8,0,0.0,4.1,7,1
CUST-1603,53,Month-to-month,93.9,5029.2,Fiber optic,Electronic check,1,Medium,1,0,3,Chat,1,0,1,17.2,30.8,0,0.0,3.5,3,1
CUST-1604,69,Two year,108.4,7318.2,Fiber optic,Bank transfer (automatic),2,Low,1,0,2,Call,0,0,1,27.3,45.6,0,0.0,2.6,10,1
CUST-1605,13,Month-to-month,48.75,633.4,DSL,Bank transfer (automatic),2,Low,0,0,3,Call,0,0,0,7.2,35.0,0,0.0,4.0,4,1
CUST-1606,4,Month-to-month,85.65,321.65,Fiber optic,Electronic check,1,Medium,1,0,1,Call,0,1,0,33.1,54.4,0,0.0,3.7,23,1
CUST-1607,12,Month-to-month,106.7,1253.9,Fiber optic,Electronic check,2,Medium,1,0,2,Chat,0,0,1,33.8,46.0,0,0.0,4.7,3,1
CUST-1608,1,Month-to-month,25.15,25.15,DSL,Electronic check,0,Low,2,0,1,Ticket,0,1,1,16.0,34.6,0,0.0,2.7,147,1
CUST-1609,54,One year,110.35,5893.15,Fiber optic,Electronic check,1,Low,0,1,1,Ticket,0,1,1,12.4,27.6,0,2.9,3.6,24,1
CUST-1610,48,One year,103.25,5037.55,Fiber optic,Credit card (automatic),1,Low,1,1,2,Call,0,1,1,23.6,31.2,0,0.6,3.4,16,1
CUST-1611,2,Month-to-month,47.8,92.45,DSL,Electronic check,1,Medium,0,0,2,Email,0,1,1,0.4,18.9,0,0.0,5.0,11,1
CUST-1612,29,Month-to-month,98.6,2933.2,Fiber optic,Credit card (automatic),1,Low,0,0,1,Chat,0,0,0,44.5,44.6,0,0.0,2.8,14,1
CUST-1613,15,Month-to-month,83.05,1258.3,Fiber optic,Electronic check,3,Medium,0,0,4,Call,0,1,0,46.0,65.6,0,0.0,3.2,19,1
CUST-1614,17,Month-to-month,70.4,1214.05,Fiber optic,Bank transfer (automatic),0,Medium,0,0,1,Ticket,1,0,0,16.2,47.1,0,0.0,4.0,94,1
CUST-1615,56,One year,104.75,5510.65,Fiber optic,Bank transfer (automatic),3,Low,0,0,3,Call,0,0,1,0.4,29.8,0,0.0,3.8,8,1
CUST-1616,21,Month-to-month,94.25,1973.75,Fiber optic,Electronic check,1,Low,0,0,1,Call,0,0,0,10.7,89.2,0,0.0,2.0,9,1
CUST-1617,1,Month-to-month,45.95,45.95,DSL,Mailed check,2,Low,0,0,3,Call,1,0,0,14.0,17.9,0,0.0,3.6,5,1
CUST-1618,1,Month-to-month,70.15,70.15,Fiber optic,Electronic check,1,Low,0,0,2,Ticket,1,0,0,42.2,44.0,0,0.0,3.6,15,1
CUST-1619,1,Month-to-month,85.55,85.55,Fiber optic,Credit card (automatic),1,Medium,0,1,2,Ticket,0,0,0,0.8,8.9,0,1.9,3.6,9,1
CUST-1620,35,Month-to-month,70.3,2416.55,Fiber optic,Electronic check,1,Medium,1,1,2,Email,1,0,1,16.3,21.3,0,2.1,4.8,6,1
CUST-1621,32,Month-to-month,106.35,3520.75,Fiber optic,Bank transfer (automatic),2,Medium,0,0,2,Ticket,0,0,1,14.2,21.5,0,0.0,3.1,29,1
CUST-1622,33,One year,103.7,3467.0,Fiber optic,Mailed check,0,Low,1,0,1,Call,0,0,1,5.8,11.2,0,0.0,4.0,68,1
CUST-1623,1,Month-to-month,88.35,88.35,Fiber optic,Electronic check,1,High,0,0,2,Ticket,1,0,0,6.4,29.6,0,0.0,3.2,14,1
CUST-1624,8,Month-to-month,94.2,777.3,Fiber optic,Electronic check,1,Low,0,0,2,Email,1,0,1,20.0,29.4,0,0.0,3.6,14,1
CUST-1625,5,Month-to-month,96.25,512.45,Fiber optic,Electronic check,1,Low,0,1,1,Chat,0,0,0,79.7,98.6,1,1.8,3.8,29,1
CUST-1626,2,Month-to-month,70.7,141.45,Fiber optic,Electronic check,0,Medium,1,0,0,Email,0,0,1,36.2,40.5,0,0.0,4.4,64,1
CUST-1627,42,One year,33.55,1445.3,DSL,Mailed check,0,Medium,2,0,0,Call,0,0,0,15.9,22.0,0,0.0,2.3,143,1
CUST-1628,40,Month-to-month,94.55,3640.45,Fiber optic,Credit card (automatic),1,Low,0,0,1,Call,0,0,1,19.6,23.7,0,0.0,5.0,14,1
CUST-1629,57,Two year,112.95,6465.0,Fiber optic,Bank transfer (automatic),3,Medium,0,0,4,Chat,1,0,0,19.6,62.3,0,0.0,3.2,21,1
CUST-1630,1,Month-to-month,35.9,35.9,DSL,Electronic check,0,High,0,0,0,Email,1,0,0,27.8,34.9,0,0.0,1.9,80,1
CUST-1631,38,Month-to-month,99.25,3777.15,Fiber optic,Bank transfer (automatic),1,Medium,0,0,2,Call,1,0,0,9.5,15.8,0,0.0,5.0,6,1
CUST-1632,2,Month-to-month,24.45,47.5,DSL,Mailed check,1,Low,1,0,1,Email,0,1,1,25.9,47.9,0,0.0,3.8,7,1
CUST-1633,8,Month-to-month,103.35,847.3,Fiber optic,Bank transfer (automatic),1,Medium,0,0,1,Ticket,0,0,0,6.8,23.7,0,0.0,3.9,27,1
CUST-1634,7,Month-to-month,84.8,546.95,Fiber optic,Electronic check,1,Medium,0,0,1,Ticket,0,0,0,37.4,67.7,0,0.0,2.6,20,1
CUST-1635,31,Month-to-month,99.95,3186.65,Fiber optic,Electronic check,1,Medium,0,0,2,Call,0,0,0,64.8,81.7,1,0.0,2.0,2,1
CUST-1636,18,Month-to-month,90.0,1527.35,Fiber optic,Credit card (automatic),2,Medium,0,0,2,Chat,0,0,1,18.9,24.0,0,0.0,4.5,17,1
CUST-1637,14,Month-to-month,104.85,1531.4,Fiber optic,Electronic check,2,High,1,0,3,Ticket,0,0,0,1.7,6.0,0,0.0,4.1,20,1
CUST-1638,28,One year,106.1,2847.4,Fiber optic,Electronic check,1,Low,2,0,2,Email,0,1,1,28.6,42.5,0,0.0,4.0,13,1
CUST-1639,15,Month-to-month,74.2,1133.9,Fiber optic,Credit card (automatic),1,Low,0,0,2,Call,1,0,1,60.3,62.0,1,0.0,2.6,14,1
CUST-1640,5,Month-to-month,89.35,461.7,Fiber optic,Electronic check,2,Low,0,0,2,Chat,0,0,1,66.4,67.5,1,0.0,2.9,20,1
CUST-1641,1,Month-to-month,77.15,77.15,Fiber optic,Electronic check,2,Low,0,0,2,Call,0,0,1,55.6,74.6,1,0.0,5.0,23,1
CUST-1642,1,Month-to-month,35.25,35.25,DSL,Bank transfer (automatic),5,Low,0,0,5,Call,0,0,1,19.1,31.2,0,0.0,1.9,4,1
CUST-1643,4,Month-to-month,48.55,201.0,DSL,Electronic check,2,Medium,1,0,2,Chat,0,0,1,57.5,60.5,1,0.0,2.2,27,1
CUST-1644,53,Month-to-month,98.4,5149.5,Fiber optic,Credit card (automatic),2,Low,1,0,2,Email,0,0,1,7.2,20.5,0,0.0,3.8,24,1
CUST-1645,59,Month-to-month,93.85,5574.75,Fiber optic,Bank transfer (automatic),2,Medium,1,0,3,Ticket,2,1,1,3.6,8.0,0,0.0,3.8,17,1
CUST-1646,46,Month-to-month,100.7,4541.2,Fiber optic,Electronic check,2,Medium,1,0,3,Email,0,0,1,14.9,18.9,0,0.0,3.3,27,1
CUST-1647,14,Month-to-month,80.45,1072.0,Fiber optic,Electronic check,3,Low,0,1,5,Chat,1,1,0,0.7,4.6,0,0.8,3.4,1,1
CUST-1648,31,Month-to-month,55.25,1715.65,DSL,Electronic check,1,High,2,0,3,Chat,0,0,0,1.8,10.3,0,0.0,2.9,17,1
CUST-1649,13,Month-to-month,54.45,706.85,DSL,Electronic check,2,Low,1,0,3,Ticket,0,0,1,21.2,55.2,0,0.0,1.4,21,1
CUST-1650,35,Month-to-month,75.35,2636.05,Fiber optic,Credit card (automatic),0,Medium,0,0,0,Ticket,1,0,0,28.0,63.6,0,0.0,3.3,149,1
CUST-1651,2,Month-to-month,75.7,189.2,Fiber optic,Electronic check,5,Medium,0,0,5,Chat,0,0,0,3.4,12.9,0,0.0,2.3,4,1
CUST-1652,1,Month-to-month,74.25,74.25,Fiber optic,Mailed check,1,Low,0,0,1,Chat,1,0,1,9.6,34.0,0,0.0,5.0,26,1
CUST-1653,25,Month-to-month,89.7,2187.55,Fiber optic,Electronic check,2,Low,0,0,2,Ticket,1,1,1,37.9,46.4,0,0.0,4.3,18,1
CUST-1654,16,Month-to-month,96.4,1581.2,Fiber optic,Electronic check,1,Low,0,1,4,Ticket,0,1,1,5.2,13.3,0,2.0,3.6,14,1
CUST-1655,1,Month-to-month,69.5,69.5,Fiber optic,Bank transfer (automatic),0,Medium,1,3,1,Email,0,1,0,50.9,51.4,1,0.3,2.5,30,1
CUST-1656,36,Month-to-month,85.25,3132.75,Fiber optic,Credit card (automatic),0,Medium,0,0,1,Chat,0,0,0,19.0,35.4,0,0.0,1.9,76,1
CUST-1657,1,Month-to-month,19.4,19.4,No,Mailed check,0,Low,0,0,1,Chat,1,1,1,20.7,32.9,0,0.0,4.1,53,1
CUST-1658,9,Month-to-month,83.3,803.3,Fiber optic,Electronic check,0,Medium,0,0,3,Email,1,0,0,3.7,9.2,0,0.0,4.0,152,1
CUST-1659,8,Month-to-month,80.1,679.3,Fiber optic,Bank transfer (automatic),1,Low,0,0,3,Call,0,0,0,1.5,3.4,0,0.0,3.5,21,1
CUST-1660,45,One year,62.7,2791.5,DSL,Credit card (automatic),0,Low,0,0,1,Ticket,0,0,0,10.4,66.1,0,0.0,5.0,128,1
CUST-1661,25,One year,25.3,676.35,No,Bank transfer (automatic),2,High,0,1,3,Ticket,0,0,1,2.3,22.7,0,0.3,2.5,1,1
CUST-1662,13,Month-to-month,98.15,1230.25,Fiber optic,Mailed check,2,Low,0,0,3,Call,1,0,0,2.4,14.3,0,0.0,4.3,28,1
CUST-1663,46,Month-to-month,93.7,4154.8,Fiber optic,Electronic check,1,High,0,1,1,Email,1,1,0,68.4,68.6,1,0.4,3.6,20,1
CUST-1664,25,Month-to-month,105.95,2655.25,Fiber optic,Mailed check,2,Medium,1,0,3,Email,0,0,0,1.6,26.1,0,0.0,3.1,16,1
CUST-1665,18,One year,82.0,1425.45,DSL,Credit card (automatic),1,High,1,0,1,Email,2,0,0,13.3,24.6,0,0.0,3.4,27,1
CUST-1666,60,Month-to-month,95.75,5742.9,Fiber optic,Electronic check,0,Low,0,1,1,Email,0,0,1,32.4,34.5,0,3.1,3.9,107,1
CUST-1667,30,Month-to-month,94.05,2866.45,Fiber optic,Credit card (automatic),1,Low,0,1,1,Chat,0,0,1,7.7,27.9,0,2.8,3.7,12,1
CUST-1668,1,Month-to-month,54.75,54.75,DSL,Mailed check,1,Low,1,1,3,Chat,0,0,1,15.8,26.9,0,1.1,3.1,24,1
CUST-1669,39,Month-to-month,95.65,3759.05,Fiber optic,Bank transfer (automatic),1,Medium,1,2,1,Email,0,1,1,10.3,19.3,0,0.8,4.7,10,1
CUST-1670,1,Month-to-month,94.6,94.6,Fiber optic,Electronic check,1,Medium,0,0,1,Ticket,1,0,1,28.7,30.5,0,0.0,4.8,24,1
CUST-1671,31,Month-to-month,98.9,2911.3,Fiber optic,Electronic check,1,Low,1,0,1,Call,0,0,0,21.6,25.2,0,0.0,3.2,28,1
CUST-1672,3,Month-to-month,76.05,231.8,Fiber optic,Electronic check,0,Medium,0,0,0,Call,0,0,1,8.5,22.6,0,0.0,3.6,162,1
CUST-1673,1,Month-to-month,69.75,69.75,Fiber optic,Electronic check,2,Low,0,1,2,Ticket,0,0,1,23.0,28.1,0,5.4,2.5,16,1
CUST-1674,7,Month-to-month,34.5,279.25,DSL,Electronic check,1,Low,0,1,1,Email,1,0,1,0.1,5.2,0,0.3,5.0,23,1
CUST-1675,61,Month-to-month,105.55,6281.45,Fiber optic,Electronic check,1,Low,0,0,2,Email,0,1,1,25.6,28.0,0,0.0,4.6,1,1
CUST-1676,39,Month-to-month,30.1,1131.3,DSL,Credit card (automatic),1,Low,0,0,1,Call,1,0,0,35.0,37.8,0,0.0,3.0,7,1
CUST-1677,10,Month-to-month,70.3,738.2,Fiber optic,Electronic check,3,Low,0,0,4,Call,0,0,0,0.2,13.6,0,0.0,4.9,20,1
CUST-1678,1,Month-to-month,80.2,80.2,Fiber optic,Mailed check,1,Low,0,0,2,Chat,1,0,0,24.9,55.4,0,0.0,2.4,1,1
CUST-1679,67,One year,94.35,6341.45,Fiber optic,Credit card (automatic),3,High,0,0,3,Call,2,0,0,18.4,19.0,0,0.0,3.1,8,1
CUST-1680,6,Month-to-month,44.6,260.8,DSL,Bank transfer (automatic),4,Medium,1,0,4,Call,0,0,1,7.6,15.8,0,0.0,3.1,16,1
CUST-1681,1,Month-to-month,19.6,19.6,No,Mailed check,0,Low,1,1,0,Call,1,0,1,5.1,42.6,0,1.4,3.4,45,1
CUST-1682,33,Month-to-month,110.45,3655.45,Fiber optic,Electronic check,1,Medium,0,0,3,Call,0,0,0,72.6,81.8,1,0.0,2.7,27,1
CUST-1683,2,Month-to-month,70.7,140.7,Fiber optic,Credit card (automatic),1,Medium,0,0,1,Chat,0,0,1,15.1,21.7,0,0.0,4.2,10,1
CUST-1684,7,Month-to-month,99.25,665.45,Fiber optic,Electronic check,3,Low,0,1,3,Chat,0,0,0,14.1,18.2,0,0.6,4.8,14,1
CUST-1685,1,Month-to-month,84.8,84.8,Fiber optic,Electronic check,1,Medium,0,0,2,Chat,0,0,1,43.1,60.0,0,0.0,3.2,7,1
CUST-1686,52,One year,105.0,5426.85,Fiber optic,Bank transfer (automatic),2,Medium,0,2,2,Ticket,0,1,0,11.1,38.2,0,7.3,1.4,28,1
CUST-1687,22,Month-to-month,54.45,1127.35,DSL,Electronic check,3,Medium,1,1,3,Call,2,0,0,37.7,92.8,0,0.2,2.3,10,1
CUST-1688,47,Month-to-month,85.3,4045.65,Fiber optic,Electronic check,2,Medium,0,1,2,Chat,0,0,0,19.3,23.7,0,6.3,3.8,12,1
CUST-1689,33,Month-to-month,83.35,2757.85,Fiber optic,Electronic check,0,Medium,0,0,0,Ticket,0,0,1,5.4,7.1,0,0.0,3.0,47,1
CUST-1690,18,Month-to-month,33.5,600.0,DSL,Credit card (automatic),1,Low,1,1,3,Ticket,0,0,0,9.9,25.4,0,4.7,2.8,13,1
CUST-1691,24,Month-to-month,90.35,2238.5,Fiber optic,Electronic check,0,High,0,0,0,Email,0,0,1,0.5,21.9,0,0.0,3.7,150,1
CUST-1692,1,Month-to-month,90.75,90.75,Fiber optic,Electronic check,2,Low,0,0,2,Chat,0,0,1,13.3,38.1,0,0.0,3.4,14,1
CUST-1693,4,Month-to-month,89.6,365.65,Fiber optic,Mailed check,0,High,0,0,0,Call,0,0,1,63.5,74.6,1,0.0,2.5,70,1
CUST-1694,2,Month-to-month,49.25,90.35,DSL,Electronic check,1,Low,1,0,1,Call,0,0,1,23.0,61.7,0,0.0,3.9,11,1
CUST-1695,1,Month-to-month,19.75,19.75,No,Mailed check,2,Low,1,0,2,Email,1,0,1,19.8,21.3,0,0.0,3.2,27,1
CUST-1696,19,Month-to-month,95.15,1789.25,Fiber optic,Electronic check,0,Medium,1,1,0,Ticket,1,0,1,46.9,51.3,0,0.4,3.9,49,1
CUST-1697,22,Month-to-month,101.35,2317.1,Fiber optic,Bank transfer (automatic),0,Low,0,1,0,Chat,0,0,0,3.0,7.3,0,0.3,4.2,64,1
CUST-1698,4,Month-to-month,70.05,266.9,Fiber optic,Credit card (automatic),0,Medium,0,0,0,Email,1,1,1,36.6,42.7,0,0.0,2.8,32,1
CUST-1699,4,Month-to-month,74.65,301.4,Fiber optic,Electronic check,0,Low,0,1,0,Call,0,0,0,27.5,44.2,0,1.6,2.4,100,1
CUST-1700,4,Month-to-month,50.4,206.6,DSL,Mailed check,1,Medium,0,0,1,Ticket,0,1,0,17.3,17.6,0,0.0,4.2,10,1
CUST-1701,7,Month-to-month,79.65,604.7,Fiber optic,Mailed check,2,Low,0,0,2,Ticket,0,1,1,11.2,11.4,0,0.0,2.5,9,1
CUST-1702,19,Month-to-month,79.85,1471.75,Fiber optic,Electronic check,0,Low,0,0,0,Chat,1,0,0,0.8,2.6,0,0.0,4.2,166,1
CUST-1703,5,Month-to-month,78.75,412.1,Fiber optic,Electronic check,0,Low,0,1,0,Chat,2,0,1,22.1,24.6,0,0.0,3.3,38,1
CUST-1704,8,Month-to-month,80.45,583.45,Fiber optic,Credit card (automatic),0,Medium,2,0,0,Chat,0,0,0,19.4,73.7,0,0.0,4.5,44,1
CUST-1705,1,Month-to-month,50.1,50.1,DSL,Mailed check,1,Medium,3,1,1,Email,1,1,1,7.7,11.3,0,2.1,4.2,8,1
CUST-1706,2,Month-to-month,76.4,151.8,Fiber optic,Electronic check,2,Medium,1,2,2,Call,0,0,0,7.4,14.7,0,4.1,3.5,10,1
CUST-1707,3,Month-to-month,98.7,293.65,Fiber optic,Electronic check,2,High,0,0,3,Chat,0,1,0,10.2,10.5,0,0.0,4.9,14,1
CUST-1708,13,Month-to-month,100.8,1308.1,Fiber optic,Electronic check,0,Medium,1,0,0,Email,1,1,0,13.1,45.1,0,0.0,4.2,112,1
CUST-1709,28,One year,90.1,2598.95,Fiber optic,Bank transfer (automatic),1,High,0,1,2,Email,0,0,1,30.8,31.4,0,0.1,3.0,6,1
CUST-1710,15,Month-to-month,51.55,765.5,DSL,Electronic check,1,Low,1,1,1,Chat,1,0,0,16.5,44.4,0,1.2,4.9,4,1
CUST-1711,10,Month-to-month,79.25,793.55,Fiber optic,Electronic check,2,Low,0,0,2,Email,0,1,0,3.7,6.4,0,0.0,3.2,12,1
CUST-1712,5,Month-to-month,94.85,462.8,Fiber optic,Bank transfer (automatic),2,Low,0,0,5,Call,1,0,1,51.1,79.8,1,0.0,2.9,9,1
CUST-1713,2,Month-to-month,85.7,169.8,Fiber optic,Electronic check,2,Low,2,0,2,Chat,0,0,0,15.0,19.8,0,0.0,3.4,13,1
CUST-1714,1,Month-to-month,44.4,44.4,DSL,Mailed check,2,Medium,0,0,3,Email,0,0,1,52.3,60.1,1,0.0,3.1,11,1
CUST-1715,5,Month-to-month,89.5,477.7,Fiber optic,Electronic check,0,Medium,0,0,0,Email,1,1,1,21.8,36.7,0,0.0,2.3,177,1
CUST-1716,1,Month-to-month,86.05,86.05,Fiber optic,Electronic check,1,Medium,0,0,1,Chat,0,0,1,19.4,35.7,0,0.0,4.1,2,1
CUST-1717,4,Month-to-month,44.55,174.3,DSL,Electronic check,3,Medium,0,0,3,Email,0,0,1,9.4,9.8,0,0.0,4.0,23,1
CUST-1718,31,Month-to-month,35.4,1077.5,DSL,Bank transfer (automatic),1,High,0,0,1,Call,0,0,1,81.6,81.9,1,0.0,3.7,27,1
CUST-1719,1,Month-to-month,95.65,95.65,Fiber optic,Mailed check,1,High,0,0,1,Email,0,0,0,94.1,98.8,1,0.0,4.3,23,1
CUST-1720,1,Month-to-month,20.95,20.95,No,Mailed check,1,Low,0,0,2,Ticket,0,0,0,10.4,19.0,0,0.0,4.4,28,1
CUST-1721,10,Month-to-month,34.7,329.8,DSL,Electronic check,0,Low,1,0,1,Call,0,0,1,35.8,60.6,0,0.0,4.6,116,1
CUST-1722,15,Month-to-month,19.75,297.3,No,Bank transfer (automatic),4,Low,1,1,5,Chat,0,1,0,7.2,9.6,0,0.0,2.6,23,1
CUST-1723,17,Month-to-month,92.55,1515.1,Fiber optic,Electronic check,2,Low,0,1,3,Chat,0,1,0,21.9,27.5,0,11.4,3.8,3,1
CUST-1724,53,One year,60.05,3229.65,DSL,Electronic check,0,Medium,0,1,0,Email,0,0,1,25.6,32.4,0,2.9,3.3,161,1
CUST-1725,16,Month-to-month,74.3,1178.25,Fiber optic,Credit card (automatic),1,Medium,0,0,2,Ticket,0,0,0,95.7,103.7,1,0.0,2.5,1,1
CUST-1726,9,Month-to-month,85.35,758.6,Fiber optic,Electronic check,2,Low,0,0,2,Call,0,0,0,7.8,22.5,0,0.0,1.7,8,1
CUST-1727,25,One year,74.3,1863.8,DSL,Mailed check,1,Medium,0,0,1,Email,0,0,0,28.2,57.0,0,0.0,5.0,1,1
CUST-1728,4,Month-to-month,98.1,396.3,Fiber optic,Bank transfer (automatic),1,Medium,2,0,1,Call,0,0,0,6.5,8.1,0,0.0,3.6,2,1
CUST-1729,50,Two year,109.65,5551.15,Fiber optic,Electronic check,1,Low,0,0,1,Chat,0,0,1,0.8,8.5,0,0.0,2.6,15,1
CUST-1730,9,Month-to-month,74.55,622.9,Fiber optic,Electronic check,1,Low,2,0,2,Chat,0,0,1,7.7,58.0,0,0.0,2.6,6,1
CUST-1731,3,Month-to-month,100.95,329.95,Fiber optic,Electronic check,0,High,1,0,1,Ticket,2,0,1,35.5,46.5,0,0.0,2.2,85,1
CUST-1732,10,Month-to-month,94.9,1048.85,Fiber optic,Electronic check,0,Medium,0,1,0,Chat,0,0,0,63.6,86.2,1,1.8,3.9,105,1
CUST-1733,32,Month-to-month,104.9,3351.55,Fiber optic,Electronic check,2,Low,0,0,2,Ticket,0,0,1,0.6,27.1,0,0.0,5.0,23,1
CUST-1734,9,One year,24.1,259.8,DSL,Bank transfer (automatic),4,Low,0,0,4,Chat,0,1,0,2.7,3.6,0,0.0,2.6,23,1
CUST-1735,66,One year,104.05,6890.0,Fiber optic,Electronic check,3,Low,0,0,4,Call,0,0,0,10.6,18.5,0,0.0,2.8,10,1
CUST-1736,3,Month-to-month,88.35,262.05,Fiber optic,Mailed check,1,Low,0,0,1,Call,0,1,0,13.9,53.1,0,0.0,2.3,2,1
CUST-1737,29,Month-to-month,94.65,2649.15,Fiber optic,Credit card (automatic),3,Medium,1,0,3,Email,0,1,1,60.6,62.5,1,0.0,3.9,13,1
CUST-1738,1,Month-to-month,74.4,74.4,Fiber optic,Electronic check,2,Low,0,0,2,Email,0,0,0,0.5,3.0,0,0.0,3.7,24,1
CUST-1739,41,Month-to-month,79.9,3326.2,DSL,Credit card (automatic),0,Low,0,0,0,Email,0,1,0,43.5,51.9,0,0.0,3.7,124,1
CUST-1740,8,Month-to-month,69.7,560.85,Fiber optic,Electronic check,2,Low,0,0,2,Email,0,0,0,16.6,18.3,0,0.0,3.9,2,1
CUST-1741,12,Month-to-month,98.1,1060.2,Fiber optic,Electronic check,2,Medium,0,2,2,Email,0,0,1,5.6,29.1,0,1.9,2.1,14,1
CUST-1742,1,Month-to-month,20.5,20.5,No,Mailed check,0,Low,1,0,1,Email,2,0,1,5.0,22.3,0,0.0,2.0,81,1
CUST-1743,4,Month-to-month,99.6,347.65,Fiber optic,Electronic check,3,Low,0,0,4,Ticket,1,0,0,1.2,23.9,0,0.0,2.2,1,1
CUST-1744,1,Month-to-month,81.95,81.95,Fiber optic,Electronic check,0,Medium,0,0,1,Ticket,0,0,1,6.5,12.7,0,0.0,2.8,128,1
CUST-1745,7,Month-to-month,69.35,451.1,Fiber optic,Electronic check,1,Low,1,0,1,Chat,0,0,1,84.5,97.0,1,0.0,3.7,1,1
CUST-1746,6,Month-to-month,91.1,455.3,Fiber optic,Electronic check,0,Low,0,0,2,Ticket,0,1,1,36.8,41.5,0,0.0,3.1,75,1
CUST-1747,14,Month-to-month,86.1,1235.55,Fiber optic,Electronic check,2,Low,0,0,2,Call,0,0,1,75.5,76.2,1,0.0,4.8,23,1
CUST-1748,25,Month-to-month,94.7,2362.1,Fiber optic,Bank transfer (automatic),0,Medium,1,3,1,Ticket,0,1,0,3.9,21.8,0,1.4,5.0,74,1
CUST-1749,22,Month-to-month,85.1,1873.7,Fiber optic,Electronic check,4,High,1,1,6,Email,0,0,0,18.3,61.1,0,0.4,2.7,14,1
CUST-1750,61,Month-to-month,99.15,6010.05,Fiber optic,Electronic check,1,Low,0,0,2,Ticket,0,0,0,61.9,65.9,1,0.0,3.5,22,1
CUST-1751,70,Month-to-month,102.95,7101.5,Fiber optic,Electronic check,1,Low,1,2,2,Call,0,0,0,24.8,28.9,0,12.4,2.8,15,1
CUST-1752,1,Month-to-month,45.05,45.05,DSL,Mailed check,3,Low,0,0,3,Chat,0,0,0,0.5,3.2,0,0.0,3.6,8,1
CUST-1753,1,Month-to-month,71.0,71.0,Fiber optic,Electronic check,0,Medium,0,0,1,Ticket,0,0,0,1.7,8.3,0,0.0,4.6,147,1
CUST-1754,47,Month-to-month,70.55,3309.25,Fiber optic,Bank transfer (automatic),1,Medium,0,0,2,Call,0,1,0,12.6,18.3,0,0.0,4.4,14,1
CUST-1755,1,Month-to-month,79.7,79.7,Fiber optic,Electronic check,5,Medium,0,1,5,Ticket,0,0,1,11.2,37.1,0,1.6,2.8,12,1
CUST-1756,22,Month-to-month,59.0,1254.7,DSL,Electronic check,0,Medium,1,0,0,Chat,0,0,1,50.7,69.4,1,0.0,3.3,128,1
CUST-1757,48,One year,60.35,2896.4,DSL,Credit card (automatic),2,High,2,0,3,Ticket,0,0,0,34.9,60.4,0,0.0,2.9,12,1
CUST-1758,1,Month-to-month,69.25,69.25,Fiber optic,Electronic check,0,High,1,0,1,Call,2,1,1,3.3,33.5,0,0.0,5.0,51,1
CUST-1759,25,Month-to-month,70.95,1767.35,Fiber optic,Mailed check,1,Medium,0,1,1,Chat,0,0,1,2.2,15.8,0,0.5,3.2,18,1
CUST-1760,20,Month-to-month,89.0,1820.45,Fiber optic,Mailed check,3,Low,0,0,4,Chat,0,0,0,46.4,58.8,0,0.0,4.1,1,1
CUST-1761,18,Month-to-month,99.4,1742.95,Fiber optic,Electronic check,0,Low,1,1,0,Chat,0,1,0,13.7,21.3,0,1.9,3.5,169,1
CUST-1762,1,Month-to-month,73.5,73.5,Fiber optic,Bank transfer (automatic),2,Medium,1,2,3,Chat,0,0,1,4.3,5.3,0,4.5,1.9,25,1
CUST-1763,9,Month-to-month,95.5,829.1,Fiber optic,Electronic check,1,Medium,0,0,2,Email,0,1,1,52.6,59.7,1,0.0,3.6,3,1
CUST-1764,28,Month-to-month,92.35,2602.9,Fiber optic,Mailed check,0,Medium,1,1,0,Email,1,0,1,29.3,34.7,0,6.2,2.5,109,1
CUST-1765,11,Month-to-month,74.55,824.75,Fiber optic,Electronic check,7,Low,2,0,8,Ticket,0,0,1,4.1,9.8,0,0.0,2.2,18,1
CUST-1766,12,Month-to-month,83.8,1029.75,Fiber optic,Mailed check,2,Medium,0,0,3,Ticket,1,0,0,21.4,29.8,0,0.0,2.7,24,1
CUST-1767,53,Month-to-month,54.45,2854.55,DSL,Electronic check,1,Low,0,0,3,Chat,0,0,0,14.6,23.6,0,0.0,3.7,9,1
CUST-1768,41,Month-to-month,99.8,4259.3,Fiber optic,Electronic check,1,Medium,0,0,1,Call,0,0,1,6.8,9.7,0,0.0,3.2,21,1
CUST-1769,20,Month-to-month,105.85,2239.65,Fiber optic,Bank transfer (automatic),0,Low,1,0,0,Call,0,0,0,20.6,24.4,0,0.0,3.0,46,1
CUST-1770,7,Month-to-month,75.45,480.75,Fiber optic,Mailed check,2,Low,0,0,4,Email,1,0,1,13.3,16.1,0,0.0,4.1,3,1
CUST-1771,7,Month-to-month,93.85,635.6,Fiber optic,Electronic check,0,Low,0,0,1,Call,0,1,1,19.0,35.0,0,0.0,3.3,73,1
CUST-1772,22,Month-to-month,100.75,2095.0,Fiber optic,Electronic check,0,High,0,0,0,Chat,1,0,1,8.0,48.0,0,0.0,3.9,155,1
CUST-1773,3,Month-to-month,31.0,95.05,DSL,Mailed check,0,Low,1,0,0,Ticket,1,0,0,29.7,33.1,0,0.0,3.9,90,1
CUST-1774,51,Month-to-month,80.0,4242.35,Fiber optic,Credit card (automatic),1,Low,0,1,1,Ticket,1,3,1,12.8,36.7,0,15.0,2.9,28,1
CUST-1775,5,Month-to-month,70.25,331.9,Fiber optic,Mailed check,1,Low,1,1,1,Chat,1,0,0,38.6,54.3,0,1.2,3.6,28,1
CUST-1776,62,Month-to-month,100.15,6283.3,Fiber optic,Electronic check,0,Medium,1,0,1,Call,0,0,0,21.5,25.9,0,0.0,3.2,64,1
CUST-1777,28,Month-to-month,94.5,2659.4,Fiber optic,Credit card (automatic),0,Low,0,1,0,Email,0,1,0,6.4,15.3,0,3.2,3.6,31,1
CUST-1778,10,Month-to-month,33.9,298.45,DSL,Mailed check,0,High,0,0,1,Email,0,0,0,9.6,20.9,0,0.0,3.3,71,1
CUST-1779,69,Month-to-month,89.95,6143.15,Fiber optic,Electronic check,3,Medium,2,0,4,Ticket,0,0,1,7.8,25.5,0,0.0,3.7,20,1
CUST-1780,12,Month-to-month,84.45,1059.55,Fiber optic,Electronic check,0,Low,2,0,1,Call,0,0,1,10.2,19.7,0,0.0,4.3,83,1
CUST-1781,27,Month-to-month,79.5,2180.55,Fiber optic,Electronic check,2,Medium,0,0,2,Email,0,1,1,4.3,17.1,0,0.0,1.9,20,1
CUST-1782,1,Month-to-month,89.15,89.15,Fiber optic,Mailed check,2,Low,2,0,3,Call,0,0,1,14.8,19.5,0,0.0,2.6,13,1
CUST-1783,14,Month-to-month,74.95,1036.75,Fiber optic,Electronic check,1,Medium,1,0,2,Call,0,2,1,1.2,2.7,0,0.0,2.8,9,1
CUST-1784,32,Month-to-month,74.4,2276.95,Fiber optic,Electronic check,1,Low,0,2,1,Email,0,0,0,9.8,10.6,0,1.2,3.3,19,1
CUST-1785,3,Month-to-month,55.3,196.15,DSL,Electronic check,1,High,0,1,2,Ticket,0,0,0,12.8,16.9,0,0.4,4.9,12,1
CUST-1786,22,Month-to-month,55.15,1206.05,DSL,Electronic check,1,Medium,1,0,1,Call,0,0,0,33.2,46.4,0,0.0,2.1,17,1
CUST-1787,16,Month-to-month,84.95,1378.25,Fiber optic,Electronic check,4,Medium,0,1,6,Email,0,0,0,45.6,46.7,0,0.4,3.6,17,1
CUST-1788,5,Month-to-month,43.25,219.0,DSL,Mailed check,1,Low,1,0,2,Chat,0,0,1,34.1,50.2,0,0.0,4.4,28,1
CUST-1789,23,One year,48.35,1067.15,DSL,Credit card (automatic),1,Low,1,0,1,Chat,0,0,1,2.0,8.2,0,0.0,3.1,4,1
CUST-1790,1,Month-to-month,79.55,79.55,Fiber optic,Electronic check,1,Medium,0,0,2,Ticket,1,0,1,24.9,32.5,0,0.0,3.8,25,1
CUST-1791,50,Month-to-month,71.05,3444.85,Fiber optic,Electronic check,2,Medium,0,0,5,Email,0,0,0,44.0,46.9,0,0.0,4.0,29,1
CUST-1792,1,Month-to-month,84.5,84.5,Fiber optic,Electronic check,1,Low,1,1,2,Call,2,0,1,17.3,31.7,0,2.4,3.1,19,1
CUST-1793,71,Two year,108.6,7690.9,Fiber optic,Credit card (automatic),1,Low,1,0,1,Chat,0,0,1,63.0,105.3,1,0.0,2.8,20,1
CUST-1794,46,Month-to-month,30.3,1380.1,DSL,Bank transfer (automatic),3,Low,0,0,4,Call,0,0,1,49.5,55.6,1,0.0,5.0,4,1
CUST-1795,2,Month-to-month,30.4,78.65,DSL,Electronic check,0,Medium,0,1,0,Chat,1,0,0,48.4,49.9,1,3.5,3.0,40,1
CUST-1796,1,Month-to-month,45.4,45.4,DSL,Mailed check,0,Low,1,0,0,Email,0,1,1,76.5,76.7,1,0.0,3.9,89,1
CUST-1797,32,Month-to-month,84.15,2585.95,Fiber optic,Bank transfer (automatic),0,Low,0,1,1,Call,1,0,1,33.3,57.5,0,3.6,2.8,46,1
CUST-1798,3,Month-to-month,19.75,58.85,No,Electronic check,0,Low,1,0,0,Ticket,0,0,0,26.6,41.3,0,0.0,4.6,96,1
CUST-1799,5,Month-to-month,85.4,425.9,Fiber optic,Credit card (automatic),1,Low,0,0,1,Email,1,0,0,32.1,54.6,0,0.0,1.8,13,1
CUST-1800,49,Month-to-month,75.2,3678.3,Fiber optic,Credit card (automatic),3,Low,0,0,3,Call,0,0,0,10.2,16.2,0,0.0,3.2,20,1
CUST-1801,17,One year,55.85,937.5,DSL,Mailed check,1,High,1,0,1,Chat,0,1,0,0.2,12.2,0,0.0,3.3,11,1
CUST-1802,23,Month-to-month,106.4,2483.5,Fiber optic,Electronic check,0,Low,1,0,1,Email,1,0,0,1.0,6.9,0,0.0,3.6,76,1
CUST-1803,6,Month-to-month,84.4,556.35,Fiber optic,Electronic check,1,High,0,0,2,Ticket,0,0,0,44.0,48.8,0,0.0,5.0,20,1
CUST-1804,6,Month-to-month,56.25,389.1,DSL,Electronic check,3,Low,1,1,3,Chat,0,1,0,12.1,22.8,0,3.6,3.5,20,1
CUST-1805,2,Month-to-month,85.55,187.45,Fiber optic,Electronic check,0,Low,1,0,1,Call,0,0,1,10.4,13.3,0,0.0,2.1,55,1
CUST-1806,4,Month-to-month,68.65,261.25,DSL,Bank transfer (automatic),2,Low,0,1,2,Call,0,0,1,21.8,37.5,0,0.1,3.0,7,1
CUST-1807,4,Month-to-month,77.85,299.2,Fiber optic,Electronic check,0,Medium,0,0,1,Email,0,0,0,3.5,15.5,0,0.0,3.3,73,1
CUST-1808,3,Month-to-month,105.35,323.25,Fiber optic,Bank transfer (automatic),0,Medium,0,0,0,Ticket,0,0,1,18.1,24.3,0,0.0,5.0,171,1
CUST-1809,8,Month-to-month,87.05,762.1,Fiber optic,Electronic check,1,Low,0,0,1,Chat,0,1,1,41.5,45.6,0,0.0,3.3,20,1
CUST-1810,1,Month-to-month,53.5,53.5,DSL,Mailed check,1,Low,0,0,1,Email,1,0,0,12.7,18.1,0,0.0,3.3,11,1
CUST-1811,1,Month-to-month,25.1,25.1,DSL,Mailed check,3,High,0,0,3,Ticket,0,1,1,16.8,21.3,0,0.0,3.9,7,1
CUST-1812,30,Month-to-month,79.65,2365.15,Fiber optic,Mailed check,0,High,0,1,1,Chat,0,0,1,4.1,9.5,0,2.9,5.0,156,1
CUST-1813,5,Month-to-month,54.2,308.25,DSL,Electronic check,1,Low,0,0,1,Ticket,0,0,0,30.7,30.9,0,0.0,1.7,25,1
CUST-1814,1,Month-to-month,19.45,19.45,No,Electronic check,2,Medium,0,0,3,Ticket,0,0,1,19.0,24.0,0,0.0,2.9,5,1
CUST-1815,72,Two year,103.4,7372.65,Fiber optic,Electronic check,1,Low,0,1,1,Chat,0,0,0,18.5,27.8,0,0.8,2.7,21,1
CUST-1816,13,Month-to-month,84.45,1058.6,Fiber optic,Electronic check,1,Low,0,1,1,Call,0,0,0,5.9,13.8,0,0.0,3.1,8,1
CUST-1817,32,Month-to-month,85.95,2628.6,Fiber optic,Credit card (automatic),1,Low,0,0,1,Call,0,1,1,57.3,59.2,1,0.0,3.7,10,1
CUST-1818,16,Month-to-month,59.4,1023.9,DSL,Electronic check,2,Low,1,0,2,Ticket,0,1,1,9.7,45.0,0,0.0,5.0,23,1
CUST-1819,29,Month-to-month,30.6,856.35,DSL,Electronic check,3,Medium,0,0,3,Ticket,0,1,1,74.7,77.2,1,0.0,4.5,3,1
CUST-1820,38,Month-to-month,99.55,3734.25,Fiber optic,Electronic check,2,Low,0,0,3,Email,1,0,0,9.6,20.0,0,0.0,3.0,28,1
CUST-1821,17,Month-to-month,70.0,1144.5,Fiber optic,Electronic check,2,Medium,0,0,3,Call,0,1,1,53.0,58.6,1,0.0,4.7,2,1
CUST-1822,1,Month-to-month,45.3,45.3,DSL,Electronic check,0,High,1,2,0,Call,2,0,0,18.8,32.2,0,3.2,4.4,84,1
CUST-1823,2,Month-to-month,29.85,75.6,DSL,Bank transfer (automatic),0,Low,0,1,0,Ticket,0,1,1,1.5,8.4,0,0.2,5.0,144,1
CUST-1824,2,Month-to-month,95.1,180.25,Fiber optic,Credit card (automatic),1,Low,0,0,1,Email,0,0,1,71.0,71.5,1,0.0,5.0,21,1
CUST-1825,1,Month-to-month,19.8,19.8,No,Mailed check,1,Medium,2,0,1,Email,0,0,1,9.3,21.4,0,0.0,2.2,16,1
CUST-1826,4,Month-to-month,76.65,333.6,Fiber optic,Bank transfer (automatic),4,Low,0,0,6,Email,0,0,1,38.7,69.9,0,0.0,2.6,9,1
CUST-1827,5,Month-to-month,99.15,465.05,Fiber optic,Mailed check,0,Low,1,0,0,Chat,0,0,1,19.2,43.6,0,0.0,4.1,111,1
CUST-1828,9,Month-to-month,44.95,431.0,DSL,Mailed check,0,Low,0,0,0,Chat,0,0,0,6.4,11.2,0,0.0,3.6,75,1
CUST-1829,18,Month-to-month,49.55,878.35,DSL,Mailed check,0,Low,1,1,1,Chat,1,0,1,3.5,8.2,0,5.4,4.3,176,1
CUST-1830,25,Month-to-month,95.9,2448.75,Fiber optic,Electronic check,1,High,0,1,1,Email,0,0,1,6.1,16.8,0,1.1,2.7,3,1
CUST-1831,17,Month-to-month,81.5,1329.2,Fiber optic,Bank transfer (automatic),1,Medium,0,0,1,Call,0,1,0,18.1,20.7,0,0.0,4.0,12,1
CUST-1832,52,Month-to-month,84.1,4348.65,Fiber optic,Electronic check,1,Low,1,1,1,Chat,0,0,0,16.3,28.2,0,1.1,3.3,13,1
CUST-1833,3,Month-to-month,36.45,93.7,DSL,Mailed check,0,Medium,1,1,0,Ticket,0,0,1,7.2,26.6,0,0.6,3.9,152,1
CUST-1834,1,Month-to-month,25.05,25.05,DSL,Mailed check,1,High,2,1,2,Ticket,0,0,1,3.9,6.7,0,0.7,5.0,10,1
CUST-1835,8,Month-to-month,49.85,365.55,DSL,Electronic check,1,Low,0,0,1,Ticket,0,0,0,9.9,48.0,0,0.0,3.6,28,1
CUST-1836,43,Month-to-month,55.55,2342.2,DSL,Credit card (automatic),0,Low,0,1,1,Call,1,1,0,4.0,12.4,0,0.4,4.3,109,1
CUST-1837,22,One year,69.5,1498.2,DSL,Bank transfer (automatic),2,High,1,0,3,Chat,0,0,0,16.2,19.2,0,0.0,3.2,13,1
CUST-1838,54,Month-to-month,104.3,5278.15,Fiber optic,Electronic check,2,High,1,2,2,Call,0,0,0,13.1,13.9,0,4.3,1.7,28,1
CUST-1839,1,Month-to-month,93.85,93.85,Fiber optic,Electronic check,1,Low,0,0,1,Chat,1,1,1,13.7,17.8,0,0.0,3.6,18,1
CUST-1840,1,Month-to-month,50.45,50.45,DSL,Mailed check,3,Low,1,0,3,Ticket,0,0,0,7.0,14.7,0,0.0,3.9,29,1
CUST-1841,7,Month-to-month,74.65,521.1,DSL,Electronic check,0,Low,0,0,0,Ticket,0,1,1,2.3,10.1,0,0.0,4.4,54,1
CUST-1842,12,Month-to-month,94.2,1046.1,Fiber optic,Electronic check,4,Low,1,0,4,Call,0,0,1,20.3,23.0,0,0.0,2.7,22,1
CUST-1843,54,One year,106.55,5763.3,Fiber optic,Bank transfer (automatic),0,Medium,2,1,0,Chat,0,0,1,83.9,87.5,1,1.6,3.1,61,1
CUST-1844,1,Month-to-month,20.1,20.1,No,Mailed check,1,Low,0,0,2,Ticket,0,1,1,25.4,39.0,0,0.0,5.0,17,1
CUST-1845,23,Month-to-month,83.8,1900.25,Fiber optic,Electronic check,0,Low,0,0,1,Chat,0,2,1,50.3,68.2,1,0.0,5.0,89,1
CUST-1846,3,Month-to-month,55.15,159.15,DSL,Mailed check,1,Low,0,1,2,Chat,0,0,1,2.3,3.7,0,2.2,2.1,9,1
CUST-1847,10,Month-to-month,86.65,856.65,Fiber optic,Electronic check,2,High,0,0,2,Email,0,0,0,1.4,14.6,0,0.0,3.6,2,1
CUST-1848,37,Month-to-month,106.75,4056.75,Fiber optic,Bank transfer (automatic),3,Low,1,1,3,Chat,1,0,0,33.4,63.2,0,0.3,3.8,23,1
CUST-1849,31,Month-to-month,78.45,2435.15,Fiber optic,Electronic check,0,Low,0,3,2,Call,0,1,1,13.9,14.4,0,4.8,4.2,124,1
CUST-1850,34,Month-to-month,87.45,2874.15,Fiber optic,Electronic check,1,High,0,0,2,Ticket,1,0,1,40.3,51.7,0,0.0,4.4,4,1
CUST-1851,29,Month-to-month,70.75,1974.8,Fiber optic,Electronic check,2,Medium,0,0,2,Call,0,0,1,15.1,25.6,0,0.0,3.9,21,1
CUST-1852,12,Month-to-month,101.35,1218.55,Fiber optic,Electronic check,2,Low,0,0,3,Chat,0,1,1,1.8,5.0,0,0.0,2.2,15,1
CUST-1853,1,Month-to-month,81.7,81.7,Fiber optic,Electronic check,3,Low,0,0,3,Call,0,0,1,13.9,34.8,0,0.0,3.3,3,1
CUST-1854,33,Month-to-month,68.25,2171.15,Fiber optic,Electronic check,0,Low,1,0,1,Ticket,1,0,0,25.2,25.3,0,0.0,4.1,147,1
CUST-1855,4,Month-to-month,79.15,317.25,Fiber optic,Electronic check,4,Medium,0,0,4,Chat,0,0,1,16.7,48.5,0,0.0,2.0,16,1
CUST-1856,35,Month-to-month,95.45,3474.05,Fiber optic,Electronic check,1,Low,0,0,1,Call,0,0,1,5.6,16.6,0,0.0,2.7,11,1
CUST-1857,19,One year,100.95,1875.55,Fiber optic,Electronic check,2,Low,0,0,2,Chat,0,0,0,59.3,67.4,1,0.0,2.4,1,1
CUST-1858,1,Month-to-month,69.1,69.1,Fiber optic,Mailed check,2,Low,0,0,2,Chat,0,0,0,25.2,41.4,0,0.0,1.9,23,1
CUST-1859,1,Month-to-month,69.6,69.6,Fiber optic,Electronic check,3,Low,1,1,3,Call,0,0,1,17.2,51.4,0,0.3,3.7,12,1
CUST-1860,31,One year,103.45,3066.45,Fiber optic,Electronic check,0,Medium,0,1,1,Chat,0,0,1,14.8,35.5,0,3.1,2.9,42,1
CUST-1861,4,Month-to-month,77.95,305.55,Fiber optic,Bank transfer (automatic),1,Low,2,0,1,Call,0,0,1,21.8,31.9,0,0.0,3.8,10,1
CUST-1862,1,Month-to-month,78.45,78.45,Fiber optic,Electronic check,1,Low,0,0,2,Ticket,0,0,1,14.4,16.0,0,0.0,3.0,11,1
CUST-1863,10,Month-to-month,29.5,255.25,DSL,Mailed check,2,High,1,1,2,Chat,1,0,0,8.5,14.2,0,3.2,5.0,25,1
CUST-1864,2,Month-to-month,70.75,146.9,DSL,Electronic check,0,Medium,0,0,0,Call,0,0,0,11.3,36.1,0,0.0,3.4,102,1
CUST-1865,9,Month-to-month,84.45,762.5,Fiber optic,Electronic check,2,Low,0,1,3,Ticket,1,0,1,4.9,27.8,0,0.4,3.3,27,1
CUST-1866,4,Month-to-month,85.65,338.9,Fiber optic,Electronic check,1,Medium,0,0,1,Email,0,1,0,33.0,39.5,0,0.0,3.4,12,1
CUST-1867,38,One year,70.15,2497.35,DSL,Credit card (automatic),1,Low,1,1,1,Chat,0,1,1,37.7,45.4,0,7.8,3.1,10,1
CUST-1868,51,Month-to-month,97.8,4913.3,Fiber optic,Electronic check,0,Medium,0,0,0,Ticket,0,0,1,30.5,44.3,0,0.0,2.6,113,1
CUST-1869,1,Month-to-month,46.3,46.3,DSL,Mailed check,2,Medium,1,0,2,Chat,0,0,1,14.3,21.3,0,0.0,3.9,26,1
CUST-1870,41,Month-to-month,106.3,4443.45,Fiber optic,Electronic check,1,Medium,0,1,2,Chat,0,1,1,5.6,6.7,0,1.4,4.1,10,1
CUST-1871,12,Month-to-month,89.4,1095.65,Fiber optic,Electronic check,2,Medium,0,0,2,Email,1,0,0,75.6,91.3,1,0.0,2.5,20,1
CUST-1872,5,Month-to-month,83.15,446.05,Fiber optic,Credit card (automatic),0,Low,1,1,1,Ticket,0,0,0,33.9,46.5,0,0.1,3.7,129,1
CUST-1873,10,Month-to-month,74.15,811.8,Fiber optic,Mailed check,1,Medium,1,0,2,Chat,0,0,1,34.4,37.1,0,0.0,5.0,10,1
CUST-1874,11,Month-to-month,99.5,1056.95,Fiber optic,Electronic check,1,Low,1,0,2,Ticket,0,1,0,22.5,42.0,0,0.0,4.3,16,1
CUST-1875,1,Month-to-month,44.15,44.15,DSL,Mailed check,2,Low,1,1,3,Email,1,0,0,7.6,28.0,0,3.9,3.9,17,1
CUST-1876,16,Month-to-month,53.9,834.15,DSL,Mailed check,0,High,0,2,0,Ticket,0,0,0,4.6,8.1,0,2.5,3.1,72,1
CUST-1877,1,Month-to-month,85.45,85.45,Fiber optic,Mailed check,0,Medium,0,0,0,Email,0,0,0,2.7,4.6,0,0.0,4.1,102,1
CUST-1878,4,Month-to-month,50.85,239.55,DSL,Mailed check,0,High,0,1,0,Ticket,2,0,1,22.5,25.1,0,1.5,3.1,159,1
CUST-1879,1,Month-to-month,59.2,59.2,DSL,Electronic check,0,Low,0,0,0,Email,0,0,0,4.5,12.7,0,0.0,4.9,147,1
CUST-1880,13,Month-to-month,83.2,1060.6,Fiber optic,Electronic check,1,Low,0,0,1,Ticket,0,0,1,10.8,15.4,0,0.0,3.6,11,1
CUST-1881,1,Month-to-month,54.9,54.9,DSL,Electronic check,3,Low,2,1,3,Call,0,0,0,39.4,52.8,0,0.2,4.5,3,1
CUST-1882,21,Month-to-month,103.9,2254.2,Fiber optic,Electronic check,1,Medium,0,0,2,Call,1,0,0,7.9,16.7,0,0.0,3.7,13,1
CUST-1883,11,Month-to-month,19.25,180.3,No,Mailed check,2,Low,1,1,2,Chat,0,0,1,7.1,20.4,0,5.2,2.4,26,1
CUST-1884,2,Month-to-month,75.45,158.4,Fiber optic,Mailed check,0,Low,0,0,0,Email,1,0,0,29.1,32.1,0,0.0,3.4,48,1
CUST-1885,2,Month-to-month,54.85,104.2,DSL,Mailed check,1,Low,0,0,1,Chat,0,0,0,16.9,27.6,0,0.0,2.3,13,1
CUST-1886,1,Month-to-month,95.1,95.1,Fiber optic,Electronic check,2,Medium,0,0,2,Call,0,0,0,19.0,44.8,0,0.0,2.3,13,1
CUST-1887,6,Month-to-month,75.5,438.0,Fiber optic,Electronic check,0,Low,0,2,2,Chat,2,1,0,3.2,13.7,0,3.6,2.9,125,1
CUST-1888,4,Month-to-month,73.75,325.45,Fiber optic,Electronic check,2,Medium,1,0,2,Ticket,1,0,1,7.7,21.7,0,0.0,2.8,27,1
CUST-1889,12,Month-to-month,96.05,1148.1,Fiber optic,Electronic check,2,Low,0,1,2,Email,0,1,0,10.6,46.6,0,4.9,3.8,11,1
CUST-1890,4,Month-to-month,88.95,355.2,Fiber optic,Electronic check,0,Low,0,0,0,Email,0,1,0,80.6,106.7,1,0.0,3.7,91,1
CUST-1891,4,Month-to-month,50.7,151.3,DSL,Credit card (automatic),1,Low,2,0,2,Ticket,0,0,1,1.0,4.0,0,0.0,2.6,7,1
CUST-1892,3,Month-to-month,53.4,188.7,DSL,Credit card (automatic),2,High,1,0,4,Email,0,0,1,44.5,64.8,0,0.0,3.5,8,1
CUST-1893,53,Month-to-month,101.9,5549.4,Fiber optic,Electronic check,2,Low,0,0,2,Email,0,1,0,3.1,50.0,0,0.0,2.9,10,1
CUST-1894,68,One year,83.0,5685.8,Fiber optic,Electronic check,0,Low,1,0,0,Chat,2,0,0,101.2,119.9,1,0.0,2.7,174,1
CUST-1895,1,Month-to-month,50.6,50.6,DSL,Mailed check,2,Medium,0,1,2,Email,1,0,0,4.9,6.6,0,0.7,4.0,14,1
CUST-1896,10,Month-to-month,89.5,863.1,Fiber optic,Electronic check,1,Low,1,0,1,Call,1,0,1,7.8,19.5,0,0.0,3.0,19,1
CUST-1897,1,Month-to-month,69.8,69.8,Fiber optic,Electronic check,0,Medium,0,0,3,Ticket,2,0,1,40.7,53.4,0,0.0,4.3,68,1
CUST-1898,51,Month-to-month,93.8,4750.95,Fiber optic,Bank transfer (automatic),0,Low,0,0,0,Email,0,0,0,10.2,12.1,0,0.0,4.3,38,1
CUST-1899,24,Month-to-month,101.05,2391.8,Fiber optic,Electronic check,2,Low,0,1,2,Call,0,0,1,24.0,33.8,0,2.1,3.5,20,1
CUST-1900,18,Month-to-month,94.7,1687.95,Fiber optic,Electronic check,1,Low,0,1,1,Ticket,1,0,1,20.2,51.0,0,1.5,5.0,2,1
CUST-1901,72,Two year,104.15,7689.95,Fiber optic,Bank transfer (automatic),1,Low,0,0,1,Chat,0,0,0,26.7,30.9,0,0.0,3.6,26,1
CUST-1902,4,Month-to-month,61.45,229.55,DSL,Credit card (automatic),1,Medium,2,0,1,Chat,0,0,0,39.9,59.6,0,0.0,3.4,3,1
CUST-1903,1,Month-to-month,90.55,90.55,Fiber optic,Electronic check,1,Medium,0,0,2,Chat,1,0,1,8.2,20.6,0,0.0,2.6,26,1
CUST-1904,26,Month-to-month,88.8,2274.35,Fiber optic,Bank transfer (automatic),1,Medium,1,2,1,Chat,0,0,1,47.6,61.1,0,0.6,4.9,7,1
CUST-1905,7,Month-to-month,85.2,602.55,Fiber optic,Mailed check,0,High,0,1,1,Call,0,1,1,84.9,89.2,1,0.1,4.5,44,1
CUST-1906,5,Month-to-month,91.4,449.75,Fiber optic,Electronic check,3,Low,1,0,3,Call,0,1,1,25.7,42.7,0,0.0,3.9,13,1
CUST-1907,42,Month-to-month,106.15,4512.7,Fiber optic,Bank transfer (automatic),2,Low,1,1,2,Email,0,0,0,19.2,31.4,0,0.2,2.7,5,1
CUST-1908,4,Month-to-month,45.3,196.95,DSL,Mailed check,1,Medium,1,0,2,Email,0,0,1,94.3,103.2,1,0.0,4.1,10,1
CUST-1909,2,Month-to-month,73.25,131.05,Fiber optic,Credit card (automatic),2,Medium,1,0,3,Chat,0,0,0,2.2,10.3,0,0.0,3.3,27,1
CUST-1910,8,Month-to-month,51.05,415.05,DSL,Electronic check,0,Low,0,0,1,Ticket,1,0,1,11.2,15.6,0,0.0,4.2,30,1
CUST-1911,9,Month-to-month,85.35,754.65,Fiber optic,Bank transfer (automatic),2,Medium,1,0,3,Ticket,2,0,1,6.2,8.9,0,0.0,3.5,10,1
CUST-1912,1,Month-to-month,75.35,75.35,Fiber optic,Electronic check,2,Low,0,1,2,Chat,0,0,0,2.0,19.4,0,0.2,3.5,2,1
CUST-1913,43,Month-to-month,75.2,3198.6,Fiber optic,Electronic check,2,Medium,0,0,3,Call,0,0,1,46.0,48.7,0,0.0,3.0,12,1
CUST-1914,1,Month-to-month,20.9,20.9,No,Mailed check,3,Medium,2,0,5,Call,0,0,0,9.7,11.9,0,0.0,2.6,23,1
CUST-1915,3,Month-to-month,43.3,123.65,DSL,Electronic check,3,Medium,0,0,4,Chat,0,0,1,3.4,26.3,0,0.0,2.8,15,1
CUST-1916,70,One year,109.5,7534.65,Fiber optic,Bank transfer (automatic),1,Low,1,3,2,Chat,0,1,0,11.1,12.1,0,14.4,4.5,4,1
CUST-1917,11,Month-to-month,84.8,906.85,Fiber optic,Credit card (automatic),0,Medium,2,1,0,Call,0,0,0,11.0,13.0,0,0.6,5.0,61,1
CUST-1918,50,Month-to-month,95.05,4888.7,Fiber optic,Electronic check,0,Medium,2,0,0,Call,0,0,0,3.1,4.2,0,0.0,4.5,98,1
CUST-1919,5,Month-to-month,50.35,237.25,DSL,Electronic check,3,Low,1,1,4,Call,0,1,0,17.5,55.6,0,1.4,4.3,27,1
CUST-1920,1,Month-to-month,74.6,74.6,Fiber optic,Bank transfer (automatic),3,Low,0,0,3,Chat,0,1,1,2.5,3.8,0,0.0,2.2,21,1
CUST-1921,16,Month-to-month,19.7,342.4,No,Mailed check,2,High,0,2,3,Call,0,0,0,5.2,5.3,0,12.5,3.8,8,1
CUST-1922,15,Month-to-month,59.45,892.65,DSL,Electronic check,2,Low,1,2,2,Ticket,1,0,1,29.5,40.9,0,7.1,2.6,18,1
CUST-1923,46,One year,105.2,4822.85,Fiber optic,Bank transfer (automatic),1,Low,0,0,1,Call,0,0,1,8.3,23.3,0,0.0,3.4,14,1
CUST-1924,8,Month-to-month,45.15,438.4,DSL,Mailed check,0,Low,0,1,0,Email,0,0,0,23.8,26.2,0,6.5,3.9,163,1
CUST-1925,31,Month-to-month,93.8,3019.5,Fiber optic,Electronic check,4,Medium,2,1,5,Call,1,0,0,5.4,10.6,0,0.0,3.0,4,1
CUST-1926,32,Month-to-month,96.2,3183.4,Fiber optic,Electronic check,3,High,0,0,4,Email,0,0,0,17.3,21.8,0,0.0,4.6,1,1
CUST-1927,1,Month-to-month,79.6,79.6,Fiber optic,Electronic check,4,Medium,0,0,5,Ticket,0,0,0,2.5,17.9,0,0.0,2.0,14,1
CUST-1928,20,Month-to-month,85.25,1734.5,Fiber optic,Electronic check,2,Low,0,1,2,Email,0,1,1,1.0,7.0,0,0.8,1.4,17,1
CUST-1929,26,Month-to-month,80.5,2088.8,Fiber optic,Electronic check,2,Medium,0,0,3,Chat,1,0,0,18.4,27.4,0,0.0,2.5,24,1
CUST-1930,5,Month-to-month,89.8,502.6,Fiber optic,Electronic check,1,Medium,1,1,1,Chat,0,0,1,34.6,52.6,0,0.1,3.4,16,1
CUST-1931,1,Month-to-month,50.75,50.75,DSL,Electronic check,2,Medium,0,0,2,Chat,0,0,1,28.0,36.1,0,0.0,4.1,2,1
CUST-1932,14,Month-to-month,89.65,1208.35,Fiber optic,Credit card (automatic),0,Low,0,0,1,Ticket,0,0,1,34.1,49.6,0,0.0,4.0,161,1
CUST-1933,36,One year,65.4,2498.4,DSL,Mailed check,0,Medium,0,0,0,Chat,1,1,1,15.2,25.3,0,0.0,4.8,62,1
CUST-1934,9,Month-to-month,72.9,651.4,DSL,Mailed check,2,Low,0,2,2,Call,1,0,0,27.4,42.4,0,22.8,1.7,23,1
CUST-1935,5,Month-to-month,40.0,223.45,DSL,Mailed check,2,Low,0,1,2,Ticket,0,0,1,2.0,3.1,0,2.1,4.1,13,1
CUST-1936,9,Month-to-month,99.45,919.4,Fiber optic,Credit card (automatic),3,Medium,0,0,3,Ticket,0,0,0,41.5,87.4,0,0.0,3.6,6,1
CUST-1937,2,Month-to-month,86.25,181.65,Fiber optic,Electronic check,2,High,0,0,6,Call,0,0,1,9.5,10.6,0,0.0,3.4,14,1
CUST-1938,1,Month-to-month,45.65,45.65,DSL,Electronic check,1,Low,0,1,4,Call,0,1,1,47.6,59.8,0,2.8,3.5,5,1
CUST-1939,8,Month-to-month,70.1,551.35,Fiber optic,Mailed check,1,High,0,1,1,Email,0,0,1,19.8,20.1,0,4.5,4.3,23,1
CUST-1940,2,Month-to-month,70.2,115.95,Fiber optic,Bank transfer (automatic),0,Low,1,0,0,Chat,0,0,1,2.4,11.2,0,0.0,4.6,72,1
CUST-1941,3,Month-to-month,55.35,165.2,DSL,Electronic check,0,Medium,1,1,1,Call,0,1,0,12.5,13.7,0,0.0,3.5,56,1
CUST-1942,51,Month-to-month,84.2,4146.05,Fiber optic,Electronic check,0,Low,0,1,1,Ticket,0,1,1,37.5,38.7,0,0.9,4.3,130,1
CUST-1943,2,Month-to-month,45.85,81.0,DSL,Mailed check,3,Low,0,1,3,Ticket,1,0,1,6.4,10.4,0,1.5,2.4,7,1
CUST-1944,39,Month-to-month,75.25,3017.65,Fiber optic,Electronic check,2,Medium,0,0,2,Call,0,0,1,4.6,7.9,0,0.0,4.8,12,1
CUST-1945,12,Month-to-month,100.15,1164.3,Fiber optic,Bank transfer (automatic),2,Medium,0,0,3,Chat,0,0,1,0.4,2.2,0,0.0,3.8,15,1
CUST-1946,26,Month-to-month,105.75,2710.25,Fiber optic,Electronic check,2,Medium,1,2,2,Email,0,0,0,26.8,37.2,0,3.0,3.1,17,1
CUST-1947,18,Month-to-month,48.35,810.7,DSL,Electronic check,0,Medium,1,1,1,Email,0,0,0,10.8,36.8,0,1.2,5.0,99,1
CUST-1948,2,Month-to-month,24.4,36.55,DSL,Mailed check,0,Medium,4,0,0,Chat,0,1,1,4.4,34.4,0,0.0,4.6,122,1
CUST-1949,4,Month-to-month,20.95,85.5,No,Bank transfer (automatic),1,High,1,0,1,Chat,0,1,1,21.1,25.2,0,0.0,4.0,26,1
CUST-1950,1,Month-to-month,49.55,49.55,DSL,Electronic check,1,Low,1,3,3,Ticket,0,0,1,3.6,27.6,0,7.5,2.7,8,1
CUST-1951,9,Month-to-month,20.25,178.5,No,Mailed check,2,Low,0,1,5,Call,0,0,0,29.7,70.8,0,2.2,2.5,9,1
CUST-1952,2,Month-to-month,50.15,115.1,DSL,Credit card (automatic),1,Low,1,0,2,Email,0,0,1,20.1,24.6,0,0.0,2.9,12,1
CUST-1953,29,Month-to-month,95.9,2745.2,Fiber optic,Electronic check,1,Low,0,1,1,Chat,0,0,0,6.5,39.7,0,0.1,3.6,22,1
CUST-1954,1,Month-to-month,25.25,25.25,DSL,Electronic check,0,Medium,0,0,0,Ticket,0,0,0,47.7,54.4,0,0.0,3.8,146,1
CUST-1955,9,Month-to-month,45.15,416.45,DSL,Electronic check,2,Low,1,2,2,Email,1,0,0,18.8,26.3,0,5.1,4.6,8,1
CUST-1956,50,Month-to-month,84.4,4116.15,Fiber optic,Bank transfer (automatic),1,Low,1,2,2,Ticket,0,0,0,3.2,11.0,0,1.8,1.6,24,1
CUST-1957,1,Month-to-month,75.1,75.1,Fiber optic,Electronic check,1,Low,0,0,1,Ticket,0,0,1,29.2,44.9,0,0.0,3.2,28,1
CUST-1958,54,One year,70.15,3715.65,DSL,Credit card (automatic),2,Medium,0,0,2,Email,0,0,0,8.7,12.3,0,0.0,4.0,20,1
CUST-1959,42,Month-to-month,101.75,4273.45,Fiber optic,Electronic check,3,Low,1,0,3,Ticket,1,0,1,34.3,37.6,0,0.0,3.2,9,1
CUST-1960,1,Month-to-month,45.8,45.8,DSL,Electronic check,1,Low,0,1,1,Call,0,0,1,11.8,23.7,0,0.9,4.1,15,1
CUST-1961,1,Month-to-month,20.1,20.1,No,Mailed check,1,Medium,0,2,4,Ticket,1,0,1,1.8,11.6,0,16.0,2.5,3,1
CUST-1962,9,Month-to-month,40.65,328.95,DSL,Mailed check,3,Medium,0,0,4,Call,0,0,1,22.9,23.8,0,0.0,3.5,21,1
CUST-1963,46,Month-to-month,101.0,4680.05,Fiber optic,Electronic check,2,Low,0,0,2,Chat,0,0,0,8.5,36.5,0,0.0,2.5,1,1
CUST-1964,1,Month-to-month,69.1,69.1,Fiber optic,Electronic check,1,Medium,0,0,1,Email,0,0,1,65.4,69.6,1,0.0,4.0,6,1
CUST-1965,13,Month-to-month,75.0,999.45,Fiber optic,Mailed check,2,Low,0,0,3,Ticket,0,0,0,40.7,57.4,0,0.0,3.5,16,1
CUST-1966,19,One year,100.0,1888.65,Fiber optic,Bank transfer (automatic),2,High,0,0,3,Call,0,0,1,10.0,20.4,0,0.0,2.7,10,1
CUST-1967,1,Month-to-month,71.15,71.15,Fiber optic,Electronic check,0,Low,0,0,0,Ticket,0,1,0,0.6,10.8,0,0.0,3.0,78,1
CUST-1968,24,Month-to-month,54.15,1240.25,DSL,Credit card (automatic),1,High,2,0,1,Ticket,0,1,1,17.7,41.2,0,0.0,4.2,22,1
CUST-1969,67,Two year,108.75,7156.2,Fiber optic,Credit card (automatic),4,High,0,1,5,Call,0,0,0,23.9,49.4,0,0.4,3.1,14,1
CUST-1970,6,Month-to-month,49.15,270.8,DSL,Electronic check,1,Medium,1,0,1,Ticket,1,0,0,26.4,36.3,0,0.0,4.6,8,1
CUST-1971,20,Month-to-month,19.4,374.5,No,Electronic check,1,Low,1,0,4,Email,1,0,1,9.9,16.6,0,0.0,3.5,2,1
CUST-1972,20,Month-to-month,79.15,1520.9,Fiber optic,Electronic check,0,Medium,1,0,0,Email,1,0,1,3.5,15.1,0,0.0,4.0,165,1
CUST-1973,46,Month-to-month,80.4,3605.2,Fiber optic,Electronic check,2,Low,0,0,2,Email,0,0,0,18.9,20.4,0,0.0,3.9,7,1
CUST-1974,11,Month-to-month,102.0,1145.35,Fiber optic,Electronic check,3,High,2,0,4,Email,0,0,1,15.4,21.9,0,0.0,4.6,16,1
CUST-1975,2,Month-to-month,20.65,38.7,No,Mailed check,1,Medium,1,0,3,Call,1,0,1,118.1,131.1,1,0.0,4.1,18,1
CUST-1976,1,Month-to-month,70.8,70.8,Fiber optic,Mailed check,1,High,1,0,2,Ticket,0,0,0,19.7,36.9,0,0.0,4.0,20,1
CUST-1977,16,Month-to-month,89.05,1448.6,Fiber optic,Credit card (automatic),1,Medium,0,0,1,Call,0,0,1,4.6,19.9,0,0.0,3.4,3,1
CUST-1978,3,Month-to-month,96.6,291.9,Fiber optic,Electronic check,4,Medium,1,0,6,Ticket,1,1,0,10.3,12.6,0,0.0,3.7,22,1
CUST-1979,57,Month-to-month,104.5,5921.35,Fiber optic,Credit card (automatic),1,Medium,0,0,1,Chat,0,0,1,17.4,28.8,0,0.0,3.6,13,1
CUST-1980,5,Month-to-month,50.6,249.95,DSL,Mailed check,2,Low,0,1,2,Ticket,0,0,0,41.8,42.9,0,0.6,4.5,3,1
CUST-1981,4,Month-to-month,49.35,219.65,DSL,Electronic check,2,Low,0,0,2,Ticket,1,0,0,15.1,26.0,0,0.0,3.8,1,1
CUST-1982,7,Month-to-month,94.25,669.0,Fiber optic,Electronic check,1,Medium,1,3,2,Email,0,0,0,37.1,53.5,0,0.6,3.7,24,1
CUST-1983,1,Month-to-month,68.95,68.95,Fiber optic,Electronic check,2,High,1,0,2,Ticket,0,0,1,3.9,15.9,0,0.0,3.3,29,1
CUST-1984,2,Month-to-month,93.85,196.75,Fiber optic,Electronic check,1,Medium,0,0,2,Chat,0,0,1,11.1,22.8,0,0.0,4.0,27,1
CUST-1985,4,Month-to-month,76.05,318.9,Fiber optic,Electronic check,2,High,0,2,2,Call,0,0,0,16.8,29.5,0,0.5,4.2,13,1
CUST-1986,1,Month-to-month,24.45,24.45,DSL,Mailed check,1,High,1,0,1,Email,0,0,1,0.6,7.0,0,0.0,4.1,28,1
CUST-1987,7,Month-to-month,89.35,631.85,Fiber optic,Credit card (automatic),1,Medium,0,0,1,Chat,0,0,0,32.8,38.6,0,0.0,2.8,15,1
CUST-1988,4,Month-to-month,80.35,307.4,Fiber optic,Electronic check,1,Low,0,0,1,Chat,2,0,0,41.1,48.1,0,0.0,3.5,3,1
CUST-1989,1,Month-to-month,55.8,55.8,DSL,Electronic check,0,Medium,1,1,1,Chat,0,0,0,9.0,11.9,0,1.7,4.8,142,1
CUST-1990,1,Month-to-month,79.05,79.05,Fiber optic,Electronic check,1,Low,1,0,2,Call,0,0,1,73.0,80.2,1,0.0,2.8,5,1
CUST-1991,1,Month-to-month,95.0,95.0,Fiber optic,Electronic check,5,Low,0,1,6,Call,0,0,1,30.2,58.4,0,0.3,4.3,29,1
CUST-1992,1,Month-to-month,25.2,25.2,DSL,Mailed check,3,Low,0,0,3,Chat,1,0,1,40.7,44.8,0,0.0,3.8,13,1
CUST-1993,41,Month-to-month,98.4,4187.75,Fiber optic,Electronic check,4,High,0,0,5,Call,1,0,1,24.5,31.2,0,0.0,2.9,2,1
CUST-1994,66,Two year,79.4,5154.6,DSL,Credit card (automatic),1,Low,0,0,1,Ticket,1,0,1,39.4,51.8,0,0.0,4.3,2,1
CUST-1995,35,Month-to-month,101.4,3496.3,Fiber optic,Electronic check,1,Medium,1,0,2,Ticket,2,0,1,93.7,111.2,1,0.0,3.1,10,1
CUST-1996,10,Month-to-month,89.8,914.3,Fiber optic,Electronic check,2,Medium,0,0,6,Call,1,0,0,43.6,43.7,0,0.0,3.8,20,1
CUST-1997,54,Two year,109.75,6110.2,Fiber optic,Bank transfer (automatic),0,Medium,0,0,0,Chat,1,0,0,14.8,27.9,0,0.0,3.6,112,1
CUST-1998,2,One year,19.3,28.3,No,Credit card (automatic),1,Medium,0,0,1,Chat,0,0,1,23.3,25.1,0,0.0,3.7,4,1
CUST-1999,26,Month-to-month,91.25,2351.8,Fiber optic,Electronic check,0,Medium,0,0,0,Email,1,0,0,19.9,36.3,0,0.0,3.5,163,1
CUST-2000,15,Month-to-month,49.1,679.55,DSL,Electronic check,1,Low,1,1,1,Chat,0,0,0,16.3,18.1,0,0.4,2.2,2,1
CUST-2001,31,Month-to-month,65.25,1994.3,DSL,Credit card (automatic),2,Low,1,0,3,Email,0,0,1,33.8,50.4,0,0.0,3.3,19,1
CUST-2002,18,Month-to-month,85.45,1505.85,Fiber optic,Electronic check,1,High,0,0,2,Email,0,0,1,13.3,48.3,0,0.0,3.8,21,1
CUST-2003,61,Two year,94.1,5638.3,Fiber optic,Electronic check,4,Low,0,0,4,Chat,1,0,0,8.5,11.6,0,0.0,3.5,15,1
CUST-2004,1,Month-to-month,71.65,71.65,Fiber optic,Electronic check,0,Medium,0,0,1,Call,3,0,1,1.0,1.1,0,0.0,5.0,153,1
CUST-2005,24,Month-to-month,104.65,2542.45,Fiber optic,Electronic check,1,Medium,0,1,2,Email,0,0,0,2.1,3.5,0,0.1,5.0,22,1
CUST-2006,3,Month-to-month,74.25,210.3,Fiber optic,Electronic check,2,Low,0,1,3,Email,0,1,1,5.8,36.0,0,3.2,2.9,5,1
CUST-2007,1,Month-to-month,74.2,74.2,Fiber optic,Electronic check,1,High,0,2,1,Email,1,0,0,3.8,11.5,0,3.4,3.4,22,1
CUST-2008,43,Month-to-month,101.0,4388.4,Fiber optic,Electronic check,2,Medium,1,0,3,Call,1,0,1,0.7,9.9,0,0.0,3.8,22,1
CUST-2009,4,Month-to-month,100.2,420.2,Fiber optic,Electronic check,1,Low,1,0,1,Call,0,0,0,27.4,29.4,0,0.0,5.0,8,1
CUST-2010,25,One year,89.05,2177.45,Fiber optic,Electronic check,2,High,1,1,3,Email,0,0,1,32.9,85.1,0,4.1,5.0,11,1
CUST-2011,57,One year,70.1,3913.3,DSL,Bank transfer (automatic),1,Medium,0,1,1,Call,0,0,0,10.1,12.5,0,2.2,3.9,9,1
CUST-2012,4,One year,105.65,443.9,Fiber optic,Electronic check,2,Low,1,0,2,Email,0,2,1,98.6,109.7,1,0.0,2.7,6,1
CUST-2013,36,Month-to-month,96.5,3436.1,Fiber optic,Electronic check,2,Medium,0,0,2,Email,0,0,0,20.4,30.5,0,0.0,2.2,12,1
CUST-2014,1,Month-to-month,70.85,70.85,Fiber optic,Mailed check,0,Low,0,0,2,Ticket,0,0,0,2.4,3.2,0,0.0,2.6,113,1
CUST-2015,35,One year,85.95,3110.1,DSL,Credit card (automatic),1,Medium,0,1,2,Call,1,1,0,10.4,78.1,0,1.1,4.3,14,1
CUST-2016,4,Month-to-month,73.9,280.85,Fiber optic,Electronic check,1,Low,4,0,1,Ticket,0,0,0,20.1,29.7,0,0.0,4.0,15,1
CUST-2017,58,Two year,109.45,6144.55,Fiber optic,Bank transfer (automatic),2,Medium,0,0,3,Ticket,0,0,0,71.6,73.7,1,0.0,4.3,21,1
CUST-2018,30,Month-to-month,100.2,2983.8,Fiber optic,Electronic check,0,Medium,1,0,0,Chat,2,0,1,26.4,43.3,0,0.0,4.8,136,1
CUST-2019,21,Month-to-month,74.05,1565.7,Fiber optic,Bank transfer (automatic),1,High,0,0,3,Email,0,0,0,0.2,6.2,0,0.0,4.3,15,1
CUST-2020,3,Month-to-month,101.55,298.35,Fiber optic,Bank transfer (automatic),1,Medium,0,1,1,Email,0,0,1,25.5,38.8,0,3.9,4.2,2,1
CUST-2021,41,One year,111.95,4534.9,Fiber optic,Electronic check,2,Low,1,1,2,Email,0,1,0,24.5,27.5,0,0.2,4.2,29,1
CUST-2022,21,One year,55.95,1157.05,DSL,Electronic check,2,High,1,1,3,Email,0,0,1,45.5,76.2,0,0.6,2.5,19,1
CUST-2023,1,Month-to-month,45.75,45.75,DSL,Electronic check,3,Medium,0,1,6,Ticket,1,1,1,3.2,3.7,0,2.5,4.4,5,1
CUST-2024,11,Month-to-month,74.95,815.5,Fiber optic,Electronic check,1,Medium,2,0,1,Ticket,1,1,1,37.9,38.1,0,0.0,3.6,6,1
CUST-2025,1,Month-to-month,80.15,80.15,Fiber optic,Credit card (automatic),2,Low,0,0,3,Ticket,0,0,1,47.9,72.0,0,0.0,4.3,25,1
CUST-2026,72,One year,109.25,8109.8,Fiber optic,Electronic check,0,High,0,0,0,Ticket,0,0,1,37.3,46.7,0,0.0,4.2,53,1
CUST-2027,3,Month-to-month,35.2,108.95,DSL,Credit card (automatic),1,High,1,0,1,Email,0,1,1,12.2,17.2,0,0.0,4.7,22,1
CUST-2028,1,Month-to-month,78.8,78.8,Fiber optic,Electronic check,2,Medium,0,0,2,Call,1,0,1,27.0,28.8,0,0.0,4.5,14,1
CUST-2029,47,Month-to-month,106.4,5127.95,Fiber optic,Electronic check,1,High,1,1,2,Call,0,0,0,39.1,39.9,0,0.1,4.2,1,1
CUST-2030,18,Month-to-month,49.4,874.8,DSL,Electronic check,1,Low,0,0,2,Email,1,0,1,67.4,71.6,1,0.0,4.5,18,1
CUST-2031,1,Month-to-month,69.1,69.1,Fiber optic,Electronic check,0,High,3,1,1,Call,0,0,0,9.4,29.3,0,1.8,5.0,154,1
CUST-2032,20,Month-to-month,90.2,1776.55,Fiber optic,Electronic check,0,Low,2,0,1,Chat,0,0,1,5.3,7.9,0,0.0,4.3,115,1
CUST-2033,6,Month-to-month,93.55,536.4,Fiber optic,Bank transfer (automatic),1,Low,0,1,1,Chat,0,0,1,32.5,79.1,0,2.3,2.3,7,1
CUST-2034,1,Month-to-month,80.85,80.85,Fiber optic,Mailed check,0,Medium,0,0,0,Call,0,0,1,2.4,21.2,0,0.0,4.5,159,1
CUST-2035,48,One year,82.05,4029.95,Fiber optic,Mailed check,1,Medium,1,0,1,Call,0,0,0,19.0,19.2,0,0.0,3.3,19,1
CUST-2036,3,Month-to-month,20.55,51.15,No,Credit card (automatic),3,Low,1,0,5,Ticket,0,1,1,45.3,54.9,0,0.0,4.4,24,1
CUST-2037,2,Month-to-month,78.55,149.55,Fiber optic,Electronic check,0,Low,0,0,0,Email,0,0,0,5.8,11.8,0,0.0,4.1,81,1
CUST-2038,1,Month-to-month,78.65,78.65,Fiber optic,Electronic check,1,Low,0,0,2,Email,0,0,0,11.3,18.3,0,0.0,3.2,15,1
CUST-2039,1,Month-to-month,42.9,42.9,DSL,Electronic check,1,Low,2,0,1,Chat,0,1,1,40.0,47.0,0,0.0,4.3,29,1
CUST-2040,3,Month-to-month,34.25,139.35,DSL,Mailed check,2,Low,0,0,2,Call,1,0,1,16.0,38.9,0,0.0,4.9,22,1
CUST-2041,9,Month-to-month,58.5,539.85,DSL,Mailed check,2,Low,1,1,2,Call,0,0,0,4.5,18.4,0,2.4,3.3,1,1
CUST-2042,49,Month-to-month,96.2,4718.25,Fiber optic,Electronic check,2,Low,1,1,2,Chat,0,1,0,2.0,6.1,0,0.1,2.3,14,1
CUST-2043,6,Month-to-month,74.4,434.1,Fiber optic,Electronic check,0,High,1,1,1,Chat,0,0,1,18.7,27.4,0,0.2,4.2,174,1
CUST-2044,6,Month-to-month,105.3,545.2,Fiber optic,Electronic check,1,Medium,0,0,1,Ticket,0,0,0,0.5,8.5,0,0.0,3.7,10,1
CUST-2045,16,Month-to-month,73.85,1284.2,Fiber optic,Bank transfer (automatic),1,Low,1,0,1,Ticket,0,0,1,9.6,13.6,0,0.0,3.1,17,1
CUST-2046,7,Month-to-month,84.55,646.85,Fiber optic,Electronic check,1,High,0,1,2,Call,0,1,0,21.8,33.4,0,0.6,2.6,20,1
CUST-2047,25,Two year,24.75,692.1,No,Credit card (automatic),1,Medium,1,0,1,Chat,0,0,0,0.1,12.1,0,0.0,2.6,19,1
CUST-2048,20,Month-to-month,85.8,1727.5,Fiber optic,Credit card (automatic),0,Low,1,0,1,Call,2,0,0,46.6,48.0,0,0.0,4.3,166,1
CUST-2049,4,Month-to-month,24.45,86.6,DSL,Electronic check,0,Low,0,0,3,Chat,1,0,1,72.3,73.5,1,0.0,3.6,85,1
CUST-2050,28,Month-to-month,105.7,2979.5,Fiber optic,Electronic check,1,Low,0,0,2,Chat,0,0,1,12.2,12.5,0,0.0,2.5,20,1
CUST-2051,1,Month-to-month,24.25,24.25,DSL,Electronic check,1,Low,0,1,1,Chat,0,0,1,1.0,11.7,0,2.8,5.0,28,1
CUST-2052,11,Month-to-month,76.5,837.95,Fiber optic,Electronic check,0,Low,2,0,0,Email,1,0,1,7.6,73.5,0,0.0,4.0,83,1
CUST-2053,4,Month-to-month,93.5,362.2,Fiber optic,Electronic check,1,Medium,0,0,1,Email,0,2,1,25.0,53.7,0,0.0,4.1,4,1
CUST-2054,54,One year,101.5,5373.1,Fiber optic,Credit card (automatic),4,Medium,1,1,5,Email,0,0,1,1.0,8.4,0,3.2,3.5,23,1
CUST-2055,28,Month-to-month,74.9,2068.55,Fiber optic,Bank transfer (automatic),2,Medium,0,0,2,Ticket,1,0,1,44.3,48.9,0,0.0,3.5,29,1
CUST-2056,2,Month-to-month,69.6,131.65,Fiber optic,Electronic check,1,Low,0,0,2,Ticket,0,0,0,37.4,53.3,0,0.0,1.7,22,1
CUST-2057,1,Month-to-month,24.05,24.05,No,Mailed check,0,Medium,0,0,0,Chat,0,0,1,14.3,19.2,0,0.0,3.7,66,1
CUST-2058,1,Month-to-month,50.55,50.55,DSL,Electronic check,2,Medium,0,1,2,Email,0,0,1,33.8,34.3,0,1.1,4.5,28,1
CUST-2059,14,Month-to-month,100.55,1415.55,Fiber optic,Electronic check,0,High,0,1,1,Chat,0,1,1,4.3,13.0,0,0.8,3.6,159,1
CUST-2060,1,Month-to-month,20.5,20.5,No,Mailed check,1,Low,0,0,2,Email,0,1,1,72.2,76.8,1,0.0,2.7,19,1
CUST-2061,4,Month-to-month,74.8,321.9,Fiber optic,Bank transfer (automatic),1,High,1,0,2,Ticket,0,1,1,15.8,16.4,0,0.0,3.5,11,1
CUST-2062,20,Month-to-month,24.45,482.8,DSL,Electronic check,2,Medium,0,1,2,Ticket,0,0,1,96.8,113.9,1,1.1,4.9,10,1
CUST-2063,14,Month-to-month,71.0,914.0,Fiber optic,Credit card (automatic),1,Medium,0,1,3,Call,0,0,1,17.2,27.4,0,7.1,3.8,27,1
CUST-2064,30,Month-to-month,40.3,1172.95,DSL,Electronic check,0,Medium,1,0,0,Chat,0,1,1,28.4,33.6,0,0.0,2.1,49,1
CUST-2065,3,Month-to-month,50.6,155.35,DSL,Electronic check,2,Low,0,0,2,Ticket,0,0,1,37.0,43.5,0,0.0,2.6,28,1
CUST-2066,40,Month-to-month,84.85,3303.05,Fiber optic,Electronic check,0,High,1,1,0,Email,0,0,0,36.0,37.0,0,1.2,2.2,154,1
CUST-2067,2,Month-to-month,65.7,134.35,DSL,Mailed check,2,Low,0,1,2,Ticket,0,0,1,30.7,32.3,0,7.8,3.2,18,1
CUST-2068,1,Month-to-month,70.5,70.5,Fiber optic,Electronic check,2,Medium,1,0,2,Email,0,0,1,3.4,9.9,0,0.0,5.0,17,1
CUST-2069,10,Month-to-month,94.85,953.45,Fiber optic,Electronic check,0,Low,0,0,1,Chat,0,0,1,12.1,14.1,0,0.0,3.8,119,1
CUST-2070,1,Month-to-month,19.75,19.75,No,Mailed check,2,Low,0,0,2,Chat,0,0,0,17.9,20.5,0,0.0,2.6,16,1
CUST-2071,14,Month-to-month,65.45,937.6,DSL,Electronic check,0,Medium,1,0,0,Chat,1,0,0,28.3,33.9,0,0.0,4.6,141,1
CUST-2072,58,Month-to-month,98.7,5812.6,Fiber optic,Electronic check,2,High,1,0,2,Ticket,0,0,1,11.6,20.5,0,0.0,2.2,7,1
CUST-2073,22,One year,67.5,1544.05,DSL,Bank transfer (automatic),0,Low,0,2,2,Ticket,0,0,1,18.7,28.5,0,3.1,4.1,60,1
CUST-2074,1,Month-to-month,69.6,69.6,Fiber optic,Electronic check,4,High,1,0,5,Chat,0,0,1,12.7,20.7,0,0.0,2.1,29,1
CUST-2075,49,One year,84.35,4059.35,DSL,Electronic check,1,Medium,0,1,2,Ticket,2,0,1,28.8,29.7,0,0.8,4.9,10,1
CUST-2076,68,Month-to-month,100.2,6851.65,Fiber optic,Electronic check,0,Low,1,1,0,Chat,0,0,0,1.9,2.9,0,3.3,3.6,109,1
CUST-2077,1,Month-to-month,78.05,78.05,Fiber optic,Electronic check,3,Low,0,1,3,Chat,0,0,0,28.8,31.6,0,0.2,2.7,29,1
CUST-2078,7,Month-to-month,73.6,520.0,Fiber optic,Electronic check,2,Medium,1,1,2,Chat,0,0,0,42.0,67.0,0,0.0,3.2,5,1
CUST-2079,9,Month-to-month,74.75,706.6,Fiber optic,Electronic check,3,Low,0,0,3,Call,1,0,1,0.3,1.7,0,0.0,3.3,24,1
CUST-2080,1,Month-to-month,20.2,20.2,No,Mailed check,2,Low,1,0,3,Email,0,0,1,17.6,33.0,0,0.0,2.7,9,1
CUST-2081,24,Month-to-month,93.55,2264.05,Fiber optic,Electronic check,0,Low,2,0,4,Call,0,0,0,6.6,27.2,0,0.0,1.7,177,1
CUST-2082,2,Month-to-month,25.05,56.35,DSL,Electronic check,2,Low,0,0,2,Chat,0,1,1,13.0,14.4,0,0.0,3.8,24,1
CUST-2083,27,Month-to-month,95.55,2510.2,Fiber optic,Electronic check,1,Medium,1,1,1,Ticket,0,1,1,31.5,42.4,0,0.1,4.2,10,1
CUST-2084,57,Month-to-month,39.3,2111.45,DSL,Electronic check,1,Low,0,0,4,Ticket,0,1,0,34.3,51.9,0,0.0,4.6,24,1
CUST-2085,1,Month-to-month,20.25,20.25,No,Mailed check,3,Low,0,0,3,Call,0,0,1,11.8,31.3,0,0.0,5.0,5,1
CUST-2086,13,Month-to-month,23.9,300.8,DSL,Electronic check,0,Low,0,0,2,Chat,1,0,1,2.2,2.6,0,0.0,4.9,117,1
CUST-2087,1,Month-to-month,85.45,85.45,Fiber optic,Electronic check,3,Low,0,2,4,Email,3,0,0,21.6,30.8,0,2.6,3.9,11,1
CUST-2088,63,One year,99.9,6137.0,Fiber optic,Bank transfer (automatic),2,Low,1,2,2,Email,1,0,0,7.5,10.0,0,1.4,4.8,2,1
CUST-2089,25,Month-to-month,84.8,2043.45,Fiber optic,Electronic check,1,Medium,1,0,2,Ticket,0,0,0,2.8,29.3,0,0.0,3.2,21,1
CUST-2090,35,Month-to-month,75.2,2576.2,Fiber optic,Electronic check,2,Medium,1,0,2,Email,0,0,0,8.7,16.2,0,0.0,2.3,7,1
CUST-2091,71,Two year,49.35,3515.25,DSL,Electronic check,2,Low,2,1,2,Call,0,0,1,20.0,26.4,0,0.3,3.9,14,1
CUST-2092,6,Month-to-month,74.9,469.8,Fiber optic,Electronic check,2,Low,0,0,3,Ticket,1,1,0,55.0,57.8,1,0.0,2.3,17,1
CUST-2093,15,Month-to-month,101.25,1457.25,Fiber optic,Electronic check,0,Low,1,1,0,Email,0,0,1,5.6,8.2,0,3.4,3.7,176,1
CUST-2094,9,Month-to-month,18.95,185.6,No,Mailed check,1,Low,1,1,2,Chat,1,0,1,33.2,90.1,0,2.1,3.3,3,1
CUST-2095,37,Month-to-month,28.6,973.55,DSL,Credit card (automatic),0,Medium,0,2,0,Email,0,0,0,45.6,46.4,0,5.5,3.9,156,1
CUST-2096,2,Month-to-month,24.35,41.85,DSL,Electronic check,1,Low,0,1,2,Call,0,0,1,3.7,4.2,0,0.4,3.8,5,1
CUST-2097,29,Month-to-month,98.65,2862.75,Fiber optic,Electronic check,2,Low,0,1,3,Email,0,1,1,0.1,3.8,0,5.9,3.6,19,1
CUST-2098,5,Month-to-month,79.9,343.95,Fiber optic,Bank transfer (automatic),2,Medium,0,0,3,Email,0,0,1,66.9,72.3,1,0.0,2.7,28,1
CUST-2099,28,Month-to-month,103.3,2890.65,Fiber optic,Electronic check,3,Low,0,0,4,Call,0,0,1,2.4,8.3,0,0.0,2.5,28,1
CUST-2100,11,Month-to-month,96.2,1222.05,Fiber optic,Credit card (automatic),0,Medium,0,0,0,Call,0,2,0,4.0,6.6,0,0.0,3.5,158,1
CUST-2101,55,One year,104.15,5743.05,Fiber optic,Electronic check,1,Medium,0,0,3,Call,2,0,1,12.1,45.6,0,0.0,3.9,17,1
CUST-2102,24,Month-to-month,102.95,2496.7,Fiber optic,Credit card (automatic),1,Low,0,0,1,Chat,1,0,0,8.0,35.9,0,0.0,3.8,17,1
CUST-2103,1,Month-to-month,90.6,90.6,Fiber optic,Electronic check,2,Medium,1,1,2,Email,0,0,1,91.6,99.9,1,0.2,2.3,9,1
CUST-2104,6,Month-to-month,50.8,288.05,DSL,Bank transfer (automatic),2,Medium,2,0,2,Chat,1,0,0,40.2,57.0,0,0.0,3.5,14,1
CUST-2105,4,Month-to-month,90.05,368.1,Fiber optic,Electronic check,3,Low,0,0,3,Chat,1,0,1,24.1,27.1,0,0.0,2.9,24,1
CUST-2106,3,Month-to-month,75.85,256.6,Fiber optic,Electronic check,1,Medium,2,0,1,Call,0,0,1,0.6,23.8,0,0.0,3.6,21,1
CUST-2107,1,Month-to-month,68.5,68.5,Fiber optic,Electronic check,1,Medium,1,0,2,Ticket,0,0,1,6.4,12.7,0,0.0,4.2,9,1
CUST-2108,11,Month-to-month,73.5,791.75,Fiber optic,Electronic check,3,High,0,0,3,Chat,0,1,0,4.9,6.7,0,0.0,3.6,22,1
CUST-2109,1,Month-to-month,69.95,69.95,Fiber optic,Mailed check,1,Medium,0,3,1,Email,0,0,0,7.0,25.9,0,8.5,3.5,27,1
CUST-2110,5,Month-to-month,70.05,346.4,DSL,Electronic check,1,High,0,3,2,Call,0,0,1,68.6,76.5,1,8.6,3.4,2,1
CUST-2111,8,Month-to-month,94.0,773.65,Fiber optic,Electronic check,2,Low,2,0,2,Chat,0,0,1,12.0,23.2,0,0.0,1.7,20,1
CUST-2112,22,Month-to-month,61.15,1422.05,DSL,Mailed check,1,Medium,0,0,2,Email,1,1,0,47.6,77.5,0,0.0,4.0,1,1
CUST-2113,29,Month-to-month,84.45,2467.1,Fiber optic,Electronic check,2,Low,0,1,2,Email,0,0,1,14.7,24.9,0,1.5,3.6,6,1
CUST-2114,13,One year,75.3,989.45,DSL,Mailed check,0,Low,0,0,0,Email,3,0,0,25.1,28.8,0,0.0,2.6,172,1
CUST-2115,43,One year,109.55,4830.25,Fiber optic,Mailed check,1,Medium,0,0,1,Chat,0,0,1,65.3,70.3,1,0.0,4.2,24,1
CUST-2116,3,Month-to-month,19.6,59.75,No,Mailed check,1,Medium,0,2,1,Call,1,0,1,20.1,43.4,0,1.0,3.7,16,1
CUST-2117,2,Month-to-month,66.4,94.55,DSL,Bank transfer (automatic),0,Low,0,1,0,Call,0,1,0,10.1,30.3,0,1.3,4.1,159,1
CUST-2118,66,Month-to-month,100.05,6871.9,Fiber optic,Credit card (automatic),1,Medium,0,0,1,Ticket,0,3,0,14.7,30.9,0,0.0,5.0,16,1
CUST-2119,62,One year,102.0,6529.25,Fiber optic,Electronic check,1,Low,2,2,1,Email,0,1,0,14.5,16.2,0,0.7,4.3,18,1
CUST-2120,17,Month-to-month,90.2,1454.15,Fiber optic,Credit card (automatic),0,Low,1,0,0,Call,0,0,1,37.0,39.6,0,0.0,4.2,143,1
CUST-2121,56,Two year,25.15,1327.15,No,Credit card (automatic),3,Low,0,0,3,Ticket,0,1,1,9.4,24.0,0,0.0,2.7,7,1
CUST-2122,31,Month-to-month,79.85,2404.15,Fiber optic,Credit card (automatic),2,Low,1,0,2,Ticket,1,0,0,1.0,4.9,0,0.0,3.2,26,1
CUST-2123,2,Month-to-month,49.6,114.7,DSL,Mailed check,2,Low,0,0,2,Call,0,0,0,25.7,40.6,0,0.0,3.0,9,1
CUST-2124,66,One year,105.95,6975.25,Fiber optic,Credit card (automatic),2,Medium,0,0,2,Call,1,0,1,44.4,58.6,0,0.0,4.0,12,1
CUST-2125,3,Month-to-month,91.85,257.05,Fiber optic,Electronic check,1,Low,1,2,2,Call,0,0,0,16.0,26.7,0,0.1,4.4,27,1
CUST-2126,1,Month-to-month,40.1,40.1,DSL,Electronic check,2,Low,0,0,4,Chat,0,0,0,3.5,56.9,0,0.0,3.2,15,1
CUST-2127,31,Month-to-month,73.9,2217.15,Fiber optic,Electronic check,1,Medium,1,1,2,Call,0,1,0,3.6,28.5,0,2.5,3.1,8,1
CUST-2128,14,Month-to-month,89.8,1129.1,Fiber optic,Mailed check,2,Medium,0,1,3,Call,0,1,0,51.2,52.8,1,0.6,3.7,29,1
CUST-2129,35,Month-to-month,72.25,2568.55,DSL,Electronic check,1,Low,0,0,1,Chat,0,1,1,1.7,17.6,0,0.0,3.1,18,1
CUST-2130,37,Month-to-month,96.55,3580.3,Fiber optic,Electronic check,1,Low,2,0,1,Call,0,0,1,16.1,38.7,0,0.0,3.2,22,1
CUST-2131,7,Month-to-month,40.1,293.3,DSL,Credit card (automatic),2,Low,0,0,2,Call,3,0,1,9.2,33.9,0,0.0,4.6,20,1
CUST-2132,24,Month-to-month,101.25,2440.15,Fiber optic,Electronic check,1,Medium,0,0,2,Call,0,2,1,7.4,16.1,0,0.0,2.6,20,1
CUST-2133,1,Month-to-month,79.55,79.55,Fiber optic,Electronic check,3,High,0,1,4,Email,1,1,0,4.3,27.7,0,4.1,3.3,26,1
CUST-2134,32,One year,84.05,2781.85,Fiber optic,Electronic check,1,Medium,0,2,1,Chat,1,1,0,8.2,31.3,0,0.8,5.0,4,1
CUST-2135,1,Month-to-month,89.1,89.1,Fiber optic,Electronic check,0,Low,0,0,0,Call,0,0,0,28.9,38.6,0,0.0,2.0,65,1
CUST-2136,17,Month-to-month,94.4,1607.2,Fiber optic,Electronic check,2,Medium,0,1,3,Chat,0,0,1,20.9,30.3,0,1.6,3.1,13,1
CUST-2137,19,Month-to-month,78.25,1490.95,Fiber optic,Electronic check,2,Low,1,1,2,Ticket,0,0,0,2.0,13.4,0,2.0,3.7,9,1
CUST-2138,2,Month-to-month,44.15,92.65,DSL,Electronic check,0,Low,0,2,1,Ticket,1,0,0,32.2,34.3,0,1.8,5.0,178,1
CUST-2139,8,Month-to-month,75.75,606.25,Fiber optic,Electronic check,3,Low,0,0,3,Chat,0,0,1,10.1,26.2,0,0.0,2.3,1,1
CUST-2140,1,Month-to-month,19.1,19.1,No,Mailed check,0,Medium,1,0,0,Call,1,0,1,5.6,32.2,0,0.0,3.6,175,1
CUST-2141,1,Month-to-month,80.3,80.3,Fiber optic,Electronic check,0,Medium,0,0,2,Chat,0,0,1,39.1,49.0,0,0.0,3.2,96,1
CUST-2142,1,Month-to-month,74.9,74.9,Fiber optic,Electronic check,2,Medium,2,1,2,Email,2,0,0,23.2,39.3,0,0.4,5.0,22,1
CUST-2143,9,Month-to-month,80.85,751.65,Fiber optic,Electronic check,4,Medium,0,0,5,Ticket,0,1,0,29.5,38.3,0,0.0,2.9,15,1
CUST-2144,3,Month-to-month,24.75,66.95,DSL,Electronic check,1,Low,0,2,1,Chat,0,1,1,8.4,18.3,0,2.8,3.0,18,1
CUST-2145,49,Month-to-month,90.85,4515.85,Fiber optic,Credit card (automatic),3,Low,1,1,3,Call,1,0,0,31.8,42.1,0,0.1,3.3,12,1
CUST-2146,2,Month-to-month,79.7,165.0,Fiber optic,Bank transfer (automatic),3,Medium,0,1,3,Call,1,0,1,7.4,11.0,0,0.5,3.9,2,1
CUST-2147,55,Two year,57.55,3046.4,DSL,Bank transfer (automatic),2,Medium,3,2,3,Ticket,0,0,1,26.2,43.6,0,5.8,4.9,22,1
CUST-2148,21,Month-to-month,86.5,1808.7,Fiber optic,Electronic check,1,Medium,0,0,2,Email,0,1,0,5.7,12.1,0,0.0,2.7,3,1
CUST-2149,69,Month-to-month,103.95,7446.9,Fiber optic,Electronic check,3,Low,1,0,4,Ticket,0,0,0,23.1,23.9,0,0.0,4.3,27,1
CUST-2150,1,Month-to-month,25.1,25.1,DSL,Electronic check,3,Medium,1,1,3,Call,0,1,0,14.0,22.0,0,1.1,3.6,4,1
CUST-2151,39,Month-to-month,48.95,1880.85,DSL,Credit card (automatic),3,Low,0,1,4,Email,0,1,0,3.9,5.5,0,0.3,3.9,26,1
CUST-2152,6,Month-to-month,83.55,477.55,Fiber optic,Credit card (automatic),2,Medium,0,2,2,Chat,0,0,0,20.7,40.0,0,5.1,2.4,23,1
CUST-2153,17,Month-to-month,89.15,1496.9,Fiber optic,Electronic check,3,Low,0,0,3,Ticket,1,0,1,0.3,2.5,0,0.0,2.7,13,1
CUST-2154,1,Month-to-month,70.45,70.45,Fiber optic,Mailed check,0,High,0,1,0,Chat,0,0,1,26.9,54.9,0,1.0,3.0,167,1
CUST-2155,58,One year,60.3,3563.8,DSL,Credit card (automatic),1,Low,0,1,2,Chat,1,0,1,66.7,93.0,1,1.4,3.1,13,1
CUST-2156,1,Month-to-month,24.75,24.75,DSL,Electronic check,1,Medium,0,0,2,Call,1,3,1,52.1,78.4,1,0.0,4.4,1,1
CUST-2157,19,Month-to-month,103.3,2012.7,Fiber optic,Electronic check,1,Medium,0,0,2,Call,0,0,0,85.1,89.7,1,0.0,4.1,23,1
CUST-2158,3,Month-to-month,78.5,242.05,Fiber optic,Electronic check,1,Low,0,1,2,Email,1,0,1,13.3,17.8,0,0.2,3.2,21,1
CUST-2159,3,Month-to-month,19.85,63.75,No,Mailed check,0,Low,0,1,0,Chat,0,0,0,40.7,46.1,0,1.5,2.0,162,1
CUST-2160,3,Month-to-month,79.9,260.9,Fiber optic,Electronic check,4,Medium,0,0,4,Email,0,0,0,3.5,29.0,0,0.0,2.8,6,1
CUST-2161,30,Month-to-month,99.7,2967.35,Fiber optic,Electronic check,0,Low,1,0,1,Email,0,0,0,0.4,6.2,0,0.0,2.9,147,1
CUST-2162,15,Month-to-month,58.6,939.7,DSL,Credit card (automatic),3,Low,0,0,5,Ticket,0,0,0,4.0,14.0,0,0.0,4.7,4,1
CUST-2163,10,Month-to-month,98.5,1037.75,Fiber optic,Electronic check,1,High,0,0,2,Ticket,1,1,1,13.5,56.0,0,0.0,2.9,5,1
CUST-2164,1,Month-to-month,50.45,50.45,DSL,Mailed check,2,Medium,1,0,2,Call,0,1,0,4.1,18.5,0,0.0,4.1,1,1
CUST-2165,38,Month-to-month,94.65,3624.3,Fiber optic,Electronic check,2,Low,0,0,2,Chat,0,2,1,13.9,33.0,0,0.0,4.4,26,1
CUST-2166,1,Month-to-month,100.25,100.25,Fiber optic,Credit card (automatic),3,Medium,2,0,3,Email,1,0,0,6.2,13.6,0,0.0,3.5,10,1
CUST-2167,16,Month-to-month,88.45,1422.1,Fiber optic,Electronic check,0,Medium,0,0,0,Chat,1,0,0,5.6,22.6,0,0.0,3.1,88,1
CUST-2168,1,Month-to-month,69.85,69.85,Fiber optic,Electronic check,1,Medium,1,1,2,Call,0,1,0,57.9,77.2,1,2.3,3.1,21,1
CUST-2169,12,Month-to-month,81.7,858.6,Fiber optic,Bank transfer (automatic),3,Medium,2,0,3,Chat,0,0,0,16.9,30.7,0,0.0,4.6,22,1
CUST-2170,4,Month-to-month,79.9,324.3,Fiber optic,Electronic check,1,Medium,0,0,1,Email,0,0,0,25.8,113.1,0,0.0,4.4,17,1
CUST-2171,15,Month-to-month,25.4,399.6,No,Credit card (automatic),0,Low,1,0,1,Email,0,1,1,11.7,12.7,0,0.0,5.0,70,1
CUST-2172,41,Month-to-month,83.75,3273.55,Fiber optic,Bank transfer (automatic),0,Medium,0,0,0,Chat,1,0,1,4.2,25.6,0,0.0,2.9,154,1
CUST-2173,1,Month-to-month,20.9,20.9,No,Mailed check,2,Low,0,0,2,Chat,0,0,1,28.8,31.7,0,0.0,4.0,14,1
CUST-2174,1,Month-to-month,69.4,69.4,Fiber optic,Mailed check,0,Low,1,1,0,Chat,0,0,0,13.5,25.3,0,2.8,4.3,92,1
CUST-2175,7,Month-to-month,74.9,541.15,Fiber optic,Electronic check,1,Medium,0,0,1,Email,1,1,0,42.4,62.7,0,0.0,3.7,25,1
CUST-2176,42,Month-to-month,74.15,3229.4,Fiber optic,Credit card (automatic),1,Low,0,0,2,Email,0,0,0,2.0,14.5,0,0.0,4.3,21,1
CUST-2177,1,Month-to-month,70.1,70.1,Fiber optic,Electronic check,0,Medium,0,0,0,Ticket,1,0,1,11.1,15.0,0,0.0,4.2,43,1
CUST-2178,12,Month-to-month,78.3,909.25,Fiber optic,Electronic check,1,Medium,1,0,1,Email,1,0,0,4.0,8.4,0,0.0,4.1,16,1
CUST-2179,55,Month-to-month,96.8,5283.95,Fiber optic,Electronic check,1,Low,0,0,2,Chat,0,1,1,27.2,38.2,0,0.0,3.1,12,1
CUST-2180,17,Month-to-month,94.4,1617.5,Fiber optic,Electronic check,0,Low,2,1,2,Email,1,0,1,9.5,37.8,0,1.2,2.8,165,1
CUST-2181,1,Month-to-month,84.3,84.3,Fiber optic,Electronic check,0,Medium,2,0,1,Chat,0,0,1,12.4,25.2,0,0.0,2.1,58,1
CUST-2182,72,Two year,92.45,6440.25,DSL,Credit card (automatic),0,High,0,1,0,Email,0,0,0,9.9,16.5,0,2.4,2.8,179,1
CUST-2183,11,Month-to-month,99.55,1131.2,Fiber optic,Electronic check,0,Medium,0,0,0,Email,0,2,0,42.3,66.3,0,0.0,5.0,153,1
CUST-2184,8,Month-to-month,81.25,585.95,Fiber optic,Electronic check,2,Medium,1,0,3,Chat,0,0,1,19.1,23.3,0,0.0,3.0,18,1
CUST-2185,1,Month-to-month,19.95,19.95,No,Bank transfer (automatic),3,Low,0,0,4,Call,0,0,0,28.4,37.3,0,0.0,4.6,21,1
CUST-2186,23,Month-to-month,99.25,2186.4,Fiber optic,Electronic check,1,Low,0,1,1,Ticket,0,0,1,31.1,35.5,0,4.8,3.6,17,1
CUST-2187,39,Two year,80.45,3201.55,Fiber optic,Electronic check,1,Medium,0,0,2,Email,0,0,1,28.3,46.7,0,0.0,3.3,16,1
CUST-2188,9,Month-to-month,79.35,661.25,Fiber optic,Bank transfer (automatic),2,Low,0,1,4,Call,0,0,1,66.5,69.2,1,2.5,4.4,9,1
CUST-2189,15,Month-to-month,79.75,1111.85,Fiber optic,Electronic check,3,High,2,0,5,Email,1,0,1,24.3,37.1,0,0.0,3.3,26,1
CUST-2190,30,Month-to-month,100.05,3046.15,Fiber optic,Electronic check,0,Low,0,0,1,Email,0,0,0,24.1,37.0,0,0.0,3.6,104,1
CUST-2191,1,Month-to-month,69.35,69.35,Fiber optic,Electronic check,0,Medium,0,1,0,Email,0,0,0,38.1,70.2,0,2.9,3.8,131,1
CUST-2192,3,Month-to-month,85.8,272.2,Fiber optic,Electronic check,1,Medium,0,0,2,Chat,0,0,1,0.4,7.4,0,0.0,3.2,28,1
CUST-2193,67,Two year,79.7,5293.4,DSL,Electronic check,0,Medium,0,1,0,Email,0,0,1,1.4,9.6,0,3.6,5.0,151,1
CUST-2194,1,Month-to-month,50.55,50.55,DSL,Mailed check,2,Medium,2,1,2,Call,0,1,0,6.6,17.5,0,0.7,2.9,2,1
CUST-2195,1,Month-to-month,80.55,80.55,Fiber optic,Electronic check,0,High,0,1,0,Email,0,0,1,4.6,6.2,0,2.2,4.3,51,1
CUST-2196,12,Month-to-month,84.5,916.9,Fiber optic,Electronic check,0,High,2,1,0,Email,0,0,1,3.8,11.1,0,3.6,5.0,106,1
CUST-2197,22,Month-to-month,84.3,1855.65,Fiber optic,Mailed check,4,High,0,0,4,Email,1,0,0,18.5,20.4,0,0.0,3.7,18,1
CUST-2198,2,Month-to-month,67.75,116.65,Fiber optic,Electronic check,1,Medium,0,2,2,Chat,0,0,1,5.0,23.6,0,3.5,3.9,5,1
CUST-2199,27,Month-to-month,85.25,2287.25,Fiber optic,Electronic check,4,Medium,0,0,4,Chat,0,0,0,78.1,82.9,1,0.0,2.5,18,1
CUST-2200,10,Month-to-month,80.05,830.7,Fiber optic,Bank transfer (automatic),3,Medium,0,0,6,Call,1,0,0,4.7,11.6,0,0.0,2.9,5,1
CUST-2201,1,Month-to-month,20.0,20.0,No,Mailed check,1,Low,1,0,1,Chat,0,0,0,4.2,8.2,0,0.0,4.5,23,1
CUST-2202,22,Month-to-month,48.8,1054.6,DSL,Credit card (automatic),0,Low,1,0,1,Email,0,1,1,19.6,23.1,0,0.0,2.4,84,1
CUST-2203,1,Month-to-month,85.05,85.05,Fiber optic,Electronic check,1,Low,1,0,2,Chat,0,0,0,4.6,57.2,0,0.0,5.0,1,1
CUST-2204,21,Month-to-month,102.8,2110.15,Fiber optic,Electronic check,0,Low,0,0,1,Ticket,0,0,0,25.2,46.6,0,0.0,3.6,153,1
CUST-2205,6,Month-to-month,99.95,547.65,Fiber optic,Mailed check,1,Low,0,0,1,Chat,0,0,0,45.0,52.1,0,0.0,5.0,1,1
CUST-2206,72,One year,117.8,8684.8,Fiber optic,Bank transfer (automatic),1,Low,0,0,2,Email,0,0,0,13.2,34.3,0,0.0,3.0,1,1
CUST-2207,54,Month-to-month,79.5,4370.25,Fiber optic,Electronic check,0,High,1,1,1,Email,0,0,1,9.9,23.5,0,1.9,3.7,52,1
CUST-2208,3,Month-to-month,79.65,251.75,Fiber optic,Bank transfer (automatic),0,Medium,1,1,1,Ticket,0,0,1,26.9,33.2,0,1.0,3.0,100,1
CUST-2209,8,Month-to-month,94.7,740.3,Fiber optic,Electronic check,1,Low,0,0,1,Chat,0,0,1,37.7,38.0,0,0.0,2.4,5,1
CUST-2210,5,Month-to-month,92.5,452.7,Fiber optic,Electronic check,2,Low,2,0,2,Email,0,0,0,8.3,37.7,0,0.0,4.3,12,1
CUST-2211,1,Month-to-month,19.45,19.45,No,Mailed check,1,Medium,1,0,2,Chat,0,1,1,38.4,41.5,0,0.0,3.6,21,1
CUST-2212,2,Month-to-month,75.55,166.3,Fiber optic,Electronic check,1,Medium,0,0,2,Chat,0,0,0,33.5,49.0,0,0.0,5.0,29,1
CUST-2213,1,Month-to-month,70.0,70.0,Fiber optic,Electronic check,3,High,1,0,3,Email,2,1,1,15.2,35.4,0,0.0,3.7,13,1
CUST-2214,65,Two year,74.8,4820.15,DSL,Bank transfer (automatic),1,High,0,0,1,Call,0,1,1,14.1,24.7,0,0.0,2.7,10,1
CUST-2215,33,Month-to-month,104.4,3409.6,Fiber optic,Electronic check,2,High,1,1,2,Chat,0,1,1,2.5,15.4,0,0.1,3.4,14,1
CUST-2216,15,Month-to-month,86.2,1270.2,Fiber optic,Electronic check,0,Low,0,1,0,Ticket,0,0,1,2.1,3.0,0,0.0,2.9,145,1
CUST-2217,30,Month-to-month,51.2,1561.5,DSL,Credit card (automatic),1,Low,0,0,1,Call,0,0,1,31.7,41.6,0,0.0,4.0,25,1
CUST-2218,2,Month-to-month,19.5,31.55,No,Mailed check,1,Medium,1,0,1,Call,1,0,1,20.2,24.5,0,0.0,2.9,10,1
CUST-2219,4,Month-to-month,74.9,321.75,Fiber optic,Electronic check,3,Low,0,0,3,Chat,0,0,0,15.4,25.5,0,0.0,3.1,16,1
CUST-2220,2,Month-to-month,74.9,147.15,Fiber optic,Credit card (automatic),2,Medium,1,1,2,Ticket,0,0,0,1.1,12.2,0,1.6,3.6,8,1
CUST-2221,25,Month-to-month,100.25,2387.75,Fiber optic,Electronic check,1,Medium,2,0,1,Chat,0,0,1,1.3,2.2,0,0.0,2.6,12,1
CUST-2222,25,Month-to-month,102.8,2660.2,Fiber optic,Mailed check,0,Medium,0,0,0,Email,0,1,1,58.3,65.2,1,0.0,3.6,137,1
CUST-2223,43,One year,100.0,4211.55,Fiber optic,Electronic check,1,Low,1,0,1,Email,0,1,1,24.9,47.4,0,0.0,4.9,6,1
CUST-2224,10,Month-to-month,99.85,990.9,Fiber optic,Electronic check,1,Medium,1,1,2,Call,1,0,1,11.2,12.8,0,9.9,4.1,16,1
CUST-2225,2,Month-to-month,94.2,193.8,Fiber optic,Bank transfer (automatic),1,Medium,0,1,1,Ticket,0,0,0,27.7,44.3,0,5.9,4.6,18,1
CUST-2226,9,Month-to-month,83.85,790.15,Fiber optic,Electronic check,2,High,0,0,2,Ticket,0,0,0,6.9,16.5,0,0.0,2.4,22,1
CUST-2227,27,Month-to-month,88.3,2467.75,Fiber optic,Credit card (automatic),1,Low,0,0,1,Call,0,0,0,12.1,23.5,0,0.0,3.4,24,1
CUST-2228,69,One year,104.05,7262.0,Fiber optic,Bank transfer (automatic),0,High,0,1,0,Chat,0,1,0,14.2,14.5,0,4.3,3.0,101,1
CUST-2229,22,Month-to-month,94.7,1914.9,Fiber optic,Credit card (automatic),1,Medium,1,3,1,Chat,0,0,0,0.7,24.6,0,7.5,4.1,3,1
CUST-2230,56,Month-to-month,100.65,5688.05,Fiber optic,Bank transfer (automatic),0,Medium,0,0,0,Email,0,0,1,113.3,141.3,1,0.0,2.3,96,1
CUST-2231,66,Two year,80.55,5265.1,DSL,Bank transfer (automatic),1,Medium,0,1,3,Chat,0,1,1,11.1,22.8,0,0.7,4.1,9,1
CUST-2232,24,Month-to-month,78.85,1772.25,Fiber optic,Electronic check,1,Medium,1,1,1,Chat,1,0,1,78.6,131.8,1,1.0,4.6,17,1
CUST-2233,1,Month-to-month,44.45,44.45,DSL,Mailed check,2,Low,0,1,3,Ticket,2,0,1,24.0,28.3,0,0.9,3.9,7,1
CUST-2234,36,Month-to-month,84.9,3067.2,Fiber optic,Electronic check,2,Low,0,0,3,Call,0,0,1,60.9,63.7,1,0.0,3.2,21,1
CUST-2235,1,Month-to-month,20.25,20.25,No,Mailed check,1,High,1,1,1,Chat,0,0,1,1.3,3.2,0,2.3,4.9,12,1
CUST-2236,1,Month-to-month,74.35,74.35,Fiber optic,Electronic check,2,Medium,0,1,2,Call,0,0,1,74.5,76.9,1,4.1,3.0,1,1
CUST-2237,1,Month-to-month,62.05,62.05,DSL,Mailed check,0,Low,1,0,1,Ticket,1,0,0,12.0,12.4,0,0.0,3.9,37,1
CUST-2238,39,One year,80.0,3182.95,DSL,Credit card (automatic),0,Medium,0,0,0,Call,0,0,0,3.4,18.0,0,0.0,4.2,89,1
CUST-2239,5,Month-to-month,104.1,541.9,Fiber optic,Mailed check,0,Low,0,0,2,Email,0,1,1,25.6,43.4,0,0.0,2.8,170,1
CUST-2240,24,Month-to-month,39.1,971.3,DSL,Bank transfer (automatic),0,Low,1,0,0,Email,1,0,0,33.1,33.2,0,0.0,5.0,160,1
CUST-2241,2,Month-to-month,76.5,162.45,Fiber optic,Electronic check,0,Medium,0,0,1,Call,0,0,1,24.1,27.3,0,0.0,4.1,52,1
CUST-2242,5,Month-to-month,49.2,216.9,DSL,Electronic check,3,Low,0,1,4,Chat,0,1,0,17.9,20.8,0,2.2,4.0,21,1
CUST-2243,11,Month-to-month,23.15,245.2,No,Credit card (automatic),1,Low,1,1,3,Chat,1,0,0,39.0,51.0,0,0.2,3.3,24,1
CUST-2244,4,Month-to-month,80.85,302.75,Fiber optic,Electronic check,4,Low,0,1,4,Chat,0,0,1,26.6,45.3,0,2.3,3.3,9,1
CUST-2245,1,Month-to-month,60.1,60.1,DSL,Mailed check,0,Medium,2,0,0,Ticket,1,0,1,22.2,37.4,0,0.0,4.0,160,1
CUST-2246,1,Month-to-month,78.95,78.95,Fiber optic,Electronic check,1,Low,0,1,1,Call,0,0,0,8.8,26.0,0,1.5,3.6,8,1
CUST-2247,2,Month-to-month,45.15,98.5,DSL,Electronic check,1,Low,0,1,1,Email,0,0,0,48.3,63.2,1,2.0,4.2,2,1
CUST-2248,3,Month-to-month,79.4,244.65,Fiber optic,Electronic check,0,Low,0,1,2,Chat,0,0,1,27.1,44.2,0,3.1,3.7,126,1
CUST-2249,44,One year,53.95,2375.4,DSL,Mailed check,0,Low,0,0,0,Call,1,0,1,52.8,62.7,1,0.0,3.0,77,1
CUST-2250,24,Month-to-month,99.3,2431.35,Fiber optic,Credit card (automatic),0,Low,1,0,1,Ticket,1,0,0,21.4,30.9,0,0.0,3.2,120,1
CUST-2251,18,Month-to-month,80.65,1451.9,Fiber optic,Electronic check,0,Low,0,0,0,Email,1,1,0,37.0,57.7,0,0.0,2.9,55,1
CUST-2252,1,Month-to-month,71.1,71.1,Fiber optic,Mailed check,0,Low,2,0,0,Ticket,1,1,1,49.6,61.0,1,0.0,3.9,97,1
CUST-2253,65,One year,106.25,6979.8,Fiber optic,Electronic check,0,Medium,1,0,1,Chat,0,0,1,17.9,19.8,0,0.0,5.0,150,1
CUST-2254,53,One year,20.8,1021.8,No,Bank transfer (automatic),0,Low,0,0,2,Call,0,0,1,28.9,53.0,0,0.0,3.9,123,1
CUST-2255,1,Month-to-month,94.0,94.0,Fiber optic,Electronic check,0,Low,0,1,0,Call,0,0,0,19.8,27.6,0,1.1,2.8,146,1
CUST-2256,15,Month-to-month,89.85,1424.95,Fiber optic,Electronic check,2,Low,0,0,2,Ticket,0,0,1,29.3,32.8,0,0.0,3.3,5,1
CUST-2257,4,Month-to-month,46.0,193.6,DSL,Mailed check,3,Low,0,0,4,Email,0,0,0,17.0,22.7,0,0.0,3.5,13,1
CUST-2258,9,Month-to-month,66.25,620.55,DSL,Mailed check,3,Medium,0,0,3,Email,1,0,0,37.0,47.1,0,0.0,4.6,28,1
CUST-2259,22,Month-to-month,90.0,1993.8,Fiber optic,Electronic check,3,Low,0,1,3,Ticket,1,0,1,37.9,43.9,0,0.2,4.7,3,1
CUST-2260,38,One year,70.45,2597.6,Fiber optic,Bank transfer (automatic),2,Low,1,0,3,Chat,0,0,1,1.1,11.9,0,0.0,3.7,14,1
CUST-2261,53,Two year,19.75,1052.35,No,Bank transfer (automatic),1,Low,0,0,1,Email,1,0,1,5.2,15.1,0,0.0,4.9,22,1
CUST-2262,1,Month-to-month,53.95,53.95,DSL,Electronic check,2,Medium,0,0,3,Call,0,0,0,4.9,14.6,0,0.0,2.4,29,1
CUST-2263,8,Month-to-month,105.5,829.55,Fiber optic,Electronic check,1,Low,0,0,3,Ticket,0,0,1,9.0,19.0,0,0.0,3.5,22,1
CUST-2264,16,Month-to-month,81.0,1312.15,Fiber optic,Electronic check,1,Medium,0,0,4,Chat,2,0,1,14.9,19.5,0,0.0,4.9,8,1
CUST-2265,1,Month-to-month,69.8,69.8,Fiber optic,Electronic check,1,Low,1,0,2,Call,0,0,0,30.5,54.3,0,0.0,3.1,21,1
CUST-2266,7,Month-to-month,73.75,545.15,Fiber optic,Mailed check,2,Low,0,1,2,Call,1,0,1,8.2,17.3,0,0.2,2.1,17,1
CUST-2267,9,Month-to-month,54.55,494.05,DSL,Electronic check,1,Medium,0,0,1,Call,1,1,0,24.2,24.8,0,0.0,3.0,29,1
CUST-2268,37,Month-to-month,76.25,2841.55,Fiber optic,Electronic check,0,Medium,0,1,0,Call,0,1,0,45.4,49.6,0,2.4,4.4,65,1
CUST-2269,5,Month-to-month,93.9,486.85,Fiber optic,Mailed check,0,Medium,1,0,2,Chat,1,0,0,13.6,28.8,0,0.0,3.1,152,1
CUST-2270,3,Month-to-month,70.4,204.7,Fiber optic,Electronic check,2,Low,2,1,2,Call,0,0,1,24.6,37.8,0,0.6,2.3,9,1
CUST-2271,31,Month-to-month,91.15,2995.45,Fiber optic,Electronic check,0,Medium,0,0,1,Ticket,0,0,0,43.3,45.9,0,0.0,2.6,114,1
CUST-2272,2,Month-to-month,70.95,137.95,Fiber optic,Electronic check,0,Low,0,1,0,Ticket,1,0,0,29.7,105.7,0,2.2,4.4,36,1
CUST-2273,37,Month-to-month,99.5,3762.0,Fiber optic,Electronic check,2,Medium,0,0,3,Ticket,1,0,0,2.5,14.3,0,0.0,5.0,14,1
CUST-2274,38,Month-to-month,83.9,3233.6,Fiber optic,Credit card (automatic),1,Medium,1,0,1,Email,2,0,1,3.8,8.5,0,0.0,3.6,27,1
CUST-2275,48,Month-to-month,117.45,5438.9,Fiber optic,Electronic check,2,Low,0,0,3,Ticket,0,0,0,2.0,8.0,0,0.0,3.3,1,1
CUST-2276,10,Month-to-month,104.4,1081.45,Fiber optic,Electronic check,2,Medium,0,2,3,Ticket,1,0,0,7.6,37.9,0,1.7,3.5,12,1
CUST-2277,8,Month-to-month,29.4,221.9,DSL,Electronic check,2,Medium,0,0,2,Call,0,1,1,0.1,6.9,0,0.0,1.5,4,1
CUST-2278,2,Month-to-month,44.65,74.9,DSL,Mailed check,0,Low,1,2,0,Call,1,1,0,21.6,24.9,0,6.1,3.8,123,1
CUST-2279,3,Month-to-month,25.25,58.9,DSL,Electronic check,2,High,0,0,3,Chat,0,0,1,0.6,5.7,0,0.0,4.1,15,1
CUST-2280,4,Month-to-month,84.05,333.55,Fiber optic,Bank transfer (automatic),2,Medium,0,1,3,Chat,1,0,0,13.7,22.8,0,2.1,3.7,1,1
CUST-2281,37,Month-to-month,85.7,3171.15,Fiber optic,Electronic check,2,Low,0,0,3,Ticket,1,0,0,15.7,17.7,0,0.0,3.9,8,1
CUST-2282,1,Month-to-month,74.7,74.7,Fiber optic,Electronic check,0,High,0,1,0,Ticket,1,0,1,23.8,24.5,0,0.1,3.6,124,1
CUST-2283,5,Month-to-month,90.8,455.5,Fiber optic,Electronic check,0,Low,0,0,1,Chat,0,0,0,6.3,12.5,0,0.0,2.1,41,1
CUST-2284,28,Month-to-month,106.15,3152.5,Fiber optic,Electronic check,4,Medium,0,0,4,Email,0,0,1,46.5,73.7,0,0.0,2.6,27,1
CUST-2285,30,One year,85.35,2530.4,DSL,Bank transfer (automatic),2,Medium,0,0,3,Ticket,1,1,1,16.1,47.6,0,0.0,4.1,27,1
CUST-2286,36,Month-to-month,90.85,3186.7,Fiber optic,Electronic check,1,Medium,0,1,1,Ticket,0,0,1,26.9,48.4,0,5.6,4.0,26,1
CUST-2287,1,Month-to-month,35.75,35.75,DSL,Electronic check,4,Low,0,0,6,Call,0,0,0,9.8,12.0,0,0.0,3.5,2,1
CUST-2288,4,Month-to-month,46.0,181.6,DSL,Electronic check,1,High,0,1,3,Call,1,0,0,7.1,7.7,0,0.7,4.2,13,1
CUST-2289,17,Month-to-month,89.4,1539.45,Fiber optic,Electronic check,3,Low,0,1,3,Ticket,0,0,0,20.2,29.2,0,3.5,3.8,7,1
CUST-2290,3,Month-to-month,19.8,58.15,No,Mailed check,3,Low,1,0,4,Email,1,0,0,51.9,65.4,1,0.0,4.2,2,1
CUST-2291,4,Month-to-month,50.9,225.6,DSL,Electronic check,0,Low,1,0,1,Email,0,0,1,29.1,41.9,0,0.0,4.4,61,1
CUST-2292,4,Month-to-month,81.0,340.85,Fiber optic,Electronic check,0,High,0,1,0,Chat,0,0,1,27.6,31.4,0,0.2,5.0,164,1
CUST-2293,26,Month-to-month,98.35,2515.3,Fiber optic,Electronic check,3,High,1,0,4,Email,0,0,0,15.7,20.6,0,0.0,4.0,23,1
CUST-2294,5,Month-to-month,51.0,305.95,DSL,Mailed check,1,Low,0,1,1,Email,1,0,0,0.2,41.3,0,0.3,3.6,8,1
CUST-2295,4,Month-to-month,91.65,365.4,Fiber optic,Electronic check,3,High,1,0,4,Chat,0,0,1,48.5,55.2,1,0.0,4.5,16,1
CUST-2296,1,Month-to-month,90.85,90.85,Fiber optic,Electronic check,2,Low,0,1,2,Email,0,0,1,6.3,18.9,0,2.5,4.6,11,1
CUST-2297,1,Month-to-month,69.4,69.4,Fiber optic,Mailed check,0,High,1,0,0,Chat,0,1,0,14.8,23.1,0,0.0,4.2,170,1
CUST-2298,8,Month-to-month,94.45,742.95,Fiber optic,Credit card (automatic),0,Medium,1,0,0,Call,0,0,1,4.9,28.1,0,0.0,4.7,74,1
CUST-2299,1,Month-to-month,20.15,20.15,No,Credit card (automatic),0,Low,1,0,0,Chat,0,0,0,38.7,60.5,0,0.0,3.7,129,1
CUST-2300,50,Month-to-month,95.7,4816.7,Fiber optic,Electronic check,1,Low,1,0,1,Ticket,0,0,0,0.8,13.3,0,0.0,2.8,7,1
CUST-2301,26,Month-to-month,74.95,1834.95,Fiber optic,Bank transfer (automatic),0,Low,0,1,0,Email,2,0,1,24.6,56.8,0,1.6,5.0,145,1
CUST-2302,6,Month-to-month,47.95,305.1,DSL,Electronic check,1,Low,0,1,1,Email,0,0,0,1.1,3.9,0,3.2,4.9,2,1
CUST-2303,3,Month-to-month,63.6,155.65,DSL,Electronic check,1,Medium,1,1,3,Chat,0,1,1,57.6,66.8,1,0.6,1.9,25,1
CUST-2304,3,Month-to-month,36.85,108.7,DSL,Mailed check,0,Low,0,0,0,Ticket,0,0,0,1.3,4.5,0,0.0,3.3,41,1
CUST-2305,1,Month-to-month,44.1,44.1,DSL,Electronic check,0,High,0,2,2,Email,0,0,1,50.7,52.0,1,4.0,4.6,61,1
CUST-2306,14,Month-to-month,50.75,712.75,DSL,Electronic check,1,Medium,0,2,1,Call,3,0,0,6.7,24.4,0,5.9,2.0,14,1
CUST-2307,61,One year,104.4,6405.0,Fiber optic,Credit card (automatic),1,Medium,1,0,3,Chat,0,0,0,24.4,35.7,0,0.0,5.0,9,1
CUST-2308,40,Month-to-month,39.3,1637.4,DSL,Electronic check,2,Low,0,1,3,Ticket,0,1,0,23.3,24.6,0,0.2,5.0,18,1
CUST-2309,58,One year,106.45,6145.85,Fiber optic,Electronic check,0,High,1,0,0,Chat,1,0,1,43.9,97.8,0,0.0,2.5,166,1
CUST-2310,18,Month-to-month,96.05,1740.7,Fiber optic,Electronic check,2,Medium,1,0,3,Email,0,0,0,11.9,12.9,0,0.0,4.1,14,1
CUST-2311,7,Month-to-month,75.1,552.95,Fiber optic,Bank transfer (automatic),3,High,0,0,3,Email,0,0,1,17.3,31.3,0,0.0,2.9,21,1
CUST-2312,2,Month-to-month,44.7,93.7,DSL,Electronic check,1,High,0,1,1,Email,0,1,0,11.2,22.3,0,0.5,3.5,22,1
CUST-2313,19,Month-to-month,55.0,1046.5,DSL,Credit card (automatic),2,Low,0,0,4,Chat,1,0,1,24.5,30.9,0,0.0,2.1,7,1
CUST-2314,11,Month-to-month,74.35,834.2,Fiber optic,Electronic check,5,Low,1,0,6,Ticket,0,0,1,8.6,32.2,0,0.0,3.4,22,1
CUST-2315,39,One year,104.7,4134.85,Fiber optic,Credit card (automatic),2,Medium,1,0,2,Chat,0,0,0,23.5,28.7,0,0.0,3.8,4,1
CUST-2316,15,Month-to-month,55.7,899.8,DSL,Mailed check,0,High,0,0,0,Email,0,1,0,32.2,53.0,0,0.0,3.5,179,1
CUST-2317,5,Month-to-month,19.85,108.05,No,Credit card (automatic),2,Medium,1,2,3,Chat,0,0,0,3.2,14.0,0,4.7,4.8,3,1
CUST-2318,1,Month-to-month,70.3,70.3,Fiber optic,Electronic check,0,Low,1,0,0,Call,0,0,1,11.0,17.0,0,0.0,5.0,145,1
CUST-2319,10,Month-to-month,85.55,851.75,Fiber optic,Electronic check,0,Medium,0,0,0,Ticket,0,0,0,0.8,5.9,0,0.0,3.6,106,1
CUST-2320,6,Month-to-month,94.5,575.45,Fiber optic,Mailed check,1,Low,1,1,1,Email,0,0,0,2.2,5.8,0,0.5,2.6,20,1
CUST-2321,16,Month-to-month,85.35,1375.15,Fiber optic,Credit card (automatic),2,Low,0,0,3,Chat,1,1,1,1.1,1.3,0,0.0,1.7,9,1
CUST-2322,2,Month-to-month,79.65,152.7,Fiber optic,Mailed check,0,Low,1,0,0,Call,0,0,1,28.1,39.8,0,0.0,5.0,156,1
CUST-2323,2,Month-to-month,79.6,195.05,Fiber optic,Electronic check,1,Low,0,0,1,Email,0,0,0,89.8,97.1,1,0.0,3.4,17,1
CUST-2324,19,Month-to-month,90.6,1660.0,Fiber optic,Electronic check,2,Low,0,0,2,Chat,0,0,1,21.7,26.7,0,0.0,3.5,23,1
CUST-2325,1,Month-to-month,20.2,20.2,No,Bank transfer (automatic),1,High,0,2,1,Email,0,2,0,9.5,11.9,0,6.5,3.1,3,1
CUST-2326,66,Two year,106.05,6981.35,Fiber optic,Credit card (automatic),0,Medium,0,2,0,Ticket,0,0,0,34.0,34.1,0,10.5,3.2,67,1
CUST-2327,36,Month-to-month,99.15,3615.6,Fiber optic,Electronic check,0,High,0,2,0,Email,0,1,1,16.3,29.8,0,2.4,4.3,84,1
CUST-2328,39,Month-to-month,55.9,2184.35,DSL,Electronic check,3,Medium,0,0,3,Email,0,0,1,3.4,27.0,0,0.0,3.2,27,1
CUST-2329,21,Month-to-month,82.35,1852.85,Fiber optic,Electronic check,0,Low,0,1,0,Ticket,0,0,0,52.1,57.3,1,4.0,2.3,121,1
CUST-2330,2,Month-to-month,40.4,77.15,DSL,Credit card (automatic),3,Medium,1,2,3,Chat,0,0,0,3.1,12.4,0,1.6,3.6,26,1
CUST-2331,4,Month-to-month,75.35,338.1,Fiber optic,Electronic check,0,High,0,0,1,Call,1,0,0,86.3,97.2,1,0.0,3.0,53,1
CUST-2332,35,One year,85.15,3030.6,Fiber optic,Electronic check,5,High,2,0,6,Call,1,0,0,10.3,13.7,0,0.0,3.7,22,1
CUST-2333,33,One year,93.8,3124.5,Fiber optic,Electronic check,3,Medium,1,0,3,Ticket,0,0,1,29.9,37.9,0,0.0,2.9,28,1
CUST-2334,45,One year,20.4,930.45,No,Electronic check,0,Low,0,0,1,Email,0,0,0,73.7,86.8,1,0.0,3.1,119,1
CUST-2335,7,Month-to-month,94.7,673.1,Fiber optic,Credit card (automatic),1,Low,2,0,3,Chat,0,0,0,20.7,45.8,0,0.0,3.1,15,1
CUST-2336,6,Month-to-month,30.5,208.7,DSL,Credit card (automatic),1,Low,0,0,1,Chat,1,0,0,85.6,105.3,1,0.0,2.1,4,1
CUST-2337,3,Month-to-month,77.0,237.75,Fiber optic,Electronic check,0,High,0,0,0,Ticket,0,1,1,4.5,29.0,0,0.0,4.4,78,1
CUST-2338,11,Month-to-month,20.1,221.35,No,Credit card (automatic),1,Low,0,0,1,Chat,0,1,0,1.4,70.6,0,0.0,5.0,8,1
CUST-2339,1,Month-to-month,75.3,75.3,Fiber optic,Electronic check,1,High,1,1,1,Call,0,0,0,23.8,27.4,0,1.2,4.2,6,1
CUST-2340,40,One year,99.2,4062.2,Fiber optic,Credit card (automatic),1,Low,0,0,2,Chat,0,1,1,2.5,18.1,0,0.0,3.6,17,1
CUST-2341,47,Month-to-month,85.5,4042.3,Fiber optic,Mailed check,3,Medium,0,0,3,Email,0,2,0,16.2,26.1,0,0.0,3.3,6,1
CUST-2342,7,Month-to-month,20.05,164.85,No,Mailed check,0,Low,1,1,0,Chat,0,0,1,34.5,45.1,0,2.0,3.4,138,1
CUST-2343,1,Month-to-month,70.4,70.4,Fiber optic,Electronic check,0,Low,2,0,0,Ticket,2,0,1,40.2,44.3,0,0.0,2.8,146,1
CUST-2344,7,One year,49.75,331.3,DSL,Electronic check,0,Low,1,0,0,Ticket,1,0,1,19.1,41.7,0,0.0,4.9,154,1
CUST-2345,15,Month-to-month,75.3,1147.45,Fiber optic,Credit card (automatic),1,Medium,0,0,3,Call,1,0,1,14.4,33.1,0,0.0,3.2,14,1
CUST-2346,11,Month-to-month,94.0,1078.9,Fiber optic,Electronic check,1,Low,0,0,1,Call,0,0,0,2.2,22.9,0,0.0,3.6,13,1
CUST-2347,67,One year,118.35,7804.15,Fiber optic,Bank transfer (automatic),0,Medium,0,0,3,Call,0,0,0,26.2,95.8,0,0.0,5.0,91,1
CUST-2348,8,Month-to-month,30.45,226.45,DSL,Electronic check,0,Low,0,0,0,Call,0,0,0,31.5,35.9,0,0.0,3.5,39,1
CUST-2349,44,Month-to-month,96.1,4364.1,Fiber optic,Electronic check,2,Medium,0,0,3,Chat,1,0,0,11.4,55.5,0,0.0,3.8,7,1
CUST-2350,24,Month-to-month,104.25,2433.9,Fiber optic,Electronic check,0,Low,0,0,1,Chat,0,0,1,17.8,20.6,0,0.0,5.0,51,1
CUST-2351,15,Month-to-month,80.2,1217.25,Fiber optic,Electronic check,1,Medium,1,1,2,Ticket,0,0,0,6.7,7.9,0,0.1,3.2,21,1
CUST-2352,17,Month-to-month,104.2,1743.5,Fiber optic,Electronic check,1,Low,0,0,2,Ticket,1,0,1,11.3,11.4,0,0.0,4.5,13,1
CUST-2353,1,Month-to-month,69.65,69.65,Fiber optic,Electronic check,1,Medium,0,1,1,Call,1,1,1,20.8,24.0,0,6.3,3.3,11,1
CUST-2354,9,Month-to-month,80.8,713.1,Fiber optic,Electronic check,2,Low,1,0,3,Chat,0,0,1,32.7,37.2,0,0.0,4.5,28,1
CUST-2355,7,Month-to-month,80.3,526.7,Fiber optic,Mailed check,0,Medium,0,0,1,Email,0,0,0,1.4,5.9,0,0.0,4.4,118,1
CUST-2356,36,Month-to-month,84.1,3021.6,Fiber optic,Electronic check,0,High,0,1,1,Call,0,1,1,15.7,47.6,0,0.3,5.0,66,1
CUST-2357,3,Month-to-month,69.35,191.35,DSL,Electronic check,3,Low,0,0,5,Call,2,0,0,1.7,6.2,0,0.0,2.0,4,1
CUST-2358,34,Month-to-month,79.6,2718.3,Fiber optic,Mailed check,4,Low,0,0,5,Chat,0,0,1,53.2,66.1,1,0.0,2.7,12,1
CUST-2359,1,Month-to-month,36.45,36.45,DSL,Electronic check,2,Medium,0,0,4,Email,1,0,1,23.6,74.2,0,0.0,2.6,16,1
CUST-2360,22,Month-to-month,89.4,2001.5,Fiber optic,Electronic check,1,Medium,1,0,1,Call,0,0,0,15.0,19.2,0,0.0,3.5,8,1
CUST-2361,47,Month-to-month,80.35,3825.85,Fiber optic,Electronic check,1,Low,0,1,1,Email,1,0,0,1.0,45.4,0,1.1,4.5,15,1
CUST-2362,24,Month-to-month,40.65,933.3,DSL,Credit card (automatic),0,Low,0,0,0,Ticket,0,1,0,17.3,34.5,0,0.0,2.2,149,1
CUST-2363,53,One year,60.45,3184.25,DSL,Electronic check,1,Low,1,0,1,Ticket,0,1,1,22.8,42.9,0,0.0,4.1,16,1
CUST-2364,8,Month-to-month,84.9,764.95,Fiber optic,Electronic check,3,Low,1,0,3,Call,1,0,1,12.6,22.7,0,0.0,3.4,16,1
CUST-2365,2,Month-to-month,73.55,145.4,Fiber optic,Bank transfer (automatic),2,Low,1,1,3,Chat,0,0,0,7.9,25.9,0,0.2,3.4,7,1
CUST-2366,8,Month-to-month,20.15,156.25,No,Bank transfer (automatic),1,Medium,0,0,4,Call,0,0,1,73.1,84.4,1,0.0,3.5,14,1
CUST-2367,48,One year,34.7,1604.5,DSL,Mailed check,1,Low,0,1,1,Chat,0,1,1,5.3,13.3,0,1.0,2.6,8,1
CUST-2368,43,One year,107.55,4533.9,Fiber optic,Electronic check,2,Medium,0,1,2,Email,1,0,1,80.8,103.9,1,2.9,5.0,18,1
CUST-2369,16,Month-to-month,98.75,1587.55,Fiber optic,Electronic check,0,High,0,0,1,Chat,0,0,0,0.3,20.9,0,0.0,1.9,106,1
CUST-2370,8,Month-to-month,101.15,842.9,Fiber optic,Electronic check,2,Low,1,1,2,Chat,0,0,0,16.9,22.9,0,0.5,3.5,4,1
CUST-2371,20,Month-to-month,88.7,1761.45,Fiber optic,Electronic check,1,Medium,1,0,1,Call,0,0,1,9.9,10.4,0,0.0,3.9,20,1
CUST-2372,2,Month-to-month,79.75,164.5,Fiber optic,Electronic check,2,High,0,1,2,Call,0,2,1,7.5,38.7,0,1.2,3.9,8,1
CUST-2373,27,Month-to-month,94.55,2724.6,Fiber optic,Mailed check,0,Low,0,1,1,Ticket,0,0,0,10.0,28.3,0,10.1,4.8,173,1
CUST-2374,5,Month-to-month,69.05,318.5,Fiber optic,Mailed check,3,Low,1,0,4,Email,1,1,1,22.0,45.4,0,0.0,3.5,18,1
CUST-2375,52,Two year,96.25,4990.25,Fiber optic,Bank transfer (automatic),0,High,0,0,1,Ticket,0,0,0,12.2,12.5,0,0.0,5.0,137,1
CUST-2376,37,Month-to-month,101.1,3744.05,Fiber optic,Electronic check,1,High,0,1,2,Email,0,1,1,4.5,29.4,0,1.1,2.9,15,1
CUST-2377,69,One year,104.7,7220.35,Fiber optic,Bank transfer (automatic),3,Low,1,1,4,Ticket,0,2,1,22.6,30.2,0,14.0,4.2,1,1
CUST-2378,40,Month-to-month,55.25,2139.2,DSL,Mailed check,1,Low,0,0,1,Email,0,0,1,68.4,97.4,1,0.0,3.1,26,1
CUST-2379,6,Month-to-month,90.1,521.3,Fiber optic,Electronic check,3,Low,1,0,3,Chat,1,0,1,89.3,103.4,1,0.0,2.6,26,1
CUST-2380,11,Month-to-month,53.75,608.0,DSL,Electronic check,2,Low,0,0,2,Chat,1,1,1,39.6,46.3,0,0.0,4.2,5,1
CUST-2381,6,Month-to-month,89.3,577.6,Fiber optic,Electronic check,2,Low,0,1,2,Ticket,0,0,1,4.6,6.2,0,6.9,2.9,28,1
CUST-2382,3,Month-to-month,95.2,292.85,Fiber optic,Electronic check,1,Medium,0,0,2,Ticket,1,0,0,5.2,15.0,0,0.0,1.0,4,1
CUST-2383,5,Month-to-month,45.7,198.0,DSL,Electronic check,1,High,0,0,1,Ticket,0,1,0,0.3,15.1,0,0.0,4.2,1,1
CUST-2384,8,Month-to-month,74.5,609.9,Fiber optic,Electronic check,3,Low,1,2,3,Call,0,0,0,37.2,65.3,0,8.6,3.2,9,1
CUST-2385,1,Month-to-month,79.65,79.65,Fiber optic,Electronic check,1,Medium,0,0,1,Email,0,0,0,4.3,30.3,0,0.0,5.0,29,1
CUST-2386,28,Month-to-month,101.3,2812.2,Fiber optic,Credit card (automatic),2,Low,0,0,2,Ticket,0,0,0,69.8,73.3,1,0.0,4.0,24,1
CUST-2387,1,Month-to-month,80.05,80.05,Fiber optic,Mailed check,0,Low,1,1,0,Call,0,1,1,13.8,14.8,0,1.7,4.0,155,1
CUST-2388,29,Month-to-month,89.2,2698.35,Fiber optic,Electronic check,0,Medium,0,0,0,Ticket,0,0,0,1.1,8.7,0,0.0,4.6,32,1
CUST-2389,19,Month-to-month,83.65,1465.75,Fiber optic,Electronic check,0,Low,0,0,0,Call,0,0,1,23.7,27.6,0,0.0,3.3,121,1
CUST-2390,6,Month-to-month,19.5,146.3,No,Bank transfer (automatic),1,Low,0,2,1,Ticket,0,0,1,2.7,7.3,0,0.8,5.0,27,1
CUST-2391,1,Month-to-month,51.25,51.25,DSL,Mailed check,2,High,0,0,2,Chat,0,0,0,24.6,37.8,0,0.0,3.5,29,1
CUST-2392,1,Month-to-month,45.6,45.6,DSL,Electronic check,0,Low,2,0,2,Call,0,0,0,26.4,42.8,0,0.0,3.4,65,1
CUST-2393,6,Month-to-month,49.65,267.35,DSL,Bank transfer (automatic),0,Medium,0,0,0,Chat,0,0,1,1.2,17.0,0,0.0,4.5,77,1
CUST-2394,15,Month-to-month,20.0,288.05,No,Electronic check,0,Low,0,0,1,Call,0,0,0,48.4,68.8,1,0.0,4.3,66,1
CUST-2395,25,Month-to-month,34.0,853.0,DSL,Bank transfer (automatic),2,Low,1,3,2,Email,2,0,1,11.2,11.8,0,3.2,3.1,28,1
CUST-2396,10,Month-to-month,92.5,934.1,Fiber optic,Mailed check,0,Medium,2,0,0,Email,1,1,1,8.9,49.3,0,0.0,4.5,111,1
CUST-2397,13,Month-to-month,88.35,1222.8,Fiber optic,Electronic check,3,Medium,1,1,3,Call,0,0,1,24.6,29.5,0,2.3,2.8,21,1
CUST-2398,49,Two year,107.95,5293.2,Fiber optic,Bank transfer (automatic),0,Low,0,0,0,Ticket,0,0,0,63.1,68.6,1,0.0,4.2,102,1
CUST-2399,1,Month-to-month,74.45,74.45,Fiber optic,Mailed check,2,Medium,0,0,3,Call,0,0,1,80.9,92.9,1,0.0,2.1,2,1
CUST-2400,37,Month-to-month,64.75,2345.2,DSL,Electronic check,2,High,0,2,2,Email,0,0,1,41.0,44.0,0,4.9,3.6,23,1
CUST-2401,26,Month-to-month,89.8,2335.3,Fiber optic,Electronic check,1,Medium,0,0,1,Email,0,0,1,33.7,47.3,0,0.0,3.0,5,1
CUST-2402,12,One year,95.5,1115.15,Fiber optic,Mailed check,0,Low,0,2,0,Chat,0,0,0,18.1,21.7,0,3.8,2.9,104,1
CUST-2403,10,Month-to-month,29.65,291.4,DSL,Electronic check,1,Medium,0,0,1,Email,0,0,1,17.8,32.4,0,0.0,2.7,24,1
CUST-2404,5,Month-to-month,84.5,453.75,Fiber optic,Electronic check,2,Medium,0,0,2,Ticket,1,0,1,21.7,42.1,0,0.0,2.4,12,1
CUST-2405,18,Month-to-month,90.7,1597.25,Fiber optic,Credit card (automatic),3,Medium,0,0,3,Chat,1,1,1,94.0,121.7,1,0.0,3.6,8,1
CUST-2406,3,Month-to-month,70.3,235.5,Fiber optic,Electronic check,1,Low,1,1,1,Email,0,0,0,0.8,7.1,0,0.8,4.2,12,1
CUST-2407,54,One year,103.95,5639.05,Fiber optic,Bank transfer (automatic),2,Low,1,0,3,Call,0,1,0,14.7,34.4,0,0.0,4.0,1,1
CUST-2408,10,Month-to-month,74.75,799.65,Fiber optic,Electronic check,1,Medium,2,0,3,Call,1,0,0,5.5,13.0,0,0.0,2.9,16,1
CUST-2409,1,Month-to-month,50.8,50.8,DSL,Electronic check,3,Low,1,0,4,Email,2,0,1,21.5,24.9,0,0.0,3.3,17,1
CUST-2410,2,Month-to-month,80.25,144.55,Fiber optic,Electronic check,0,Medium,3,0,0,Ticket,0,0,1,20.2,36.0,0,0.0,4.1,129,1
CUST-2411,32,Month-to-month,78.9,2447.95,Fiber optic,Electronic check,0,High,0,1,0,Call,0,0,1,63.0,67.2,1,2.8,4.9,179,1
CUST-2412,36,Month-to-month,84.75,3050.15,Fiber optic,Electronic check,0,High,0,0,0,Chat,0,0,0,9.8,12.1,0,0.0,5.0,108,1
CUST-2413,53,Month-to-month,85.45,4517.25,Fiber optic,Bank transfer (automatic),0,Low,0,0,0,Ticket,0,0,1,34.6,36.1,0,0.0,3.2,125,1
CUST-2414,1,Month-to-month,19.9,19.9,No,Mailed check,1,Low,0,2,1,Chat,0,0,0,29.7,35.8,0,9.7,4.4,3,1
CUST-2415,12,Month-to-month,99.45,1200.15,Fiber optic,Electronic check,1,Medium,0,0,1,Chat,0,1,1,13.3,29.8,0,0.0,2.9,4,1
CUST-2416,1,Month-to-month,70.6,70.6,Fiber optic,Electronic check,4,Medium,1,0,4,Email,0,0,0,17.2,37.4,0,0.0,2.0,6,1
CUST-2417,5,Month-to-month,81.0,389.6,Fiber optic,Credit card (automatic),2,High,1,0,3,Chat,1,0,1,14.2,35.8,0,0.0,2.6,2,1
CUST-2418,6,Month-to-month,84.85,523.5,Fiber optic,Electronic check,0,Medium,0,0,0,Call,0,0,0,62.9,69.6,1,0.0,4.0,41,1
CUST-2419,26,Month-to-month,89.15,2277.65,Fiber optic,Electronic check,0,Low,0,1,1,Ticket,0,1,0,2.7,3.2,0,0.6,3.8,139,1
CUST-2420,1,Month-to-month,24.8,24.8,DSL,Electronic check,0,Medium,0,1,3,Chat,0,0,0,20.6,23.0,0,0.9,4.3,171,1
CUST-2421,64,One year,105.65,6903.1,Fiber optic,Credit card (automatic),1,Medium,0,0,1,Email,0,0,1,11.1,13.7,0,0.0,1.3,2,1
CUST-2422,13,Month-to-month,80.85,1008.7,Fiber optic,Electronic check,0,Medium,1,0,1,Chat,1,1,1,2.3,10.7,0,0.0,3.9,55,1
CUST-2423,9,Month-to-month,89.45,853.1,Fiber optic,Electronic check,2,Medium,2,0,2,Call,0,0,0,6.4,36.1,0,0.0,2.7,10,1
CUST-2424,10,Month-to-month,72.15,794.25,DSL,Credit card (automatic),0,Low,3,0,0,Ticket,1,0,1,21.9,23.5,0,0.0,1.8,175,1
CUST-2425,2,Month-to-month,76.4,160.8,DSL,Electronic check,0,Low,1,1,1,Call,0,0,0,31.7,32.2,0,1.0,3.3,167,1
CUST-2426,20,Month-to-month,61.6,1174.35,DSL,Mailed check,1,Low,0,0,2,Email,0,1,1,16.5,16.5,0,0.0,3.3,18,1
CUST-2427,9,Month-to-month,79.9,741.7,Fiber optic,Electronic check,1,Low,2,2,2,Chat,0,0,0,16.3,44.0,0,3.2,5.0,14,1
CUST-2428,32,Month-to-month,96.15,3019.25,Fiber optic,Credit card (automatic),1,Low,0,1,1,Call,2,0,0,23.8,44.5,0,0.2,3.0,8,1
CUST-2429,70,Two year,65.3,4759.75,DSL,Credit card (automatic),1,Medium,1,0,1,Email,0,1,1,3.7,43.3,0,0.0,2.9,26,1
CUST-2430,1,Month-to-month,19.65,19.65,No,Mailed check,3,Low,0,0,3,Email,0,0,0,4.5,19.0,0,0.0,3.1,21,1
CUST-2431,1,Month-to-month,84.65,84.65,Fiber optic,Mailed check,2,High,0,1,2,Email,0,0,1,73.6,84.9,1,0.7,5.0,29,1
CUST-2432,1,Month-to-month,69.55,69.55,Fiber optic,Electronic check,3,Low,1,0,3,Email,0,0,0,75.6,77.2,1,0.0,5.0,20,1
CUST-2433,13,Month-to-month,31.05,347.25,DSL,Electronic check,2,Low,0,0,4,Ticket,0,0,0,34.4,44.7,0,0.0,3.1,5,1
CUST-2434,7,Month-to-month,51.0,354.05,DSL,Mailed check,0,Low,1,0,1,Email,0,1,1,36.0,54.7,0,0.0,2.9,122,1
CUST-2435,1,Month-to-month,44.35,44.35,DSL,Bank transfer (automatic),2,Low,0,0,2,Email,0,0,1,2.2,26.7,0,0.0,3.8,18,1
CUST-2436,7,Month-to-month,79.7,586.05,Fiber optic,Electronic check,0,High,0,0,3,Call,0,0,1,10.7,35.1,0,0.0,3.3,120,1
CUST-2437,54,Month-to-month,55.0,3092.65,DSL,Credit card (automatic),3,Low,0,0,5,Chat,0,0,1,13.9,18.3,0,0.0,5.0,21,1
CUST-2438,5,Month-to-month,84.85,415.55,Fiber optic,Mailed check,1,Low,1,0,1,Email,0,1,1,3.6,6.1,0,0.0,5.0,5,1
CUST-2439,1,Month-to-month,73.65,73.65,Fiber optic,Electronic check,0,High,0,0,0,Chat,0,0,1,0.6,2.5,0,0.0,3.0,46,1
CUST-2440,33,One year,73.9,2405.05,DSL,Mailed check,2,Low,2,0,4,Ticket,0,0,1,5.8,18.2,0,0.0,3.4,21,1
CUST-2441,55,Month-to-month,77.75,4458.15,Fiber optic,Electronic check,2,Low,0,1,2,Email,0,0,1,78.1,79.0,1,0.8,3.4,5,1
CUST-2442,6,Month-to-month,84.35,474.9,Fiber optic,Electronic check,1,Low,0,1,2,Call,0,0,0,60.1,84.7,1,3.1,3.3,9,1
CUST-2443,8,Month-to-month,84.95,668.4,Fiber optic,Electronic check,1,Low,0,0,1,Call,0,0,1,6.1,25.9,0,0.0,3.7,23,1
CUST-2444,11,Month-to-month,73.85,926.25,Fiber optic,Electronic check,0,Low,0,1,0,Chat,1,0,1,64.7,64.8,1,6.3,3.2,117,1
CUST-2445,49,One year,51.8,2541.25,DSL,Bank transfer (automatic),1,Low,0,0,2,Ticket,0,0,1,9.6,20.2,0,0.0,4.6,28,1
CUST-2446,1,Month-to-month,46.0,46.0,DSL,Electronic check,0,Medium,0,1,0,Ticket,1,0,0,32.5,44.6,0,4.6,5.0,168,1
CUST-2447,15,Month-to-month,79.4,1156.1,Fiber optic,Electronic check,2,High,0,0,3,Email,0,1,0,10.9,39.3,0,0.0,4.4,5,1
CUST-2448,16,Month-to-month,71.8,1167.8,Fiber optic,Bank transfer (automatic),0,Low,1,1,0,Chat,1,0,1,1.1,10.3,0,3.6,3.0,157,1
CUST-2449,44,One year,88.4,3912.9,Fiber optic,Mailed check,4,Low,0,1,6,Email,1,0,1,77.4,78.0,1,0.7,3.2,25,1
CUST-2450,5,Month-to-month,46.0,221.7,DSL,Mailed check,1,Low,1,0,3,Ticket,0,0,0,7.3,21.1,0,0.0,3.8,22,1
CUST-2451,4,Month-to-month,51.75,201.1,DSL,Credit card (automatic),1,Medium,1,0,1,Email,2,1,1,1.3,6.4,0,0.0,4.2,25,1
CUST-2452,30,Month-to-month,94.4,2838.7,Fiber optic,Electronic check,1,Low,0,0,1,Email,1,1,1,115.7,124.2,1,0.0,2.9,4,1
CUST-2453,1,Month-to-month,70.15,70.15,Fiber optic,Mailed check,0,Medium,0,2,1,Email,1,0,0,23.5,26.8,0,0.2,3.2,34,1
CUST-2454,9,Month-to-month,34.7,296.1,DSL,Credit card (automatic),0,Medium,0,1,0,Email,0,0,1,13.6,37.2,0,0.9,3.6,98,1
CUST-2455,1,Month-to-month,81.1,81.1,Fiber optic,Electronic check,2,Low,0,0,2,Email,0,0,1,40.0,50.7,0,0.0,3.0,29,1
CUST-2456,1,Month-to-month,20.55,20.55,No,Mailed check,1,Medium,1,1,1,Call,1,1,1,29.2,45.7,0,4.3,5.0,12,1
CUST-2457,61,Two year,106.6,6428.4,Fiber optic,Electronic check,1,Low,1,0,1,Call,1,1,0,12.8,14.8,0,0.0,5.0,28,1
CUST-2458,59,Month-to-month,106.75,6252.9,Fiber optic,Electronic check,2,Low,1,0,2,Email,0,0,0,3.7,13.7,0,0.0,4.2,12,1
CUST-2459,3,Month-to-month,89.45,240.45,Fiber optic,Electronic check,0,Low,1,0,1,Ticket,0,0,1,25.0,29.3,0,0.0,4.2,120,1
CUST-2460,3,Month-to-month,97.9,315.3,Fiber optic,Electronic check,4,Low,1,0,4,Chat,0,0,0,50.4,50.7,1,0.0,4.2,1,1
CUST-2461,1,Month-to-month,55.7,55.7,DSL,Mailed check,1,Medium,1,0,2,Chat,0,0,0,16.7,32.3,0,0.0,3.6,22,1
CUST-2462,13,Month-to-month,79.8,973.45,Fiber optic,Electronic check,0,Medium,2,1,1,Ticket,0,0,1,18.8,65.3,0,0.6,4.5,33,1
CUST-2463,18,Month-to-month,39.05,669.85,DSL,Electronic check,2,Low,0,0,2,Call,0,2,1,42.9,58.6,0,0.0,1.8,1,1
CUST-2464,3,Month-to-month,83.9,267.4,Fiber optic,Mailed check,0,High,1,0,0,Chat,0,0,1,66.7,67.8,1,0.0,4.1,146,1
CUST-2465,1,Month-to-month,69.85,69.85,Fiber optic,Electronic check,0,Low,0,0,1,Ticket,0,0,1,18.0,29.9,0,0.0,4.1,122,1
CUST-2466,1,Month-to-month,53.55,53.55,DSL,Mailed check,0,Low,0,3,1,Email,2,0,1,1.1,22.2,0,0.2,3.0,158,1
CUST-2467,70,Two year,93.9,6579.05,Fiber optic,Bank transfer (automatic),0,Low,0,1,0,Ticket,0,0,1,3.8,5.9,0,1.9,4.7,135,1
CUST-2468,68,Two year,113.15,7856.0,Fiber optic,Electronic check,4,Medium,1,0,4,Email,1,0,0,68.7,116.2,1,0.0,2.3,20,1
CUST-2469,26,Month-to-month,84.95,2169.75,Fiber optic,Electronic check,2,High,0,0,3,Email,0,0,0,41.2,52.9,0,0.0,2.2,29,1
CUST-2470,11,Month-to-month,80.5,896.9,Fiber optic,Bank transfer (automatic),2,Medium,1,1,2,Email,0,1,1,23.2,71.4,0,4.3,4.2,6,1
CUST-2471,1,Month-to-month,19.3,19.3,No,Mailed check,3,High,0,0,4,Email,0,1,0,14.6,26.5,0,0.0,3.6,22,1
CUST-2472,1,Month-to-month,49.65,49.65,DSL,Mailed check,2,Low,1,0,2,Ticket,0,0,1,12.2,25.4,0,0.0,3.5,12,1
CUST-2473,46,Two year,54.35,2460.15,DSL,Credit card (automatic),1,Low,2,1,1,Chat,1,0,0,1.0,18.1,0,0.6,3.5,23,1
CUST-2474,4,Month-to-month,88.45,370.65,Fiber optic,Electronic check,0,Medium,0,0,1,Chat,1,0,1,46.7,66.3,0,0.0,4.7,42,1
CUST-2475,22,Month-to-month,90.5,1910.6,Fiber optic,Bank transfer (automatic),1,Medium,2,0,2,Email,0,0,0,10.8,36.0,0,0.0,2.8,3,1
CUST-2476,9,Month-to-month,94.85,890.6,Fiber optic,Mailed check,2,Low,0,0,2,Email,0,0,0,16.8,33.6,0,0.0,4.0,17,1
CUST-2477,7,Month-to-month,69.95,529.5,Fiber optic,Bank transfer (automatic),2,High,1,1,3,Chat,2,0,0,17.8,25.1,0,0.5,2.4,14,1
CUST-2478,1,Month-to-month,48.6,48.6,DSL,Credit card (automatic),1,Low,0,0,1,Ticket,0,0,1,42.0,45.5,0,0.0,3.3,12,1
CUST-2479,40,Month-to-month,55.8,2109.35,DSL,Electronic check,2,Low,1,0,2,Chat,0,0,1,5.0,11.1,0,0.0,4.0,16,1
CUST-2480,29,Month-to-month,80.15,2265.25,Fiber optic,Bank transfer (automatic),1,Medium,0,0,1,Email,1,0,0,14.8,45.1,0,0.0,3.4,22,1
CUST-2481,3,Month-to-month,75.5,220.6,Fiber optic,Electronic check,2,Medium,1,2,3,Chat,0,1,0,71.9,95.7,1,1.9,3.8,16,1
CUST-2482,1,Month-to-month,20.2,20.2,No,Bank transfer (automatic),0,Low,2,0,0,Email,0,0,0,28.5,33.9,0,0.0,4.5,114,1
CUST-2483,3,Month-to-month,74.75,229.5,Fiber optic,Credit card (automatic),0,Low,1,1,1,Ticket,0,0,0,11.7,18.3,0,1.7,4.0,122,1
CUST-2484,23,Month-to-month,104.05,2470.1,Fiber optic,Mailed check,1,Low,0,0,1,Call,0,0,1,23.0,27.2,0,0.0,3.2,14,1
CUST-2485,13,Month-to-month,96.65,1244.5,Fiber optic,Electronic check,2,Medium,0,0,2,Email,1,0,1,20.4,32.1,0,0.0,2.5,10,1
CUST-2486,1,Month-to-month,20.05,20.05,No,Mailed check,2,Medium,0,2,3,Chat,1,0,1,18.1,23.5,0,2.4,3.2,7,1
CUST-2487,39,Month-to-month,103.45,3994.45,Fiber optic,Electronic check,0,Medium,0,0,0,Call,0,0,0,17.6,37.1,0,0.0,5.0,74,1
CUST-2488,1,Month-to-month,19.9,19.9,No,Electronic check,2,Low,0,1,4,Chat,2,1,1,29.1,36.9,0,1.7,2.6,2,1
CUST-2489,14,Month-to-month,46.35,667.7,DSL,Electronic check,1,High,0,0,1,Chat,0,1,0,49.1,52.1,1,0.0,2.8,22,1
CUST-2490,1,Month-to-month,19.95,19.95,No,Electronic check,1,Medium,0,3,2,Chat,0,2,0,12.2,19.3,0,15.3,1.6,15,1
CUST-2491,1,Month-to-month,79.6,79.6,Fiber optic,Electronic check,2,Low,2,1,3,Call,0,1,1,85.0,100.9,1,3.9,3.1,19,1
CUST-2492,1,Month-to-month,75.9,75.9,Fiber optic,Electronic check,3,Low,0,1,3,Email,0,0,0,11.9,19.1,0,4.1,3.2,28,1
CUST-2493,1,Month-to-month,76.2,76.2,Fiber optic,Electronic check,1,Low,0,0,1,Call,0,0,0,26.0,36.2,0,0.0,2.8,27,1
CUST-2494,1,Month-to-month,19.25,19.25,No,Mailed check,0,Low,0,2,0,Call,0,1,0,7.2,36.7,0,1.0,2.7,107,1
CUST-2495,42,Month-to-month,84.3,3588.4,Fiber optic,Electronic check,1,High,2,1,1,Call,2,1,1,31.7,46.6,0,1.5,2.9,21,1
CUST-2496,7,Month-to-month,79.0,522.95,Fiber optic,Electronic check,0,Medium,0,2,2,Ticket,1,1,0,11.3,80.4,0,6.7,2.8,154,1
CUST-2497,1,Month-to-month,70.25,70.25,Fiber optic,Electronic check,3,High,0,1,3,Ticket,0,0,1,11.1,12.0,0,2.8,2.6,8,1
CUST-2498,10,Month-to-month,84.6,865.55,Fiber optic,Credit card (automatic),1,Low,0,2,1,Call,1,1,0,5.2,21.8,0,6.2,3.8,21,1
CUST-2499,17,Month-to-month,24.1,409.9,No,Mailed check,2,Medium,1,0,3,Call,1,0,1,1.7,17.5,0,0.0,3.4,27,1
CUST-2500,1,Month-to-month,60.0,60.0,DSL,Electronic check,1,Low,1,2,1,Email,0,1,1,9.9,11.3,0,1.1,3.0,19,1
CUST-2501,8,Month-to-month,86.55,649.65,Fiber optic,Electronic check,4,Low,0,0,4,Ticket,1,0,1,21.1,61.6,0,0.0,2.3,26,1
CUST-2502,1,Month-to-month,20.85,20.85,No,Mailed check,0,Medium,0,0,1,Email,1,0,1,1.1,23.5,0,0.0,4.4,161,1
CUST-2503,39,Month-to-month,50.75,2011.4,DSL,Electronic check,0,Low,0,0,0,Chat,0,0,1,4.9,13.5,0,0.0,1.3,149,1
CUST-2504,58,One year,105.5,6205.5,Fiber optic,Credit card (automatic),2,Medium,2,1,3,Chat,0,0,1,6.5,9.5,0,0.7,4.3,26,1
CUST-2505,6,Month-to-month,85.15,503.6,Fiber optic,Bank transfer (automatic),1,Medium,0,0,2,Chat,0,1,1,4.8,7.3,0,0.0,5.0,1,1
CUST-2506,22,Month-to-month,54.2,1152.7,DSL,Electronic check,1,Medium,1,1,1,Ticket,2,1,1,2.5,4.1,0,0.6,3.3,4,1
CUST-2507,70,One year,109.5,7674.55,Fiber optic,Electronic check,2,Low,0,1,2,Chat,0,0,1,4.6,7.2,0,4.8,2.8,3,1
CUST-2508,21,Month-to-month,104.4,2157.95,Fiber optic,Electronic check,1,Medium,0,1,1,Ticket,0,0,1,63.1,94.1,1,6.5,5.0,7,1
CUST-2509,71,Month-to-month,105.1,7548.1,Fiber optic,Credit card (automatic),0,High,0,0,3,Ticket,0,0,1,35.2,47.3,0,0.0,4.3,141,1
CUST-2510,1,Month-to-month,75.7,75.7,Fiber optic,Electronic check,2,High,1,0,2,Email,0,0,0,58.4,60.0,1,0.0,2.1,13,1
CUST-2511,20,Month-to-month,90.8,1951.0,Fiber optic,Electronic check,1,Medium,0,1,1,Chat,0,0,0,50.8,81.3,1,5.4,3.4,14,1
CUST-2512,4,Month-to-month,97.95,384.5,Fiber optic,Electronic check,0,Medium,0,0,1,Email,0,0,0,11.8,12.4,0,0.0,2.8,140,1
CUST-2513,32,Month-to-month,108.15,3432.9,Fiber optic,Credit card (automatic),2,Low,0,1,2,Chat,1,0,1,10.6,16.9,0,0.9,3.1,10,1
CUST-2514,6,Month-to-month,80.5,463.05,Fiber optic,Credit card (automatic),2,Medium,0,1,3,Call,0,0,0,34.6,50.8,0,3.3,2.8,23,1
CUST-2515,27,Month-to-month,104.3,2867.75,Fiber optic,Bank transfer (automatic),1,Medium,0,0,1,Email,0,1,0,53.2,73.9,1,0.0,4.7,24,1
CUST-2516,1,Month-to-month,71.35,71.35,Fiber optic,Mailed check,1,Medium,1,0,3,Ticket,1,0,0,32.0,54.2,0,0.0,4.2,24,1
CUST-2517,13,Month-to-month,89.4,1132.35,Fiber optic,Electronic check,2,Medium,1,0,3,Email,0,1,1,20.0,54.9,0,0.0,4.1,11,1
CUST-2518,1,Month-to-month,20.6,20.6,No,Mailed check,1,Low,0,0,2,Chat,0,0,0,18.7,22.5,0,0.0,2.5,18,1
CUST-2519,19,Month-to-month,99.95,1931.75,Fiber optic,Electronic check,1,Low,0,0,3,Ticket,0,0,0,14.3,20.1,0,0.0,3.1,4,1
CUST-2520,10,Month-to-month,81.0,818.05,Fiber optic,Credit card (automatic),0,Medium,1,0,1,Ticket,0,0,0,13.9,26.0,0,0.0,2.4,157,1
CUST-2521,13,Month-to-month,70.15,916.75,Fiber optic,Electronic check,2,Low,0,2,4,Ticket,0,0,1,1.3,26.4,0,8.9,2.3,2,1
CUST-2522,1,Month-to-month,70.15,70.15,Fiber optic,Mailed check,3,Low,1,0,3,Chat,1,0,0,5.6,16.6,0,0.0,3.8,14,1
CUST-2523,68,One year,96.55,6581.9,Fiber optic,Credit card (automatic),2,Low,1,1,2,Call,0,0,1,3.6,7.4,0,0.3,3.2,9,1
CUST-2524,39,One year,95.55,3692.85,Fiber optic,Electronic check,1,Low,1,1,3,Call,0,0,0,14.6,34.0,0,0.3,3.3,26,1
CUST-2525,1,Month-to-month,69.65,69.65,Fiber optic,Electronic check,3,Medium,0,1,3,Email,0,0,1,7.8,35.7,0,0.6,4.3,18,1
CUST-2526,1,Month-to-month,89.3,89.3,Fiber optic,Electronic check,5,Medium,0,0,5,Ticket,0,0,1,10.9,11.0,0,0.0,4.0,12,1
CUST-2527,36,Month-to-month,87.55,3078.1,Fiber optic,Electronic check,1,Low,0,1,2,Chat,0,0,0,81.8,81.9,1,0.8,4.4,22,1
CUST-2528,15,Month-to-month,96.3,1426.75,Fiber optic,Mailed check,1,Low,2,1,1,Email,0,0,1,33.2,70.2,0,0.9,3.5,1,1
CUST-2529,5,Month-to-month,85.2,474.8,Fiber optic,Electronic check,2,Low,0,0,3,Chat,0,0,1,3.5,13.2,0,0.0,3.2,18,1
CUST-2530,13,Month-to-month,35.1,446.1,DSL,Electronic check,0,Low,0,0,0,Email,2,0,0,38.1,39.2,0,0.0,3.7,41,1
CUST-2531,5,Month-to-month,81.3,416.3,Fiber optic,Electronic check,1,Low,1,1,2,Email,0,0,0,13.4,18.7,0,3.5,3.3,12,1
CUST-2532,2,Month-to-month,19.6,35.85,No,Electronic check,0,High,0,0,0,Chat,0,0,1,44.3,54.4,0,0.0,3.1,99,1
CUST-2533,17,Month-to-month,85.45,1451.6,Fiber optic,Electronic check,0,Low,1,0,1,Chat,1,0,1,32.8,44.6,0,0.0,1.7,131,1
CUST-2534,1,Month-to-month,71.0,71.0,Fiber optic,Electronic check,4,Medium,0,0,5,Call,0,1,0,16.8,19.0,0,0.0,3.2,15,1
CUST-2535,9,Month-to-month,85.05,746.5,Fiber optic,Electronic check,1,High,0,1,2,Chat,0,0,0,29.2,51.2,0,3.9,5.0,8,1
CUST-2536,1,Month-to-month,44.4,44.4,DSL,Electronic check,0,High,1,0,0,Email,0,0,0,63.6,73.1,1,0.0,3.0,82,1
CUST-2537,1,Month-to-month,70.3,70.3,Fiber optic,Electronic check,0,Low,1,0,1,Ticket,3,0,0,17.8,26.7,0,0.0,3.7,71,1
CUST-2538,1,Month-to-month,79.35,79.35,Fiber optic,Bank transfer (automatic),2,Medium,0,0,2,Chat,0,0,1,3.7,13.1,0,0.0,3.6,10,1
CUST-2539,9,Month-to-month,90.8,809.75,Fiber optic,Bank transfer (automatic),2,Low,1,1,4,Chat,0,0,0,19.3,20.1,0,1.3,4.8,2,1
CUST-2540,20,Month-to-month,70.45,1470.95,Fiber optic,Electronic check,2,Low,0,0,4,Ticket,0,0,0,1.1,17.8,0,0.0,4.4,16,1
CUST-2541,70,One year,45.25,3264.45,DSL,Electronic check,1,Low,0,1,2,Call,0,0,1,13.9,14.9,0,0.4,3.3,5,1
CUST-2542,3,Month-to-month,75.8,246.3,Fiber optic,Electronic check,0,Medium,0,1,0,Ticket,1,0,0,5.8,13.3,0,0.4,2.8,122,1
CUST-2543,20,Month-to-month,71.3,1389.2,Fiber optic,Credit card (automatic),2,Low,1,0,4,Ticket,0,0,1,23.9,34.5,0,0.0,4.5,6,1
CUST-2544,21,Month-to-month,69.1,1474.75,Fiber optic,Electronic check,2,Medium,1,0,4,Chat,0,0,1,11.7,14.6,0,0.0,4.6,13,1
CUST-2545,17,Month-to-month,88.25,1460.65,Fiber optic,Electronic check,2,Medium,1,0,3,Call,0,1,1,16.6,24.5,0,0.0,3.5,10,1
CUST-2546,2,Month-to-month,70.0,153.05,Fiber optic,Bank transfer (automatic),0,High,0,0,0,Call,0,0,1,51.1,55.2,1,0.0,3.8,141,1
CUST-2547,21,Month-to-month,97.35,2119.5,Fiber optic,Electronic check,0,Medium,0,0,2,Ticket,1,0,1,14.1,29.0,0,0.0,4.8,73,1
CUST-2548,5,Month-to-month,25.9,135.0,No,Bank transfer (automatic),3,Low,0,2,4,Email,0,1,1,136.3,145.5,1,6.6,2.6,29,1
CUST-2549,24,Month-to-month,55.65,1400.55,DSL,Bank transfer (automatic),0,Low,0,1,0,Email,0,0,1,3.4,4.5,0,1.2,4.0,54,1
CUST-2550,1,Month-to-month,69.65,69.65,Fiber optic,Electronic check,0,Low,1,1,2,Email,0,0,1,44.8,55.8,0,4.8,2.3,93,1
CUST-2551,10,Month-to-month,100.6,1060.2,Fiber optic,Electronic check,3,Medium,0,0,3,Chat,0,0,0,10.4,12.1,0,0.0,3.3,26,1
CUST-2552,1,Month-to-month,86.0,86.0,Fiber optic,Electronic check,2,Medium,1,1,2,Chat,0,0,1,36.5,36.5,0,0.1,3.4,11,1
CUST-2553,53,One year,106.95,5785.5,Fiber optic,Credit card (automatic),1,Medium,0,0,2,Email,0,0,1,15.9,17.8,0,0.0,2.9,17,1
CUST-2554,3,Month-to-month,29.6,79.45,DSL,Electronic check,0,Low,0,0,0,Ticket,0,0,1,17.0,17.1,0,0.0,2.9,35,1
CUST-2555,46,One year,59.9,2816.65,DSL,Bank transfer (automatic),0,Medium,0,0,2,Chat,0,1,0,17.5,70.5,0,0.0,3.1,77,1
CUST-2556,49,Month-to-month,95.6,4783.5,Fiber optic,Electronic check,1,Medium,1,1,1,Call,0,0,0,6.4,18.4,0,0.3,2.2,21,1
CUST-2557,11,One year,41.6,470.6,DSL,Electronic check,1,High,0,0,1,Ticket,0,1,0,1.3,13.0,0,0.0,2.4,14,1
CUST-2558,45,Month-to-month,100.85,4740.0,Fiber optic,Credit card (automatic),3,Medium,2,0,3,Email,0,0,1,24.4,56.8,0,0.0,3.7,2,1
CUST-2559,37,Month-to-month,40.2,1448.8,DSL,Bank transfer (automatic),0,Low,0,0,1,Chat,0,0,0,0.6,2.2,0,0.0,4.3,139,1
CUST-2560,49,Month-to-month,84.5,4254.85,Fiber optic,Electronic check,0,Low,0,0,1,Chat,1,1,0,29.8,30.2,0,0.0,4.4,154,1
CUST-2561,14,Month-to-month,78.95,1101.85,Fiber optic,Electronic check,0,Low,2,0,1,Call,0,1,1,9.0,22.8,0,0.0,5.0,128,1
CUST-2562,1,Month-to-month,20.2,20.2,No,Mailed check,2,Medium,0,2,4,Email,1,0,0,11.6,23.1,0,3.3,4.0,18,1
CUST-2563,47,Month-to-month,85.2,3969.35,Fiber optic,Bank transfer (automatic),1,Medium,0,0,1,Email,0,0,1,32.2,60.4,0,0.0,3.4,21,1
CUST-2564,13,Month-to-month,98.0,1237.85,Fiber optic,Electronic check,1,Low,0,1,2,Chat,1,0,0,3.8,8.4,0,1.4,4.5,18,1
CUST-2565,5,Month-to-month,94.45,498.1,Fiber optic,Electronic check,1,Low,0,0,3,Email,1,0,1,24.1,33.8,0,0.0,3.3,29,1
CUST-2566,3,Month-to-month,105.0,294.45,Fiber optic,Electronic check,1,Low,0,0,1,Call,0,0,0,19.6,29.5,0,0.0,5.0,8,1
CUST-2567,26,Month-to-month,93.85,2381.55,Fiber optic,Electronic check,0,High,1,1,0,Ticket,0,0,1,12.4,16.0,0,5.5,4.4,173,1
CUST-2568,8,Month-to-month,84.0,613.4,Fiber optic,Electronic check,2,Low,0,0,2,Email,0,0,0,22.6,28.0,0,0.0,5.0,17,1
CUST-2569,9,Month-to-month,48.75,442.2,DSL,Electronic check,0,Low,1,0,1,Call,0,2,0,10.3,15.4,0,0.0,2.9,31,1
CUST-2570,1,Month-to-month,84.85,84.85,Fiber optic,Electronic check,1,Low,1,2,1,Chat,1,1,1,7.1,29.4,0,5.9,3.4,16,1
CUST-2571,12,Month-to-month,56.65,654.85,DSL,Mailed check,1,Low,0,1,2,Ticket,0,1,1,2.2,7.8,0,6.6,4.0,1,1
CUST-2572,42,One year,73.9,3160.55,DSL,Credit card (automatic),0,Medium,0,0,1,Call,0,0,0,20.5,32.3,0,0.0,5.0,173,1
CUST-2573,33,Two year,24.5,740.3,No,Mailed check,2,High,1,0,2,Ticket,0,0,0,74.1,79.7,1,0.0,2.6,7,1
CUST-2574,31,Month-to-month,89.9,2806.9,Fiber optic,Electronic check,1,Low,0,1,2,Ticket,1,0,0,37.7,38.7,0,0.7,4.3,2,1
CUST-2575,18,Month-to-month,78.55,1422.65,Fiber optic,Electronic check,0,Medium,0,1,0,Chat,0,0,0,2.3,33.5,0,0.3,4.2,78,1
CUST-2576,42,Month-to-month,99.45,4138.05,Fiber optic,Electronic check,3,Low,1,2,3,Chat,0,0,1,5.7,6.7,0,6.2,3.0,7,1
CUST-2577,4,Month-to-month,25.2,102.5,DSL,Bank transfer (automatic),2,High,4,0,3,Call,0,0,1,24.1,24.2,0,0.0,1.7,8,1
CUST-2578,12,One year,74.05,872.65,DSL,Mailed check,0,Low,0,0,0,Call,0,0,0,0.0,3.8,0,0.0,5.0,105,1
CUST-2579,15,Month-to-month,55.0,757.1,DSL,Credit card (automatic),1,Low,0,0,3,Call,0,0,1,19.0,22.9,0,0.0,3.5,8,1
CUST-2580,7,Month-to-month,89.75,608.8,Fiber optic,Electronic check,3,Medium,0,0,3,Ticket,0,0,0,83.9,88.0,1,0.0,2.6,19,1
CUST-2581,14,Month-to-month,85.15,1139.2,Fiber optic,Electronic check,1,Low,1,0,1,Chat,0,0,1,10.0,29.4,0,0.0,3.1,13,1
CUST-2582,3,Month-to-month,94.6,279.55,Fiber optic,Electronic check,1,Low,2,1,2,Ticket,1,0,0,51.5,55.6,1,0.8,3.9,17,1
CUST-2583,16,Month-to-month,94.25,1483.25,Fiber optic,Electronic check,2,Medium,0,1,2,Email,0,0,1,2.6,14.6,0,0.4,3.5,27,1
CUST-2584,65,One year,72.45,4653.85,DSL,Credit card (automatic),2,Medium,0,1,4,Chat,0,0,0,1.1,1.2,0,2.5,3.1,4,1
CUST-2585,42,Month-to-month,105.2,4400.75,Fiber optic,Electronic check,1,Low,0,0,1,Call,1,0,1,9.8,36.6,0,0.0,4.2,2,1
CUST-2586,6,Month-to-month,82.85,460.25,Fiber optic,Electronic check,2,Medium,0,0,2,Ticket,1,0,0,19.9,23.5,0,0.0,3.2,5,1
CUST-2587,53,Month-to-month,103.85,5485.5,Fiber optic,Electronic check,0,Medium,0,1,1,Chat,1,0,0,41.4,50.6,0,2.6,2.3,117,1
CUST-2588,5,Month-to-month,83.6,404.2,Fiber optic,Electronic check,1,Medium,0,1,1,Call,0,0,1,4.7,14.8,0,2.5,4.3,5,1
CUST-2589,68,One year,108.45,7176.55,Fiber optic,Electronic check,0,Medium,1,0,0,Call,0,0,0,7.0,10.3,0,0.0,3.1,112,1
CUST-2590,3,Month-to-month,91.5,242.95,Fiber optic,Credit card (automatic),1,Medium,0,0,3,Email,1,0,1,15.0,25.7,0,0.0,3.3,8,1
CUST-2591,12,Month-to-month,80.85,866.45,Fiber optic,Bank transfer (automatic),0,Low,1,1,2,Chat,1,0,1,9.8,34.0,0,2.7,3.1,32,1
CUST-2592,43,Month-to-month,49.05,2076.2,DSL,Bank transfer (automatic),1,Low,0,1,1,Call,0,0,1,0.1,4.9,0,3.8,3.6,29,1
CUST-2593,68,Month-to-month,105.3,7299.65,Fiber optic,Electronic check,1,Low,3,0,1,Ticket,2,0,1,9.2,41.8,0,0.0,2.7,13,1
CUST-2594,25,Month-to-month,88.95,2291.2,Fiber optic,Electronic check,2,Low,0,1,3,Chat,0,1,0,6.9,10.2,0,0.5,3.4,15,1
CUST-2595,66,One year,110.85,7491.75,Fiber optic,Electronic check,0,Medium,0,0,0,Email,1,1,1,16.2,17.7,0,0.0,4.8,40,1
CUST-2596,70,Two year,114.2,7723.9,Fiber optic,Bank transfer (automatic),0,Low,1,2,0,Call,2,0,1,2.8,8.0,0,2.9,5.0,36,1
CUST-2597,27,Month-to-month,36.5,1032.0,DSL,Bank transfer (automatic),0,Low,0,0,0,Call,0,0,0,26.6,53.3,0,0.0,2.9,119,1
CUST-2598,1,Month-to-month,70.75,70.75,Fiber optic,Mailed check,2,Low,2,0,2,Chat,0,1,1,8.0,10.1,0,0.0,3.9,16,1
CUST-2599,3,Month-to-month,40.15,130.75,DSL,Mailed check,0,Low,0,2,0,Chat,1,1,1,6.0,12.5,0,0.1,4.4,97,1
CUST-2600,29,Month-to-month,94.45,2653.65,Fiber optic,Electronic check,0,Medium,0,0,1,Chat,1,0,1,8.4,20.1,0,0.0,3.8,48,1
CUST-2601,36,Month-to-month,97.35,3457.9,Fiber optic,Bank transfer (automatic),2,Low,1,1,2,Email,0,0,0,14.1,34.4,0,2.7,3.1,11,1
CUST-2602,1,Month-to-month,45.3,45.3,DSL,Mailed check,2,Medium,0,1,2,Ticket,0,1,1,50.3,78.5,1,3.2,2.4,6,1
CUST-2603,2,Month-to-month,94.95,178.1,Fiber optic,Electronic check,1,Low,0,0,2,Email,1,0,1,26.7,84.5,0,0.0,4.4,16,1
CUST-2604,12,Month-to-month,44.55,480.6,DSL,Electronic check,2,High,1,0,2,Call,0,1,1,4.5,26.9,0,0.0,4.2,28,1
CUST-2605,1,Month-to-month,23.45,23.45,DSL,Electronic check,3,High,1,0,6,Chat,0,0,1,25.7,25.8,0,0.0,3.2,17,1
CUST-2606,1,Month-to-month,29.7,29.7,DSL,Mailed check,0,Medium,0,1,0,Ticket,1,1,1,3.8,9.8,0,0.9,3.3,44,1
CUST-2607,59,Month-to-month,101.1,6039.9,Fiber optic,Electronic check,2,High,1,0,5,Email,0,0,0,8.8,31.9,0,0.0,2.8,21,1
CUST-2608,3,Month-to-month,50.65,151.3,DSL,Mailed check,2,Medium,1,1,3,Chat,0,0,0,14.3,59.1,0,0.9,1.4,11,1
CUST-2609,1,Month-to-month,55.4,55.4,DSL,Electronic check,1,High,0,0,1,Chat,0,0,1,23.3,24.0,0,0.0,2.7,9,1
CUST-2610,1,Month-to-month,90.6,90.6,Fiber optic,Electronic check,2,Medium,2,0,3,Email,2,0,0,14.6,19.6,0,0.0,3.6,27,1
CUST-2611,2,Month-to-month,86.85,156.35,Fiber optic,Mailed check,0,High,0,0,0,Ticket,0,0,1,20.1,32.8,0,0.0,3.5,114,1
CUST-2612,29,Month-to-month,99.05,2952.85,Fiber optic,Bank transfer (automatic),1,Medium,0,0,1,Chat,1,0,1,26.4,32.7,0,0.0,1.3,29,1
CUST-2613,52,One year,111.25,5916.45,Fiber optic,Credit card (automatic),0,Medium,1,0,0,Call,0,0,1,75.0,77.1,1,0.0,5.0,152,1
CUST-2614,2,Month-to-month,55.1,113.35,DSL,Mailed check,1,Medium,1,0,3,Call,1,0,1,54.3,81.9,1,0.0,2.5,24,1
CUST-2615,13,Month-to-month,102.25,1359.0,Fiber optic,Credit card (automatic),0,Low,2,0,1,Chat,0,1,0,16.2,20.6,0,0.0,4.1,39,1
CUST-2616,19,Month-to-month,95.9,1777.9,Fiber optic,Credit card (automatic),4,Low,1,0,5,Email,1,0,0,31.2,34.8,0,0.0,4.9,1,1
CUST-2617,47,Month-to-month,95.05,4504.55,Fiber optic,Electronic check,0,High,0,1,1,Ticket,0,0,1,13.3,23.5,0,0.4,3.6,121,1
CUST-2618,5,Month-to-month,53.85,259.8,DSL,Credit card (automatic),0,Low,0,0,0,Chat,0,0,0,77.8,100.1,1,0.0,4.3,161,1
CUST-2619,52,Month-to-month,104.2,5568.35,Fiber optic,Electronic check,5,Medium,0,0,5,Call,0,0,1,1.9,9.6,0,0.0,3.8,2,1
CUST-2620,42,Month-to-month,50.25,2203.65,DSL,Electronic check,1,Low,0,0,1,Ticket,1,0,1,5.3,6.7,0,0.0,2.5,18,1
CUST-2621,25,Month-to-month,99.5,2369.05,Fiber optic,Electronic check,0,Low,0,0,1,Ticket,0,0,0,6.9,14.0,0,0.0,4.0,47,1
CUST-2622,9,Month-to-month,71.0,672.55,Fiber optic,Electronic check,2,High,0,1,2,Chat,0,0,1,7.6,8.9,0,1.3,2.4,14,1
CUST-2623,16,Month-to-month,93.2,1573.7,Fiber optic,Credit card (automatic),1,High,0,0,2,Email,0,0,1,7.4,9.7,0,0.0,2.9,21,1
CUST-2624,5,Month-to-month,19.35,126.05,No,Mailed check,1,Medium,0,1,3,Email,0,1,1,21.3,28.2,0,2.7,3.3,22,1
CUST-2625,3,Month-to-month,19.85,64.55,No,Mailed check,2,Low,0,1,2,Email,0,0,1,51.6,53.0,1,0.2,2.6,20,1
CUST-2626,31,Month-to-month,104.2,3243.45,Fiber optic,Electronic check,4,Low,1,0,5,Ticket,0,1,0,1.6,14.9,0,0.0,2.6,12,1
CUST-2627,1,Month-to-month,79.25,79.25,Fiber optic,Electronic check,0,Low,1,0,0,Email,0,0,1,41.0,50.5,0,0.0,3.3,80,1
CUST-2628,1,Month-to-month,44.9,44.9,DSL,Bank transfer (automatic),0,Low,0,0,0,Call,1,1,0,8.2,13.3,0,0.0,3.9,169,1
CUST-2629,10,Month-to-month,70.1,659.65,Fiber optic,Electronic check,0,Low,0,0,1,Chat,0,0,0,20.5,22.5,0,0.0,4.1,41,1
CUST-2630,4,Month-to-month,29.65,118.5,DSL,Electronic check,2,Medium,1,1,2,Call,0,0,1,24.7,33.4,0,0.8,4.6,13,1
CUST-2631,43,Month-to-month,77.85,3365.85,Fiber optic,Electronic check,0,Low,1,0,2,Email,0,0,1,19.0,38.2,0,0.0,3.7,149,1
CUST-2632,4,Month-to-month,54.3,195.3,DSL,Electronic check,0,Medium,0,0,0,Chat,0,0,0,2.3,18.9,0,0.0,4.0,59,1
CUST-2633,11,Month-to-month,95.15,997.65,Fiber optic,Bank transfer (automatic),4,Low,1,1,5,Chat,0,0,1,15.2,58.3,0,0.1,5.0,22,1
CUST-2634,47,One year,110.85,5275.8,Fiber optic,Credit card (automatic),1,Low,0,3,1,Email,1,0,1,1.5,9.8,0,3.4,3.3,23,1
CUST-2635,1,Month-to-month,80.5,80.5,Fiber optic,Electronic check,2,Low,0,0,4,Chat,0,0,1,0.1,12.0,0,0.0,5.0,23,1
CUST-2636,4,Month-to-month,72.2,305.55,Fiber optic,Bank transfer (automatic),2,High,0,1,3,Email,0,0,1,5.2,8.5,0,0.1,4.4,15,1
CUST-2637,17,Month-to-month,51.5,900.5,DSL,Mailed check,0,Medium,0,0,0,Chat,0,0,0,8.1,25.9,0,0.0,3.7,158,1
CUST-2638,43,Month-to-month,89.55,3856.75,Fiber optic,Mailed check,2,Low,0,0,2,Email,0,1,1,26.7,35.0,0,0.0,2.2,5,1
CUST-2639,21,One year,77.5,1625.0,DSL,Mailed check,2,Medium,2,0,2,Call,0,1,1,11.2,18.8,0,0.0,3.3,25,1
CUST-2640,42,Month-to-month,95.25,3959.35,Fiber optic,Bank transfer (automatic),2,High,0,0,2,Chat,0,0,1,15.5,19.7,0,0.0,2.0,19,1
CUST-2641,46,Month-to-month,85.0,3969.4,Fiber optic,Electronic check,2,Medium,0,0,3,Ticket,0,1,1,21.0,25.6,0,0.0,3.6,19,1
CUST-2642,5,Month-to-month,85.75,470.95,Fiber optic,Electronic check,1,Medium,1,0,1,Call,0,0,1,0.8,3.6,0,0.0,5.0,6,1
CUST-2643,6,Month-to-month,98.25,560.6,Fiber optic,Electronic check,0,Low,0,1,0,Ticket,0,0,1,9.8,44.8,0,0.2,3.5,171,1
CUST-2644,1,Month-to-month,25.7,25.7,DSL,Mailed check,2,Medium,0,0,3,Call,0,1,1,12.8,16.1,0,0.0,4.1,2,1
CUST-2645,7,Month-to-month,69.0,506.9,Fiber optic,Electronic check,0,Medium,0,0,0,Call,1,0,0,7.0,7.4,0,0.0,3.6,31,1
CUST-2646,2,Month-to-month,46.05,80.35,DSL,Bank transfer (automatic),0,Medium,1,0,0,Call,0,0,1,10.8,17.4,0,0.0,4.8,90,1
CUST-2647,1,Month-to-month,76.4,76.4,Fiber optic,Mailed check,1,High,1,1,1,Ticket,0,0,1,15.6,57.1,0,4.4,2.6,25,1
CUST-2648,5,Month-to-month,100.5,514.0,Fiber optic,Electronic check,0,Low,0,0,0,Call,1,0,1,20.4,20.8,0,0.0,3.8,115,1
CUST-2649,22,Month-to-month,40.05,880.2,DSL,Mailed check,1,Low,0,0,1,Chat,0,0,1,7.9,11.5,0,0.0,2.5,26,1
CUST-2650,1,Month-to-month,69.95,69.95,Fiber optic,Electronic check,2,High,0,1,4,Chat,0,0,0,27.5,31.0,0,1.3,4.8,11,1
CUST-2651,1,Month-to-month,93.3,93.3,Fiber optic,Electronic check,2,Medium,0,0,2,Chat,1,0,1,45.3,54.4,0,0.0,3.5,20,1
CUST-2652,3,Month-to-month,49.15,169.05,DSL,Electronic check,1,Low,0,1,1,Call,1,0,1,3.3,20.2,0,0.2,4.1,17,1
CUST-2653,1,Month-to-month,35.05,35.05,DSL,Mailed check,2,Low,0,0,3,Email,0,0,1,7.9,14.3,0,0.0,4.0,5,1
CUST-2654,1,Month-to-month,73.0,73.0,Fiber optic,Electronic check,0,High,1,0,1,Email,0,0,0,9.8,14.6,0,0.0,2.5,98,1
CUST-2655,33,Month-to-month,83.85,2716.3,Fiber optic,Credit card (automatic),0,Low,0,1,0,Chat,0,1,0,2.6,6.6,0,0.7,2.6,36,1
CUST-2656,1,Month-to-month,70.1,70.1,Fiber optic,Electronic check,0,Low,1,1,0,Call,0,0,1,21.7,51.7,0,0.5,4.4,158,1
CUST-2657,2,Month-to-month,70.65,142.35,Fiber optic,Electronic check,1,Low,1,0,1,Ticket,0,1,1,5.4,39.3,0,0.0,4.0,8,1
CUST-2658,2,Month-to-month,20.35,33.2,No,Mailed check,1,High,0,0,1,Ticket,2,0,0,54.6,65.0,1,0.0,4.0,25,1
CUST-2659,3,Month-to-month,99.0,287.4,Fiber optic,Credit card (automatic),1,High,0,3,1,Chat,2,2,1,3.4,28.9,0,3.2,4.3,18,1
CUST-2660,26,Month-to-month,83.95,2254.2,Fiber optic,Electronic check,1,Medium,1,2,1,Call,0,0,1,29.8,82.6,0,3.5,3.5,17,1
CUST-2661,67,Two year,116.2,7752.3,Fiber optic,Credit card (automatic),2,Medium,0,4,3,Ticket,0,0,1,24.6,34.6,0,14.0,3.0,9,1
CUST-2662,71,Two year,93.7,6585.35,Fiber optic,Bank transfer (automatic),0,Low,0,1,0,Ticket,0,0,1,14.5,18.8,0,3.2,2.5,150,1
CUST-2663,1,Month-to-month,19.7,19.7,No,Mailed check,3,Low,0,1,3,Ticket,0,0,1,16.7,21.6,0,2.0,4.6,16,1
CUST-2664,5,Month-to-month,75.55,413.65,Fiber optic,Electronic check,2,Medium,1,1,2,Email,0,0,1,4.0,15.4,0,0.6,3.6,16,1
CUST-2665,9,Month-to-month,77.65,714.15,Fiber optic,Bank transfer (automatic),3,Low,3,1,4,Email,0,1,0,0.7,6.4,0,0.3,1.9,3,1
CUST-2666,26,Month-to-month,95.0,2497.2,Fiber optic,Electronic check,1,Low,0,0,3,Ticket,0,1,0,66.0,74.5,1,0.0,2.6,3,1
CUST-2667,54,One year,105.4,5643.4,Fiber optic,Credit card (automatic),2,Medium,0,0,3,Call,0,0,0,0.8,4.0,0,0.0,3.4,24,1
CUST-2668,2,Month-to-month,95.85,197.7,Fiber optic,Electronic check,1,Low,0,0,2,Ticket,0,0,1,19.7,80.4,0,0.0,3.8,13,1
CUST-2669,1,Month-to-month,79.15,79.15,Fiber optic,Electronic check,2,Medium,0,0,2,Ticket,0,0,1,38.6,41.2,0,0.0,4.6,12,1
CUST-2670,30,Month-to-month,19.65,655.85,No,Bank transfer (automatic),1,Medium,0,1,2,Email,0,0,1,0.1,29.6,0,3.2,4.2,28,1
CUST-2671,4,Month-to-month,79.0,303.15,Fiber optic,Electronic check,2,Medium,1,0,3,Call,0,0,1,11.1,35.5,0,0.0,2.3,24,1
CUST-2672,17,Month-to-month,91.85,1574.45,Fiber optic,Electronic check,0,Low,1,0,0,Chat,0,0,0,8.4,28.3,0,0.0,3.9,62,1
CUST-2673,60,One year,106.0,6441.4,Fiber optic,Electronic check,0,Low,0,0,0,Call,0,1,0,5.4,38.6,0,0.0,3.5,34,1
CUST-2674,1,Month-to-month,49.9,49.9,DSL,Mailed check,2,Medium,0,1,3,Call,0,0,1,4.2,23.8,0,1.6,3.4,11,1
CUST-2675,13,Month-to-month,100.35,1358.85,Fiber optic,Electronic check,0,High,2,0,0,Email,0,0,0,10.9,16.1,0,0.0,4.7,59,1
CUST-2676,38,Month-to-month,74.95,2869.85,Fiber optic,Bank transfer (automatic),0,Low,0,1,0,Call,0,0,1,3.6,5.8,0,1.4,5.0,103,1
CUST-2677,1,Month-to-month,49.25,49.25,DSL,Credit card (automatic),2,High,1,1,2,Email,0,1,1,5.0,13.4,0,1.7,4.7,10,1
CUST-2678,50,Month-to-month,103.7,5071.05,Fiber optic,Electronic check,1,Medium,0,1,1,Call,0,0,1,18.2,18.3,0,0.4,3.8,12,1
CUST-2679,65,One year,89.75,5769.6,Fiber optic,Electronic check,6,Medium,0,1,6,Email,0,0,0,6.3,42.0,0,0.3,3.5,25,1
CUST-2680,1,Month-to-month,20.3,20.3,No,Mailed check,1,Low,0,0,1,Call,1,0,1,1.8,25.1,0,0.0,3.8,3,1
CUST-2681,7,Month-to-month,101.95,700.85,Fiber optic,Electronic check,1,Low,0,0,2,Call,0,0,1,46.0,66.7,0,0.0,3.2,13,1
CUST-2682,2,Month-to-month,94.0,181.7,Fiber optic,Electronic check,0,Low,0,0,1,Call,0,1,0,13.1,18.4,0,0.0,2.7,77,1
CUST-2683,45,Month-to-month,89.3,4016.85,Fiber optic,Credit card (automatic),0,Low,0,1,1,Call,1,0,0,40.8,42.2,0,2.1,2.7,32,1
CUST-2684,1,Month-to-month,74.3,74.3,Fiber optic,Credit card (automatic),1,High,0,1,1,Chat,0,0,1,1.2,16.1,0,1.9,4.1,12,1
CUST-2685,1,Month-to-month,44.65,44.65,DSL,Mailed check,3,Low,0,0,3,Chat,1,0,1,23.3,35.8,0,0.0,3.7,25,1
CUST-2686,13,Month-to-month,84.05,1095.3,Fiber optic,Electronic check,1,Medium,0,0,3,Email,0,1,1,39.3,60.0,0,0.0,4.1,17,1
CUST-2687,10,Month-to-month,80.7,788.8,Fiber optic,Bank transfer (automatic),0,Low,0,1,0,Chat,0,0,1,27.4,36.0,0,2.3,4.5,117,1
CUST-2688,4,Month-to-month,101.7,364.55,Fiber optic,Electronic check,1,Medium,0,0,2,Ticket,1,0,1,42.6,44.6,0,0.0,5.0,26,1
CUST-2689,1,Month-to-month,20.4,20.4,No,Mailed check,0,Low,1,1,0,Chat,0,0,1,2.7,23.2,0,2.4,4.2,56,1
CUST-2690,41,One year,102.6,4213.35,Fiber optic,Electronic check,1,Low,0,0,1,Email,0,0,0,4.3,18.9,0,0.0,3.4,20,1
CUST-2691,71,Two year,106.0,7723.7,Fiber optic,Bank transfer (automatic),1,Low,0,0,1,Ticket,0,0,1,4.0,42.0,0,0.0,2.4,18,1
CUST-2692,3,Month-to-month,55.1,154.65,DSL,Mailed check,0,Medium,0,1,2,Chat,1,0,0,23.2,24.3,0,0.7,4.1,81,1
CUST-2693,69,Two year,106.5,7348.8,Fiber optic,Bank transfer (automatic),0,Low,0,1,1,Ticket,0,0,0,136.1,146.7,1,0.6,3.2,32,1
CUST-2694,32,Month-to-month,91.05,2954.5,Fiber optic,Bank transfer (automatic),0,Low,0,0,1,Ticket,0,1,0,12.3,24.5,0,0.0,3.2,178,1
CUST-2695,51,Month-to-month,77.5,3807.35,Fiber optic,Electronic check,2,Low,0,1,4,Ticket,0,0,0,56.3,166.6,1,1.5,3.1,17,1
CUST-2696,72,Two year,54.2,3937.45,DSL,Electronic check,1,High,1,0,1,Email,0,0,0,51.3,72.7,1,0.0,4.0,3,1
CUST-2697,6,Month-to-month,69.25,418.4,Fiber optic,Mailed check,1,Medium,1,0,1,Chat,1,0,1,38.4,42.9,0,0.0,3.8,6,1
CUST-2698,1,Month-to-month,50.5,50.5,DSL,Electronic check,1,Medium,1,1,3,Email,0,0,0,15.0,22.7,0,10.2,5.0,1,1
CUST-2699,1,Month-to-month,74.4,74.4,Fiber optic,Electronic check,2,Medium,0,1,2,Email,1,0,0,8.8,14.1,0,2.1,3.1,14,1
CUST-2700,31,One year,79.45,2587.7,DSL,Mailed check,2,Low,1,0,2,Chat,1,1,1,1.3,31.3,0,0.0,2.3,12,1
CUST-2701,58,One year,104.65,6219.6,Fiber optic,Electronic check,1,Medium,0,0,2,Email,2,0,1,15.0,23.9,0,0.0,2.6,20,1
CUST-2702,47,Month-to-month,100.05,4871.05,Fiber optic,Electronic check,1,Low,0,2,2,Call,0,0,1,47.6,75.4,0,1.0,2.0,24,1
CUST-2703,44,Month-to-month,100.55,4398.15,Fiber optic,Electronic check,1,Low,1,0,2,Chat,1,1,1,15.1,20.5,0,0.0,4.3,9,1
CUST-2704,2,Month-to-month,95.65,167.3,Fiber optic,Electronic check,1,Medium,0,0,1,Call,0,0,0,0.0,2.4,0,0.0,4.4,25,1
CUST-2705,1,Month-to-month,94.4,94.4,Fiber optic,Electronic check,3,Medium,1,1,4,Chat,1,0,1,36.5,45.9,0,6.2,2.7,7,1
CUST-2706,1,Month-to-month,55.0,55.0,DSL,Credit card (automatic),1,Low,1,1,2,Chat,1,0,0,3.2,55.4,0,1.1,3.1,23,1
CUST-2707,1,Month-to-month,101.45,101.45,Fiber optic,Electronic check,0,Low,1,1,3,Email,0,0,1,4.1,16.0,0,1.0,4.1,91,1
CUST-2708,5,Month-to-month,67.95,350.3,DSL,Bank transfer (automatic),2,Medium,2,0,2,Email,0,1,0,6.1,6.8,0,0.0,2.4,4,1
CUST-2709,1,Month-to-month,69.5,69.5,Fiber optic,Electronic check,2,Medium,1,1,2,Email,1,0,1,5.0,5.4,0,4.2,2.7,7,1
CUST-2710,1,Month-to-month,18.85,18.85,No,Mailed check,1,Low,1,0,1,Ticket,1,1,0,29.0,35.7,0,0.0,3.8,2,1
CUST-2711,1,Month-to-month,69.2,69.2,Fiber optic,Electronic check,4,Low,1,1,4,Chat,0,0,0,65.0,65.4,1,3.9,4.0,8,1
CUST-2712,1,Month-to-month,69.65,69.65,Fiber optic,Electronic check,2,High,0,0,3,Ticket,1,0,0,2.9,4.2,0,0.0,3.2,2,1
CUST-2713,40,Month-to-month,101.85,4086.3,Fiber optic,Electronic check,1,Medium,0,1,1,Email,1,0,1,11.4,28.2,0,0.6,2.2,4,1
CUST-2714,1,Month-to-month,82.3,82.3,Fiber optic,Electronic check,1,High,0,0,1,Call,0,0,1,21.2,38.2,0,0.0,3.6,17,1
CUST-2715,3,Month-to-month,79.25,267.6,Fiber optic,Electronic check,2,Low,1,0,2,Call,0,1,0,14.7,17.2,0,0.0,3.2,17,1
CUST-2716,13,Month-to-month,84.6,1115.2,Fiber optic,Electronic check,1,Low,0,0,1,Chat,1,0,0,9.9,32.7,0,0.0,3.1,7,1
CUST-2717,58,Month-to-month,93.4,5435.6,Fiber optic,Bank transfer (automatic),1,Low,3,0,1,Ticket,0,1,1,5.8,8.1,0,0.0,4.0,12,1
CUST-2718,42,Month-to-month,94.2,4186.3,Fiber optic,Electronic check,1,Medium,1,1,2,Chat,1,0,1,18.5,35.9,0,1.7,3.8,12,1
CUST-2719,1,Month-to-month,25.05,25.05,DSL,Electronic check,0,Low,0,0,0,Email,1,0,1,16.3,27.4,0,0.0,2.4,81,1
CUST-2720,29,Month-to-month,25.1,712.85,DSL,Credit card (automatic),0,Low,2,1,0,Ticket,0,0,1,109.5,132.7,1,5.4,2.8,42,1
CUST-2721,1,Month-to-month,48.95,48.95,DSL,Electronic check,0,Low,1,0,0,Call,0,0,0,14.3,31.1,0,0.0,4.0,134,1
CUST-2722,1,Month-to-month,45.3,45.3,DSL,Electronic check,3,Medium,0,0,3,Email,1,1,1,49.6,49.7,1,0.0,3.5,17,1
CUST-2723,2,Month-to-month,85.85,167.3,Fiber optic,Electronic check,0,Low,1,0,0,Email,0,0,1,66.4,67.2,1,0.0,4.0,35,1
CUST-2724,10,Month-to-month,95.2,930.4,Fiber optic,Electronic check,1,Medium,1,1,2,Email,1,0,1,9.2,9.5,0,3.8,3.7,5,1
CUST-2725,49,One year,100.6,5069.65,Fiber optic,Bank transfer (automatic),2,High,0,0,2,Ticket,0,1,0,8.2,29.7,0,0.0,3.7,17,1
CUST-2726,6,Month-to-month,55.3,324.25,DSL,Mailed check,1,Medium,1,1,1,Email,0,0,1,65.5,76.4,1,0.5,3.4,23,1
CUST-2727,2,Month-to-month,74.85,156.4,Fiber optic,Mailed check,1,Low,0,2,1,Call,2,0,0,19.8,61.1,0,6.5,4.0,6,1
CUST-2728,35,One year,102.35,3626.1,Fiber optic,Bank transfer (automatic),1,High,0,1,1,Email,0,1,1,4.9,10.8,0,0.2,2.6,18,1
CUST-2729,70,One year,115.65,7968.85,Fiber optic,Credit card (automatic),1,Low,1,1,1,Ticket,0,0,0,6.8,9.2,0,2.3,3.1,24,1
CUST-2730,2,Month-to-month,79.85,152.45,Fiber optic,Electronic check,1,Low,0,0,1,Ticket,1,1,0,0.5,5.5,0,0.0,3.9,21,1
CUST-2731,15,Month-to-month,76.0,1130.85,Fiber optic,Mailed check,2,High,0,3,5,Call,0,0,1,8.9,12.7,0,3.0,5.0,29,1
CUST-2732,42,Month-to-month,104.75,4323.45,Fiber optic,Bank transfer (automatic),0,Low,0,0,0,Ticket,0,0,0,22.3,45.0,0,0.0,3.1,136,1
CUST-2733,9,Month-to-month,74.65,703.55,DSL,Electronic check,2,Medium,1,0,3,Call,0,0,1,8.6,12.3,0,0.0,2.2,13,1
CUST-2734,1,Month-to-month,56.25,56.25,DSL,Electronic check,0,Low,1,0,0,Chat,0,0,1,6.0,7.7,0,0.0,3.4,116,1
CUST-2735,21,Month-to-month,106.1,2249.95,Fiber optic,Electronic check,1,Medium,0,0,2,Email,0,0,1,1.4,6.3,0,0.0,3.6,20,1
CUST-2736,2,Month-to-month,79.75,159.4,Fiber optic,Bank transfer (automatic),2,Medium,1,0,2,Chat,0,0,0,43.1,62.3,0,0.0,3.0,19,1
CUST-2737,1,Month-to-month,68.65,68.65,Fiber optic,Electronic check,1,Low,0,0,1,Chat,0,0,1,24.0,30.1,0,0.0,4.8,24,1
CUST-2738,16,Month-to-month,20.25,327.45,No,Bank transfer (automatic),2,Medium,0,1,3,Chat,1,0,0,55.0,66.5,1,1.6,3.2,23,1
CUST-2739,14,Month-to-month,100.2,1369.8,Fiber optic,Electronic check,1,Medium,0,0,2,Call,1,0,0,0.5,3.3,0,0.0,3.4,23,1
CUST-2740,15,Month-to-month,74.9,1107.25,Fiber optic,Bank transfer (automatic),2,Low,0,0,4,Email,0,0,1,58.7,59.6,1,0.0,4.2,2,1
CUST-2741,1,Month-to-month,70.85,70.85,Fiber optic,Electronic check,0,Low,0,2,0,Chat,0,0,1,17.0,20.2,0,9.2,4.4,46,1
CUST-2742,2,Month-to-month,69.8,134.7,Fiber optic,Credit card (automatic),2,Low,0,0,3,Call,0,0,1,3.3,23.9,0,0.0,5.0,3,1
CUST-2743,55,Month-to-month,54.55,2978.3,DSL,Bank transfer (automatic),1,Medium,0,0,3,Ticket,0,0,0,6.7,20.7,0,0.0,3.2,1,1
CUST-2744,7,Month-to-month,70.75,450.8,DSL,Credit card (automatic),1,Medium,1,1,2,Chat,0,0,0,3.6,4.6,0,0.8,4.0,5,1
CUST-2745,13,Month-to-month,94.1,1215.6,Fiber optic,Electronic check,0,High,0,1,0,Call,0,2,1,5.9,8.8,0,0.8,4.2,48,1
CUST-2746,3,Month-to-month,29.7,91.7,DSL,Credit card (automatic),2,Low,0,0,2,Call,0,0,1,7.0,10.2,0,0.0,4.6,19,1
CUST-2747,66,One year,110.9,7432.05,Fiber optic,Credit card (automatic),2,Low,0,0,2,Call,1,1,1,20.1,24.1,0,0.0,3.1,25,1
CUST-2748,38,Month-to-month,105.0,4026.4,Fiber optic,Electronic check,2,Low,0,1,3,Call,0,1,1,7.0,19.9,0,0.7,4.8,24,1
CUST-2749,1,Month-to-month,25.3,25.3,DSL,Electronic check,2,Low,2,0,2,Email,1,0,1,15.6,17.7,0,0.0,4.3,19,1
CUST-2750,22,One year,55.15,1193.05,DSL,Credit card (automatic),3,Medium,0,0,3,Ticket,1,0,0,23.6,25.1,0,0.0,4.3,8,1
CUST-2751,1,Month-to-month,20.1,20.1,No,Mailed check,0,High,0,0,0,Call,1,1,0,34.7,43.3,0,0.0,3.3,132,1
CUST-2752,1,Month-to-month,69.9,69.9,Fiber optic,Mailed check,0,Low,2,1,2,Chat,0,0,1,49.3,54.1,1,5.3,3.8,60,1
CUST-2753,43,Month-to-month,101.4,4528.0,Fiber optic,Electronic check,1,High,0,0,1,Ticket,0,0,1,4.0,7.0,0,0.0,3.5,4,1
CUST-2754,1,Month-to-month,80.8,80.8,Fiber optic,Electronic check,3,Low,0,0,3,Email,0,1,0,23.8,26.1,0,0.0,2.4,25,1
CUST-2755,2,Month-to-month,62.05,118.3,DSL,Bank transfer (automatic),0,High,0,0,1,Chat,0,0,1,2.8,6.4,0,0.0,4.0,111,1
CUST-2756,1,Month-to-month,76.45,76.45,Fiber optic,Electronic check,2,Low,1,0,3,Ticket,1,1,1,6.2,6.6,0,0.0,3.7,21,1
CUST-2757,12,Month-to-month,91.3,1094.5,Fiber optic,Electronic check,3,High,0,0,3,Ticket,0,0,0,19.4,23.9,0,0.0,3.5,16,1
CUST-2758,6,Month-to-month,95.75,573.75,Fiber optic,Electronic check,1,Low,0,1,1,Email,0,0,1,67.7,73.5,1,0.9,3.6,22,1
CUST-2759,34,Month-to-month,62.65,2274.9,DSL,Electronic check,0,High,0,0,0,Chat,0,0,1,21.6,24.6,0,0.0,3.8,43,1
CUST-2760,1,Month-to-month,74.5,74.5,Fiber optic,Electronic check,3,Low,0,2,4,Chat,0,0,0,48.0,60.4,0,6.3,3.4,29,1
CUST-2761,10,Month-to-month,102.1,1068.85,Fiber optic,Credit card (automatic),6,Low,1,0,6,Call,0,2,0,25.6,49.1,0,0.0,2.9,5,1
CUST-2762,16,Month-to-month,50.15,762.25,DSL,Electronic check,2,Low,0,1,2,Ticket,0,2,1,31.8,47.9,0,3.2,2.8,26,1
CUST-2763,7,Month-to-month,86.5,582.5,Fiber optic,Electronic check,1,Low,1,0,1,Chat,0,0,0,5.8,8.4,0,0.0,3.6,13,1
CUST-2764,27,Month-to-month,81.45,2122.05,Fiber optic,Electronic check,2,Medium,0,0,3,Email,0,0,0,15.3,17.0,0,0.0,3.6,24,1
CUST-2765,1,Month-to-month,69.15,69.15,Fiber optic,Electronic check,2,High,0,0,2,Chat,0,0,1,37.5,68.5,0,0.0,2.3,29,1
CUST-2766,9,Month-to-month,79.55,723.4,Fiber optic,Electronic check,1,Medium,1,0,1,Call,1,0,0,24.8,32.1,0,0.0,2.7,8,1
CUST-2767,48,Two year,95.5,4627.85,Fiber optic,Mailed check,2,Medium,1,1,2,Ticket,1,0,1,0.7,24.7,0,0.5,2.3,23,1
CUST-2768,3,Month-to-month,91.05,289.1,Fiber optic,Electronic check,2,Low,0,1,2,Call,0,0,1,25.4,38.0,0,1.6,3.2,27,1
CUST-2769,2,Month-to-month,79.2,172.85,Fiber optic,Electronic check,1,Medium,1,0,1,Email,0,0,1,4.9,20.6,0,0.0,3.5,26,1
CUST-2770,2,Month-to-month,45.25,85.5,DSL,Electronic check,2,Low,1,0,3,Chat,2,0,1,61.5,64.1,1,0.0,2.6,26,1
CUST-2771,14,Month-to-month,74.3,1096.25,Fiber optic,Electronic check,0,High,0,0,0,Call,0,0,0,60.9,79.8,1,0.0,5.0,109,1
CUST-2772,3,Month-to-month,74.1,228.0,Fiber optic,Credit card (automatic),0,Low,1,1,0,Email,2,0,1,42.9,49.1,0,0.5,1.0,114,1
CUST-2773,57,Month-to-month,100.6,5746.15,Fiber optic,Electronic check,0,Medium,0,2,0,Email,2,0,0,5.0,10.5,0,0.3,3.9,154,1
CUST-2774,3,Month-to-month,75.0,209.1,Fiber optic,Mailed check,1,Low,0,0,3,Call,0,0,0,2.8,14.3,0,0.0,2.3,25,1
CUST-2775,64,Two year,70.2,4481.0,DSL,Credit card (automatic),1,Low,0,1,1,Email,0,0,1,50.9,54.8,1,0.8,3.0,19,1
CUST-2776,2,Month-to-month,70.75,154.85,Fiber optic,Electronic check,1,Low,0,1,1,Chat,0,0,1,15.2,18.9,0,0.5,3.5,27,1
CUST-2777,12,Month-to-month,50.25,593.75,DSL,Bank transfer (automatic),0,Low,4,0,0,Chat,0,0,0,48.2,49.2,1,0.0,2.7,39,1
CUST-2778,40,Month-to-month,79.2,3233.85,Fiber optic,Credit card (automatic),1,Low,0,2,2,Chat,0,0,1,44.5,50.6,0,3.0,3.6,23,1
CUST-2779,12,Month-to-month,96.0,1062.1,Fiber optic,Electronic check,2,Low,0,0,2,Email,0,0,0,45.1,56.4,0,0.0,2.1,22,1
CUST-2780,54,Month-to-month,100.1,5440.9,Fiber optic,Electronic check,1,Medium,1,1,4,Email,0,0,0,6.1,9.7,0,0.9,3.5,1,1
CUST-2781,4,Month-to-month,56.5,235.1,DSL,Mailed check,3,Low,0,0,3,Chat,0,0,0,24.7,51.8,0,0.0,2.7,6,1
CUST-2782,1,Month-to-month,85.0,85.0,Fiber optic,Electronic check,1,High,0,1,1,Chat,0,0,1,64.3,108.7,1,0.0,5.0,27,1
CUST-2783,51,One year,59.3,3014.65,DSL,Electronic check,0,Low,0,0,0,Ticket,1,2,1,9.4,11.3,0,0.0,4.6,126,1
CUST-2784,4,Month-to-month,49.4,184.4,DSL,Electronic check,1,Low,0,0,1,Call,1,0,1,24.8,33.7,0,0.0,4.4,15,1
CUST-2785,35,Month-to-month,55.0,2010.55,DSL,Mailed check,0,Medium,0,0,1,Chat,0,0,1,10.5,14.8,0,0.0,5.0,92,1
CUST-2786,1,Month-to-month,69.2,69.2,Fiber optic,Electronic check,0,Medium,1,1,1,Email,1,0,0,7.1,13.1,0,0.5,2.8,57,1
CUST-2787,38,One year,62.3,2354.8,DSL,Mailed check,2,Low,1,1,2,Call,0,0,0,38.7,45.8,0,0.4,2.9,6,1
CUST-2788,37,Month-to-month,92.5,3473.4,Fiber optic,Electronic check,0,Medium,1,0,0,Email,0,0,0,4.8,12.0,0,0.0,4.7,37,1
CUST-2789,3,Month-to-month,69.65,220.1,Fiber optic,Electronic check,3,Low,1,0,4,Email,0,0,1,2.6,8.3,0,0.0,3.1,22,1
CUST-2790,61,Two year,111.6,6876.05,Fiber optic,Credit card (automatic),2,Medium,1,0,5,Ticket,2,1,0,7.4,12.7,0,0.0,3.7,23,1
CUST-2791,11,Month-to-month,48.55,501.0,DSL,Credit card (automatic),0,Medium,0,1,0,Chat,0,0,0,13.6,14.6,0,4.8,3.7,174,1
CUST-2792,1,Month-to-month,20.2,20.2,No,Mailed check,0,Low,0,1,2,Ticket,0,0,1,37.0,42.9,0,1.3,4.8,162,1
CUST-2793,19,Month-to-month,39.65,733.35,DSL,Electronic check,1,Medium,0,1,1,Call,0,0,1,6.1,59.7,0,0.8,3.7,5,1
CUST-2794,56,One year,24.9,1334.0,No,Electronic check,1,Medium,0,0,1,Email,0,1,0,54.7,62.0,1,0.0,3.3,19,1
CUST-2795,2,Month-to-month,56.7,113.55,DSL,Mailed check,3,Low,0,1,4,Email,3,0,1,18.4,23.9,0,1.4,4.2,29,1
CUST-2796,14,One year,105.95,1348.9,Fiber optic,Mailed check,0,Medium,1,0,1,Chat,0,1,0,28.7,45.9,0,0.0,2.8,122,1
CUST-2797,4,Month-to-month,74.95,308.7,Fiber optic,Electronic check,1,High,1,0,2,Email,0,0,0,6.7,33.2,0,0.0,3.1,15,1
CUST-2798,15,Month-to-month,29.7,438.25,DSL,Electronic check,2,Medium,1,0,3,Email,1,0,0,42.6,55.6,0,0.0,2.2,8,1
CUST-2799,1,Month-to-month,50.35,50.35,DSL,Electronic check,0,Low,0,0,0,Ticket,0,0,1,0.7,6.1,0,0.0,3.7,54,1
CUST-2800,64,Two year,47.85,3147.5,DSL,Electronic check,2,High,0,1,2,Chat,1,0,1,5.5,11.7,0,0.6,3.9,2,1
CUST-2801,1,Month-to-month,70.3,70.3,Fiber optic,Electronic check,2,Low,0,0,2,Chat,0,0,0,34.8,41.3,0,0.0,3.2,21,1
CUST-2802,55,Month-to-month,98.8,5617.75,Fiber optic,Electronic check,1,Low,0,0,1,Chat,2,1,1,1.5,2.9,0,0.0,3.1,23,1
CUST-2803,18,Month-to-month,99.85,1776.95,Fiber optic,Bank transfer (automatic),2,Low,2,1,2,Email,0,1,1,20.7,29.9,0,3.1,2.5,3,1
CUST-2804,32,Month-to-month,80.3,2483.05,Fiber optic,Credit card (automatic),3,Medium,0,0,4,Ticket,0,1,1,29.5,32.0,0,0.0,3.7,26,1
CUST-2805,66,Month-to-month,80.45,5224.35,Fiber optic,Credit card (automatic),0,High,0,0,1,Call,0,0,1,19.6,32.8,0,0.0,4.0,130,1
CUST-2806,7,Month-to-month,86.8,620.35,Fiber optic,Electronic check,2,Medium,2,1,2,Email,0,1,0,2.5,19.5,0,1.0,3.9,24,1
CUST-2807,6,Month-to-month,84.2,519.15,Fiber optic,Electronic check,0,High,0,0,0,Ticket,0,1,1,21.0,31.6,0,0.0,3.3,74,1
CUST-2808,13,Month-to-month,99.0,1301.7,Fiber optic,Mailed check,3,Low,0,1,3,Call,0,0,1,21.7,25.6,0,3.8,5.0,29,1
CUST-2809,11,Month-to-month,100.75,1129.75,Fiber optic,Electronic check,2,Low,0,0,2,Email,0,0,0,15.3,35.9,0,0.0,2.9,6,1
CUST-2810,9,Month-to-month,91.75,865.8,Fiber optic,Bank transfer (automatic),4,Medium,0,1,4,Email,0,0,1,10.4,13.1,0,8.7,3.7,18,1
CUST-2811,1,Month-to-month,79.55,79.55,Fiber optic,Mailed check,0,High,1,0,0,Call,1,0,1,6.4,9.4,0,0.0,3.9,82,1
CUST-2812,54,Month-to-month,111.1,6014.85,Fiber optic,Electronic check,0,Medium,1,1,0,Email,1,0,1,1.8,3.6,0,0.3,3.8,106,1
CUST-2813,25,Month-to-month,89.1,2368.4,Fiber optic,Electronic check,0,Low,1,0,0,Email,1,0,0,0.8,17.9,0,0.0,3.2,93,1
CUST-2814,37,Month-to-month,101.9,3545.35,Fiber optic,Bank transfer (automatic),0,Low,0,0,0,Email,0,1,1,36.1,45.5,0,0.0,2.4,73,1
CUST-2815,14,Month-to-month,91.65,1301.0,Fiber optic,Electronic check,1,Low,1,0,2,Ticket,0,0,1,17.1,18.5,0,0.0,2.7,28,1
CUST-2816,4,Month-to-month,88.85,372.45,Fiber optic,Electronic check,1,Low,0,0,1,Ticket,1,1,0,3.7,14.4,0,0.0,3.4,16,1
CUST-2817,3,Month-to-month,25.3,77.75,DSL,Electronic check,0,Low,0,0,0,Email,0,0,0,2.3,25.7,0,0.0,5.0,40,1
CUST-2818,1,Month-to-month,95.45,95.45,Fiber optic,Electronic check,2,High,0,0,3,Ticket,0,0,1,2.2,9.4,0,0.0,3.6,2,1
CUST-2819,13,Month-to-month,91.1,1135.7,Fiber optic,Electronic check,2,Medium,0,0,2,Email,0,1,0,3.6,24.9,0,0.0,3.3,11,1
CUST-2820,45,One year,54.15,2319.8,DSL,Credit card (automatic),3,Medium,1,0,4,Ticket,0,0,0,0.7,33.6,0,0.0,3.6,28,1
CUST-2821,1,Month-to-month,69.7,69.7,Fiber optic,Bank transfer (automatic),1,Low,0,0,1,Ticket,0,0,1,33.3,37.0,0,0.0,3.4,28,1
CUST-2822,6,Month-to-month,89.5,573.3,Fiber optic,Electronic check,2,Low,1,0,2,Ticket,0,0,1,10.5,20.5,0,0.0,4.2,20,1
CUST-2823,3,Month-to-month,35.15,99.75,DSL,Electronic check,3,Medium,0,0,4,Call,0,0,1,7.8,34.4,0,0.0,5.0,24,1
CUST-2824,12,Month-to-month,73.75,871.4,Fiber optic,Credit card (automatic),0,High,0,1,0,Email,0,2,0,14.2,25.5,0,0.7,2.6,97,1
CUST-2825,8,Month-to-month,101.35,780.5,Fiber optic,Electronic check,1,Medium,0,1,1,Call,0,0,1,8.6,15.4,0,0.8,3.8,10,1
CUST-2826,6,Month-to-month,55.9,365.35,DSL,Credit card (automatic),0,High,0,0,1,Ticket,2,0,1,27.5,38.4,0,0.0,3.6,100,1
CUST-2827,3,Month-to-month,105.9,334.65,Fiber optic,Electronic check,1,Medium,1,1,1,Ticket,0,0,1,8.1,24.6,0,0.3,3.5,19,1
CUST-2828,1,Month-to-month,43.95,43.95,DSL,Mailed check,1,Low,0,0,1,Email,1,0,0,22.3,26.2,0,0.0,5.0,1,1
CUST-2829,1,Month-to-month,45.1,45.1,DSL,Bank transfer (automatic),0,Low,1,1,0,Chat,0,0,1,10.8,12.6,0,0.7,3.8,165,1
CUST-2830,41,Month-to-month,70.25,2868.05,Fiber optic,Bank transfer (automatic),2,Medium,0,0,3,Email,0,0,1,12.1,14.6,0,0.0,1.7,5,1
CUST-2831,9,Month-to-month,55.35,449.75,DSL,Electronic check,3,Low,1,0,3,Chat,0,0,0,35.1,50.7,0,0.0,4.5,26,1
CUST-2832,43,Month-to-month,103.0,4414.3,Fiber optic,Electronic check,2,Low,0,3,2,Ticket,1,0,0,16.8,18.2,0,6.9,4.4,4,1
CUST-2833,33,One year,103.75,3361.05,Fiber optic,Electronic check,3,Low,1,1,4,Call,0,0,0,12.0,16.7,0,0.4,3.0,7,1
CUST-2834,1,Month-to-month,69.35,69.35,Fiber optic,Electronic check,3,Low,2,0,4,Email,0,0,1,9.1,30.7,0,0.0,3.3,3,1
CUST-2835,56,Month-to-month,73.85,4092.85,Fiber optic,Electronic check,0,High,0,1,0,Chat,0,0,1,24.5,50.5,0,2.0,2.9,42,1
CUST-2836,3,Month-to-month,75.15,216.75,Fiber optic,Credit card (automatic),2,Low,0,0,2,Chat,0,0,0,22.7,64.0,0,0.0,4.5,26,1
CUST-2837,1,Month-to-month,69.6,69.6,Fiber optic,Electronic check,0,Low,2,0,0,Chat,3,0,1,2.0,13.2,0,0.0,3.6,176,1
CUST-2838,5,Month-to-month,80.15,385.0,Fiber optic,Electronic check,2,Medium,1,0,2,Email,0,0,0,25.8,29.1,0,0.0,4.4,28,1
CUST-2839,1,Month-to-month,30.5,30.5,DSL,Bank transfer (automatic),1,Medium,1,0,1,Email,1,1,1,13.8,27.0,0,0.0,3.2,28,1
CUST-2840,70,Two year,98.3,6859.5,Fiber optic,Bank transfer (automatic),1,Medium,0,0,2,Chat,2,1,1,83.9,86.4,1,0.0,4.7,6,1
CUST-2841,48,Month-to-month,107.4,5121.3,Fiber optic,Bank transfer (automatic),0,High,0,0,1,Call,0,0,0,14.5,17.8,0,0.0,5.0,157,1
CUST-2842,13,Month-to-month,82.0,1127.2,Fiber optic,Electronic check,2,Medium,2,0,2,Chat,0,0,1,66.0,97.7,1,0.0,2.9,18,1
CUST-2843,24,Month-to-month,75.4,1747.85,Fiber optic,Credit card (automatic),0,Medium,0,0,0,Call,0,0,0,37.5,37.6,0,0.0,2.3,77,1
CUST-2844,27,Month-to-month,101.25,2754.45,Fiber optic,Electronic check,1,Low,1,1,1,Email,2,0,1,79.0,88.6,1,1.5,3.9,11,1
CUST-2845,25,Month-to-month,89.5,2196.15,Fiber optic,Electronic check,0,Low,0,0,0,Email,0,0,1,5.3,6.0,0,0.0,4.2,99,1
CUST-2846,22,Month-to-month,74.4,1692.6,Fiber optic,Bank transfer (automatic),1,Medium,0,0,1,Email,0,1,0,9.3,12.3,0,0.0,4.6,14,1
CUST-2847,1,Month-to-month,20.5,20.5,No,Mailed check,3,Medium,1,0,4,Ticket,1,0,1,20.4,25.7,0,0.0,4.5,22,1
CUST-2848,4,Month-to-month,74.35,265.35,Fiber optic,Electronic check,2,High,1,2,2,Call,0,0,0,2.4,3.7,0,0.4,4.0,14,1
CUST-2849,18,Month-to-month,99.75,1836.25,Fiber optic,Bank transfer (automatic),0,Medium,0,0,1,Ticket,1,0,0,28.6,29.0,0,0.0,2.6,41,1
CUST-2850,56,One year,111.95,6418.9,Fiber optic,Electronic check,1,Medium,2,1,2,Email,0,0,1,7.2,12.5,0,2.6,4.3,19,1
CUST-2851,16,Month-to-month,39.0,679.85,DSL,Mailed check,1,Low,3,1,1,Chat,1,0,0,3.7,12.3,0,0.7,3.9,7,1
CUST-2852,30,Month-to-month,94.1,2804.45,Fiber optic,Credit card (automatic),1,Low,0,0,2,Chat,0,0,1,1.4,21.1,0,0.0,3.8,1,1
CUST-2853,8,Month-to-month,95.65,778.1,Fiber optic,Bank transfer (automatic),2,Low,0,0,2,Ticket,1,0,0,12.3,17.3,0,0.0,2.8,6,1
CUST-2854,50,Month-to-month,88.05,4367.35,Fiber optic,Electronic check,1,Low,0,1,4,Chat,0,0,0,3.1,7.6,0,0.5,2.5,14,1
CUST-2855,41,One year,66.5,2728.6,DSL,Bank transfer (automatic),0,Low,0,1,1,Email,1,0,0,15.9,16.0,0,2.6,3.4,110,1
CUST-2856,3,Month-to-month,35.45,106.85,DSL,Mailed check,1,Low,0,1,2,Ticket,0,0,1,12.1,23.6,0,1.2,5.0,23,1
CUST-2857,3,Month-to-month,49.9,130.1,DSL,Mailed check,0,Medium,0,1,0,Chat,0,0,1,47.1,64.5,0,0.2,2.6,59,1
CUST-2858,40,Month-to-month,104.5,4036.85,Fiber optic,Credit card (automatic),0,Medium,1,0,3,Ticket,0,0,0,1.7,1.8,0,0.0,4.5,77,1
CUST-2859,3,Month-to-month,75.05,256.25,Fiber optic,Credit card (automatic),2,Medium,0,0,2,Call,0,0,0,45.2,45.2,0,0.0,4.1,25,1
CUST-2860,23,Month-to-month,81.0,1917.1,Fiber optic,Electronic check,1,Low,0,0,2,Ticket,1,0,0,28.9,53.0,0,0.0,5.0,26,1
CUST-2861,1,Month-to-month,74.45,74.45,Fiber optic,Electronic check,1,Low,0,0,3,Call,1,0,1,23.9,27.8,0,0.0,2.2,22,1
CUST-2862,4,Month-to-month,60.4,272.15,DSL,Mailed check,3,High,1,0,4,Call,0,0,1,85.1,94.1,1,0.0,3.7,11,1
CUST-2863,1,Month-to-month,70.65,70.65,Fiber optic,Mailed check,1,Low,1,0,1,Call,0,0,0,1.2,14.1,0,0.0,5.0,18,1
CUST-2864,12,One year,59.8,727.8,DSL,Electronic check,1,High,0,0,2,Chat,0,0,0,15.5,27.9,0,0.0,3.0,9,1
CUST-2865,9,Month-to-month,44.2,403.35,DSL,Bank transfer (automatic),1,Low,0,1,1,Call,0,0,1,30.1,39.9,0,1.2,4.8,5,1
CUST-2866,1,Month-to-month,75.75,75.75,Fiber optic,Electronic check,0,Medium,0,0,0,Chat,1,0,1,17.6,20.3,0,0.0,3.5,106,1
CUST-2867,67,Month-to-month,102.95,6886.25,Fiber optic,Credit card (automatic),4,Low,0,0,5,Email,0,0,1,8.9,25.9,0,0.0,3.9,12,1
CUST-2868,4,Month-to-month,74.4,306.6,Fiber optic,Mailed check,0,Low,0,2,0,Chat,0,0,1,0.6,10.7,0,3.5,3.1,34,1
CUST-2869,1,Month-to-month,29.85,29.85,DSL,Electronic check,0,Low,1,1,1,Ticket,0,1,0,19.0,23.7,0,0.9,3.4,42,0
CUST-2870,34,One year,56.95,1889.5,DSL,Mailed check,0,Medium,0,0,0,Chat,0,0,1,36.1,50.3,0,0.0,4.4,91,0
CUST-2871,45,One year,42.3,1840.75,DSL,Bank transfer (automatic),0,Low,0,0,0,Chat,0,0,1,22.8,24.8,0,0.0,4.1,87,0
CUST-2872,22,Month-to-month,89.1,1949.4,Fiber optic,Credit card (automatic),0,Medium,0,0,0,Chat,0,0,1,0.9,6.4,0,0.0,3.2,77,0
CUST-2873,10,Month-to-month,29.75,301.9,DSL,Mailed check,0,Low,0,0,2,Email,0,0,0,21.7,24.4,0,0.0,4.9,85,0
CUST-2874,62,One year,56.15,3487.95,DSL,Bank transfer (automatic),0,Low,0,0,0,Chat,0,1,1,24.1,29.4,0,0.0,4.9,119,0
CUST-2875,13,Month-to-month,49.95,587.45,DSL,Mailed check,0,High,0,0,0,Ticket,0,0,1,19.6,29.3,0,0.0,2.3,44,0
CUST-2876,16,Two year,18.95,326.8,No,Credit card (automatic),1,High,0,0,1,Ticket,0,0,0,16.0,23.4,0,0.0,3.2,14,0
CUST-2877,58,One year,100.35,5681.1,Fiber optic,Credit card (automatic),1,Medium,0,0,1,Call,0,0,0,21.8,31.9,0,0.0,5.0,22,0
CUST-2878,25,Month-to-month,105.5,2686.05,Fiber optic,Electronic check,1,Low,0,1,1,Chat,0,0,1,15.5,19.8,0,0.9,3.1,29,0
CUST-2879,69,Two year,113.25,7895.15,Fiber optic,Credit card (automatic),0,Low,1,0,1,Email,0,0,1,11.7,12.9,0,0.0,2.3,113,0
CUST-2880,52,One year,20.65,1022.95,No,Mailed check,0,High,0,1,0,Call,1,0,1,13.8,15.3,0,2.1,5.0,143,0
CUST-2881,71,Two year,106.7,7382.25,Fiber optic,Bank transfer (automatic),0,Low,1,0,0,Ticket,1,0,1,1.3,6.8,0,0.0,2.8,57,0
CUST-2882,21,Month-to-month,90.05,1862.9,Fiber optic,Electronic check,0,Medium,0,0,0,Call,0,0,1,13.4,20.0,0,0.0,2.1,146,0
CUST-2883,12,One year,19.8,202.25,No,Bank transfer (automatic),1,Low,0,1,2,Email,0,0,1,21.9,37.2,0,0.1,1.2,10,0
CUST-2884,58,Two year,59.9,3505.1,DSL,Credit card (automatic),1,High,0,0,1,Ticket,1,0,0,12.3,16.4,0,0.0,3.5,7,0
CUST-2885,49,Month-to-month,59.6,2970.3,DSL,Credit card (automatic),0,Low,0,1,0,Ticket,0,0,1,14.7,29.5,0,1.8,5.0,165,0
CUST-2886,30,Month-to-month,55.3,1530.6,DSL,Bank transfer (automatic),1,Low,1,0,1,Chat,0,0,0,26.0,37.2,0,0.0,3.9,22,0
CUST-2887,72,Two year,90.25,6369.45,DSL,Credit card (automatic),2,Medium,0,0,2,Ticket,0,0,0,2.7,6.8,0,0.0,4.5,29,0
CUST-2888,71,Two year,96.35,6766.95,Fiber optic,Credit card (automatic),0,High,0,0,0,Ticket,0,0,0,24.9,69.6,0,0.0,3.7,87,0
CUST-2889,2,Month-to-month,95.5,181.65,Fiber optic,Credit card (automatic),1,High,0,0,1,Ticket,1,0,0,8.4,12.2,0,0.0,2.4,24,0
CUST-2890,27,One year,66.15,1874.45,DSL,Mailed check,0,Medium,0,1,0,Chat,0,0,0,27.7,36.8,0,1.8,4.5,71,0
CUST-2891,1,Month-to-month,20.2,20.2,No,Bank transfer (automatic),0,Medium,0,0,0,Chat,0,0,1,4.5,26.5,0,0.0,4.8,90,0
CUST-2892,1,Month-to-month,45.25,45.25,DSL,Bank transfer (automatic),0,Medium,0,0,1,Ticket,0,0,1,28.4,31.4,0,0.0,5.0,142,0
CUST-2893,72,Two year,99.9,7251.7,Fiber optic,Bank transfer (automatic),2,Medium,0,0,3,Email,0,0,0,28.2,29.1,0,0.0,2.6,15,0
CUST-2894,46,Month-to-month,74.8,3548.3,Fiber optic,Credit card (automatic),4,High,1,0,4,Email,0,0,1,7.0,15.0,0,0.0,2.6,28,0
CUST-2895,10,One year,49.55,475.7,DSL,Mailed check,0,Low,0,0,0,Call,0,0,1,28.6,40.2,0,0.0,4.3,76,0
CUST-2896,70,Two year,69.2,4872.35,DSL,Credit card (automatic),1,Medium,0,1,1,Ticket,0,0,0,2.4,4.0,0,0.6,2.2,26,0
CUST-2897,17,One year,20.75,418.25,No,Mailed check,3,Medium,0,2,3,Ticket,0,0,1,29.8,31.2,0,5.1,2.7,1,0
CUST-2898,63,Two year,79.85,4861.45,DSL,Credit card (automatic),0,Medium,0,0,0,Chat,1,0,1,2.9,3.9,0,0.0,3.8,91,0
CUST-2899,13,Month-to-month,76.2,981.45,DSL,Electronic check,0,High,1,0,1,Chat,0,0,1,76.3,89.2,1,0.0,4.2,86,0
CUST-2900,49,Month-to-month,84.5,3906.7,Fiber optic,Electronic check,1,Low,0,0,2,Email,0,0,0,15.9,48.6,0,0.0,2.4,19,0
CUST-2901,2,Month-to-month,49.25,97.0,DSL,Mailed check,2,Low,1,0,2,Email,0,0,0,27.4,58.4,0,0.0,3.8,21,0
CUST-2902,52,Two year,79.75,4217.8,DSL,Credit card (automatic),2,Low,0,0,2,Call,0,0,0,14.9,34.8,0,0.0,4.2,24,0
CUST-2903,69,Two year,64.15,4254.1,DSL,Credit card (automatic),2,Low,0,0,2,Ticket,0,1,1,15.6,21.2,0,0.0,5.0,17,0
CUST-2904,43,Month-to-month,90.25,3838.75,Fiber optic,Electronic check,0,Low,0,0,0,Chat,0,0,1,11.9,22.0,0,0.0,4.6,179,0
CUST-2905,25,Month-to-month,69.5,1752.65,DSL,Credit card (automatic),1,High,1,0,2,Call,1,0,1,2.7,110.4,0,0.0,2.0,22,0
CUST-2906,60,One year,74.85,4456.35,DSL,Credit card (automatic),1,Medium,0,0,1,Call,0,0,1,5.7,27.2,0,0.0,4.6,1,0
CUST-2907,63,One year,99.65,6311.2,Fiber optic,Credit card (automatic),2,High,0,0,3,Email,0,0,1,49.4,50.5,1,0.0,3.2,13,0
CUST-2908,66,One year,108.45,7076.35,Fiber optic,Electronic check,2,Low,0,0,4,Ticket,1,0,0,8.4,8.4,0,0.0,4.6,16,0
CUST-2909,34,Two year,24.95,894.3,No,Credit card (automatic),1,High,0,1,1,Ticket,0,0,0,1.0,6.9,0,0.7,5.0,23,0
CUST-2910,72,Two year,107.5,7853.7,Fiber optic,Credit card (automatic),0,Medium,1,1,1,Chat,0,1,0,28.7,29.1,0,1.0,3.6,54,0
CUST-2911,47,Month-to-month,100.5,4707.1,Fiber optic,Electronic check,1,Low,0,0,1,Ticket,0,0,0,22.5,39.7,0,0.0,3.3,15,0
CUST-2912,60,Month-to-month,89.9,5450.7,Fiber optic,Bank transfer (automatic),0,Medium,0,0,0,Call,0,0,1,6.6,17.9,0,0.0,3.5,42,0
CUST-2913,72,Two year,42.1,2962.0,DSL,Bank transfer (automatic),0,High,1,1,0,Ticket,0,1,1,8.3,21.4,0,4.3,4.7,80,0
CUST-2914,18,One year,54.4,957.1,DSL,Credit card (automatic),0,Low,0,1,0,Ticket,0,0,1,12.2,43.1,0,0.7,4.0,32,0
CUST-2915,3,Month-to-month,75.3,244.1,DSL,Electronic check,1,Medium,0,0,1,Chat,0,0,1,2.8,53.3,0,0.0,3.5,22,0
CUST-2916,47,One year,78.9,3650.35,Fiber optic,Electronic check,0,High,1,0,0,Email,0,0,1,87.6,92.2,1,0.0,3.6,131,0
CUST-2917,31,Two year,79.2,2497.2,DSL,Mailed check,2,Low,1,1,2,Call,1,0,1,8.5,10.4,0,1.5,3.0,14,0
CUST-2918,50,Two year,20.15,930.9,No,Bank transfer (automatic),3,Medium,0,0,3,Chat,0,0,0,35.1,35.4,0,0.0,4.8,3,0
CUST-2919,10,Month-to-month,79.85,887.35,Fiber optic,Mailed check,0,Low,0,1,0,Chat,0,0,0,31.7,56.3,0,1.4,3.6,94,0
CUST-2920,1,Month-to-month,49.05,49.05,DSL,Mailed check,0,Low,1,0,0,Ticket,0,1,1,5.5,9.6,0,0.0,4.0,65,0
CUST-2921,52,One year,20.4,1090.65,No,Electronic check,2,Medium,0,0,2,Chat,1,0,1,1.5,1.9,0,0.0,3.0,17,0
CUST-2922,64,Two year,111.6,7099.0,Fiber optic,Bank transfer (automatic),0,Low,0,0,1,Email,0,0,1,10.7,21.6,0,0.0,4.6,144,0
CUST-2923,62,Two year,24.25,1424.6,No,Bank transfer (automatic),0,Medium,0,0,0,Call,1,0,1,4.4,10.6,0,0.0,5.0,37,0
CUST-2924,3,Month-to-month,64.5,177.4,DSL,Bank transfer (automatic),1,Low,0,1,1,Call,0,1,0,8.6,33.1,0,0.1,4.0,11,0
CUST-2925,56,One year,110.5,6139.5,Fiber optic,Electronic check,1,Low,0,1,1,Chat,0,0,1,45.2,46.5,0,1.3,3.8,13,0
CUST-2926,46,One year,55.65,2688.85,DSL,Credit card (automatic),0,Medium,0,1,1,Call,1,0,0,15.8,26.7,0,0.9,4.7,59,0
CUST-2927,8,Month-to-month,54.65,482.25,DSL,Mailed check,0,Low,0,0,0,Email,0,0,1,9.9,28.6,0,0.0,4.5,73,0
CUST-2928,30,Month-to-month,74.75,2111.3,DSL,Electronic check,0,Low,0,0,2,Chat,0,1,0,16.2,40.3,0,0.0,3.0,120,0
CUST-2929,45,One year,25.9,1216.6,No,Credit card (automatic),0,Medium,1,1,3,Chat,0,1,1,2.0,2.9,0,3.1,3.5,144,0
CUST-2930,11,Month-to-month,50.55,565.35,DSL,Electronic check,0,High,0,0,1,Email,0,0,1,25.7,44.0,0,0.0,2.9,149,0
CUST-2931,42,Month-to-month,103.8,4327.5,Fiber optic,Bank transfer (automatic),0,High,0,0,1,Chat,0,0,0,15.0,34.1,0,0.0,3.9,30,0
CUST-2932,49,Two year,20.15,973.35,No,Bank transfer (automatic),0,Medium,0,0,0,Call,0,0,1,63.1,66.8,1,0.0,2.9,60,0
CUST-2933,9,Month-to-month,99.3,918.75,Fiber optic,Credit card (automatic),0,High,0,0,0,Call,0,0,1,9.0,13.3,0,0.0,5.0,65,0
CUST-2934,35,One year,62.15,2215.45,DSL,Bank transfer (automatic),1,High,0,0,1,Email,0,0,1,3.7,34.1,0,0.0,3.5,2,0
CUST-2935,48,Two year,20.65,1057.0,No,Bank transfer (automatic),2,Low,0,0,2,Ticket,0,0,1,3.6,15.4,0,0.0,4.7,22,0
CUST-2936,46,Two year,19.95,927.1,No,Mailed check,1,Low,0,1,1,Ticket,0,0,1,35.1,35.4,0,1.9,5.0,4,0
CUST-2937,29,Month-to-month,33.75,1009.25,DSL,Mailed check,3,Low,0,0,5,Ticket,0,0,1,11.1,31.6,0,0.0,4.0,14,0
CUST-2938,30,Month-to-month,82.05,2570.2,Fiber optic,Bank transfer (automatic),0,Low,0,0,1,Email,0,0,1,6.2,48.6,0,0.0,4.5,37,0
CUST-2939,1,Month-to-month,74.7,74.7,Fiber optic,Electronic check,0,High,0,1,0,Ticket,0,0,1,28.0,34.3,0,1.5,3.3,171,0
CUST-2940,66,Two year,84.0,5714.25,DSL,Mailed check,2,Medium,0,1,2,Call,0,0,1,24.1,40.8,0,1.3,2.6,17,0
CUST-2941,65,Month-to-month,111.05,7107.0,Fiber optic,Credit card (automatic),1,Medium,0,1,2,Chat,0,0,0,43.4,58.8,0,2.0,4.7,26,0
CUST-2942,72,Two year,100.9,7459.05,Fiber optic,Bank transfer (automatic),1,Low,0,0,1,Ticket,0,0,1,36.2,42.4,0,0.0,3.9,10,0
CUST-2943,71,One year,66.85,4748.7,DSL,Credit card (automatic),1,Low,0,0,1,Email,1,0,0,1.9,9.1,0,0.0,5.0,25,0
CUST-2944,52,Two year,21.0,1107.2,No,Bank transfer (automatic),1,Low,0,0,1,Call,1,0,1,3.4,15.0,0,0.0,4.0,11,0
CUST-2945,1,Month-to-month,20.2,20.2,No,Mailed check,3,High,1,0,3,Ticket,0,0,0,11.1,13.4,0,0.0,2.7,18,0
CUST-2946,1,Month-to-month,19.45,19.45,No,Electronic check,0,Low,0,0,1,Ticket,0,0,1,40.5,49.0,0,0.0,3.7,38,0
CUST-2947,38,One year,95.0,3605.6,Fiber optic,Bank transfer (automatic),0,High,0,1,1,Call,1,0,0,24.7,29.6,0,0.2,2.8,154,0
CUST-2948,66,One year,45.55,3027.25,DSL,Bank transfer (automatic),1,Low,0,0,2,Email,0,1,0,2.5,3.6,0,0.0,3.6,3,0
CUST-2949,5,Month-to-month,24.3,100.2,DSL,Mailed check,1,Medium,0,0,1,Chat,0,0,1,3.8,6.5,0,0.0,2.5,17,0
CUST-2950,72,One year,104.15,7303.05,Fiber optic,Electronic check,0,Medium,0,0,1,Call,1,0,1,11.2,19.6,0,0.0,3.0,64,0
CUST-2951,32,One year,30.15,927.65,DSL,Mailed check,0,High,1,0,2,Chat,0,0,0,21.0,49.6,0,0.0,4.6,56,0
CUST-2952,43,One year,94.35,3921.3,Fiber optic,Mailed check,2,Low,1,0,2,Ticket,1,0,1,3.9,27.6,0,0.0,2.6,25,0
CUST-2953,72,Two year,19.4,1363.25,No,Credit card (automatic),0,Low,0,2,0,Call,0,0,1,1.6,31.5,0,0.3,4.5,83,0
CUST-2954,52,One year,57.95,3042.25,DSL,Credit card (automatic),1,Low,0,0,1,Ticket,0,0,1,0.3,3.7,0,0.0,2.8,20,0
CUST-2955,43,Month-to-month,91.65,3954.1,Fiber optic,Electronic check,2,High,0,0,2,Ticket,1,0,1,2.5,23.6,0,0.0,3.7,4,0
CUST-2956,64,Two year,54.6,3423.5,DSL,Electronic check,1,Low,1,0,1,Ticket,0,1,1,9.5,14.5,0,0.0,3.6,6,0
CUST-2957,3,Month-to-month,89.85,248.4,Fiber optic,Electronic check,3,Low,0,0,3,Ticket,0,0,1,36.0,75.3,0,0.0,3.7,12,0
CUST-2958,36,Two year,31.05,1126.35,DSL,Bank transfer (automatic),1,Medium,0,0,2,Ticket,1,0,0,0.7,4.4,0,0.0,3.8,13,0
CUST-2959,41,Two year,20.65,835.15,No,Mailed check,1,Medium,0,0,4,Email,0,0,1,20.5,25.3,0,0.0,3.1,1,0
CUST-2960,27,Month-to-month,85.2,2151.6,Fiber optic,Credit card (automatic),0,Medium,0,0,0,Ticket,0,1,1,2.6,2.7,0,0.0,4.9,54,0
CUST-2961,56,One year,99.8,5515.45,Fiber optic,Credit card (automatic),0,High,0,0,0,Call,0,0,0,12.2,42.9,0,0.0,2.6,179,0
CUST-2962,6,Month-to-month,20.7,112.75,No,Mailed check,2,Medium,0,4,3,Chat,0,0,1,6.1,17.5,0,8.6,2.8,13,0
CUST-2963,7,Month-to-month,50.7,350.35,DSL,Mailed check,1,High,1,0,1,Call,0,0,1,32.8,37.3,0,0.0,2.4,23,0
CUST-2964,4,Month-to-month,20.85,62.9,No,Mailed check,1,Medium,0,0,2,Call,0,0,1,19.6,21.5,0,0.0,2.9,18,0
CUST-2965,33,Two year,88.95,3027.65,Fiber optic,Electronic check,1,Low,0,1,1,Email,0,0,0,6.3,18.8,0,2.4,3.6,20,0
CUST-2966,72,Two year,23.55,1723.95,No,Bank transfer (automatic),1,High,1,0,1,Ticket,1,0,1,12.6,13.8,0,0.0,2.1,20,0
CUST-2967,1,Month-to-month,19.75,19.75,No,Mailed check,0,Medium,1,0,0,Chat,0,0,1,25.4,27.3,0,0.0,4.5,106,0
CUST-2968,71,One year,56.45,3985.35,DSL,Electronic check,1,Low,0,0,1,Chat,0,1,1,36.3,44.8,0,0.0,4.8,11,0
CUST-2969,13,Month-to-month,85.95,1215.65,Fiber optic,Electronic check,0,Medium,0,0,2,Ticket,0,0,1,17.4,19.1,0,0.0,5.0,178,0
CUST-2970,67,Two year,50.55,3260.1,DSL,Bank transfer (automatic),2,Low,1,2,2,Chat,0,0,0,17.2,18.3,0,3.2,2.0,10,0
CUST-2971,43,Two year,25.7,1188.2,No,Credit card (automatic),2,Low,0,0,3,Email,0,0,1,2.0,16.2,0,0.0,3.4,10,0
CUST-2972,23,Month-to-month,75.0,1778.5,Fiber optic,Bank transfer (automatic),0,Medium,0,0,0,Ticket,0,0,0,13.3,20.7,0,0.0,4.3,166,0
CUST-2973,64,Two year,20.2,1277.75,No,Mailed check,0,Medium,0,2,0,Chat,0,0,1,30.4,31.0,0,5.4,4.7,84,0
CUST-2974,57,Two year,19.6,1170.55,No,Mailed check,1,Medium,0,0,3,Call,0,0,1,20.6,21.2,0,0.0,3.8,16,0
CUST-2975,72,Two year,88.05,6425.65,DSL,Credit card (automatic),0,Low,1,1,2,Chat,0,0,1,0.9,39.6,0,3.1,3.2,112,0
CUST-2976,61,Two year,101.05,5971.25,Fiber optic,Bank transfer (automatic),1,High,1,1,1,Call,0,0,0,21.6,22.3,0,1.5,4.2,14,0
CUST-2977,64,One year,84.3,5289.05,Fiber optic,Credit card (automatic),1,Low,0,0,2,Ticket,0,0,0,9.3,16.3,0,0.0,4.3,19,0
CUST-2978,71,Two year,23.95,1756.2,No,Bank transfer (automatic),0,Low,0,0,0,Call,0,0,0,20.7,26.7,0,0.0,4.4,174,0
CUST-2979,65,Two year,99.05,6416.7,Fiber optic,Credit card (automatic),1,Low,0,0,1,Call,0,0,0,30.0,38.4,0,0.0,4.3,9,0
CUST-2980,3,One year,19.6,61.35,No,Mailed check,1,Low,1,0,1,Email,0,1,0,3.5,28.9,0,0.0,5.0,21,0
CUST-2981,30,One year,64.5,1929.95,DSL,Credit card (automatic),2,Low,1,0,2,Email,0,0,1,36.8,50.3,0,0.0,3.5,28,0
CUST-2982,15,Month-to-month,69.5,1071.4,DSL,Mailed check,1,Medium,0,1,2,Ticket,0,0,0,3.9,22.0,0,1.3,2.8,23,0
CUST-2983,8,Month-to-month,68.55,564.35,DSL,Electronic check,2,High,0,0,2,Email,0,0,1,6.1,12.8,0,0.0,3.6,10,0
CUST-2984,70,One year,108.15,7930.55,Fiber optic,Credit card (automatic),0,High,0,0,1,Ticket,0,0,0,20.5,30.5,0,0.0,3.1,120,0
CUST-2985,62,Two year,86.1,5215.25,DSL,Electronic check,0,Medium,0,0,1,Email,0,0,1,23.4,24.2,0,0.0,4.5,166,0
CUST-2986,6,Month-to-month,19.7,113.5,No,Mailed check,0,Low,0,0,1,Call,0,1,1,10.0,10.9,0,0.0,5.0,48,0
CUST-2987,14,Month-to-month,80.9,1152.8,Fiber optic,Bank transfer (automatic),0,Medium,1,0,0,Ticket,0,0,1,2.2,26.6,0,0.0,4.5,118,0
CUST-2988,22,Month-to-month,84.15,1821.95,Fiber optic,Bank transfer (automatic),0,Medium,0,2,0,Call,0,0,1,44.9,53.4,0,2.1,2.8,112,0
CUST-2989,22,One year,20.15,419.9,No,Mailed check,1,Low,0,1,1,Chat,0,1,1,7.7,9.0,0,3.1,4.3,7,0
CUST-2990,16,Two year,64.25,1024.0,DSL,Mailed check,2,Medium,1,1,2,Ticket,0,0,1,61.5,62.5,1,0.3,5.0,10,0
CUST-2991,10,Two year,25.7,251.6,No,Bank transfer (automatic),1,Low,0,0,2,Ticket,0,0,1,34.1,64.3,0,0.0,3.3,26,0
CUST-2992,13,Month-to-month,56.0,764.55,DSL,Electronic check,0,Low,0,0,3,Ticket,1,0,1,6.3,8.5,0,0.0,3.8,102,0
CUST-2993,2,Month-to-month,69.7,135.2,Fiber optic,Electronic check,1,Medium,0,0,1,Email,0,0,1,24.8,31.6,0,0.0,3.8,14,0
CUST-2994,53,Two year,73.9,3958.25,DSL,Bank transfer (automatic),3,Medium,0,0,4,Chat,0,0,1,5.7,24.1,0,0.0,3.8,9,0
CUST-2995,11,One year,20.6,233.9,No,Mailed check,1,Medium,0,0,1,Email,0,0,0,0.5,24.7,0,0.0,3.1,11,0
CUST-2996,69,Two year,19.9,1363.45,No,Mailed check,0,Low,0,0,1,Email,0,0,0,5.5,29.5,0,0.0,5.0,158,0
CUST-2997,72,Two year,89.05,6254.45,DSL,Bank transfer (automatic),1,Medium,1,0,1,Chat,1,0,1,3.1,28.9,0,0.0,5.0,14,0
CUST-2998,16,Month-to-month,20.4,321.4,No,Electronic check,1,High,0,0,1,Ticket,0,0,0,6.6,8.6,0,0.0,2.7,20,0
CUST-2999,43,One year,84.25,3539.25,Fiber optic,Bank transfer (automatic),1,High,0,0,4,Email,1,0,0,11.7,18.4,0,0.0,3.8,20,0
CUST-3000,14,Two year,81.95,1181.75,DSL,Mailed check,1,Low,0,1,1,Chat,0,1,1,2.9,15.9,0,5.8,3.6,4,0
CUST-3001,32,One year,20.55,654.55,No,Bank transfer (automatic),0,Low,0,1,0,Call,1,0,1,1.8,29.6,0,0.0,3.1,152,0
CUST-3002,34,Month-to-month,24.7,780.2,No,Electronic check,0,Medium,0,0,0,Ticket,0,0,1,12.8,19.5,0,0.0,5.0,177,0
CUST-3003,15,Month-to-month,105.35,1559.25,Fiber optic,Bank transfer (automatic),0,Low,1,0,0,Call,0,0,1,7.7,19.3,0,0.0,4.1,77,0
CUST-3004,61,One year,20.55,1252.0,No,Credit card (automatic),1,Low,0,0,1,Ticket,1,0,1,10.7,49.2,0,0.0,3.6,5,0
CUST-3005,1,Month-to-month,45.3,45.3,DSL,Mailed check,0,Low,0,0,0,Ticket,0,1,0,83.5,123.4,1,0.0,2.9,31,0
CUST-3006,33,One year,74.75,2453.3,DSL,Credit card (automatic),1,Medium,0,1,1,Chat,1,0,0,7.8,21.0,0,0.7,3.8,10,0
CUST-3007,20,Month-to-month,51.8,1023.85,DSL,Mailed check,0,Medium,1,2,0,Chat,1,0,0,16.6,25.0,0,7.9,3.9,118,0
CUST-3008,3,Month-to-month,30.4,82.15,DSL,Electronic check,0,Low,0,0,0,Call,1,0,1,11.9,22.1,0,0.0,4.8,128,0
CUST-3009,13,One year,19.65,244.8,No,Electronic check,2,Low,0,3,3,Call,0,0,1,24.1,51.8,0,16.1,4.1,28,0
CUST-3010,40,Month-to-month,56.6,2379.1,DSL,Credit card (automatic),1,Medium,1,0,1,Email,0,0,1,75.4,89.6,1,0.0,4.6,12,0
CUST-3011,43,One year,71.9,3173.35,DSL,Credit card (automatic),0,Low,0,1,0,Email,0,0,0,13.3,16.7,0,0.4,4.0,123,0
CUST-3012,69,Two year,19.75,1375.4,No,Bank transfer (automatic),2,Medium,0,0,3,Ticket,0,0,1,7.8,10.4,0,0.0,4.6,16,0
CUST-3013,72,Two year,109.7,8129.3,Fiber optic,Credit card (automatic),1,Low,2,0,1,Call,1,0,0,3.2,5.4,0,0.0,4.2,5,0
CUST-3014,59,Two year,19.3,1192.7,No,Credit card (automatic),0,Low,1,0,0,Email,0,0,1,30.1,41.0,0,0.0,5.0,121,0
CUST-3015,20,Month-to-month,96.55,1901.65,Fiber optic,Electronic check,0,Low,0,0,0,Chat,0,0,0,1.4,13.5,0,0.0,2.9,145,0
CUST-3016,24,Two year,24.1,587.4,No,Bank transfer (automatic),0,Medium,0,1,0,Chat,0,0,1,15.7,16.7,0,0.4,4.4,67,0
CUST-3017,59,Month-to-month,111.35,6519.75,Fiber optic,Electronic check,2,Medium,1,0,2,Call,0,0,1,26.0,42.5,0,0.0,3.1,22,0
CUST-3018,72,Two year,112.25,8041.65,Fiber optic,Bank transfer (automatic),4,Low,0,0,4,Chat,0,0,1,3.8,13.5,0,0.0,3.3,8,0
CUST-3019,1,Month-to-month,20.75,20.75,No,Mailed check,3,Low,0,1,4,Email,0,0,1,11.8,16.1,0,1.2,4.2,29,0
CUST-3020,27,One year,101.9,2681.15,Fiber optic,Credit card (automatic),0,Low,1,0,1,Email,1,0,0,9.1,46.7,0,0.0,3.6,99,0
CUST-3021,14,Month-to-month,80.05,1112.3,Fiber optic,Credit card (automatic),1,Medium,0,0,1,Call,1,0,1,4.3,12.4,0,0.0,3.2,24,0
CUST-3022,71,Two year,105.55,7405.5,Fiber optic,Electronic check,0,Low,0,1,0,Email,0,0,1,38.5,46.3,0,2.7,5.0,37,0
CUST-3023,13,Month-to-month,78.3,1033.95,Fiber optic,Credit card (automatic),0,Low,0,1,1,Call,1,0,1,13.7,20.7,0,0.1,3.8,144,0
CUST-3024,44,Month-to-month,68.85,2958.95,Fiber optic,Credit card (automatic),1,Medium,0,0,1,Email,0,0,0,34.9,44.8,0,0.0,4.3,25,0
CUST-3025,33,One year,79.95,2684.85,Fiber optic,Bank transfer (automatic),1,Medium,0,0,1,Email,0,1,1,34.3,34.9,0,0.0,4.2,11,0
CUST-3026,72,Two year,55.45,4179.2,DSL,Credit card (automatic),1,Low,1,0,1,Email,1,0,1,70.5,71.1,1,0.0,4.0,16,0
CUST-3027,64,One year,102.45,6654.1,Fiber optic,Credit card (automatic),2,Low,0,0,2,Call,0,0,1,45.4,52.8,0,0.0,3.4,24,0
CUST-3028,1,Month-to-month,25.25,25.25,DSL,Electronic check,0,High,0,0,0,Call,0,0,1,23.7,41.1,0,0.0,5.0,35,0
CUST-3029,61,Two year,19.75,1124.2,No,Mailed check,3,High,0,0,4,Email,0,0,1,20.3,29.0,0,0.0,4.3,21,0
CUST-3030,29,One year,20.0,540.05,No,Electronic check,1,Low,0,0,1,Email,0,0,1,3.2,33.8,0,0.0,3.5,20,0
CUST-3031,23,Month-to-month,86.8,1975.85,Fiber optic,Electronic check,2,Medium,1,1,2,Email,0,0,1,10.1,22.3,0,2.2,2.6,17,0
CUST-3032,57,Month-to-month,58.75,3437.45,DSL,Bank transfer (automatic),3,Medium,1,0,3,Chat,0,0,0,14.9,15.0,0,0.0,2.4,7,0
CUST-3033,72,Two year,45.25,3139.8,DSL,Credit card (automatic),1,High,1,1,2,Ticket,0,0,1,1.1,8.3,0,0.6,4.2,13,0
CUST-3034,66,Two year,56.6,3789.2,DSL,Bank transfer (automatic),0,Low,0,0,0,Ticket,0,0,1,3.0,12.7,0,0.0,5.0,171,0
CUST-3035,65,Two year,84.2,5324.5,DSL,Bank transfer (automatic),0,Medium,0,0,1,Chat,0,0,0,18.4,18.6,0,0.0,2.6,156,0
CUST-3036,8,Month-to-month,80.0,624.6,Fiber optic,Bank transfer (automatic),1,Medium,1,0,1,Ticket,0,0,0,2.9,4.2,0,0.0,1.8,9,0
CUST-3037,71,Two year,24.75,1836.9,No,Bank transfer (automatic),1,Low,0,0,2,Ticket,1,0,1,7.4,86.1,0,0.0,2.4,27,0
CUST-3038,1,One year,20.2,20.2,No,Electronic check,0,Medium,0,2,0,Ticket,0,0,1,0.7,14.2,0,0.8,5.0,146,0
CUST-3039,12,One year,19.35,219.35,No,Bank transfer (automatic),2,Low,1,0,2,Email,0,1,0,3.3,16.9,0,0.0,4.2,2,0
CUST-3040,24,One year,50.6,1288.75,DSL,Mailed check,2,Low,0,0,3,Chat,0,0,1,14.6,24.7,0,0.0,3.3,15,0
CUST-3041,31,One year,81.15,2545.75,DSL,Mailed check,1,Low,1,1,1,Email,0,0,0,18.5,45.7,0,2.1,2.5,10,0
CUST-3042,30,Month-to-month,89.9,2723.15,Fiber optic,Credit card (automatic),1,High,0,0,1,Ticket,0,0,1,2.0,6.0,0,0.0,3.8,2,0
CUST-3043,47,Two year,85.3,4107.25,DSL,Credit card (automatic),0,Medium,1,2,0,Chat,0,0,1,5.0,28.0,0,5.7,3.4,46,0
CUST-3044,54,Two year,108.0,5760.65,Fiber optic,Credit card (automatic),1,Medium,0,0,2,Chat,0,1,0,9.1,10.3,0,0.0,3.0,15,0
CUST-3045,50,Month-to-month,93.5,4747.5,Fiber optic,Credit card (automatic),0,Medium,0,0,1,Email,0,0,1,20.6,64.9,0,0.0,4.1,57,0
CUST-3046,72,Two year,20.25,1566.9,No,Credit card (automatic),1,Low,0,1,1,Call,2,0,1,1.4,21.8,0,3.7,1.6,26,0
CUST-3047,29,Month-to-month,25.15,702.0,No,Electronic check,2,Low,1,1,2,Chat,0,0,1,10.7,10.8,0,3.3,4.5,5,0
CUST-3048,10,Two year,29.6,299.05,DSL,Mailed check,1,Medium,0,0,2,Call,0,0,0,24.0,24.8,0,0.0,2.6,4,0
CUST-3049,18,Month-to-month,73.15,1305.95,Fiber optic,Electronic check,3,High,0,0,5,Ticket,2,0,0,2.7,3.8,0,0.0,4.6,7,0
CUST-3050,16,Two year,19.75,284.35,No,Mailed check,0,Low,0,0,1,Chat,1,1,0,14.2,28.0,0,0.0,1.7,87,0
CUST-3051,72,Two year,86.6,6350.5,DSL,Bank transfer (automatic),1,Low,0,0,1,Call,0,0,1,10.5,24.3,0,0.0,3.5,3,0
CUST-3052,72,Two year,109.2,7878.3,Fiber optic,Bank transfer (automatic),0,Low,0,0,0,Call,0,0,0,8.9,9.9,0,0.0,3.7,104,0
CUST-3053,41,One year,74.7,3187.65,DSL,Credit card (automatic),0,Low,1,1,0,Email,0,0,0,48.9,56.0,1,1.2,4.9,65,0
CUST-3054,65,Month-to-month,94.4,6126.15,Fiber optic,Electronic check,1,Low,0,0,1,Call,0,0,0,9.1,12.3,0,0.0,4.6,2,0
CUST-3055,13,Month-to-month,54.8,731.3,DSL,Electronic check,0,Medium,0,0,0,Ticket,0,0,1,10.7,16.8,0,0.0,4.9,99,0
CUST-3056,4,Month-to-month,75.35,273.4,Fiber optic,Electronic check,1,Low,0,0,1,Ticket,0,1,1,1.2,4.4,0,0.0,3.7,8,0
CUST-3057,41,One year,65.0,2531.8,DSL,Mailed check,0,Low,0,1,0,Chat,0,0,1,8.2,14.6,0,0.2,4.9,158,0
CUST-3058,42,One year,99.0,4298.45,Fiber optic,Electronic check,1,Medium,1,0,1,Email,0,0,1,13.4,25.7,0,0.0,2.9,3,0
CUST-3059,51,One year,93.5,4619.55,Fiber optic,Electronic check,1,High,0,0,1,Email,0,0,0,0.2,2.2,0,0.0,2.3,26,0
CUST-3060,32,One year,83.7,2633.3,DSL,Credit card (automatic),0,Low,0,0,0,Email,0,0,1,0.9,3.9,0,0.0,5.0,35,0
CUST-3061,10,Month-to-month,19.85,193.05,No,Mailed check,0,Medium,0,0,1,Ticket,0,0,1,4.9,10.2,0,0.0,4.5,112,0
CUST-3062,67,Two year,59.55,4103.9,DSL,Electronic check,3,Low,0,1,5,Call,0,0,1,24.4,71.3,0,5.7,2.4,6,0
CUST-3063,61,Two year,115.1,7008.15,Fiber optic,Credit card (automatic),1,High,1,0,1,Ticket,0,1,1,27.5,39.7,0,0.0,4.2,23,0
CUST-3064,50,One year,114.35,5791.1,Fiber optic,Credit card (automatic),3,Medium,0,0,4,Ticket,1,0,1,29.1,58.8,0,0.0,2.8,4,0
CUST-3065,29,Month-to-month,45.0,1228.65,DSL,Electronic check,1,Medium,0,0,1,Call,0,0,1,15.3,38.6,0,0.0,4.4,23,0
CUST-3066,57,Month-to-month,89.85,4925.35,Fiber optic,Electronic check,1,Low,0,0,1,Ticket,0,0,1,32.5,42.3,0,0.0,3.4,10,0
CUST-3067,31,Two year,49.85,1520.1,DSL,Bank transfer (automatic),0,Medium,0,0,0,Chat,0,0,0,2.7,6.5,0,0.0,3.8,150,0
CUST-3068,45,One year,113.3,5032.25,Fiber optic,Mailed check,1,Medium,0,0,2,Chat,0,0,0,46.3,49.9,0,0.0,3.8,7,0
CUST-3069,61,Two year,88.1,5526.75,DSL,Mailed check,0,Low,1,2,0,Chat,1,1,0,29.5,39.6,0,0.6,5.0,59,0
CUST-3070,50,Two year,24.9,1195.25,No,Bank transfer (automatic),3,Low,0,0,3,Chat,0,0,0,16.5,26.2,0,0.0,4.8,19,0
CUST-3071,19,Month-to-month,105.0,2007.25,Fiber optic,Mailed check,0,Medium,0,1,0,Chat,1,0,0,15.7,25.5,0,1.3,3.6,121,0
CUST-3072,71,Two year,24.25,1732.95,No,Credit card (automatic),1,Medium,0,1,1,Email,0,0,1,2.1,7.6,0,2.7,2.4,5,0
CUST-3073,57,Two year,59.75,3450.15,DSL,Electronic check,1,Low,0,0,1,Ticket,0,0,1,29.1,43.8,0,0.0,3.1,25,0
CUST-3074,20,Month-to-month,107.05,2172.05,Fiber optic,Electronic check,0,Medium,1,0,0,Call,0,0,0,12.4,18.7,0,0.0,4.5,154,0
CUST-3075,21,Month-to-month,64.95,1339.8,DSL,Bank transfer (automatic),0,Low,1,0,0,Email,0,0,1,31.0,36.2,0,0.0,2.8,117,0
CUST-3076,14,Month-to-month,55.0,771.95,DSL,Electronic check,1,Low,0,0,1,Call,0,0,1,6.8,15.3,0,0.0,5.0,29,0
CUST-3077,5,Month-to-month,50.55,244.75,DSL,Bank transfer (automatic),0,Medium,0,0,1,Ticket,0,0,1,0.9,28.0,0,0.0,2.4,110,0
CUST-3078,6,Month-to-month,55.15,322.9,DSL,Mailed check,2,Low,0,0,2,Email,0,0,1,12.7,27.4,0,0.0,2.7,10,0
CUST-3079,10,Month-to-month,51.2,498.25,DSL,Electronic check,2,Low,0,0,2,Call,0,1,1,38.4,58.6,0,0.0,2.1,1,0
CUST-3080,1,Month-to-month,25.4,25.4,No,Mailed check,1,Low,0,0,1,Chat,0,0,0,1.7,10.8,0,0.0,4.0,15,0
CUST-3081,68,Month-to-month,54.45,3687.75,DSL,Mailed check,1,Medium,2,0,2,Email,0,0,1,9.5,19.0,0,0.0,3.0,22,0
CUST-3082,22,One year,76.0,1783.6,Fiber optic,Credit card (automatic),2,Low,0,0,2,Chat,1,0,1,32.3,55.9,0,0.0,3.9,20,0
CUST-3083,20,Month-to-month,44.35,927.15,DSL,Electronic check,0,High,0,0,1,Email,1,0,1,4.7,6.6,0,0.0,4.3,42,0
CUST-3084,35,One year,61.2,2021.2,DSL,Mailed check,2,Low,0,0,2,Ticket,1,1,1,5.5,44.6,0,0.0,4.1,4,0
CUST-3085,23,One year,86.8,1940.8,Fiber optic,Mailed check,1,Medium,1,0,2,Email,1,1,0,17.5,26.3,0,0.0,2.6,29,0
CUST-3086,6,Month-to-month,89.35,567.8,Fiber optic,Electronic check,0,Low,0,0,0,Ticket,0,0,1,36.0,40.7,0,0.0,3.6,95,0
CUST-3087,12,Month-to-month,19.7,220.35,No,Mailed check,1,Medium,0,2,1,Email,0,1,0,15.5,20.0,0,3.7,5.0,23,0
CUST-3088,1,Month-to-month,20.25,20.25,No,Mailed check,1,Medium,0,0,1,Ticket,0,0,1,1.9,2.4,0,0.0,2.9,26,0
CUST-3089,71,Two year,76.05,5436.45,Fiber optic,Electronic check,0,Low,0,0,0,Chat,1,0,1,47.7,51.8,0,0.0,3.3,114,0
CUST-3090,35,Month-to-month,100.8,3437.5,Fiber optic,Electronic check,1,Low,1,0,1,Ticket,0,1,0,13.8,20.5,0,0.0,3.6,9,0
CUST-3091,40,Month-to-month,74.55,3015.75,DSL,Electronic check,0,Low,0,0,1,Chat,0,0,1,7.6,22.0,0,0.0,4.2,82,0
CUST-3092,23,One year,64.9,1509.8,DSL,Bank transfer (automatic),1,Low,0,0,2,Email,0,1,0,25.2,29.1,0,0.0,3.2,1,0
CUST-3093,4,Month-to-month,90.4,356.65,Fiber optic,Electronic check,2,Low,0,0,2,Email,0,0,1,21.2,34.0,0,0.0,3.8,28,0
CUST-3094,68,Two year,60.3,4109.0,DSL,Credit card (automatic),0,Medium,0,0,0,Email,0,0,1,6.6,17.6,0,0.0,4.1,93,0
CUST-3095,38,Month-to-month,81.85,3141.7,Fiber optic,Mailed check,0,Medium,1,0,0,Email,0,0,1,34.8,41.9,0,0.0,4.7,57,0
CUST-3096,52,Two year,24.8,1229.1,No,Mailed check,2,Low,1,0,2,Chat,1,0,0,1.6,1.7,0,0.0,4.3,22,0
CUST-3097,29,Two year,75.55,2054.4,DSL,Mailed check,1,Low,1,0,1,Call,0,1,0,38.0,48.7,0,0.0,2.2,8,0
CUST-3098,38,Month-to-month,101.15,3741.85,Fiber optic,Electronic check,2,Low,0,0,2,Call,0,0,0,1.9,3.3,0,0.0,3.9,22,0
CUST-3099,48,One year,78.75,3682.45,DSL,Credit card (automatic),0,Low,0,0,0,Ticket,0,0,0,0.7,0.8,0,0.0,3.5,144,0
CUST-3100,1,Month-to-month,19.25,19.25,No,Bank transfer (automatic),0,Medium,1,0,1,Email,0,0,1,36.0,37.3,0,0.0,2.6,69,0
CUST-3101,22,Month-to-month,89.05,1886.25,Fiber optic,Electronic check,0,Medium,1,0,0,Email,0,0,1,1.2,3.8,0,0.0,5.0,38,0
CUST-3102,43,Two year,115.05,4895.1,Fiber optic,Credit card (automatic),1,Low,1,0,3,Call,2,0,1,85.8,93.8,1,0.0,2.6,12,0
CUST-3103,5,Month-to-month,69.35,341.6,Fiber optic,Electronic check,0,Low,0,1,0,Call,0,0,1,1.5,18.3,0,0.5,2.4,136,0
CUST-3104,51,One year,110.05,5686.4,Fiber optic,Credit card (automatic),1,Medium,0,0,2,Email,0,0,1,31.8,66.3,0,0.0,3.2,19,0
CUST-3105,71,Two year,19.9,1355.1,No,Credit card (automatic),0,Low,0,0,0,Email,1,0,1,59.9,63.9,1,0.0,3.7,35,0
CUST-3106,35,Month-to-month,91.5,3236.35,Fiber optic,Credit card (automatic),0,Low,1,0,0,Call,1,0,1,15.3,25.1,0,0.0,3.5,141,0
CUST-3107,72,Two year,60.0,4264.0,DSL,Electronic check,0,Medium,1,2,3,Chat,0,0,0,3.3,68.2,0,1.7,5.0,96,0
CUST-3108,1,Month-to-month,44.8,44.8,DSL,Electronic check,1,Medium,1,0,1,Email,0,0,0,3.2,13.8,0,0.0,3.4,14,0
CUST-3109,9,One year,48.6,422.3,DSL,Mailed check,1,Low,0,0,1,Call,0,0,0,25.7,36.4,0,0.0,2.7,1,0
CUST-3110,69,Two year,60.05,4176.7,DSL,Bank transfer (automatic),1,High,0,2,2,Chat,0,0,0,1.3,3.4,0,2.1,4.3,4,0
CUST-3111,52,Month-to-month,102.7,5138.1,Fiber optic,Credit card (automatic),0,Low,1,0,1,Call,1,0,1,20.8,25.4,0,0.0,2.4,81,0
CUST-3112,11,Month-to-month,82.9,880.05,Fiber optic,Electronic check,0,Medium,0,1,0,Email,0,0,1,6.1,8.7,0,0.0,2.5,57,0
CUST-3113,28,Month-to-month,35.9,973.65,DSL,Electronic check,1,Low,0,0,1,Ticket,0,0,1,47.0,78.3,0,0.0,4.8,11,0
CUST-3114,17,Month-to-month,82.65,1470.05,Fiber optic,Credit card (automatic),0,Medium,0,0,0,Call,0,0,1,14.5,22.0,0,0.0,5.0,121,0
CUST-3115,35,Two year,19.85,739.35,No,Mailed check,1,High,1,0,1,Ticket,1,1,1,4.5,9.8,0,0.0,2.7,5,0
CUST-3116,8,One year,19.2,161.95,No,Mailed check,0,Low,0,1,0,Ticket,0,1,1,33.7,49.6,0,0.2,5.0,144,0
CUST-3117,46,One year,94.9,4422.95,Fiber optic,Credit card (automatic),0,Medium,1,0,2,Email,0,0,0,73.6,78.7,1,0.0,3.4,170,0
CUST-3118,68,Two year,88.15,6148.45,DSL,Electronic check,0,Medium,1,0,0,Chat,3,0,1,24.6,48.9,0,0.0,2.7,64,0
CUST-3119,36,Month-to-month,94.8,3565.65,Fiber optic,Credit card (automatic),1,Low,1,0,1,Ticket,0,0,1,21.5,35.1,0,0.0,4.1,18,0
CUST-3120,32,Month-to-month,54.65,1830.1,DSL,Bank transfer (automatic),1,Medium,0,0,1,Chat,0,0,1,35.0,35.5,0,0.0,3.3,11,0
CUST-3121,71,Two year,85.75,6223.8,DSL,Credit card (automatic),1,High,0,0,1,Email,0,0,0,0.4,10.2,0,0.0,3.1,10,0
CUST-3122,66,Month-to-month,67.45,4508.65,DSL,Bank transfer (automatic),0,Medium,0,0,1,Email,0,1,0,39.6,60.3,0,0.0,3.1,166,0
CUST-3123,63,One year,20.5,1328.15,No,Mailed check,1,Low,0,1,1,Email,0,0,1,5.2,39.1,0,2.2,3.0,25,0
CUST-3124,41,One year,20.25,865.0,No,Credit card (automatic),0,Low,0,0,0,Chat,1,0,1,16.1,20.4,0,0.0,4.4,80,0
CUST-3125,1,Month-to-month,72.1,72.1,Fiber optic,Electronic check,1,Low,0,0,2,Call,0,0,1,10.7,14.8,0,0.0,4.4,20,0
CUST-3126,70,Two year,19.45,1303.5,No,Bank transfer (automatic),0,Low,0,0,1,Ticket,0,0,0,10.2,19.7,0,0.0,3.9,58,0
CUST-3127,23,Month-to-month,44.95,996.85,DSL,Electronic check,1,Medium,1,0,1,Email,0,0,1,10.8,11.0,0,0.0,5.0,12,0
CUST-3128,64,One year,97.0,6430.9,Fiber optic,Bank transfer (automatic),2,Low,0,0,3,Ticket,0,0,1,20.7,24.9,0,0.0,3.3,20,0
CUST-3129,37,Two year,62.8,2278.75,DSL,Credit card (automatic),1,Low,0,0,1,Chat,0,0,1,20.3,37.7,0,0.0,4.3,12,0
CUST-3130,17,One year,44.6,681.4,DSL,Mailed check,0,Low,0,0,0,Chat,1,0,0,8.5,32.4,0,0.0,4.9,37,0
CUST-3131,7,Month-to-month,89.15,574.35,Fiber optic,Electronic check,2,Low,0,0,2,Ticket,0,0,1,88.9,94.9,1,0.0,4.8,21,0
CUST-3132,16,Month-to-month,54.1,889.0,DSL,Electronic check,0,Medium,2,0,0,Call,1,0,1,61.0,90.8,1,0.0,3.3,100,0
CUST-3133,64,Two year,105.25,6823.4,Fiber optic,Electronic check,0,Medium,0,0,1,Email,1,0,1,3.1,7.1,0,0.0,3.8,170,0
CUST-3134,42,One year,97.1,4016.75,Fiber optic,Electronic check,2,Low,0,0,4,Call,1,0,1,21.0,21.4,0,0.0,3.8,2,0
CUST-3135,5,Month-to-month,20.2,83.75,No,Mailed check,1,Low,0,0,1,Ticket,0,0,1,12.9,15.1,0,0.0,5.0,23,0
CUST-3136,41,Two year,98.8,3959.15,Fiber optic,Bank transfer (automatic),2,Low,0,0,2,Email,0,0,1,5.7,29.9,0,0.0,3.6,16,0
CUST-3137,58,One year,50.3,2878.55,DSL,Credit card (automatic),1,Low,1,0,2,Email,0,1,0,29.7,71.1,0,0.0,2.4,16,0
CUST-3138,47,Two year,20.55,945.7,No,Mailed check,1,Low,1,0,2,Ticket,0,0,1,4.6,15.8,0,0.0,5.0,24,0
CUST-3139,18,Month-to-month,75.9,1373.05,Fiber optic,Bank transfer (automatic),2,Medium,0,0,4,Email,0,0,1,20.0,35.7,0,0.0,3.0,9,0
CUST-3140,23,Month-to-month,59.95,1406.0,DSL,Bank transfer (automatic),1,Low,1,0,1,Call,0,0,1,24.0,45.6,0,0.0,3.8,22,0
CUST-3141,1,Month-to-month,19.15,19.15,No,Mailed check,1,High,0,0,1,Chat,0,0,0,9.3,11.8,0,0.0,2.5,4,0
CUST-3142,71,One year,98.65,6962.85,Fiber optic,Credit card (automatic),0,Low,0,0,0,Chat,0,0,1,0.7,10.3,0,0.0,4.1,66,0
CUST-3143,72,Two year,112.6,8126.65,Fiber optic,Credit card (automatic),1,Low,0,0,2,Ticket,0,0,1,6.9,40.3,0,0.0,4.6,25,0
CUST-3144,33,One year,20.6,690.25,No,Mailed check,1,Medium,0,1,2,Chat,0,1,0,29.8,35.1,0,0.2,2.8,4,0
CUST-3145,24,Two year,35.75,830.8,DSL,Mailed check,0,Medium,0,1,0,Chat,0,0,0,20.1,76.1,0,0.5,4.9,166,0
CUST-3146,56,One year,99.75,5608.4,Fiber optic,Credit card (automatic),0,Medium,0,0,0,Ticket,0,0,0,11.9,26.6,0,0.0,5.0,69,0
CUST-3147,37,Month-to-month,96.1,3646.8,Fiber optic,Credit card (automatic),0,High,1,2,0,Ticket,0,1,1,22.4,35.8,0,3.1,4.5,151,0
CUST-3148,43,One year,85.1,3662.25,DSL,Credit card (automatic),1,Low,0,0,1,Email,0,0,0,4.4,4.7,0,0.0,3.3,7,0
CUST-3149,1,Month-to-month,25.35,25.35,DSL,Mailed check,2,Medium,0,0,4,Ticket,0,0,1,46.8,47.0,0,0.0,3.5,13,0
CUST-3150,61,Two year,89.65,5308.7,DSL,Electronic check,1,Low,0,1,1,Call,0,0,1,32.9,35.0,0,5.8,3.1,14,0
CUST-3151,17,One year,86.75,1410.25,Fiber optic,Electronic check,0,Medium,0,0,0,Ticket,0,0,0,0.6,33.0,0,0.0,3.2,126,0
CUST-3152,41,One year,86.2,3339.05,Fiber optic,Bank transfer (automatic),2,Low,0,0,3,Email,0,0,0,19.9,38.8,0,0.0,4.3,22,0
CUST-3153,72,Two year,64.8,4732.35,DSL,Bank transfer (automatic),0,Low,0,0,1,Email,0,0,0,5.8,14.6,0,0.0,4.7,71,0
CUST-3154,48,Two year,108.1,5067.45,Fiber optic,Bank transfer (automatic),0,Medium,0,0,1,Ticket,0,0,0,12.3,20.4,0,0.0,3.9,46,0
CUST-3155,42,One year,54.75,2348.45,DSL,Electronic check,0,Low,1,0,0,Call,1,0,1,4.0,5.6,0,0.0,4.6,83,0
CUST-3156,44,Month-to-month,90.4,4063.0,Fiber optic,Mailed check,2,Low,0,0,3,Email,2,0,0,23.8,29.7,0,0.0,3.6,25,0
CUST-3157,1,Month-to-month,44.0,44.0,DSL,Electronic check,1,Low,0,0,1,Call,0,1,0,0.8,2.8,0,0.0,3.3,15,0
CUST-3158,27,Month-to-month,95.6,2595.25,Fiber optic,Bank transfer (automatic),0,Medium,0,1,1,Email,0,0,1,14.5,18.3,0,0.2,2.7,175,0
CUST-3159,27,Month-to-month,84.8,2309.55,DSL,Bank transfer (automatic),3,High,0,0,4,Chat,0,0,1,2.1,2.2,0,0.0,2.7,13,0
CUST-3160,2,Month-to-month,44.3,89.3,DSL,Electronic check,1,Medium,0,0,1,Email,0,0,1,6.6,12.4,0,0.0,3.9,19,0
CUST-3161,19,Month-to-month,19.9,367.55,No,Mailed check,2,Medium,1,0,3,Email,0,0,0,3.9,17.2,0,0.0,3.4,19,0
CUST-3162,42,Month-to-month,95.05,3944.5,Fiber optic,Electronic check,1,Medium,1,1,2,Email,0,0,1,10.2,24.2,0,1.1,2.8,7,0
CUST-3163,66,Two year,90.05,5965.95,DSL,Credit card (automatic),0,Low,0,0,2,Email,2,0,1,11.8,18.3,0,0.0,4.4,68,0
CUST-3164,33,Month-to-month,109.9,3694.7,Fiber optic,Bank transfer (automatic),1,Low,0,0,2,Email,0,0,1,19.4,35.1,0,0.0,4.4,6,0
CUST-3165,33,Month-to-month,54.6,1803.7,DSL,Electronic check,1,Medium,0,0,1,Ticket,0,0,0,10.8,17.4,0,0.0,3.5,28,0
CUST-3166,23,One year,20.05,415.1,No,Mailed check,1,Low,0,0,1,Ticket,0,0,0,23.2,51.2,0,0.0,4.7,1,0
CUST-3167,32,One year,19.75,624.15,No,Bank transfer (automatic),0,Low,0,1,0,Call,1,0,0,29.6,34.2,0,1.4,2.3,96,0
CUST-3168,11,One year,20.05,237.7,No,Credit card (automatic),0,Low,0,0,0,Chat,0,0,0,91.2,102.3,1,0.0,4.5,69,0
CUST-3169,68,One year,55.9,3848.8,DSL,Bank transfer (automatic),3,Medium,1,0,4,Ticket,0,0,1,2.4,3.7,0,0.0,5.0,14,0
CUST-3170,20,Two year,19.7,419.4,No,Mailed check,1,Low,0,0,3,Chat,0,0,1,9.5,17.8,0,0.0,4.4,14,0
CUST-3171,72,Two year,19.8,1468.75,No,Credit card (automatic),1,Medium,0,1,1,Call,0,1,1,5.3,11.0,0,0.0,2.5,12,0
CUST-3172,60,One year,95.4,5812.0,Fiber optic,Bank transfer (automatic),2,Medium,2,1,2,Call,0,0,0,23.2,26.8,0,1.0,3.7,12,0
CUST-3173,32,Month-to-month,93.95,2861.45,Fiber optic,Mailed check,0,Medium,1,1,0,Email,0,0,0,13.1,17.6,0,5.3,5.0,32,0
CUST-3174,46,One year,24.45,1066.15,No,Bank transfer (automatic),1,High,0,0,1,Ticket,0,0,1,2.1,6.7,0,0.0,2.4,7,0
CUST-3175,29,Month-to-month,74.95,2149.05,Fiber optic,Electronic check,0,Low,0,1,1,Email,0,0,1,1.2,9.1,0,11.6,2.6,175,0
CUST-3176,51,Month-to-month,87.35,4473.0,Fiber optic,Electronic check,0,Medium,0,0,0,Email,1,0,1,12.5,34.7,0,0.0,5.0,73,0
CUST-3177,48,Month-to-month,70.65,3545.05,Fiber optic,Bank transfer (automatic),2,High,1,3,2,Call,0,0,0,7.8,15.8,0,5.5,3.5,8,0
CUST-3178,16,Month-to-month,73.25,1195.75,Fiber optic,Bank transfer (automatic),0,Medium,0,0,0,Email,0,0,1,13.5,16.3,0,0.0,3.3,103,0
CUST-3179,70,Two year,98.7,6858.9,Fiber optic,Bank transfer (automatic),1,Medium,1,0,4,Call,0,0,1,5.1,6.0,0,0.0,2.5,10,0
CUST-3180,40,Two year,24.8,1024.7,No,Mailed check,0,Low,0,0,0,Ticket,0,0,1,8.8,14.0,0,0.0,4.2,136,0
CUST-3181,5,Month-to-month,24.3,132.25,No,Mailed check,0,Medium,0,0,0,Ticket,0,0,1,65.7,67.7,1,0.0,3.9,118,0
CUST-3182,7,Month-to-month,69.85,515.45,Fiber optic,Bank transfer (automatic),4,Low,0,0,4,Email,0,0,0,5.0,26.6,0,0.0,3.0,16,0
CUST-3183,29,One year,100.55,2830.45,Fiber optic,Credit card (automatic),0,High,0,0,0,Call,0,0,1,0.4,64.0,0,0.0,5.0,49,0
CUST-3184,44,One year,25.7,1110.5,No,Mailed check,0,Medium,0,0,0,Ticket,0,1,1,46.1,68.7,0,0.0,3.0,127,0
CUST-3185,10,Month-to-month,40.7,449.3,DSL,Bank transfer (automatic),0,High,0,0,0,Chat,1,0,1,29.3,35.1,0,0.0,4.0,102,0
CUST-3186,55,Month-to-month,51.65,2838.55,DSL,Bank transfer (automatic),3,Medium,0,0,3,Ticket,1,0,1,10.9,11.9,0,0.0,2.5,22,0
CUST-3187,52,One year,105.1,5376.4,Fiber optic,Bank transfer (automatic),2,Low,2,1,4,Call,1,0,1,13.7,28.5,0,0.1,3.8,18,0
CUST-3188,10,Month-to-month,85.95,858.6,Fiber optic,Electronic check,1,Low,0,0,4,Email,0,0,1,7.4,20.6,0,0.0,4.0,15,0
CUST-3189,18,Month-to-month,75.6,1395.05,Fiber optic,Bank transfer (automatic),0,High,1,0,0,Call,0,0,1,2.8,3.6,0,0.0,3.8,62,0
CUST-3190,68,One year,58.25,3975.7,DSL,Bank transfer (automatic),2,Low,0,0,2,Email,0,0,1,5.6,24.3,0,0.0,2.0,6,0
CUST-3191,72,Two year,65.2,4784.45,DSL,Credit card (automatic),0,Low,0,0,0,Ticket,0,0,0,8.0,28.9,0,0.0,4.0,138,0
CUST-3192,2,Month-to-month,53.45,119.5,DSL,Electronic check,3,Medium,0,0,5,Email,0,0,0,14.6,29.8,0,0.0,5.0,17,0
CUST-3193,41,Two year,19.75,899.45,No,Electronic check,0,Low,0,0,0,Email,0,0,1,6.0,21.6,0,0.0,2.0,97,0
CUST-3194,26,Month-to-month,44.45,1183.8,DSL,Credit card (automatic),0,Medium,0,1,0,Email,1,1,0,7.0,21.1,0,2.0,3.9,147,0
CUST-3195,36,One year,20.85,720.05,No,Bank transfer (automatic),0,Low,0,0,1,Email,0,0,1,14.3,21.2,0,0.0,5.0,79,0
CUST-3196,72,Two year,114.05,8468.2,Fiber optic,Credit card (automatic),0,Medium,4,0,1,Chat,0,1,1,6.0,17.5,0,0.0,3.1,107,0
CUST-3197,35,Month-to-month,89.85,3161.2,Fiber optic,Bank transfer (automatic),0,High,0,1,0,Chat,0,0,0,64.3,75.8,1,0.0,3.2,166,0
CUST-3198,1,Month-to-month,55.05,55.05,DSL,Mailed check,1,Low,0,1,2,Email,1,0,1,10.6,19.9,0,0.3,5.0,16,0
CUST-3199,16,Month-to-month,112.95,1882.55,Fiber optic,Electronic check,1,Low,0,0,2,Call,0,0,0,29.7,40.8,0,0.0,3.5,19,0
CUST-3200,49,Month-to-month,101.55,5070.4,Fiber optic,Credit card (automatic),1,Low,0,0,3,Call,0,0,0,20.5,26.7,0,0.0,4.2,8,0
CUST-3201,54,One year,114.65,6049.5,Fiber optic,Mailed check,1,High,0,0,2,Ticket,0,0,0,2.6,16.2,0,0.0,3.7,22,0
CUST-3202,18,Month-to-month,64.8,1166.7,DSL,Electronic check,2,Low,1,0,2,Chat,1,0,0,27.4,30.5,0,0.0,3.8,15,0
CUST-3203,36,Month-to-month,80.4,2937.65,Fiber optic,Electronic check,0,Low,0,0,0,Ticket,0,0,0,5.1,28.2,0,0.0,5.0,79,0
CUST-3204,52,Two year,25.05,1270.25,No,Bank transfer (automatic),2,Medium,0,1,2,Ticket,0,1,0,39.9,62.7,0,2.0,1.6,28,0
CUST-3205,8,Month-to-month,94.75,759.55,Fiber optic,Electronic check,2,Low,0,0,3,Chat,0,1,1,23.0,31.3,0,0.0,4.0,29,0
CUST-3206,72,Two year,105.5,7611.55,Fiber optic,Bank transfer (automatic),3,High,1,0,3,Email,0,0,1,22.7,31.0,0,0.0,5.0,13,0
CUST-3207,64,One year,24.7,1642.75,No,Mailed check,2,High,0,0,2,Call,1,0,1,6.6,12.7,0,0.0,3.7,16,0
CUST-3208,22,Month-to-month,69.75,1545.4,DSL,Mailed check,1,Medium,1,0,1,Ticket,1,0,1,9.0,9.5,0,0.0,4.5,1,0
CUST-3209,60,Month-to-month,60.2,3582.4,DSL,Bank transfer (automatic),0,Medium,0,0,0,Call,0,0,1,23.7,25.5,0,0.0,4.6,38,0
CUST-3210,61,Two year,24.4,1417.9,No,Mailed check,0,Low,0,0,0,Email,2,0,1,8.1,23.2,0,0.0,4.1,138,0
CUST-3211,24,Month-to-month,104.15,2494.65,Fiber optic,Electronic check,0,Medium,1,0,0,Ticket,0,2,0,10.9,12.7,0,0.0,5.0,80,0
CUST-3212,28,One year,92.9,2768.35,Fiber optic,Bank transfer (automatic),0,Medium,2,1,0,Call,1,0,0,14.7,21.1,0,1.2,3.6,80,0
CUST-3213,30,Two year,80.8,2369.3,DSL,Bank transfer (automatic),1,Low,0,0,4,Chat,0,0,0,6.4,11.6,0,0.0,2.9,4,0
CUST-3214,2,Month-to-month,20.0,38.0,No,Mailed check,2,Low,1,1,2,Ticket,0,1,1,25.9,28.9,0,0.1,2.1,3,0
CUST-3215,1,Month-to-month,75.1,75.1,Fiber optic,Electronic check,0,High,1,0,0,Email,0,0,0,5.8,14.8,0,0.0,3.1,90,0
CUST-3216,6,Month-to-month,19.65,100.9,No,Mailed check,3,Low,0,0,4,Ticket,0,0,1,1.0,6.4,0,0.0,4.3,7,0
CUST-3217,24,Month-to-month,69.45,1614.05,DSL,Bank transfer (automatic),4,Medium,0,2,4,Ticket,0,0,1,27.8,44.9,0,0.1,3.5,25,0
CUST-3218,72,Two year,116.05,8404.9,Fiber optic,Bank transfer (automatic),0,Low,0,0,1,Call,0,0,1,8.4,20.6,0,0.0,4.9,117,0
CUST-3219,70,Two year,40.05,2799.75,DSL,Mailed check,2,Low,0,0,5,Call,0,0,1,33.7,41.5,0,0.0,4.5,20,0
CUST-3220,64,Two year,102.1,6538.45,Fiber optic,Electronic check,0,Medium,1,0,0,Chat,0,0,0,17.6,27.9,0,0.0,2.9,169,0
CUST-3221,72,One year,89.7,6588.95,Fiber optic,Electronic check,0,Low,1,0,0,Email,0,0,0,32.0,38.8,0,0.0,3.9,72,0
CUST-3222,44,Two year,19.9,868.1,No,Mailed check,0,Medium,0,0,0,Chat,0,0,1,8.6,27.0,0,0.0,4.7,148,0
CUST-3223,17,One year,20.65,330.6,No,Mailed check,0,Low,2,0,0,Call,0,0,0,14.8,53.5,0,0.0,4.9,65,0
CUST-3224,9,Month-to-month,70.05,564.4,DSL,Mailed check,0,Low,1,0,0,Email,0,0,1,0.2,17.7,0,0.0,3.5,96,0
CUST-3225,24,Month-to-month,53.6,1315.35,DSL,Mailed check,1,High,1,1,1,Chat,0,0,0,5.3,29.1,0,1.6,4.0,20,0
CUST-3226,35,Month-to-month,76.05,2747.2,DSL,Electronic check,0,Medium,0,0,0,Ticket,1,0,1,37.4,55.7,0,0.0,5.0,173,0
CUST-3227,7,Month-to-month,75.7,554.05,DSL,Electronic check,0,High,0,0,0,Chat,0,0,1,10.5,16.7,0,0.0,3.5,30,0
CUST-3228,11,Two year,19.65,225.75,No,Mailed check,1,High,1,0,3,Email,0,0,1,18.2,41.3,0,0.0,3.7,28,0
CUST-3229,20,Month-to-month,81.45,1671.6,Fiber optic,Electronic check,0,High,0,0,0,Ticket,0,0,0,5.9,6.4,0,0.0,3.2,125,0
CUST-3230,72,One year,108.5,8003.8,Fiber optic,Bank transfer (automatic),1,High,0,0,1,Call,1,0,1,34.5,60.5,0,0.0,3.1,22,0
CUST-3231,72,Two year,84.5,6130.85,Fiber optic,Credit card (automatic),0,Low,0,0,0,Ticket,0,0,1,16.2,23.8,0,0.0,3.5,177,0
CUST-3232,15,Month-to-month,100.15,1415.0,Fiber optic,Electronic check,0,High,1,0,0,Email,0,0,0,42.9,47.7,0,0.0,2.9,132,0
CUST-3233,72,Two year,88.6,6201.95,DSL,Bank transfer (automatic),0,Low,0,1,0,Ticket,0,0,1,5.0,14.0,0,0.2,3.5,64,0
CUST-3234,0,Two year,52.55,1397.475,DSL,Bank transfer (automatic),1,Low,0,1,2,Chat,1,0,0,23.4,37.4,0,1.1,3.3,23,0
CUST-3235,63,Two year,104.8,6597.25,Fiber optic,Bank transfer (automatic),1,Low,0,1,1,Chat,0,1,0,0.4,11.8,0,2.5,3.3,9,0
CUST-3236,2,Month-to-month,59.0,114.15,DSL,Electronic check,1,Low,0,0,3,Ticket,0,0,0,16.4,27.9,0,0.0,3.4,7,0
CUST-3237,61,One year,64.05,3902.6,DSL,Bank transfer (automatic),0,Medium,0,0,0,Email,0,0,1,6.5,7.7,0,0.0,3.3,171,0
CUST-3238,1,Month-to-month,20.4,20.4,No,Mailed check,1,Low,0,0,1,Email,1,0,1,2.4,18.0,0,0.0,3.9,22,0
CUST-3239,28,Month-to-month,60.9,1785.65,DSL,Mailed check,0,Low,0,1,0,Email,0,0,1,17.7,32.7,0,1.1,5.0,57,0
CUST-3240,70,Two year,19.8,1397.65,No,Bank transfer (automatic),2,Low,2,0,3,Email,0,0,0,0.5,2.0,0,0.0,2.6,25,0
CUST-3241,34,One year,116.25,3899.05,Fiber optic,Credit card (automatic),3,Low,0,0,3,Chat,0,0,1,3.1,3.6,0,0.0,2.5,15,0
CUST-3242,71,Two year,80.7,5676.0,Fiber optic,Credit card (automatic),1,Medium,1,0,2,Email,0,0,1,8.3,57.1,0,0.0,2.6,18,0
CUST-3243,70,One year,65.2,4543.15,DSL,Bank transfer (automatic),1,Low,0,0,1,Email,0,1,1,10.7,27.1,0,0.0,4.4,8,0
CUST-3244,52,Month-to-month,84.05,4326.8,Fiber optic,Bank transfer (automatic),0,Low,0,0,0,Ticket,0,0,1,43.0,54.2,0,0.0,4.5,84,0
CUST-3245,69,Two year,79.45,5502.55,DSL,Credit card (automatic),1,Low,1,1,1,Ticket,0,0,0,7.3,11.9,0,2.4,3.0,21,0
CUST-3246,11,Month-to-month,78.0,851.8,Fiber optic,Mailed check,1,Low,0,0,2,Chat,0,0,1,0.9,4.8,0,0.0,4.8,26,0
CUST-3247,1,Month-to-month,19.85,19.85,No,Mailed check,1,Medium,0,0,1,Chat,0,0,1,59.0,60.7,1,0.0,4.7,22,0
CUST-3248,20,One year,94.3,1818.3,Fiber optic,Credit card (automatic),0,Low,0,0,0,Chat,0,0,0,32.0,43.2,0,0.0,4.0,39,0
CUST-3249,61,Month-to-month,106.45,6300.15,Fiber optic,Electronic check,2,Low,0,1,5,Email,0,0,1,4.6,14.9,0,1.7,2.1,8,0
CUST-3250,56,Month-to-month,105.45,5916.95,Fiber optic,Bank transfer (automatic),0,Low,0,0,0,Ticket,0,0,0,13.0,45.9,0,0.0,3.4,41,0
CUST-3251,30,Month-to-month,95.0,2852.4,Fiber optic,Credit card (automatic),1,Low,1,0,1,Ticket,0,0,0,3.0,14.9,0,0.0,3.8,11,0
CUST-3252,28,One year,54.3,1546.3,DSL,Mailed check,2,High,0,0,2,Email,0,1,0,56.1,63.3,1,0.0,3.2,29,0
CUST-3253,5,Month-to-month,70.05,302.6,Fiber optic,Electronic check,0,Low,0,0,0,Call,0,0,0,13.1,40.4,0,0.0,4.5,121,0
CUST-3254,12,Month-to-month,20.05,265.45,No,Credit card (automatic),0,Medium,0,1,0,Email,0,0,1,11.5,22.9,0,1.4,3.1,79,0
CUST-3255,67,One year,105.4,6989.45,Fiber optic,Electronic check,0,Medium,1,0,0,Call,1,0,1,31.8,46.8,0,0.0,3.8,134,0
CUST-3256,29,Month-to-month,51.6,1442.0,DSL,Electronic check,3,Low,0,1,3,Email,1,1,0,2.5,14.3,0,0.2,2.7,23,0
CUST-3257,55,Month-to-month,85.5,4713.4,Fiber optic,Bank transfer (automatic),0,High,0,0,0,Chat,1,0,1,5.5,7.8,0,0.0,2.8,59,0
CUST-3258,52,One year,91.25,4738.3,Fiber optic,Electronic check,1,Medium,0,0,2,Call,0,0,1,23.7,25.3,0,0.0,2.9,22,0
CUST-3259,72,Two year,115.75,8399.15,Fiber optic,Credit card (automatic),1,Medium,1,0,1,Call,0,0,1,17.1,28.9,0,0.0,4.0,17,0
CUST-3260,58,One year,94.7,5430.35,Fiber optic,Credit card (automatic),2,Low,0,0,2,Chat,0,0,0,3.1,32.6,0,0.0,2.5,26,0
CUST-3261,35,Two year,19.6,686.95,No,Mailed check,0,Medium,0,0,1,Call,1,0,1,4.3,44.0,0,0.0,5.0,87,0
CUST-3262,56,Two year,99.9,5706.3,Fiber optic,Bank transfer (automatic),1,Low,1,0,1,Ticket,0,0,1,38.1,102.8,0,0.0,4.3,20,0
CUST-3263,24,Two year,21.1,490.65,No,Credit card (automatic),2,Low,0,0,2,Email,0,0,1,31.2,53.5,0,0.0,3.0,29,0
CUST-3264,70,Two year,20.05,1360.25,No,Credit card (automatic),1,Medium,0,0,1,Call,0,0,1,0.3,5.7,0,0.0,3.5,14,0
CUST-3265,2,Month-to-month,79.95,174.45,Fiber optic,Electronic check,0,High,1,0,0,Chat,0,0,0,54.5,65.9,1,0.0,4.5,95,0
CUST-3266,68,One year,107.15,7379.8,Fiber optic,Credit card (automatic),0,Low,0,0,0,Email,0,0,1,15.7,27.0,0,0.0,2.5,85,0
CUST-3267,12,Month-to-month,89.55,1021.75,Fiber optic,Electronic check,2,Medium,0,0,2,Call,0,0,0,11.5,20.7,0,0.0,2.0,22,0
CUST-3268,63,Month-to-month,81.55,5029.05,Fiber optic,Bank transfer (automatic),0,Medium,0,0,0,Email,0,0,1,7.9,24.2,0,0.0,3.4,54,0
CUST-3269,33,One year,58.45,1955.4,DSL,Mailed check,3,Low,0,0,3,Call,0,1,1,8.5,10.7,0,0.0,2.4,22,0
CUST-3270,69,One year,95.65,6744.2,Fiber optic,Credit card (automatic),2,Low,0,2,2,Ticket,0,0,0,12.3,14.8,0,3.5,3.0,27,0
CUST-3271,60,Two year,80.6,4946.7,DSL,Bank transfer (automatic),1,Low,0,1,1,Chat,1,1,1,4.3,39.0,0,1.3,2.2,10,0
CUST-3272,72,Two year,113.1,8248.5,Fiber optic,Bank transfer (automatic),1,Medium,0,0,1,Ticket,1,0,1,2.5,24.5,0,0.0,1.7,24,0
CUST-3273,11,Month-to-month,58.95,601.6,DSL,Mailed check,0,Medium,0,0,1,Ticket,0,0,0,14.8,35.3,0,0.0,4.2,173,0
CUST-3274,1,Month-to-month,19.55,19.55,No,Mailed check,3,Low,0,0,3,Call,0,0,0,10.9,18.8,0,0.0,4.1,7,0
CUST-3275,34,One year,78.95,2647.2,Fiber optic,Bank transfer (automatic),0,Medium,0,0,0,Ticket,1,0,1,20.3,30.4,0,0.0,2.7,32,0
CUST-3276,65,One year,105.05,6744.25,Fiber optic,Bank transfer (automatic),1,Medium,1,0,1,Chat,0,0,1,12.2,24.0,0,0.0,4.4,25,0
CUST-3277,50,One year,101.9,5265.5,Fiber optic,Bank transfer (automatic),1,Medium,0,0,2,Email,0,0,1,9.0,13.1,0,0.0,4.5,3,0
CUST-3278,15,Month-to-month,19.75,311.6,No,Mailed check,1,Low,1,0,2,Email,0,0,0,7.6,11.8,0,0.0,3.4,7,0
CUST-3279,72,Two year,110.3,7966.9,Fiber optic,Bank transfer (automatic),2,Medium,0,0,3,Email,0,0,1,15.5,17.9,0,0.0,2.4,25,0
CUST-3280,72,Two year,115.6,8220.4,Fiber optic,Bank transfer (automatic),4,High,0,0,4,Call,0,0,1,5.9,15.7,0,0.0,3.5,27,0
CUST-3281,55,Two year,19.35,1153.25,No,Bank transfer (automatic),0,Low,0,0,0,Chat,1,0,0,30.6,32.8,0,0.0,3.7,64,0
CUST-3282,23,Two year,25.6,514.75,No,Credit card (automatic),0,Low,0,0,0,Call,0,0,0,28.4,31.1,0,0.0,4.0,135,0
CUST-3283,56,One year,68.75,3808.0,DSL,Bank transfer (automatic),0,Medium,0,0,0,Ticket,1,0,0,18.6,46.5,0,0.0,4.0,141,0
CUST-3284,1,Month-to-month,19.9,19.9,No,Bank transfer (automatic),0,Low,0,1,1,Chat,0,0,0,8.8,17.7,0,8.1,4.8,53,0
CUST-3285,38,One year,70.6,2708.2,DSL,Mailed check,1,High,1,0,1,Ticket,0,0,0,16.6,28.2,0,0.0,3.7,8,0
CUST-3286,11,Month-to-month,70.2,760.05,Fiber optic,Electronic check,0,Low,0,0,0,Chat,0,0,1,17.5,19.2,0,0.0,3.0,48,0
CUST-3287,1,Month-to-month,49.3,49.3,DSL,Electronic check,0,Low,1,1,0,Email,0,0,0,20.4,23.1,0,1.8,5.0,40,0
CUST-3288,56,One year,107.25,6033.3,Fiber optic,Electronic check,2,Low,1,0,3,Chat,1,1,1,8.6,9.9,0,0.0,3.9,12,0
CUST-3289,3,Month-to-month,23.6,89.05,No,Mailed check,1,Low,0,0,1,Call,0,0,0,9.7,13.5,0,0.0,2.3,21,0
CUST-3290,7,Month-to-month,69.7,516.15,DSL,Credit card (automatic),2,Low,1,0,2,Email,0,0,1,43.5,69.1,0,0.0,5.0,13,0
CUST-3291,59,Two year,99.5,5861.75,Fiber optic,Credit card (automatic),2,Medium,0,0,3,Chat,0,0,1,2.1,28.5,0,0.0,3.7,22,0
CUST-3292,7,Month-to-month,64.3,445.95,DSL,Bank transfer (automatic),1,Low,0,0,1,Call,0,0,0,2.5,16.0,0,0.0,3.7,17,0
CUST-3293,71,Two year,70.85,4973.4,DSL,Credit card (automatic),0,High,0,0,1,Call,0,0,1,84.0,109.1,1,0.0,3.0,80,0
CUST-3294,15,One year,101.9,1667.25,Fiber optic,Electronic check,0,Medium,0,0,2,Ticket,0,0,0,17.6,20.1,0,0.0,3.3,133,0
CUST-3295,71,Two year,73.5,5357.75,DSL,Credit card (automatic),0,Low,0,0,0,Email,0,0,1,11.0,13.0,0,0.0,4.2,100,0
CUST-3296,11,One year,40.4,422.6,DSL,Credit card (automatic),0,Low,0,0,0,Chat,1,1,1,2.3,19.7,0,0.0,2.4,153,0
CUST-3297,60,Two year,19.25,1103.25,No,Credit card (automatic),1,Medium,0,0,2,Chat,0,0,1,18.6,73.4,0,0.0,4.1,27,0
CUST-3298,47,Two year,59.6,2754.0,DSL,Bank transfer (automatic),1,Low,0,3,1,Email,0,1,1,26.9,42.1,0,1.3,4.0,7,0
CUST-3299,11,One year,64.9,697.25,DSL,Credit card (automatic),6,Low,0,0,7,Ticket,0,1,1,13.6,14.1,0,0.0,1.9,18,0
CUST-3300,28,Month-to-month,110.85,3204.4,Fiber optic,Electronic check,0,High,0,1,1,Ticket,0,0,0,0.9,3.3,0,5.6,4.0,61,0
CUST-3301,61,Two year,81.05,4747.65,DSL,Mailed check,0,Low,0,0,0,Email,0,0,1,12.9,16.3,0,0.0,3.8,161,0
CUST-3302,31,One year,98.05,3082.1,Fiber optic,Bank transfer (automatic),1,Low,0,0,1,Email,0,0,1,3.0,9.6,0,0.0,3.5,10,0
CUST-3303,9,Month-to-month,70.5,597.9,Fiber optic,Electronic check,0,Medium,1,0,0,Email,1,0,1,10.2,13.2,0,0.0,3.9,117,0
CUST-3304,35,Month-to-month,94.55,3365.4,Fiber optic,Electronic check,2,Medium,0,1,4,Call,0,0,0,6.2,7.0,0,0.7,3.3,12,0
CUST-3305,2,Month-to-month,19.65,38.8,No,Mailed check,4,Low,0,1,4,Email,0,0,0,2.5,6.1,0,0.1,3.5,17,0
CUST-3306,1,Month-to-month,19.0,19.0,No,Mailed check,1,Medium,0,0,1,Ticket,0,0,0,0.9,6.1,0,0.0,3.6,8,0
CUST-3307,3,Month-to-month,20.0,61.7,No,Mailed check,2,Medium,0,0,2,Chat,0,0,1,16.4,20.4,0,0.0,5.0,24,0
CUST-3308,52,Two year,63.25,3342.45,DSL,Credit card (automatic),1,Medium,0,0,2,Chat,0,0,1,15.3,15.6,0,0.0,2.6,13,0
CUST-3309,5,One year,20.1,85.1,No,Mailed check,1,Low,0,2,1,Ticket,1,0,0,3.1,34.6,0,0.0,1.5,24,0
CUST-3310,72,Two year,99.15,7422.1,Fiber optic,Electronic check,0,High,0,1,0,Chat,0,0,1,45.0,54.3,0,2.9,2.4,48,0
CUST-3311,71,Two year,90.4,6668.05,DSL,Electronic check,0,Low,1,0,1,Ticket,0,0,1,37.4,60.0,0,0.0,2.3,159,0
CUST-3312,72,Two year,111.9,8071.05,Fiber optic,Credit card (automatic),0,Medium,0,0,0,Call,1,0,1,5.6,5.8,0,0.0,3.7,84,0
CUST-3313,46,One year,24.9,1174.8,No,Electronic check,1,Low,1,0,1,Chat,0,0,1,12.6,31.8,0,0.0,3.0,5,0
CUST-3314,63,Two year,83.5,5435.0,DSL,Credit card (automatic),0,Medium,0,0,0,Call,0,0,0,12.7,27.3,0,0.0,4.6,65,0
CUST-3315,30,Month-to-month,84.3,2438.6,Fiber optic,Credit card (automatic),1,Low,0,0,2,Chat,0,0,0,3.6,48.9,0,0.0,3.8,12,0
CUST-3316,1,Month-to-month,45.6,45.6,DSL,Mailed check,0,Low,0,0,0,Email,0,2,1,9.1,10.5,0,0.0,3.6,115,0
CUST-3317,16,Two year,54.85,916.15,DSL,Mailed check,0,Medium,1,0,0,Call,0,0,1,18.3,30.6,0,0.0,4.1,133,0
CUST-3318,4,Month-to-month,65.55,237.2,DSL,Mailed check,0,Low,1,0,0,Call,0,0,0,12.5,12.8,0,0.0,3.4,130,0
CUST-3319,51,One year,90.35,4614.55,Fiber optic,Credit card (automatic),0,Low,1,0,0,Call,1,0,1,8.6,13.9,0,0.0,4.6,59,0
CUST-3320,65,Two year,20.4,1414.45,No,Credit card (automatic),0,Medium,1,1,0,Ticket,1,0,1,10.4,22.5,0,1.9,2.4,76,0
CUST-3321,16,Month-to-month,74.55,1170.5,Fiber optic,Credit card (automatic),1,Medium,0,0,2,Chat,0,0,0,18.5,50.8,0,0.0,3.0,12,0
CUST-3322,2,One year,19.95,47.7,No,Mailed check,0,Low,0,1,3,Email,0,0,1,45.7,46.7,0,1.0,3.8,51,0
CUST-3323,66,One year,74.25,4859.25,Fiber optic,Bank transfer (automatic),1,Low,0,0,2,Ticket,0,0,0,45.0,53.0,0,0.0,3.9,16,0
CUST-3324,46,Two year,108.65,4903.2,Fiber optic,Electronic check,2,High,0,1,2,Chat,0,0,0,33.5,36.8,0,1.1,4.0,2,0
CUST-3325,32,One year,109.55,3608.0,Fiber optic,Bank transfer (automatic),1,Medium,0,0,2,Call,0,1,0,10.7,13.6,0,0.0,4.9,12,0
CUST-3326,72,Two year,86.65,6094.25,DSL,Credit card (automatic),0,Low,0,0,0,Ticket,0,0,1,84.6,98.6,1,0.0,4.1,132,0
CUST-3327,38,Two year,81.0,3084.9,DSL,Credit card (automatic),1,Medium,0,0,2,Email,1,0,1,3.1,3.4,0,0.0,4.4,21,0
CUST-3328,51,One year,47.85,2356.75,DSL,Credit card (automatic),2,Medium,0,0,4,Call,0,0,0,11.2,23.1,0,0.0,5.0,2,0
CUST-3329,72,Two year,114.55,8306.05,Fiber optic,Bank transfer (automatic),1,Low,0,0,1,Ticket,0,1,0,14.0,16.1,0,0.0,4.8,8,0
CUST-3330,66,Two year,20.55,1357.1,No,Mailed check,3,Low,0,1,4,Call,1,0,1,65.3,65.5,1,2.2,3.6,4,0
CUST-3331,44,One year,109.8,4860.35,Fiber optic,Credit card (automatic),1,Low,0,0,1,Chat,0,0,1,11.8,21.2,0,0.0,2.7,3,0
CUST-3332,50,Two year,69.5,3418.2,DSL,Bank transfer (automatic),0,High,0,0,0,Chat,0,0,1,19.0,20.5,0,0.0,5.0,93,0
CUST-3333,15,Month-to-month,48.85,631.4,DSL,Mailed check,1,Low,0,1,1,Email,0,0,1,4.8,14.7,0,1.2,5.0,17,0
CUST-3334,8,Month-to-month,25.25,186.3,DSL,Credit card (automatic),1,Low,1,0,1,Chat,0,0,1,13.3,17.3,0,0.0,4.5,17,0
CUST-3335,66,One year,102.85,6976.75,Fiber optic,Credit card (automatic),1,High,0,0,1,Chat,0,0,1,19.3,23.2,0,0.0,5.0,9,0
CUST-3336,57,Month-to-month,87.55,4884.85,Fiber optic,Bank transfer (automatic),0,Low,0,0,0,Chat,0,0,1,4.7,24.3,0,0.0,3.9,166,0
CUST-3337,7,Month-to-month,78.55,522.95,Fiber optic,Bank transfer (automatic),0,Medium,0,0,0,Call,0,0,0,13.3,28.2,0,0.0,4.1,79,0
CUST-3338,10,Month-to-month,34.55,362.6,DSL,Bank transfer (automatic),1,Low,0,0,1,Call,0,0,1,19.3,40.4,0,0.0,4.7,18,0
CUST-3339,62,One year,92.05,5755.8,Fiber optic,Electronic check,1,Medium,0,0,1,Chat,1,1,0,5.8,12.5,0,0.0,3.9,14,0
CUST-3340,40,One year,85.05,3355.65,Fiber optic,Electronic check,0,Low,0,0,1,Call,0,0,0,11.3,12.7,0,0.0,5.0,30,0
CUST-3341,20,Two year,19.7,406.95,No,Mailed check,0,Low,0,0,0,Chat,0,0,1,30.3,47.6,0,0.0,5.0,81,0
CUST-3342,25,Month-to-month,95.15,2395.7,Fiber optic,Electronic check,1,Medium,0,0,2,Email,0,0,0,13.9,38.1,0,0.0,3.8,2,0
CUST-3343,23,Month-to-month,84.25,1968.1,Fiber optic,Electronic check,1,Medium,0,0,1,Ticket,0,0,1,4.4,15.0,0,0.0,2.6,8,0
CUST-3344,66,One year,104.6,6819.45,Fiber optic,Credit card (automatic),2,Medium,0,0,2,Ticket,0,1,1,4.3,7.3,0,0.0,4.3,21,0
CUST-3345,72,Two year,111.65,7943.45,Fiber optic,Electronic check,1,Medium,3,1,2,Chat,0,0,1,22.1,39.5,0,6.5,4.2,29,0
CUST-3346,46,Month-to-month,55.0,2473.95,DSL,Bank transfer (automatic),0,Medium,0,1,0,Email,1,0,0,6.0,6.5,0,2.5,4.6,39,0
CUST-3347,72,Two year,89.85,6562.9,DSL,Credit card (automatic),0,Medium,0,0,0,Chat,0,0,1,0.4,5.5,0,0.0,4.1,159,0
CUST-3348,10,One year,20.35,176.3,No,Mailed check,0,Medium,0,0,1,Ticket,0,0,1,34.4,40.4,0,0.0,4.2,88,0
CUST-3349,40,One year,54.55,2236.2,DSL,Bank transfer (automatic),1,Medium,0,0,2,Email,0,0,1,0.3,5.2,0,0.0,3.2,16,0
CUST-3350,31,Two year,99.45,3109.9,Fiber optic,Bank transfer (automatic),0,Medium,1,0,1,Call,0,0,1,14.3,49.1,0,0.0,4.7,150,0
CUST-3351,68,Two year,70.9,4911.35,DSL,Credit card (automatic),0,Medium,0,0,0,Ticket,0,0,1,4.5,26.0,0,0.0,1.4,104,0
CUST-3352,68,Two year,25.4,1620.2,No,Bank transfer (automatic),0,Low,0,0,3,Ticket,0,0,0,27.0,36.1,0,0.0,4.2,62,0
CUST-3353,49,One year,89.85,4287.2,Fiber optic,Bank transfer (automatic),0,Low,0,1,1,Chat,0,0,1,2.7,35.5,0,0.5,5.0,78,0
CUST-3354,15,Month-to-month,25.25,394.85,No,Electronic check,1,Low,0,2,1,Email,1,0,0,34.7,36.8,0,0.8,3.0,28,0
CUST-3355,50,One year,69.65,3442.15,DSL,Electronic check,1,High,0,0,2,Email,0,0,0,15.2,16.4,0,0.0,4.5,17,0
CUST-3356,24,Month-to-month,70.0,1732.6,Fiber optic,Credit card (automatic),1,Medium,1,0,1,Call,0,0,1,3.3,9.2,0,0.0,3.7,19,0
CUST-3357,35,Two year,20.1,655.3,No,Mailed check,0,Medium,0,0,0,Email,0,1,1,18.8,75.2,0,0.0,2.8,81,0
CUST-3358,17,Month-to-month,24.8,475.25,No,Mailed check,2,Low,0,0,2,Chat,1,0,1,0.5,28.6,0,0.0,1.8,17,0
CUST-3359,10,Month-to-month,95.1,865.1,Fiber optic,Credit card (automatic),0,Low,0,0,0,Email,0,0,1,16.5,19.5,0,0.0,2.4,84,0
CUST-3360,68,Two year,88.85,6132.7,DSL,Credit card (automatic),3,High,0,0,3,Email,0,0,1,24.6,56.5,0,0.0,3.6,1,0
CUST-3361,45,One year,78.8,3597.5,DSL,Bank transfer (automatic),1,High,0,0,1,Email,0,0,0,11.8,23.7,0,0.0,5.0,22,0
CUST-3362,37,Month-to-month,20.35,697.65,No,Bank transfer (automatic),2,Low,0,0,2,Call,0,0,1,2.9,7.3,0,0.0,2.9,27,0
CUST-3363,10,Month-to-month,45.25,428.7,DSL,Mailed check,1,Medium,0,0,2,Call,0,0,0,4.0,24.4,0,0.0,2.4,10,0
CUST-3364,1,Month-to-month,20.05,20.05,No,Mailed check,1,Low,0,0,1,Ticket,0,0,1,2.8,26.2,0,0.0,4.8,15,0
CUST-3365,65,Two year,69.55,4459.15,DSL,Mailed check,0,Low,0,1,0,Ticket,0,0,1,9.3,9.3,0,0.5,2.9,138,0
CUST-3366,57,Two year,19.5,1167.6,No,Bank transfer (automatic),1,Medium,1,0,1,Call,0,0,0,3.5,5.2,0,0.0,2.5,16,0
CUST-3367,3,Month-to-month,74.75,238.1,Fiber optic,Mailed check,1,Medium,0,1,1,Email,0,0,1,6.4,23.0,0,0.6,3.4,6,0
CUST-3368,49,Month-to-month,30.2,1453.1,DSL,Bank transfer (automatic),0,Medium,1,1,0,Call,0,0,1,2.7,14.0,0,4.4,5.0,82,0
CUST-3369,70,Two year,57.8,4039.3,DSL,Bank transfer (automatic),0,Low,0,0,0,Call,0,0,1,3.5,7.2,0,0.0,3.4,175,0
CUST-3370,53,One year,19.85,1039.45,No,Bank transfer (automatic),1,Low,0,0,2,Chat,0,0,1,49.0,52.9,1,0.0,1.9,8,0
CUST-3371,53,Two year,25.55,1336.1,No,Credit card (automatic),2,Low,1,0,2,Email,0,0,1,0.3,1.7,0,0.0,5.0,4,0
CUST-3372,22,Month-to-month,24.85,493.4,No,Credit card (automatic),0,Low,0,1,0,Call,0,1,0,13.3,20.0,0,0.4,4.0,147,0
CUST-3373,65,Two year,110.35,7246.15,Fiber optic,Electronic check,1,Medium,0,0,1,Chat,1,0,1,10.1,10.9,0,0.0,4.6,10,0
CUST-3374,48,One year,24.55,1203.95,No,Bank transfer (automatic),0,Low,0,0,0,Ticket,0,0,0,5.9,19.8,0,0.0,3.2,54,0
CUST-3375,3,Month-to-month,107.95,313.6,Fiber optic,Mailed check,0,Low,1,0,0,Chat,1,0,0,28.8,32.2,0,0.0,3.5,103,0
CUST-3376,45,Month-to-month,81.4,3775.85,Fiber optic,Bank transfer (automatic),2,Low,1,0,2,Email,0,0,1,4.5,30.0,0,0.0,3.2,9,0
CUST-3377,61,Two year,73.8,4616.05,DSL,Bank transfer (automatic),2,Medium,0,1,4,Ticket,0,0,1,40.0,41.2,0,3.5,1.9,12,0
CUST-3378,3,Month-to-month,64.4,195.65,DSL,Credit card (automatic),1,Medium,0,0,1,Ticket,0,0,1,20.7,34.8,0,0.0,4.1,14,0
CUST-3379,40,One year,103.75,4188.4,Fiber optic,Credit card (automatic),4,Medium,0,1,5,Email,0,0,0,19.6,44.2,0,0.3,3.1,5,0
CUST-3380,1,Month-to-month,71.1,71.1,Fiber optic,Mailed check,0,Low,0,0,1,Ticket,0,1,1,59.2,73.8,1,0.0,3.6,99,0
CUST-3381,1,Month-to-month,49.9,49.9,DSL,Electronic check,0,Low,0,0,1,Ticket,1,0,1,36.1,67.4,0,0.0,4.1,148,0
CUST-3382,51,One year,24.6,1266.4,No,Bank transfer (automatic),1,Low,0,0,1,Chat,0,0,1,12.0,16.8,0,0.0,4.2,28,0
CUST-3383,52,One year,30.1,1623.4,DSL,Mailed check,1,Low,0,0,2,Ticket,1,0,1,15.5,17.2,0,0.0,4.1,10,0
CUST-3384,51,Month-to-month,83.4,4149.45,Fiber optic,Bank transfer (automatic),1,Low,1,0,1,Email,0,0,0,26.9,32.1,0,0.0,3.4,12,0
CUST-3385,1,Month-to-month,20.45,20.45,No,Mailed check,2,Low,0,0,3,Ticket,0,0,1,4.1,15.0,0,0.0,2.7,4,0
CUST-3386,31,One year,75.25,2344.5,DSL,Bank transfer (automatic),1,Medium,0,1,3,Chat,0,0,0,18.7,53.7,0,0.8,4.6,1,0
CUST-3387,47,One year,20.55,1013.05,No,Credit card (automatic),0,High,0,1,0,Call,1,1,0,5.7,9.9,0,0.1,2.5,78,0
CUST-3388,22,One year,20.05,417.0,No,Mailed check,0,Low,0,0,0,Ticket,0,0,1,1.3,15.2,0,0.0,4.1,59,0
CUST-3389,1,Month-to-month,20.65,20.65,No,Mailed check,0,Medium,0,0,1,Email,0,0,1,72.7,74.0,1,0.0,4.0,73,0
CUST-3390,72,Two year,85.15,6316.2,DSL,Bank transfer (automatic),1,Low,0,0,1,Call,0,0,0,21.8,25.6,0,0.0,2.7,20,0
CUST-3391,47,One year,84.95,4018.05,Fiber optic,Bank transfer (automatic),1,Medium,0,0,1,Ticket,0,0,1,22.0,24.1,0,0.0,3.2,3,0
CUST-3392,72,Two year,66.5,4811.6,DSL,Credit card (automatic),1,Medium,0,0,1,Email,0,0,1,10.4,18.3,0,0.0,4.5,25,0
CUST-3393,66,Two year,63.3,4189.7,DSL,Bank transfer (automatic),2,High,0,1,2,Chat,0,0,1,4.0,37.1,0,3.7,2.8,28,0
CUST-3394,35,Month-to-month,83.15,2848.45,Fiber optic,Electronic check,0,Low,1,0,1,Call,0,1,0,38.9,68.5,0,0.0,4.2,165,0
CUST-3395,29,Month-to-month,84.9,2516.2,Fiber optic,Electronic check,1,Low,0,0,2,Chat,0,1,1,17.9,24.6,0,0.0,2.8,11,0
CUST-3396,2,Month-to-month,20.55,33.6,No,Mailed check,0,Low,1,1,0,Chat,1,0,0,5.2,28.5,0,0.6,3.7,67,0
CUST-3397,4,Month-to-month,49.25,208.45,DSL,Mailed check,1,Low,0,0,1,Chat,0,0,0,3.2,10.0,0,0.0,3.3,16,0
CUST-3398,65,Two year,59.6,3739.8,DSL,Mailed check,1,High,0,1,2,Email,0,0,0,24.4,30.7,0,1.6,4.1,17,0
CUST-3399,27,One year,104.65,2964.0,Fiber optic,Bank transfer (automatic),0,Medium,0,0,0,Email,1,0,0,3.5,29.4,0,0.0,3.5,37,0
CUST-3400,29,Month-to-month,75.3,2263.4,Fiber optic,Credit card (automatic),0,Medium,0,0,0,Chat,2,0,1,4.4,4.8,0,0.0,4.1,41,0
CUST-3401,29,Month-to-month,80.1,2211.8,DSL,Credit card (automatic),0,Medium,0,0,1,Chat,0,0,0,1.9,27.4,0,0.0,2.6,89,0
CUST-3402,20,Month-to-month,81.0,1683.7,Fiber optic,Mailed check,1,High,1,1,2,Email,0,0,1,25.1,46.7,0,0.3,3.9,11,0
CUST-3403,58,Two year,24.7,1519.0,No,Credit card (automatic),0,Low,0,0,0,Ticket,1,0,0,18.0,20.7,0,0.0,3.7,174,0
CUST-3404,14,Month-to-month,86.0,1164.05,Fiber optic,Mailed check,1,Low,1,0,1,Call,0,0,0,9.9,16.2,0,0.0,2.7,26,0
CUST-3405,72,Two year,25.4,1710.9,No,Mailed check,1,Medium,0,0,1,Email,0,0,1,3.5,26.4,0,0.0,3.0,12,0
CUST-3406,46,Month-to-month,89.15,4245.55,Fiber optic,Credit card (automatic),2,Low,2,0,2,Ticket,0,0,0,14.6,24.4,0,0.0,3.5,20,0
CUST-3407,71,Two year,58.25,4145.9,DSL,Bank transfer (automatic),0,Low,0,0,0,Email,0,0,0,18.7,34.3,0,0.0,3.2,101,0
CUST-3408,32,Month-to-month,85.65,2664.3,Fiber optic,Bank transfer (automatic),0,Low,0,0,0,Email,0,0,1,5.1,7.2,0,0.0,3.1,50,0
CUST-3409,26,Month-to-month,50.35,1277.5,DSL,Credit card (automatic),2,Medium,0,1,4,Call,0,0,1,6.9,14.6,0,0.2,5.0,28,0
CUST-3410,68,Month-to-month,80.35,5589.3,Fiber optic,Credit card (automatic),0,Medium,0,2,0,Email,0,0,0,4.3,12.9,0,0.7,3.9,121,0
CUST-3411,2,One year,20.2,34.75,No,Mailed check,3,Low,0,0,3,Ticket,0,0,0,7.9,9.1,0,0.0,4.5,14,0
CUST-3412,61,Two year,20.55,1305.95,No,Credit card (automatic),1,Medium,1,0,1,Email,0,0,1,5.1,9.8,0,0.0,3.2,18,0
CUST-3413,9,Month-to-month,21.25,204.55,No,Mailed check,0,Medium,1,0,0,Call,0,0,1,12.0,27.9,0,0.0,3.7,74,0
CUST-3414,22,Two year,26.25,605.9,No,Mailed check,0,High,0,0,0,Email,0,0,1,50.0,52.2,1,0.0,2.8,83,0
CUST-3415,5,Month-to-month,80.85,356.1,Fiber optic,Electronic check,1,Medium,1,0,1,Chat,0,1,0,6.0,17.6,0,0.0,5.0,7,0
CUST-3416,65,Two year,74.2,4805.65,DSL,Credit card (automatic),1,Medium,2,1,1,Call,0,0,1,9.6,10.6,0,3.9,3.0,25,0
CUST-3417,5,Month-to-month,20.35,92.75,No,Mailed check,0,Medium,0,0,0,Email,0,0,1,8.4,9.4,0,0.0,4.4,76,0
CUST-3418,25,Month-to-month,75.5,1901.05,Fiber optic,Electronic check,1,Low,0,0,3,Chat,0,0,1,4.0,18.2,0,0.0,3.7,8,0
CUST-3419,72,Two year,79.05,5730.7,Fiber optic,Bank transfer (automatic),0,Low,0,2,0,Chat,0,0,1,65.2,124.1,1,4.3,5.0,134,0
CUST-3420,27,Month-to-month,90.15,2423.4,Fiber optic,Bank transfer (automatic),1,Low,0,0,2,Call,1,0,0,13.2,18.6,0,0.0,4.5,26,0
CUST-3421,32,Month-to-month,50.6,1653.45,DSL,Credit card (automatic),4,Low,0,0,6,Call,0,0,1,16.6,28.1,0,0.0,3.3,7,0
CUST-3422,30,One year,110.45,3327.05,Fiber optic,Credit card (automatic),1,Low,1,1,1,Email,0,0,0,3.6,15.2,0,2.5,3.3,11,0
CUST-3423,70,Two year,101.0,7085.5,Fiber optic,Credit card (automatic),0,Low,1,0,0,Ticket,0,0,0,29.6,31.9,0,0.0,5.0,73,0
CUST-3424,42,Month-to-month,79.35,3344.1,Fiber optic,Bank transfer (automatic),0,Low,0,0,0,Call,0,0,0,37.4,71.2,0,0.0,2.2,143,0
CUST-3425,72,Two year,89.85,6697.35,DSL,Bank transfer (automatic),0,Low,1,0,1,Email,0,1,0,12.8,21.8,0,0.0,3.5,76,0
CUST-3426,47,Two year,65.0,2879.9,DSL,Mailed check,1,Low,0,0,1,Chat,0,0,1,6.9,12.8,0,0.0,4.5,7,0
CUST-3427,2,Month-to-month,80.45,137.1,Fiber optic,Electronic check,1,Medium,0,2,1,Chat,0,0,0,5.3,7.1,0,1.2,3.3,3,0
CUST-3428,61,Two year,24.1,1551.6,No,Mailed check,2,Medium,2,0,2,Email,0,1,0,1.7,11.6,0,0.0,3.2,25,0
CUST-3429,5,Month-to-month,44.05,202.15,DSL,Credit card (automatic),1,Medium,1,0,1,Call,0,0,1,9.8,37.7,0,0.0,4.7,20,0
CUST-3430,72,Two year,110.8,7882.25,Fiber optic,Credit card (automatic),0,Low,0,1,1,Email,0,1,0,15.8,24.4,0,2.3,5.0,74,0
CUST-3431,72,Two year,114.95,8196.4,Fiber optic,Bank transfer (automatic),1,Low,0,1,1,Email,0,1,0,11.4,13.0,0,0.4,3.4,28,0
CUST-3432,3,Month-to-month,75.05,202.9,Fiber optic,Mailed check,0,Low,0,1,1,Call,0,1,1,13.3,17.2,0,0.2,2.8,32,0
CUST-3433,48,Two year,19.25,855.1,No,Mailed check,0,Low,0,0,0,Ticket,1,0,0,39.9,92.6,0,0.0,3.9,40,0
CUST-3434,63,One year,90.05,5817.0,Fiber optic,Credit card (automatic),0,Medium,1,0,1,Ticket,0,0,1,5.7,11.8,0,0.0,4.1,141,0
CUST-3435,27,Month-to-month,56.7,1652.95,DSL,Mailed check,2,Low,0,0,3,Ticket,0,0,1,15.8,66.3,0,0.0,3.5,13,0
CUST-3436,70,Two year,80.15,5600.15,DSL,Credit card (automatic),2,Medium,0,0,2,Email,0,0,0,3.0,12.5,0,0.0,3.1,13,0
CUST-3437,7,Month-to-month,71.35,515.75,DSL,Credit card (automatic),3,Medium,0,0,4,Call,0,0,1,17.8,32.7,0,0.0,3.6,4,0
CUST-3438,0,Two year,20.25,1397.475,No,Mailed check,2,Low,0,0,2,Ticket,0,0,1,1.7,4.7,0,0.0,3.2,3,0
CUST-3439,2,Month-to-month,90.35,190.5,Fiber optic,Electronic check,0,Medium,0,0,0,Call,0,0,1,2.8,55.2,0,0.0,2.9,141,0
CUST-3440,66,Two year,19.7,1253.8,No,Bank transfer (automatic),1,Low,1,0,1,Ticket,1,0,1,3.1,3.2,0,0.0,3.5,23,0
CUST-3441,3,Month-to-month,19.85,57.2,No,Mailed check,1,Low,1,1,1,Chat,1,0,0,17.7,41.0,0,0.9,4.0,20,0
CUST-3442,72,Two year,90.35,6563.4,Fiber optic,Bank transfer (automatic),0,Medium,0,1,0,Chat,0,0,0,20.7,34.7,0,1.5,4.9,112,0
CUST-3443,1,Month-to-month,20.8,20.8,No,Mailed check,0,High,0,1,0,Call,0,1,0,0.2,13.1,0,1.8,5.0,110,0
CUST-3444,72,Two year,66.85,4758.8,DSL,Bank transfer (automatic),0,Medium,0,0,0,Ticket,0,0,1,31.6,36.2,0,0.0,3.8,135,0
CUST-3445,65,Two year,19.9,1292.6,No,Mailed check,0,High,0,0,1,Call,0,0,1,29.0,31.4,0,0.0,3.3,34,0
CUST-3446,11,Month-to-month,35.8,363.15,DSL,Mailed check,1,Low,0,1,2,Call,2,0,1,4.4,16.1,0,5.2,3.9,20,0
CUST-3447,22,Month-to-month,78.85,1600.25,Fiber optic,Mailed check,2,Low,0,0,3,Call,0,0,1,1.7,31.3,0,0.0,4.0,9,0
CUST-3448,14,One year,20.4,275.7,No,Bank transfer (automatic),1,Low,1,1,1,Email,0,0,1,15.7,19.2,0,4.4,2.3,9,0
CUST-3449,41,Month-to-month,74.25,3089.1,Fiber optic,Electronic check,1,Low,0,0,2,Ticket,0,0,0,36.6,56.3,0,0.0,3.5,11,0
CUST-3450,17,One year,64.8,1175.6,DSL,Mailed check,0,Low,0,0,0,Ticket,0,0,1,7.8,8.9,0,0.0,3.5,145,0
CUST-3451,11,Month-to-month,20.45,237.3,No,Credit card (automatic),0,Medium,0,0,0,Call,0,0,0,60.4,63.8,1,0.0,4.5,128,0
CUST-3452,72,Two year,110.65,8065.65,Fiber optic,Credit card (automatic),0,Medium,0,0,0,Chat,1,0,0,66.0,66.7,1,0.0,4.1,120,0
CUST-3453,3,Month-to-month,40.3,92.5,DSL,Mailed check,1,High,1,0,3,Call,0,1,1,0.3,6.0,0,0.0,3.8,18,0
CUST-3454,59,One year,107.0,6152.3,Fiber optic,Credit card (automatic),4,High,1,0,4,Chat,0,0,0,19.2,33.5,0,0.0,4.9,6,0
CUST-3455,71,Two year,73.35,5154.5,DSL,Credit card (automatic),1,Low,0,0,1,Ticket,0,0,0,7.8,16.0,0,0.0,3.2,11,0
CUST-3456,5,Month-to-month,44.8,220.45,DSL,Mailed check,3,High,1,0,3,Ticket,2,1,1,2.7,12.0,0,0.0,2.9,24,0
CUST-3457,27,Month-to-month,54.75,1510.3,DSL,Credit card (automatic),1,Low,0,1,1,Call,0,0,0,24.3,34.6,0,3.8,4.1,17,0
CUST-3458,63,One year,40.6,2588.95,DSL,Bank transfer (automatic),0,Low,0,0,1,Email,0,1,1,22.6,25.7,0,0.0,3.2,81,0
CUST-3459,72,Two year,55.3,3983.6,DSL,Bank transfer (automatic),1,Medium,0,2,2,Ticket,0,0,1,0.9,5.8,0,1.3,3.8,11,0
CUST-3460,34,Month-to-month,60.85,2003.6,DSL,Bank transfer (automatic),1,Low,0,1,2,Ticket,0,0,1,2.7,10.0,0,3.5,5.0,11,0
CUST-3461,24,One year,78.4,1832.4,DSL,Electronic check,2,High,1,1,2,Ticket,0,2,1,1.4,11.7,0,1.8,4.7,26,0
CUST-3462,72,Two year,69.65,4908.25,DSL,Bank transfer (automatic),2,Medium,0,0,3,Email,0,0,1,16.2,38.8,0,0.0,2.7,18,0
CUST-3463,60,Two year,59.85,3590.2,DSL,Credit card (automatic),1,High,1,0,1,Ticket,0,0,0,6.1,13.5,0,0.0,1.9,11,0
CUST-3464,68,One year,76.9,5023.0,DSL,Credit card (automatic),0,High,0,0,0,Call,0,0,1,14.9,32.4,0,0.0,2.0,141,0
CUST-3465,8,Two year,19.85,146.6,No,Mailed check,1,Medium,1,0,1,Chat,0,0,1,20.8,22.3,0,0.0,4.0,7,0
CUST-3466,34,Two year,67.65,2339.3,DSL,Credit card (automatic),1,Low,0,0,1,Ticket,1,0,1,7.7,9.4,0,0.0,3.0,5,0
CUST-3467,6,Month-to-month,45.0,298.7,DSL,Credit card (automatic),1,Low,1,0,1,Ticket,0,0,1,7.7,11.8,0,0.0,3.5,26,0
CUST-3468,2,Month-to-month,64.2,143.65,DSL,Mailed check,1,Low,0,0,1,Email,0,0,1,24.8,29.4,0,0.0,3.3,6,0
CUST-3469,31,One year,81.7,2548.65,Fiber optic,Credit card (automatic),1,Low,0,0,1,Chat,0,0,1,7.9,19.7,0,0.0,3.7,14,0
CUST-3470,20,Month-to-month,25.55,507.4,No,Bank transfer (automatic),1,Medium,0,0,3,Chat,0,0,0,7.8,10.7,0,0.0,3.0,20,0
CUST-3471,1,Month-to-month,20.0,20.0,No,Electronic check,0,Low,0,0,1,Email,1,1,1,16.6,18.4,0,0.0,3.3,111,0
CUST-3472,70,Two year,75.65,5411.4,Fiber optic,Credit card (automatic),0,High,0,0,0,Call,0,0,0,1.3,13.8,0,0.0,5.0,45,0
CUST-3473,39,Two year,23.8,903.8,No,Mailed check,0,Medium,0,2,0,Ticket,0,0,0,7.5,78.5,0,0.0,3.7,165,0
CUST-3474,46,Two year,64.2,3009.5,DSL,Credit card (automatic),0,Low,0,2,2,Chat,0,0,1,2.5,60.6,0,3.8,4.0,136,0
CUST-3475,72,Two year,76.8,5468.45,DSL,Bank transfer (automatic),0,Low,0,0,0,Chat,0,0,0,38.3,68.9,0,0.0,3.7,114,0
CUST-3476,18,Month-to-month,55.2,1058.1,DSL,Credit card (automatic),1,Low,0,0,1,Call,2,0,0,7.2,8.0,0,0.0,4.3,19,0
CUST-3477,71,Two year,108.55,7616.0,Fiber optic,Credit card (automatic),2,Low,0,0,2,Call,0,0,1,11.4,28.7,0,0.0,4.8,17,0
CUST-3478,42,Two year,25.25,1108.2,No,Electronic check,2,Medium,0,1,3,Ticket,0,0,0,1.6,7.5,0,0.3,1.5,24,0
CUST-3479,34,One year,30.4,938.65,DSL,Bank transfer (automatic),1,Low,0,1,1,Email,0,0,0,12.3,33.0,0,1.9,3.0,7,0
CUST-3480,5,Month-to-month,20.05,94.15,No,Bank transfer (automatic),2,Medium,0,1,2,Email,0,0,1,19.3,19.9,0,1.1,3.9,18,0
CUST-3481,25,Month-to-month,84.6,2088.05,Fiber optic,Mailed check,1,Low,0,0,1,Call,2,1,1,0.8,22.6,0,0.0,4.9,12,0
CUST-3482,55,One year,103.7,5656.75,Fiber optic,Bank transfer (automatic),0,Medium,0,0,0,Call,1,0,1,7.3,18.9,0,0.0,2.4,171,0
CUST-3483,70,Two year,88.0,5986.45,Fiber optic,Credit card (automatic),0,Medium,0,1,0,Chat,0,0,1,14.6,15.6,0,1.5,3.3,77,0
CUST-3484,61,Month-to-month,106.35,6751.35,Fiber optic,Electronic check,3,Low,0,0,5,Call,0,1,0,100.9,139.1,1,0.0,3.5,9,0
CUST-3485,43,Two year,79.15,3566.6,DSL,Credit card (automatic),1,Low,0,0,1,Chat,0,0,1,26.2,50.9,0,0.0,3.2,17,0
CUST-3486,47,One year,103.1,4889.3,Fiber optic,Electronic check,0,Medium,0,0,0,Email,0,0,1,15.1,29.1,0,0.0,5.0,50,0
CUST-3487,5,Month-to-month,63.95,318.1,DSL,Credit card (automatic),1,High,1,1,1,Email,0,1,1,4.2,9.7,0,1.8,4.3,3,0
CUST-3488,62,Two year,25.8,1563.95,No,Credit card (automatic),0,Low,0,0,0,Chat,0,0,1,62.4,71.0,1,0.0,5.0,100,0
CUST-3489,14,Month-to-month,25.55,372.45,No,Mailed check,1,Low,0,0,3,Ticket,0,0,1,4.1,4.4,0,0.0,4.1,14,0
CUST-3490,34,Month-to-month,44.85,1442.6,DSL,Electronic check,0,Low,0,0,0,Email,1,0,1,3.0,16.4,0,0.0,5.0,158,0
CUST-3491,38,Two year,25.05,963.95,No,Credit card (automatic),0,Low,2,0,0,Ticket,1,0,0,10.0,47.3,0,0.0,4.3,93,0
CUST-3492,70,One year,74.1,5222.3,DSL,Credit card (automatic),0,Low,1,2,2,Chat,0,2,0,24.3,27.2,0,3.9,3.9,49,0
CUST-3493,37,Month-to-month,88.8,3340.55,Fiber optic,Electronic check,0,Low,0,0,0,Ticket,0,0,0,1.7,8.0,0,0.0,5.0,89,0
CUST-3494,60,Month-to-month,93.25,5774.55,Fiber optic,Electronic check,0,Medium,0,0,0,Chat,0,0,0,3.7,27.4,0,0.0,3.8,156,0
CUST-3495,62,One year,71.4,4487.3,DSL,Credit card (automatic),0,Low,0,1,0,Chat,1,0,0,17.6,18.5,0,0.3,3.3,156,0
CUST-3496,36,Month-to-month,79.2,2854.95,DSL,Credit card (automatic),1,Low,0,0,1,Call,0,0,1,0.4,5.1,0,0.0,3.1,18,0
CUST-3497,44,Two year,20.4,905.55,No,Credit card (automatic),2,Low,0,0,2,Email,0,0,0,19.4,53.5,0,0.0,3.2,17,0
CUST-3498,72,Two year,105.0,7589.8,Fiber optic,Credit card (automatic),0,High,0,0,0,Email,0,0,1,1.2,18.8,0,0.0,3.0,71,0
CUST-3499,13,Month-to-month,30.85,394.1,DSL,Bank transfer (automatic),1,Low,0,0,1,Chat,0,0,0,8.3,9.3,0,0.0,3.6,29,0
CUST-3500,15,One year,20.55,295.95,No,Mailed check,0,High,0,2,1,Ticket,0,0,0,9.7,17.2,0,11.3,4.1,102,0
CUST-3501,65,Two year,84.85,5459.2,DSL,Bank transfer (automatic),0,Medium,0,0,0,Call,0,0,0,18.5,27.2,0,0.0,4.4,73,0
CUST-3502,12,One year,33.15,444.75,DSL,Credit card (automatic),1,Low,0,0,1,Ticket,0,0,1,7.2,23.4,0,0.0,3.5,24,0
CUST-3503,72,Two year,92.0,6782.15,DSL,Credit card (automatic),2,Low,0,0,2,Email,0,0,1,1.8,4.7,0,0.0,1.9,15,0
CUST-3504,72,Two year,89.8,6510.45,DSL,Credit card (automatic),0,Medium,0,1,0,Ticket,0,1,1,2.7,5.9,0,1.7,4.2,139,0
CUST-3505,72,Two year,115.8,8476.5,Fiber optic,Bank transfer (automatic),0,Medium,0,0,0,Call,0,1,1,10.5,33.5,0,0.0,4.0,88,0
CUST-3506,52,Two year,85.15,4461.85,DSL,Mailed check,0,Medium,0,0,0,Ticket,0,0,0,15.3,18.4,0,0.0,2.7,44,0
CUST-3507,2,Month-to-month,24.85,62.0,No,Mailed check,0,Medium,0,1,0,Email,1,0,1,49.4,56.6,1,0.6,3.4,55,0
CUST-3508,5,Month-to-month,64.35,352.65,DSL,Electronic check,0,Medium,0,0,0,Chat,1,1,1,14.6,28.8,0,0.0,4.3,101,0
CUST-3509,68,Two year,20.5,1424.9,No,Credit card (automatic),0,Low,0,0,0,Email,0,1,0,21.7,30.6,0,0.0,4.5,31,0
CUST-3510,72,Two year,86.05,6309.65,DSL,Credit card (automatic),0,Medium,0,0,1,Call,0,0,1,3.8,33.4,0,0.0,2.2,129,0
CUST-3511,66,One year,89.0,5898.6,Fiber optic,Electronic check,0,Medium,0,0,0,Chat,0,0,0,84.9,93.5,1,0.0,5.0,53,0
CUST-3512,72,Two year,64.8,4719.75,DSL,Credit card (automatic),3,Low,0,1,4,Call,0,0,1,2.8,5.6,0,0.6,4.2,20,0
CUST-3513,26,One year,19.8,457.3,No,Credit card (automatic),1,Medium,1,0,1,Email,1,0,1,14.9,36.3,0,0.0,4.0,23,0
CUST-3514,64,Two year,93.4,5822.3,Fiber optic,Bank transfer (automatic),0,Medium,0,1,0,Ticket,0,0,1,52.8,70.9,1,1.0,3.3,178,0
CUST-3515,62,Two year,39.0,2337.45,DSL,Bank transfer (automatic),0,Low,1,1,1,Email,0,1,1,11.3,14.0,0,3.4,5.0,156,0
CUST-3516,5,Month-to-month,20.5,104.3,No,Mailed check,2,Low,0,0,2,Ticket,0,0,1,42.0,59.7,0,0.0,2.7,18,0
CUST-3517,3,Two year,26.4,121.25,No,Mailed check,0,Low,0,1,0,Chat,0,0,1,15.9,20.6,0,1.3,4.1,40,0
CUST-3518,72,Two year,98.2,7015.9,Fiber optic,Bank transfer (automatic),1,Low,0,0,1,Ticket,0,0,0,34.4,44.4,0,0.0,2.8,29,0
CUST-3519,57,One year,97.55,5598.0,Fiber optic,Credit card (automatic),0,Low,0,2,0,Ticket,0,0,1,22.5,64.9,0,1.0,3.0,163,0
CUST-3520,66,Two year,19.95,1269.1,No,Credit card (automatic),0,Low,0,0,1,Chat,0,0,1,16.0,16.5,0,0.0,2.2,100,0
CUST-3521,45,Two year,99.7,4634.35,Fiber optic,Bank transfer (automatic),1,Low,0,0,2,Call,0,0,0,2.2,4.5,0,0.0,4.0,23,0
CUST-3522,3,Month-to-month,34.8,113.95,DSL,Credit card (automatic),0,Low,0,1,0,Chat,0,0,0,6.2,17.4,0,5.0,3.3,165,0
CUST-3523,51,One year,60.15,3077.0,DSL,Bank transfer (automatic),0,High,0,0,0,Call,0,0,1,2.3,2.9,0,0.0,3.4,52,0
CUST-3524,60,One year,64.75,4039.5,DSL,Electronic check,2,Low,0,0,2,Chat,0,0,0,14.3,15.7,0,0.0,4.0,19,0
CUST-3525,33,Month-to-month,54.65,1665.2,DSL,Bank transfer (automatic),4,Low,0,1,4,Ticket,0,0,1,10.4,21.8,0,3.3,4.6,17,0
CUST-3526,26,One year,19.3,504.2,No,Credit card (automatic),1,Low,0,0,2,Email,0,0,1,10.1,32.2,0,0.0,3.8,13,0
CUST-3527,67,One year,111.25,7511.65,Fiber optic,Electronic check,2,Medium,0,0,2,Ticket,0,1,0,6.0,15.5,0,0.0,3.4,1,0
CUST-3528,49,One year,35.8,1782.0,DSL,Credit card (automatic),4,Low,0,0,4,Call,0,0,0,30.6,33.1,0,0.0,3.2,3,0
CUST-3529,1,Month-to-month,20.05,20.05,No,Mailed check,2,Low,1,2,2,Email,0,0,0,10.0,11.7,0,1.8,3.7,8,0
CUST-3530,7,Month-to-month,84.35,609.65,Fiber optic,Electronic check,2,Low,0,1,2,Ticket,0,0,1,5.9,26.5,0,3.2,3.8,27,0
CUST-3531,27,One year,110.5,2857.6,Fiber optic,Bank transfer (automatic),0,High,0,1,0,Ticket,0,0,1,5.5,33.5,0,0.5,4.9,162,0
CUST-3532,37,One year,91.2,3247.55,Fiber optic,Credit card (automatic),2,Medium,0,1,2,Email,0,0,0,6.6,23.5,0,1.7,2.8,9,0
CUST-3533,31,Month-to-month,89.3,2823.0,Fiber optic,Electronic check,0,Low,0,0,0,Ticket,0,0,0,31.8,34.8,0,0.0,2.6,163,0
CUST-3534,32,Month-to-month,81.1,2619.25,Fiber optic,Credit card (automatic),3,Low,0,1,3,Call,0,0,0,8.2,13.4,0,8.1,2.8,14,0
CUST-3535,63,One year,81.2,4965.1,Fiber optic,Credit card (automatic),0,Low,0,1,0,Chat,1,1,1,5.0,11.8,0,0.5,3.5,116,0
CUST-3536,30,Month-to-month,94.3,2679.7,Fiber optic,Credit card (automatic),0,Low,0,0,0,Call,2,0,1,39.6,41.2,0,0.0,2.7,44,0
CUST-3537,71,Two year,116.1,8310.55,Fiber optic,Bank transfer (automatic),0,Medium,0,1,0,Ticket,0,0,0,40.6,44.1,0,0.5,4.9,140,0
CUST-3538,53,Two year,105.55,5682.25,Fiber optic,Electronic check,1,Low,0,0,1,Email,0,0,0,20.6,36.1,0,0.0,4.3,8,0
CUST-3539,50,Month-to-month,94.4,4914.9,Fiber optic,Credit card (automatic),1,Medium,1,0,1,Email,0,0,0,31.5,49.8,0,0.0,3.1,2,0
CUST-3540,2,Month-to-month,19.5,27.55,No,Mailed check,2,Low,0,0,3,Email,0,0,1,32.1,34.5,0,0.0,3.2,21,0
CUST-3541,56,One year,105.6,6068.65,Fiber optic,Credit card (automatic),1,Medium,0,0,1,Ticket,0,0,0,21.5,26.2,0,0.0,2.3,8,0
CUST-3542,67,Two year,81.35,5398.6,DSL,Credit card (automatic),0,Low,1,0,0,Email,1,0,1,11.3,19.5,0,0.0,2.2,109,0
CUST-3543,4,Month-to-month,56.4,234.85,DSL,Electronic check,1,Low,0,0,1,Call,1,0,1,52.4,54.7,1,0.0,3.1,24,0
CUST-3544,19,One year,65.35,1231.85,DSL,Bank transfer (automatic),2,Medium,0,0,3,Call,0,0,0,7.2,31.0,0,0.0,2.9,6,0
CUST-3545,8,Month-to-month,19.95,170.9,No,Mailed check,0,Low,0,1,1,Ticket,0,0,1,28.2,32.6,0,0.1,2.8,78,0
CUST-3546,71,Two year,111.25,7984.15,Fiber optic,Electronic check,2,Medium,0,0,5,Call,0,0,1,4.6,8.1,0,0.0,4.6,7,0
CUST-3547,15,Month-to-month,89.0,1288.3,Fiber optic,Credit card (automatic),2,High,1,0,3,Call,1,0,0,19.0,45.9,0,0.0,3.3,2,0
CUST-3548,72,One year,106.1,7848.5,Fiber optic,Bank transfer (automatic),0,Low,1,0,0,Email,0,0,1,31.9,45.3,0,0.0,3.2,175,0
CUST-3549,12,One year,20.05,267.0,No,Credit card (automatic),1,High,1,0,1,Chat,0,1,0,23.1,31.8,0,0.0,3.2,2,0
CUST-3550,72,Two year,25.2,1798.9,No,Bank transfer (automatic),3,Low,0,0,5,Call,0,0,1,22.2,23.5,0,0.0,3.5,28,0
CUST-3551,23,Month-to-month,75.4,1643.55,Fiber optic,Bank transfer (automatic),2,Low,0,1,2,Ticket,0,0,1,11.3,13.2,0,5.9,2.4,28,0
CUST-3552,72,Two year,65.55,4807.45,DSL,Bank transfer (automatic),0,Medium,0,0,0,Email,0,0,1,41.4,44.5,0,0.0,4.3,46,0
CUST-3553,26,Month-to-month,80.7,2193.0,Fiber optic,Electronic check,0,Medium,0,0,0,Call,0,0,1,6.8,9.7,0,0.0,3.4,107,0
CUST-3554,21,One year,104.55,2239.4,Fiber optic,Mailed check,2,Low,0,0,2,Ticket,1,1,0,42.6,68.8,0,0.0,3.9,17,0
CUST-3555,60,One year,24.15,1505.9,No,Bank transfer (automatic),1,Medium,0,0,1,Ticket,0,0,0,0.7,34.8,0,0.0,3.2,7,0
CUST-3556,12,Month-to-month,20.45,255.35,No,Mailed check,2,High,0,1,2,Email,0,0,1,16.5,23.0,0,3.6,4.2,15,0
CUST-3557,16,Month-to-month,75.4,1189.4,Fiber optic,Electronic check,2,Low,0,0,3,Ticket,0,0,1,17.5,20.2,0,0.0,4.5,3,0
CUST-3558,63,One year,79.7,4786.15,DSL,Credit card (automatic),1,High,1,0,1,Chat,0,0,1,5.5,9.3,0,0.0,4.0,27,0
CUST-3559,22,Month-to-month,81.7,1820.9,Fiber optic,Electronic check,1,Medium,0,0,1,Chat,0,0,1,25.3,25.5,0,0.0,2.8,22,0
CUST-3560,32,Month-to-month,76.3,2404.15,DSL,Bank transfer (automatic),0,High,0,0,2,Call,0,0,0,3.8,6.7,0,0.0,1.6,137,0
CUST-3561,68,Two year,103.75,7039.45,Fiber optic,Credit card (automatic),1,Low,1,0,1,Chat,1,0,1,9.6,9.8,0,0.0,1.5,15,0
CUST-3562,30,One year,86.45,2538.05,Fiber optic,Electronic check,1,Medium,0,1,1,Email,0,0,0,41.3,80.5,0,0.1,4.0,23,0
CUST-3563,16,Month-to-month,75.1,1212.85,Fiber optic,Bank transfer (automatic),0,Low,0,1,0,Email,0,0,0,9.0,20.7,0,2.1,2.2,70,0
CUST-3564,33,Two year,80.6,2651.1,Fiber optic,Bank transfer (automatic),2,High,0,0,2,Call,0,0,0,31.5,45.0,0,0.0,3.6,17,0
CUST-3565,72,Two year,19.3,1304.8,No,Credit card (automatic),2,Medium,0,0,2,Chat,0,0,0,1.9,2.9,0,0.0,3.5,18,0
CUST-3566,12,One year,33.6,435.45,DSL,Mailed check,2,Low,0,0,2,Ticket,0,1,1,2.2,9.6,0,0.0,3.5,21,0
CUST-3567,4,Month-to-month,83.25,308.05,Fiber optic,Electronic check,0,Low,0,0,2,Ticket,0,0,1,3.5,10.3,0,0.0,3.2,94,0
CUST-3568,0,Two year,80.85,1397.475,DSL,Mailed check,0,Medium,0,1,0,Chat,0,0,0,3.2,25.0,0,1.1,3.0,119,0
CUST-3569,65,One year,108.05,7118.9,Fiber optic,Credit card (automatic),0,Medium,1,1,0,Email,0,0,0,69.1,87.2,1,1.4,4.6,173,0
CUST-3570,15,Month-to-month,19.9,320.45,No,Mailed check,4,Low,0,0,4,Email,0,0,1,2.1,8.6,0,0.0,3.1,16,0
CUST-3571,24,One year,21.05,531.55,No,Bank transfer (automatic),0,Low,0,0,1,Email,0,0,1,2.9,18.5,0,0.0,4.7,77,0
CUST-3572,13,Month-to-month,30.15,382.2,DSL,Electronic check,1,Medium,0,0,2,Email,0,0,1,3.4,4.5,0,0.0,3.9,7,0
CUST-3573,24,Month-to-month,79.85,2001.0,Fiber optic,Credit card (automatic),0,Low,0,0,0,Chat,0,0,1,16.4,19.9,0,0.0,3.7,177,0
CUST-3574,72,Two year,65.5,4919.7,DSL,Bank transfer (automatic),2,Low,0,0,2,Call,2,1,1,12.2,14.4,0,0.0,3.2,7,0
CUST-3575,54,Month-to-month,104.1,5645.8,Fiber optic,Bank transfer (automatic),2,High,0,0,2,Chat,0,0,1,23.1,38.6,0,0.0,3.1,23,0
CUST-3576,4,Month-to-month,20.5,77.6,No,Mailed check,1,Low,0,0,1,Chat,0,0,1,7.6,33.3,0,0.0,3.6,5,0
CUST-3577,32,Month-to-month,91.35,2896.55,Fiber optic,Mailed check,3,Low,0,0,3,Email,0,0,0,0.8,12.3,0,0.0,3.3,20,0
CUST-3578,35,Two year,20.5,759.35,No,Bank transfer (automatic),0,Low,0,0,0,Email,0,0,1,7.6,20.8,0,0.0,4.3,176,0
CUST-3579,8,Month-to-month,75.6,535.55,Fiber optic,Electronic check,0,High,0,1,0,Email,0,0,0,26.8,37.5,0,1.8,3.7,38,0
CUST-3580,22,Month-to-month,55.1,1253.15,DSL,Mailed check,1,Low,0,0,2,Call,0,1,0,30.3,41.0,0,0.0,5.0,5,0
CUST-3581,15,Month-to-month,58.95,955.15,DSL,Electronic check,1,Medium,1,1,1,Call,0,0,1,22.5,25.4,0,0.0,4.8,21,0
CUST-3582,22,Month-to-month,95.1,2162.6,Fiber optic,Electronic check,0,High,0,0,0,Email,0,0,0,9.3,9.5,0,0.0,3.7,174,0
CUST-3583,71,Two year,25.45,1813.35,No,Bank transfer (automatic),0,Low,1,0,0,Email,1,0,0,17.0,19.5,0,0.0,3.6,152,0
CUST-3584,4,Month-to-month,56.75,245.15,DSL,Electronic check,1,Medium,0,0,1,Chat,0,0,0,2.8,7.4,0,0.0,3.7,14,0
CUST-3585,25,Month-to-month,81.75,2028.8,DSL,Bank transfer (automatic),0,Low,0,0,0,Chat,0,0,1,5.2,11.4,0,0.0,2.5,116,0
CUST-3586,32,Month-to-month,86.1,2723.75,Fiber optic,Electronic check,2,Medium,1,0,4,Chat,0,0,1,5.1,20.4,0,0.0,3.7,13,0
CUST-3587,7,Month-to-month,29.8,220.45,DSL,Bank transfer (automatic),0,Low,0,0,0,Email,0,0,1,1.4,1.6,0,0.0,2.8,165,0
CUST-3588,17,One year,20.5,365.8,No,Mailed check,1,Medium,0,0,1,Chat,0,0,1,50.5,60.9,1,0.0,2.5,6,0
CUST-3589,8,Month-to-month,60.9,551.95,DSL,Bank transfer (automatic),1,Low,0,0,1,Ticket,0,0,1,10.2,14.4,0,0.0,3.9,23,0
CUST-3590,56,Two year,73.25,4054.2,DSL,Bank transfer (automatic),0,Low,0,1,1,Call,1,0,1,37.3,39.7,0,5.0,4.5,99,0
CUST-3591,3,Month-to-month,20.85,60.65,No,Mailed check,1,High,1,1,1,Chat,0,0,0,4.5,8.5,0,1.9,3.5,28,0
CUST-3592,71,Two year,77.35,5550.1,DSL,Credit card (automatic),1,Low,1,0,1,Call,1,1,0,26.3,31.8,0,0.0,5.0,10,0
CUST-3593,49,Month-to-month,93.85,4733.1,Fiber optic,Bank transfer (automatic),1,Medium,0,0,2,Chat,0,0,1,29.3,52.1,0,0.0,4.0,28,0
CUST-3594,58,Two year,70.1,4048.95,DSL,Bank transfer (automatic),2,Low,0,0,3,Call,0,0,1,0.1,3.5,0,0.0,3.8,2,0
CUST-3595,59,Two year,75.95,4542.35,DSL,Credit card (automatic),4,Low,0,0,5,Email,1,1,1,0.6,9.6,0,0.0,3.2,4,0
CUST-3596,11,Month-to-month,75.25,888.65,Fiber optic,Electronic check,0,Medium,0,0,1,Ticket,2,0,1,45.7,61.7,0,0.0,3.5,44,0
CUST-3597,35,One year,54.95,1916.0,DSL,Bank transfer (automatic),0,Low,1,0,0,Call,0,0,1,15.1,46.6,0,0.0,3.8,161,0
CUST-3598,20,Month-to-month,19.5,413.0,No,Bank transfer (automatic),0,High,0,0,0,Chat,0,0,0,6.0,6.4,0,0.0,5.0,46,0
CUST-3599,40,Two year,19.6,808.95,No,Mailed check,1,Low,1,1,1,Email,2,0,1,3.7,21.7,0,4.0,3.4,18,0
CUST-3600,39,One year,47.85,1886.4,DSL,Electronic check,2,Low,0,0,2,Ticket,0,0,0,30.7,34.0,0,0.0,3.0,10,0
CUST-3601,72,Two year,23.75,1679.25,No,Bank transfer (automatic),2,Medium,1,0,2,Email,0,0,1,3.9,25.8,0,0.0,1.7,6,0
CUST-3602,12,Month-to-month,43.8,540.95,DSL,Bank transfer (automatic),1,Low,1,0,1,Email,0,0,1,33.4,35.3,0,0.0,4.5,23,0
CUST-3603,1,Month-to-month,19.75,19.75,No,Bank transfer (automatic),0,Low,1,0,1,Call,0,0,1,17.5,30.8,0,0.0,5.0,53,0
CUST-3604,27,Month-to-month,19.15,537.35,No,Mailed check,0,Medium,0,0,0,Ticket,0,1,1,19.4,35.6,0,0.0,5.0,47,0
CUST-3605,34,One year,19.6,678.8,No,Credit card (automatic),1,Low,0,0,1,Email,2,1,1,10.4,19.2,0,0.0,3.7,22,0
CUST-3606,56,Two year,80.3,4513.65,Fiber optic,Bank transfer (automatic),2,Low,0,0,2,Chat,0,0,0,0.7,5.7,0,0.0,3.2,12,0
CUST-3607,58,Two year,24.35,1423.85,No,Credit card (automatic),1,Medium,0,0,1,Email,0,0,0,14.6,16.6,0,0.0,4.6,6,0
CUST-3608,22,Two year,25.25,555.4,No,Credit card (automatic),0,Medium,1,0,1,Chat,0,0,1,22.5,23.8,0,0.0,3.8,93,0
CUST-3609,10,Two year,26.1,225.55,No,Credit card (automatic),1,Low,1,1,2,Email,0,0,1,0.1,17.0,0,1.9,2.9,18,0
CUST-3610,13,Two year,20.0,268.45,No,Credit card (automatic),1,Medium,0,0,1,Ticket,0,1,1,0.5,1.2,0,0.0,4.4,23,0
CUST-3611,72,Two year,20.7,1492.1,No,Bank transfer (automatic),0,Medium,0,1,0,Ticket,0,1,1,42.8,53.3,0,2.3,2.4,58,0
CUST-3612,2,Month-to-month,70.3,132.4,DSL,Electronic check,1,Medium,1,1,1,Ticket,0,0,0,20.5,20.9,0,0.3,5.0,19,0
CUST-3613,4,Month-to-month,69.55,284.9,Fiber optic,Mailed check,0,Low,0,0,0,Call,0,0,1,28.2,35.6,0,0.0,2.6,104,0
CUST-3614,37,Two year,19.85,784.25,No,Mailed check,1,High,0,0,1,Email,0,0,1,0.5,2.3,0,0.0,4.6,26,0
CUST-3615,21,Month-to-month,20.0,417.7,No,Mailed check,1,Low,0,0,1,Ticket,0,0,1,9.2,21.8,0,0.0,2.0,26,0
CUST-3616,53,One year,95.85,5016.25,Fiber optic,Credit card (automatic),1,Medium,1,1,1,Chat,0,0,1,24.7,28.1,0,0.8,3.8,17,0
CUST-3617,23,One year,20.75,485.2,No,Electronic check,0,High,1,0,0,Chat,0,1,0,1.7,6.9,0,0.0,2.6,56,0
CUST-3618,3,Month-to-month,50.15,160.85,DSL,Mailed check,0,Medium,1,0,0,Email,0,0,1,3.8,20.9,0,0.0,3.6,163,0
CUST-3619,71,Two year,58.65,4145.25,DSL,Mailed check,2,High,0,1,2,Ticket,0,0,1,12.8,23.9,0,0.6,3.8,8,0
CUST-3620,9,Month-to-month,95.9,827.45,Fiber optic,Bank transfer (automatic),1,Low,0,1,2,Call,0,0,0,40.3,55.7,0,0.2,3.1,22,0
CUST-3621,1,Month-to-month,49.5,49.5,DSL,Electronic check,1,Low,0,1,1,Ticket,1,0,1,7.2,21.5,0,0.5,3.9,20,0
CUST-3622,71,Two year,80.1,5585.4,DSL,Mailed check,0,High,0,1,1,Email,0,1,1,31.7,58.2,0,0.7,4.8,142,0
CUST-3623,64,One year,24.4,1601.2,No,Bank transfer (automatic),1,Low,0,1,2,Call,0,1,1,0.2,18.4,0,1.7,3.3,12,0
CUST-3624,4,Month-to-month,40.05,162.45,DSL,Electronic check,1,Medium,0,0,1,Chat,0,0,0,3.6,19.4,0,0.0,3.7,9,0
CUST-3625,23,Month-to-month,19.5,470.2,No,Mailed check,1,Low,0,0,1,Ticket,1,0,1,6.2,7.0,0,0.0,5.0,18,0
CUST-3626,39,Month-to-month,51.05,2066.0,DSL,Credit card (automatic),3,Medium,0,1,3,Ticket,0,0,1,22.2,23.7,0,2.3,3.4,14,0
CUST-3627,28,One year,54.35,1426.45,DSL,Mailed check,0,Medium,0,0,1,Chat,0,0,0,15.6,25.0,0,0.0,4.3,121,0
CUST-3628,5,Month-to-month,84.7,392.5,Fiber optic,Electronic check,3,Low,0,0,4,Email,1,0,0,5.5,10.4,0,0.0,2.9,21,0
CUST-3629,45,Month-to-month,86.1,3861.45,Fiber optic,Electronic check,0,Low,1,0,1,Call,0,0,0,15.7,24.3,0,0.0,5.0,38,0
CUST-3630,37,Month-to-month,70.35,2552.9,Fiber optic,Mailed check,2,Medium,0,0,2,Chat,0,0,1,39.7,55.4,0,0.0,3.5,2,0
CUST-3631,60,Two year,110.0,6668.35,Fiber optic,Bank transfer (automatic),0,Low,0,0,0,Call,0,0,1,11.4,16.1,0,0.0,3.6,55,0
CUST-3632,47,One year,94.9,4615.25,Fiber optic,Credit card (automatic),1,Medium,0,0,1,Email,0,1,0,21.4,45.3,0,0.0,3.4,16,0
CUST-3633,50,Month-to-month,69.75,3557.7,Fiber optic,Bank transfer (automatic),1,Medium,0,0,1,Call,0,0,0,7.6,14.4,0,0.0,2.7,13,0
CUST-3634,27,Month-to-month,71.6,1957.1,DSL,Bank transfer (automatic),1,Low,0,0,2,Call,0,0,1,22.4,27.3,0,0.0,1.3,15,0
CUST-3635,62,Two year,23.65,1416.75,No,Bank transfer (automatic),1,Medium,0,0,1,Ticket,0,0,0,36.3,44.9,0,0.0,2.3,9,0
CUST-3636,71,Two year,81.85,5924.4,DSL,Bank transfer (automatic),1,Low,0,0,1,Chat,0,1,1,15.1,23.7,0,0.0,3.5,12,0
CUST-3637,66,Two year,25.1,1697.7,No,Mailed check,3,Low,1,0,3,Call,1,0,1,8.8,32.3,0,0.0,2.6,18,0
CUST-3638,68,Two year,114.7,7849.85,Fiber optic,Bank transfer (automatic),1,Low,2,0,1,Call,0,0,1,25.3,27.8,0,0.0,4.3,7,0
CUST-3639,13,Month-to-month,49.15,649.4,DSL,Electronic check,2,Medium,0,1,2,Chat,0,0,0,56.3,65.0,1,2.0,3.9,26,0
CUST-3640,56,One year,80.9,4557.5,Fiber optic,Electronic check,1,High,0,1,1,Chat,0,0,0,1.3,21.3,0,0.9,2.2,23,0
CUST-3641,16,One year,19.3,360.35,No,Bank transfer (automatic),0,Low,0,0,0,Email,0,0,1,13.1,26.3,0,0.0,4.6,46,0
CUST-3642,14,Month-to-month,70.2,1046.5,Fiber optic,Electronic check,0,Low,0,0,0,Chat,1,0,0,3.6,13.4,0,0.0,4.3,73,0
CUST-3643,8,One year,54.25,447.75,DSL,Bank transfer (automatic),0,Low,0,0,1,Call,0,0,1,5.8,28.5,0,0.0,3.8,109,0
CUST-3644,43,Month-to-month,99.3,4209.95,Fiber optic,Bank transfer (automatic),3,Medium,0,0,3,Ticket,0,0,0,18.2,36.0,0,0.0,5.0,19,0
CUST-3645,52,One year,74.0,3877.65,DSL,Credit card (automatic),1,Low,0,1,2,Email,0,0,0,57.8,58.6,1,2.3,4.1,19,0
CUST-3646,3,Month-to-month,50.25,152.3,DSL,Mailed check,0,Medium,2,0,0,Chat,0,0,0,34.5,41.7,0,0.0,4.3,173,0
CUST-3647,29,One year,19.8,572.2,No,Mailed check,2,Low,0,0,2,Chat,0,0,1,5.4,20.0,0,0.0,3.1,18,0
CUST-3648,16,Month-to-month,35.5,552.7,DSL,Credit card (automatic),2,Medium,0,2,3,Chat,0,0,1,0.4,12.7,0,1.6,3.9,1,0
CUST-3649,40,One year,80.75,3208.65,DSL,Mailed check,0,Medium,2,1,0,Email,0,0,1,16.5,21.4,0,0.7,3.2,56,0
CUST-3650,36,One year,19.55,620.75,No,Mailed check,1,High,0,0,1,Email,0,0,1,13.7,20.7,0,0.0,4.2,15,0
CUST-3651,26,One year,20.05,505.9,No,Bank transfer (automatic),1,Low,0,0,1,Chat,1,0,1,11.1,19.6,0,0.0,4.0,22,0
CUST-3652,72,Two year,112.4,8046.85,Fiber optic,Electronic check,0,Medium,0,0,1,Email,0,1,0,11.6,18.3,0,0.0,4.6,114,0
CUST-3653,34,Month-to-month,50.2,1815.3,DSL,Bank transfer (automatic),2,Medium,0,0,2,Ticket,0,0,1,16.1,32.4,0,0.0,3.4,24,0
CUST-3654,10,Month-to-month,62.25,612.95,DSL,Bank transfer (automatic),0,Medium,0,2,0,Call,0,0,0,9.1,17.2,0,1.1,3.9,73,0
CUST-3655,14,One year,55.7,795.15,DSL,Mailed check,0,Low,1,0,1,Ticket,0,0,1,3.4,22.6,0,0.0,3.7,161,0
CUST-3656,47,Two year,19.65,973.1,No,Mailed check,1,High,1,0,1,Call,0,0,1,5.4,12.6,0,0.0,3.1,3,0
CUST-3657,24,Month-to-month,89.25,2210.2,Fiber optic,Electronic check,2,Low,0,0,3,Email,0,0,0,1.2,1.7,0,0.0,4.4,29,0
CUST-3658,20,One year,54.0,1055.9,DSL,Mailed check,2,Low,0,2,3,Chat,0,0,1,1.0,24.6,0,0.4,3.0,6,0
CUST-3659,22,Two year,56.75,1304.85,DSL,Bank transfer (automatic),0,Low,1,0,1,Email,0,1,1,36.4,52.2,0,0.0,4.7,128,0
CUST-3660,1,Month-to-month,21.1,21.1,No,Mailed check,1,Medium,1,0,2,Ticket,1,0,1,2.4,4.7,0,0.0,3.8,26,0
CUST-3661,59,Month-to-month,96.65,5580.8,Fiber optic,Bank transfer (automatic),1,Medium,0,0,2,Ticket,0,0,1,1.3,6.3,0,0.0,4.5,24,0
CUST-3662,58,One year,24.5,1497.9,No,Credit card (automatic),2,Low,1,0,2,Email,0,1,0,31.5,32.3,0,0.0,2.2,11,0
CUST-3663,59,Two year,79.2,4590.35,Fiber optic,Credit card (automatic),1,Low,0,0,1,Chat,0,0,1,55.2,63.1,1,0.0,3.9,11,0
CUST-3664,3,Month-to-month,69.55,200.2,Fiber optic,Electronic check,3,Medium,0,0,3,Chat,1,0,0,4.1,11.5,0,0.0,4.9,1,0
CUST-3665,32,Two year,20.05,614.45,No,Bank transfer (automatic),0,Low,1,2,0,Call,1,0,1,25.5,27.9,0,1.3,3.0,72,0
CUST-3666,46,Month-to-month,98.85,4564.9,Fiber optic,Electronic check,1,High,0,0,1,Ticket,0,0,1,3.2,5.7,0,0.0,3.3,29,0
CUST-3667,0,Two year,25.75,1397.475,No,Mailed check,1,High,1,0,1,Call,0,0,1,20.6,23.9,0,0.0,3.5,12,0
CUST-3668,52,One year,19.6,1012.4,No,Credit card (automatic),2,Low,0,1,2,Email,0,0,1,20.5,35.3,0,2.3,3.8,15,0
CUST-3669,32,Month-to-month,87.65,2766.4,Fiber optic,Bank transfer (automatic),0,Low,0,0,0,Call,0,0,1,10.1,14.9,0,0.0,3.4,116,0
CUST-3670,16,Month-to-month,74.75,1129.35,Fiber optic,Credit card (automatic),3,High,0,2,4,Chat,0,0,1,38.5,48.9,0,2.1,3.8,5,0
CUST-3671,51,One year,107.45,5680.9,Fiber optic,Bank transfer (automatic),1,Low,0,1,1,Ticket,0,0,0,2.3,5.6,0,1.8,4.6,23,0
CUST-3672,29,One year,75.35,2243.9,DSL,Bank transfer (automatic),1,Low,0,1,3,Chat,0,0,1,11.7,35.3,0,1.9,4.8,24,0
CUST-3673,70,Two year,64.95,4523.25,DSL,Credit card (automatic),1,Low,1,0,1,Call,1,0,1,16.6,30.8,0,0.0,3.4,10,0
CUST-3674,71,Two year,100.45,7159.7,Fiber optic,Electronic check,0,Low,1,0,0,Email,0,0,0,25.6,78.8,0,0.0,3.8,124,0
CUST-3675,41,One year,68.5,2839.95,DSL,Bank transfer (automatic),2,Medium,1,0,2,Call,1,0,1,2.8,27.1,0,0.0,4.9,15,0
CUST-3676,1,Month-to-month,80.55,80.55,Fiber optic,Electronic check,1,Medium,1,0,1,Chat,0,0,0,13.8,15.5,0,0.0,1.9,18,0
CUST-3677,7,Month-to-month,81.25,580.1,DSL,Bank transfer (automatic),0,High,1,1,0,Ticket,1,0,1,10.9,25.6,0,4.5,3.6,176,0
CUST-3678,67,One year,89.55,6038.55,Fiber optic,Electronic check,0,Low,0,1,0,Call,0,1,0,9.7,13.7,0,0.2,4.2,80,0
CUST-3679,5,Month-to-month,55.7,259.4,DSL,Mailed check,1,Low,0,0,1,Ticket,1,2,1,8.0,18.9,0,0.0,2.6,25,0
CUST-3680,15,Month-to-month,24.8,324.15,No,Electronic check,2,High,1,0,2,Ticket,1,0,1,104.1,116.6,1,0.0,3.2,22,0
CUST-3681,20,Month-to-month,20.0,417.65,No,Electronic check,1,Medium,0,0,2,Call,0,0,1,3.4,20.1,0,0.0,4.1,7,0
CUST-3682,54,One year,105.2,5637.85,Fiber optic,Electronic check,1,Medium,1,0,2,Chat,0,0,1,25.2,33.7,0,0.0,3.5,9,0
CUST-3683,42,One year,19.55,839.4,No,Mailed check,0,Low,1,1,0,Email,0,0,1,8.5,14.1,0,0.0,4.9,34,0
CUST-3684,9,Month-to-month,79.75,769.1,Fiber optic,Electronic check,2,Medium,0,1,3,Chat,0,0,0,18.8,53.7,0,4.6,3.3,22,0
CUST-3685,63,Two year,97.45,6253.0,Fiber optic,Bank transfer (automatic),1,Low,0,0,1,Call,1,0,0,80.1,85.0,1,0.0,3.3,24,0
CUST-3686,69,Two year,24.25,1641.8,No,Bank transfer (automatic),2,Medium,0,1,3,Ticket,0,0,1,11.7,15.9,0,1.7,3.5,9,0
CUST-3687,69,Two year,24.6,1678.05,No,Credit card (automatic),0,Medium,0,0,0,Chat,0,0,1,31.3,35.8,0,0.0,4.0,150,0
CUST-3688,40,Month-to-month,50.15,2058.5,DSL,Mailed check,0,Medium,0,0,0,Email,0,0,1,1.4,22.3,0,0.0,2.3,63,0
CUST-3689,60,Two year,39.6,2424.5,DSL,Bank transfer (automatic),0,Medium,0,1,1,Ticket,0,0,1,14.6,26.6,0,0.0,4.3,118,0
CUST-3690,71,Two year,89.85,6293.45,DSL,Mailed check,0,Medium,0,0,0,Email,0,0,0,8.7,11.1,0,0.0,2.6,62,0
CUST-3691,32,Month-to-month,98.85,3145.9,Fiber optic,Credit card (automatic),2,Low,0,0,3,Ticket,0,0,1,21.6,24.2,0,0.0,3.5,8,0
CUST-3692,39,Two year,53.85,2200.7,DSL,Credit card (automatic),1,Low,0,1,2,Email,1,0,0,0.7,2.1,0,0.7,2.1,23,0
CUST-3693,38,One year,24.25,914.4,No,Electronic check,2,Medium,0,0,2,Email,0,0,1,10.7,17.2,0,0.0,4.4,21,0
CUST-3694,52,Two year,89.45,4577.75,Fiber optic,Credit card (automatic),1,Low,0,0,1,Call,0,0,0,12.3,20.1,0,0.0,2.3,11,0
CUST-3695,48,Month-to-month,105.25,4997.5,Fiber optic,Credit card (automatic),0,Low,1,0,0,Call,0,0,0,33.5,38.7,0,0.0,4.8,162,0
CUST-3696,70,Two year,59.5,4144.8,DSL,Bank transfer (automatic),1,Low,2,0,1,Ticket,2,0,1,8.7,14.7,0,0.0,4.1,3,0
CUST-3697,20,Month-to-month,70.55,1493.55,Fiber optic,Credit card (automatic),1,Low,0,0,1,Call,1,0,1,7.0,18.3,0,0.0,3.9,17,0
CUST-3698,50,One year,82.5,4179.1,DSL,Credit card (automatic),1,High,0,0,1,Call,0,0,0,8.9,18.4,0,0.0,4.9,17,0
CUST-3699,25,One year,61.6,1611.0,DSL,Bank transfer (automatic),2,Low,0,0,2,Email,0,1,1,10.4,17.3,0,0.0,2.4,22,0
CUST-3700,12,Month-to-month,49.05,593.05,DSL,Bank transfer (automatic),0,Medium,0,0,1,Ticket,0,2,1,5.3,13.5,0,0.0,3.5,99,0
CUST-3701,23,One year,66.25,1533.8,DSL,Mailed check,1,Medium,1,1,1,Email,1,1,1,0.8,19.7,0,0.3,4.5,14,0
CUST-3702,27,Month-to-month,19.4,529.8,No,Electronic check,0,Low,3,0,0,Call,0,1,1,83.4,92.2,1,0.0,5.0,125,0
CUST-3703,47,Month-to-month,86.05,3865.6,Fiber optic,Credit card (automatic),0,High,0,0,0,Call,0,0,1,26.1,64.1,0,0.0,4.3,47,0
CUST-3704,26,Two year,19.15,515.75,No,Credit card (automatic),3,Low,1,0,4,Chat,1,0,0,76.1,85.8,1,0.0,2.8,19,0
CUST-3705,2,Month-to-month,19.25,48.35,No,Mailed check,3,High,0,0,5,Email,0,0,0,19.6,24.3,0,0.0,3.3,4,0
CUST-3706,26,Month-to-month,81.95,2070.05,Fiber optic,Electronic check,0,Low,1,1,0,Call,0,0,1,38.6,73.1,0,0.9,5.0,89,0
CUST-3707,72,Two year,114.65,8333.95,Fiber optic,Bank transfer (automatic),1,Low,0,1,1,Ticket,0,1,1,10.8,12.0,0,1.0,4.7,10,0
CUST-3708,63,Two year,20.0,1209.25,No,Credit card (automatic),0,Low,0,0,0,Ticket,0,0,0,7.7,32.5,0,0.0,1.9,95,0
CUST-3709,71,Two year,19.8,1396.25,No,Mailed check,0,Low,1,0,0,Call,0,0,1,91.5,93.0,1,0.0,4.0,94,0
CUST-3710,11,Month-to-month,65.15,723.35,DSL,Bank transfer (automatic),2,Medium,1,0,2,Call,0,0,1,3.3,15.7,0,0.0,4.2,29,0
CUST-3711,14,One year,19.65,228.65,No,Mailed check,3,Low,0,1,3,Call,0,0,1,4.4,30.7,0,2.5,3.4,3,0
CUST-3712,13,Two year,88.95,1161.75,DSL,Credit card (automatic),0,Medium,1,0,0,Ticket,0,0,0,19.9,21.2,0,0.0,3.0,92,0
CUST-3713,6,Month-to-month,20.2,98.35,No,Mailed check,1,Low,0,1,1,Call,1,0,0,5.3,97.7,0,3.3,5.0,6,0
CUST-3714,11,Month-to-month,75.2,775.3,Fiber optic,Credit card (automatic),1,Medium,0,0,1,Email,1,0,1,10.1,18.0,0,0.0,3.4,16,0
CUST-3715,18,Month-to-month,56.8,1074.65,DSL,Credit card (automatic),1,Medium,1,0,1,Chat,0,0,1,48.4,56.5,1,0.0,4.9,22,0
CUST-3716,32,Month-to-month,75.5,2324.7,Fiber optic,Bank transfer (automatic),0,Low,0,0,1,Chat,0,0,0,5.6,10.6,0,0.0,3.3,68,0
CUST-3717,29,One year,35.6,1072.6,DSL,Mailed check,1,Low,0,0,1,Chat,0,0,1,12.9,18.9,0,0.0,3.7,8,0
CUST-3718,3,Month-to-month,60.25,170.5,DSL,Electronic check,1,Medium,0,0,1,Email,0,0,1,24.0,31.3,0,0.0,3.7,2,0
CUST-3719,41,Month-to-month,40.35,1677.85,DSL,Electronic check,1,Low,0,0,4,Call,0,1,0,1.3,3.7,0,0.0,4.5,10,0
CUST-3720,1,Month-to-month,18.85,18.85,No,Electronic check,1,Low,1,1,1,Chat,0,0,1,1.3,9.3,0,0.7,3.4,22,0
CUST-3721,7,Month-to-month,54.85,370.4,DSL,Mailed check,2,Medium,0,0,3,Ticket,0,0,1,24.7,35.6,0,0.0,3.6,29,0
CUST-3722,52,One year,64.3,3410.6,DSL,Mailed check,0,High,1,0,0,Call,0,0,1,45.5,45.8,0,0.0,2.0,74,0
CUST-3723,45,Two year,24.65,1138.8,No,Bank transfer (automatic),1,High,0,1,1,Ticket,0,0,1,16.1,32.5,0,1.1,3.3,5,0
CUST-3724,70,Two year,76.1,5264.25,DSL,Credit card (automatic),2,Medium,1,0,3,Chat,0,0,1,0.7,10.6,0,0.0,1.2,26,0
CUST-3725,53,Two year,18.7,1005.7,No,Mailed check,0,Medium,0,0,1,Email,1,0,1,10.8,12.2,0,0.0,3.6,96,0
CUST-3726,62,One year,97.95,5936.55,Fiber optic,Credit card (automatic),2,High,0,1,3,Chat,0,0,0,22.9,45.1,0,5.6,3.3,16,0
CUST-3727,60,Month-to-month,94.1,5475.9,Fiber optic,Credit card (automatic),2,Medium,0,0,2,Chat,0,0,0,18.0,26.2,0,0.0,4.1,14,0
CUST-3728,23,Month-to-month,95.1,2326.05,Fiber optic,Electronic check,0,Low,0,0,0,Call,0,0,0,4.0,10.6,0,0.0,3.9,124,0
CUST-3729,67,One year,72.35,4991.5,DSL,Bank transfer (automatic),0,High,1,2,0,Call,0,0,0,1.0,6.8,0,0.6,5.0,62,0
CUST-3730,71,Two year,82.7,5831.2,DSL,Bank transfer (automatic),2,Low,1,0,2,Chat,0,0,0,39.6,58.0,0,0.0,4.7,14,0
CUST-3731,25,One year,19.9,510.8,No,Credit card (automatic),3,Low,2,1,4,Email,0,0,0,4.6,5.6,0,0.8,4.7,29,0
CUST-3732,5,Month-to-month,53.8,283.95,DSL,Electronic check,2,Medium,0,0,2,Ticket,0,1,1,98.4,113.1,1,0.0,4.8,11,0
CUST-3733,26,One year,51.55,1295.4,DSL,Credit card (automatic),0,Low,0,0,0,Ticket,0,0,1,2.2,14.4,0,0.0,3.9,105,0
CUST-3734,1,One year,19.65,19.65,No,Mailed check,2,Low,0,0,4,Email,0,0,0,2.2,8.8,0,0.0,2.9,27,0
CUST-3735,70,One year,44.05,3011.65,DSL,Credit card (automatic),2,Low,1,1,3,Call,1,1,0,19.9,56.1,0,4.0,4.0,1,0
CUST-3736,72,Two year,114.0,8093.15,Fiber optic,Electronic check,1,Medium,0,0,1,Chat,0,0,1,5.7,15.3,0,0.0,2.4,25,0
CUST-3737,32,Month-to-month,100.4,3217.65,Fiber optic,Electronic check,0,High,2,0,0,Chat,1,0,1,66.0,76.8,1,0.0,5.0,34,0
CUST-3738,14,One year,54.25,773.2,DSL,Mailed check,0,Low,0,1,1,Chat,0,0,1,4.9,22.2,0,1.2,2.0,146,0
CUST-3739,13,Month-to-month,80.0,1029.35,Fiber optic,Credit card (automatic),4,Low,1,0,4,Ticket,1,0,1,17.6,29.4,0,0.0,3.5,22,0
CUST-3740,46,Two year,79.2,3593.8,DSL,Mailed check,0,Low,1,1,0,Email,0,0,1,9.4,31.6,0,1.2,3.9,128,0
CUST-3741,43,Month-to-month,94.3,3953.15,Fiber optic,Electronic check,1,Medium,0,1,1,Email,0,0,0,1.7,4.8,0,2.7,4.3,27,0
CUST-3742,39,Two year,49.8,1971.15,DSL,Bank transfer (automatic),3,Medium,0,0,4,Chat,1,1,0,22.2,40.6,0,0.0,4.0,14,0
CUST-3743,57,Month-to-month,53.75,3196.0,DSL,Electronic check,1,Low,0,0,1,Chat,0,0,1,28.1,28.9,0,0.0,4.1,21,0
CUST-3744,53,One year,93.45,4872.2,Fiber optic,Electronic check,0,Low,1,0,1,Email,0,0,1,31.5,45.3,0,0.0,4.5,142,0
CUST-3745,18,Month-to-month,87.9,1500.5,Fiber optic,Mailed check,1,Medium,0,1,2,Ticket,0,0,0,12.1,62.8,0,0.9,4.2,6,0
CUST-3746,58,One year,61.05,3478.75,DSL,Bank transfer (automatic),1,Medium,1,0,1,Call,0,0,0,67.1,81.0,1,0.0,2.2,20,0
CUST-3747,71,Two year,104.05,7413.55,Fiber optic,Bank transfer (automatic),0,Low,0,0,0,Chat,0,0,1,28.9,33.7,0,0.0,4.4,57,0
CUST-3748,35,One year,99.25,3532.0,Fiber optic,Electronic check,1,Low,0,1,1,Email,0,0,1,10.4,18.9,0,0.1,3.1,16,0
CUST-3749,3,Month-to-month,85.7,256.75,Fiber optic,Credit card (automatic),0,Low,0,0,0,Ticket,0,0,0,1.9,61.1,0,0.0,3.4,123,0
CUST-3750,38,One year,104.85,3887.25,Fiber optic,Electronic check,0,High,0,1,1,Call,0,0,0,5.3,13.1,0,4.8,4.9,36,0
CUST-3751,35,Two year,69.15,2490.15,DSL,Credit card (automatic),0,Medium,0,0,1,Email,0,0,1,26.6,45.2,0,0.0,3.0,39,0
CUST-3752,47,Two year,74.45,3510.3,DSL,Mailed check,0,Medium,1,0,0,Chat,0,0,0,38.1,40.5,0,0.0,4.7,37,0
CUST-3753,14,Month-to-month,50.45,765.45,DSL,Electronic check,0,High,0,0,1,Email,0,0,0,19.5,41.6,0,0.0,2.2,45,0
CUST-3754,20,Month-to-month,60.0,1259.35,DSL,Electronic check,1,Medium,0,0,2,Ticket,0,0,1,8.8,11.2,0,0.0,3.1,16,0
CUST-3755,66,Two year,85.25,5538.35,DSL,Electronic check,2,High,0,0,2,Chat,0,0,0,7.9,68.6,0,0.0,3.4,3,0
CUST-3756,15,Month-to-month,19.45,340.85,No,Credit card (automatic),2,Low,0,0,2,Email,0,0,1,8.0,9.4,0,0.0,4.1,29,0
CUST-3757,42,Two year,20.75,844.45,No,Bank transfer (automatic),1,Low,0,0,2,Email,0,0,0,12.2,17.9,0,0.0,4.0,22,0
CUST-3758,17,Month-to-month,78.9,1348.95,Fiber optic,Electronic check,1,Medium,1,0,1,Chat,0,0,0,23.3,37.8,0,0.0,4.3,21,0
CUST-3759,37,One year,104.5,3778.0,Fiber optic,Credit card (automatic),0,Medium,0,0,0,Chat,1,0,0,3.2,19.6,0,0.0,5.0,176,0
CUST-3760,12,Month-to-month,49.4,611.65,DSL,Electronic check,0,Low,0,1,0,Ticket,0,0,1,0.4,4.8,0,0.8,3.9,160,0
CUST-3761,60,Two year,25.0,1505.05,No,Mailed check,0,Low,0,1,0,Chat,0,1,1,1.4,12.4,0,1.0,4.3,74,0
CUST-3762,18,Month-to-month,25.55,467.85,DSL,Credit card (automatic),0,Low,0,0,2,Ticket,0,0,1,19.7,20.8,0,0.0,4.9,47,0
CUST-3763,3,Month-to-month,70.15,194.2,Fiber optic,Electronic check,0,Low,0,1,0,Email,0,0,0,34.0,34.4,0,1.3,4.2,98,0
CUST-3764,9,Month-to-month,69.4,571.45,DSL,Credit card (automatic),2,Low,0,0,2,Chat,0,0,0,9.4,11.2,0,0.0,2.4,24,0
CUST-3765,56,One year,93.15,5253.95,Fiber optic,Electronic check,0,Medium,0,0,1,Ticket,0,0,0,7.4,13.5,0,0.0,2.8,99,0
CUST-3766,7,Month-to-month,69.55,521.35,Fiber optic,Electronic check,2,High,0,0,3,Email,1,0,0,0.4,8.4,0,0.0,4.2,7,0
CUST-3767,69,Two year,20.2,1412.65,No,Bank transfer (automatic),3,Medium,0,1,3,Call,0,0,1,1.1,2.4,0,0.4,3.9,4,0
CUST-3768,54,Two year,20.4,1090.6,No,Credit card (automatic),1,Medium,0,1,1,Email,0,0,0,25.3,32.2,0,0.4,4.0,9,0
CUST-3769,62,One year,23.75,1446.8,No,Credit card (automatic),1,High,0,0,2,Chat,0,0,0,1.7,30.7,0,0.0,4.6,16,0
CUST-3770,62,Month-to-month,70.45,4300.45,DSL,Credit card (automatic),2,Low,2,3,2,Ticket,0,0,1,31.7,42.5,0,14.4,3.2,12,0
CUST-3771,17,Month-to-month,65.75,1111.2,DSL,Bank transfer (automatic),1,Low,0,0,2,Call,0,0,0,27.3,31.8,0,0.0,2.3,13,0
CUST-3772,9,Month-to-month,24.6,190.1,DSL,Mailed check,2,Low,0,0,2,Ticket,0,0,1,30.8,33.3,0,0.0,4.3,3,0
CUST-3773,64,Two year,69.25,4447.75,DSL,Mailed check,1,High,0,0,2,Ticket,0,0,1,20.8,29.5,0,0.0,3.2,18,0
CUST-3774,72,Two year,24.65,1830.05,No,Bank transfer (automatic),0,Low,1,0,0,Call,1,0,1,0.4,3.7,0,0.0,5.0,61,0
CUST-3775,30,One year,90.4,2820.65,Fiber optic,Bank transfer (automatic),1,Medium,0,0,1,Call,1,0,0,10.5,44.8,0,0.0,5.0,3,0
CUST-3776,49,Month-to-month,100.85,4847.35,Fiber optic,Mailed check,1,Low,0,1,2,Ticket,0,0,0,3.1,7.8,0,0.2,3.8,8,0
CUST-3777,61,Two year,75.35,4729.3,DSL,Credit card (automatic),2,High,0,0,2,Chat,1,0,1,7.4,8.0,0,0.0,4.6,6,0
CUST-3778,47,Month-to-month,87.2,4017.45,Fiber optic,Electronic check,0,Low,0,1,0,Call,0,0,0,14.7,33.0,0,1.8,3.8,46,0
CUST-3779,20,Month-to-month,64.4,1398.6,DSL,Credit card (automatic),2,Medium,0,0,3,Chat,0,0,1,23.7,42.5,0,0.0,2.8,14,0
CUST-3780,70,Two year,24.7,1685.9,No,Bank transfer (automatic),1,Low,0,0,3,Call,0,1,1,4.8,31.3,0,0.0,3.9,7,0
CUST-3781,54,One year,105.85,5826.65,Fiber optic,Electronic check,1,Low,2,0,2,Ticket,1,0,1,7.3,27.9,0,0.0,3.8,25,0
CUST-3782,61,One year,98.3,6066.55,Fiber optic,Mailed check,1,Medium,0,0,2,Call,0,1,1,4.2,8.5,0,0.0,4.1,23,0
CUST-3783,13,One year,19.45,270.2,No,Mailed check,1,High,0,0,1,Ticket,0,0,0,74.7,91.9,1,0.0,3.5,27,0
CUST-3784,3,Month-to-month,58.7,168.6,DSL,Credit card (automatic),3,Medium,0,0,3,Call,0,0,1,47.7,71.1,0,0.0,3.0,16,0
CUST-3785,25,Month-to-month,20.15,536.35,No,Mailed check,0,High,0,0,0,Call,0,1,1,19.1,41.5,0,0.0,2.8,136,0
CUST-3786,30,Month-to-month,64.5,1888.45,DSL,Mailed check,1,Medium,0,0,1,Call,0,0,1,31.4,38.6,0,0.0,4.6,18,0
CUST-3787,21,Month-to-month,28.5,629.35,DSL,Electronic check,0,Medium,0,0,0,Email,0,0,1,22.8,37.4,0,0.0,2.4,37,0
CUST-3788,23,Month-to-month,90.45,2117.25,Fiber optic,Electronic check,1,Low,0,1,1,Call,0,0,0,34.0,65.8,0,0.6,3.1,14,0
CUST-3789,45,Month-to-month,105.15,4730.9,Fiber optic,Electronic check,0,Low,0,0,0,Email,0,0,1,49.5,61.3,1,0.0,2.6,170,0
CUST-3790,24,One year,83.15,2033.05,Fiber optic,Bank transfer (automatic),1,Low,0,1,2,Chat,0,0,1,48.0,52.6,0,0.5,4.5,10,0
CUST-3791,56,Two year,103.2,5744.35,Fiber optic,Bank transfer (automatic),0,High,0,0,1,Chat,0,0,0,15.4,16.4,0,0.0,4.4,68,0
CUST-3792,1,Month-to-month,19.45,19.45,No,Electronic check,0,High,1,1,0,Call,0,1,1,60.2,61.6,1,2.7,4.6,141,0
CUST-3793,55,Two year,88.8,4805.3,Fiber optic,Credit card (automatic),0,Medium,0,1,0,Chat,0,0,0,9.4,17.3,0,1.3,4.9,131,0
CUST-3794,72,Two year,85.9,6110.75,DSL,Credit card (automatic),2,Low,0,0,2,Call,0,0,1,3.9,15.0,0,0.0,2.3,8,0
CUST-3795,45,One year,34.2,1596.6,DSL,Electronic check,1,Low,0,0,1,Email,2,0,1,4.7,7.1,0,0.0,3.1,14,0
CUST-3796,47,Two year,20.15,1046.2,No,Mailed check,0,High,0,0,1,Chat,0,0,1,11.0,13.5,0,0.0,3.9,87,0
CUST-3797,2,Month-to-month,50.3,92.75,DSL,Mailed check,0,Low,0,0,0,Ticket,0,0,1,5.3,6.7,0,0.0,3.0,41,0
CUST-3798,2,Month-to-month,80.15,194.55,Fiber optic,Electronic check,1,Medium,0,1,2,Call,0,1,1,2.4,7.0,0,8.6,3.5,25,0
CUST-3799,12,Month-to-month,51.25,612.1,DSL,Electronic check,1,Low,0,0,1,Call,1,0,1,9.1,19.5,0,0.0,4.5,12,0
CUST-3800,69,Two year,95.2,6671.7,Fiber optic,Credit card (automatic),0,Low,1,0,0,Chat,0,0,1,15.7,29.6,0,0.0,3.8,32,0
CUST-3801,56,One year,94.8,5264.3,Fiber optic,Credit card (automatic),1,Medium,0,0,1,Chat,0,0,1,62.0,91.0,1,0.0,4.2,5,0
CUST-3802,4,Month-to-month,80.25,303.7,Fiber optic,Electronic check,1,Low,1,0,1,Chat,0,1,0,17.4,28.3,0,0.0,4.1,23,0
CUST-3803,64,Two year,76.1,4818.8,DSL,Bank transfer (automatic),3,Low,1,0,4,Call,0,0,1,26.8,29.9,0,0.0,4.2,2,0
CUST-3804,62,Two year,115.55,7159.05,Fiber optic,Bank transfer (automatic),1,High,0,1,1,Ticket,1,0,1,20.6,36.2,0,3.7,4.4,3,0
CUST-3805,63,Two year,24.65,1574.5,No,Credit card (automatic),2,Medium,0,0,2,Call,0,0,0,8.7,35.6,0,0.0,4.1,5,0
CUST-3806,53,One year,53.6,2879.2,DSL,Electronic check,1,Medium,1,0,1,Call,0,0,0,3.8,6.6,0,0.0,4.6,17,0
CUST-3807,5,Month-to-month,19.45,86.05,No,Mailed check,1,Medium,0,0,1,Email,1,0,0,6.0,23.8,0,0.0,4.9,11,0
CUST-3808,49,Month-to-month,88.2,4159.45,Fiber optic,Electronic check,0,Low,0,0,0,Call,0,0,1,37.7,57.4,0,0.0,3.8,77,0
CUST-3809,62,Two year,101.15,6638.35,Fiber optic,Bank transfer (automatic),0,Low,1,0,2,Call,0,0,1,3.0,7.4,0,0.0,3.6,102,0
CUST-3810,55,Two year,56.8,3112.05,DSL,Mailed check,3,Low,1,0,3,Call,0,0,1,1.8,10.2,0,0.0,4.7,17,0
CUST-3811,71,Two year,99.4,7168.25,Fiber optic,Electronic check,1,Low,0,0,3,Ticket,0,1,1,34.5,41.0,0,0.0,3.3,24,0
CUST-3812,72,Two year,20.1,1326.25,No,Credit card (automatic),0,Low,0,0,0,Chat,0,1,0,14.3,17.8,0,0.0,4.5,64,0
CUST-3813,36,One year,60.7,2234.55,DSL,Credit card (automatic),0,Medium,0,1,0,Call,0,0,0,20.7,29.3,0,0.2,2.8,175,0
CUST-3814,25,One year,20.95,495.15,No,Bank transfer (automatic),0,Low,1,1,0,Email,0,0,1,31.5,56.4,0,0.5,3.3,166,0
CUST-3815,72,Two year,114.85,8317.95,Fiber optic,Bank transfer (automatic),0,Medium,1,1,0,Email,0,0,0,7.5,8.4,0,0.3,5.0,141,0
CUST-3816,36,One year,19.25,679.8,No,Bank transfer (automatic),1,Low,0,0,2,Chat,1,1,1,25.0,54.1,0,0.0,4.4,26,0
CUST-3817,1,Month-to-month,62.8,62.8,DSL,Mailed check,1,Low,0,1,1,Email,0,0,0,17.9,18.6,0,4.6,4.9,21,0
CUST-3818,72,Two year,105.5,7544.0,Fiber optic,Electronic check,0,Low,0,1,0,Email,0,0,0,0.5,7.5,0,0.5,3.2,151,0
CUST-3819,59,Two year,19.85,1188.25,No,Mailed check,1,Medium,0,0,1,Ticket,0,0,1,22.9,23.3,0,0.0,4.0,25,0
CUST-3820,1,One year,74.1,74.1,DSL,Credit card (automatic),1,Low,0,0,1,Call,0,0,0,7.6,23.0,0,0.0,4.3,16,0
CUST-3821,30,Month-to-month,107.5,3242.5,Fiber optic,Electronic check,2,Medium,0,0,3,Call,0,0,0,4.2,5.6,0,0.0,2.4,7,0
CUST-3822,64,Two year,19.55,1240.15,No,Mailed check,2,Medium,2,1,3,Call,0,1,1,58.4,80.1,1,3.0,2.8,21,0
CUST-3823,63,One year,68.8,4111.35,DSL,Bank transfer (automatic),1,Low,0,0,1,Call,0,1,1,26.4,53.8,0,0.0,3.4,3,0
CUST-3824,72,Two year,84.45,5899.85,DSL,Credit card (automatic),1,Medium,0,0,2,Call,0,0,1,0.4,6.6,0,0.0,3.2,21,0
CUST-3825,62,Two year,84.5,5193.2,DSL,Bank transfer (automatic),0,High,0,0,1,Email,1,0,1,25.7,76.8,0,0.0,4.9,94,0
CUST-3826,67,Two year,111.2,7530.8,Fiber optic,Bank transfer (automatic),1,Medium,1,0,1,Ticket,1,0,1,34.2,40.3,0,0.0,2.9,11,0
CUST-3827,70,Two year,80.6,5460.2,DSL,Bank transfer (automatic),0,Low,0,0,0,Call,1,0,1,7.9,15.3,0,0.0,4.0,177,0
CUST-3828,20,Month-to-month,80.7,1614.2,Fiber optic,Bank transfer (automatic),1,Medium,1,0,3,Email,1,1,1,7.1,13.6,0,0.0,5.0,29,0
CUST-3829,5,Month-to-month,75.6,402.5,Fiber optic,Electronic check,2,Medium,0,0,3,Chat,0,0,0,9.9,19.4,0,0.0,3.0,9,0
CUST-3830,24,One year,57.6,1367.75,DSL,Electronic check,0,Low,1,0,1,Email,0,0,1,11.3,41.6,0,0.0,5.0,141,0
CUST-3831,72,Two year,110.6,7962.2,Fiber optic,Credit card (automatic),0,Low,1,0,0,Ticket,0,0,0,8.6,10.0,0,0.0,3.3,57,0
CUST-3832,66,Two year,58.2,3810.8,DSL,Credit card (automatic),1,Low,0,1,1,Call,0,0,1,12.7,18.7,0,1.6,3.7,20,0
CUST-3833,45,Two year,81.0,3533.6,DSL,Mailed check,0,Low,0,0,0,Call,0,1,0,64.7,70.0,1,0.0,1.8,148,0
CUST-3834,69,Two year,19.7,1396.9,No,Bank transfer (automatic),2,Low,1,0,3,Call,0,0,1,0.6,1.8,0,0.0,4.3,24,0
CUST-3835,28,Month-to-month,59.55,1646.45,DSL,Bank transfer (automatic),0,Low,0,1,1,Ticket,1,0,0,72.9,90.8,1,2.2,5.0,102,0
CUST-3836,36,One year,75.55,2680.15,DSL,Mailed check,1,Low,0,1,1,Chat,0,0,1,34.1,35.9,0,0.8,4.5,18,0
CUST-3837,42,One year,45.1,2049.05,DSL,Credit card (automatic),1,High,0,0,1,Chat,0,0,0,28.7,29.3,0,0.0,3.9,25,0
CUST-3838,48,One year,70.95,3629.2,DSL,Bank transfer (automatic),3,Medium,0,0,5,Email,0,0,0,10.8,54.4,0,0.0,3.2,8,0
CUST-3839,11,Two year,20.9,202.3,No,Credit card (automatic),2,High,0,0,2,Email,0,0,1,1.4,15.7,0,0.0,3.8,1,0
CUST-3840,7,Month-to-month,19.95,147.5,No,Mailed check,0,Medium,0,0,0,Call,0,0,0,17.4,33.1,0,0.0,4.9,149,0
CUST-3841,3,Month-to-month,24.6,86.35,No,Mailed check,2,Low,0,0,3,Call,0,0,0,40.4,50.7,0,0.0,1.0,25,0
CUST-3842,8,Month-to-month,66.7,579.0,DSL,Electronic check,0,Low,0,0,0,Call,0,0,1,10.0,12.2,0,0.0,3.1,97,0
CUST-3843,32,One year,94.8,3131.55,Fiber optic,Mailed check,1,Medium,0,0,1,Email,0,0,0,1.3,10.5,0,0.0,4.3,10,0
CUST-3844,60,One year,65.85,3928.3,DSL,Bank transfer (automatic),1,Low,0,0,2,Call,0,0,0,0.1,18.1,0,0.0,3.5,25,0
CUST-3845,10,Month-to-month,19.95,187.75,No,Bank transfer (automatic),1,Low,0,1,2,Email,1,1,1,2.3,17.1,0,2.4,3.8,11,0
CUST-3846,71,Two year,24.65,1710.15,No,Bank transfer (automatic),0,Low,0,0,1,Email,0,0,0,16.8,29.1,0,0.0,4.9,124,0
CUST-3847,43,One year,51.25,2151.6,DSL,Bank transfer (automatic),0,Low,1,0,0,Ticket,0,0,1,84.6,85.6,1,0.0,4.2,46,0
CUST-3848,23,Month-to-month,54.25,1221.55,DSL,Electronic check,0,Low,0,0,0,Call,0,0,0,22.4,34.9,0,0.0,3.7,52,0
CUST-3849,72,Two year,19.4,1496.45,No,Bank transfer (automatic),1,Low,0,0,1,Call,0,0,1,3.1,3.9,0,0.0,4.5,29,0
CUST-3850,22,One year,56.25,1292.2,DSL,Credit card (automatic),0,Low,2,0,0,Email,0,0,1,35.7,65.7,0,0.0,4.4,66,0
CUST-3851,1,Month-to-month,25.15,25.15,DSL,Mailed check,0,Medium,1,0,0,Email,0,0,1,19.4,42.5,0,0.0,3.5,61,0
CUST-3852,69,Two year,23.95,1713.1,No,Bank transfer (automatic),0,Low,0,0,2,Email,0,0,1,6.5,6.7,0,0.0,4.3,163,0
CUST-3853,50,One year,35.4,1748.9,DSL,Mailed check,2,Medium,0,0,2,Ticket,0,0,1,12.5,15.4,0,0.0,3.6,3,0
CUST-3854,15,Month-to-month,75.35,1114.55,Fiber optic,Bank transfer (automatic),2,Medium,0,1,2,Ticket,0,0,1,9.3,19.4,0,1.5,3.0,15,0
CUST-3855,31,Two year,20.4,609.1,No,Bank transfer (automatic),0,Medium,0,3,2,Email,0,0,0,36.9,37.4,0,10.2,2.1,93,0
CUST-3856,0,Two year,56.05,1397.475,DSL,Credit card (automatic),1,Low,0,0,2,Ticket,0,0,0,55.2,84.0,1,0.0,3.4,15,0
CUST-3857,8,Two year,20.0,141.6,No,Mailed check,1,Medium,0,0,1,Ticket,0,0,1,2.4,29.9,0,0.0,4.4,21,0
CUST-3858,64,One year,73.05,4688.65,DSL,Credit card (automatic),1,Low,0,1,1,Chat,0,0,0,2.9,5.1,0,2.9,5.0,12,0
CUST-3859,28,Month-to-month,20.5,563.05,No,Mailed check,1,Low,0,0,2,Call,0,0,1,1.5,31.9,0,0.0,3.5,9,0
CUST-3860,57,One year,100.75,5985.0,Fiber optic,Credit card (automatic),1,Medium,0,2,1,Email,0,0,1,8.6,23.2,0,1.8,1.6,4,0
CUST-3861,19,Two year,19.95,373.5,No,Mailed check,0,Low,0,0,0,Chat,0,0,1,63.8,71.2,1,0.0,4.5,102,0
CUST-3862,51,Month-to-month,49.65,2553.35,DSL,Electronic check,2,Low,0,0,3,Chat,1,0,1,78.6,86.0,1,0.0,3.7,1,0
CUST-3863,67,Two year,65.65,4322.85,DSL,Mailed check,3,Low,0,0,3,Ticket,0,0,1,16.3,20.8,0,0.0,5.0,29,0
CUST-3864,11,Month-to-month,20.45,250.8,No,Electronic check,2,Low,0,2,4,Email,0,2,0,11.2,21.8,0,0.5,3.8,15,0
CUST-3865,72,Two year,60.95,4549.05,DSL,Bank transfer (automatic),1,Low,0,0,1,Ticket,1,0,1,6.5,17.5,0,0.0,4.0,18,0
CUST-3866,66,One year,20.35,1359.5,No,Electronic check,0,High,0,0,0,Chat,0,0,1,0.0,2.2,0,0.0,4.3,143,0
CUST-3867,9,Month-to-month,19.5,178.85,No,Electronic check,2,Low,1,0,3,Chat,0,1,1,5.5,13.4,0,0.0,1.6,26,0
CUST-3868,9,Month-to-month,75.2,633.85,Fiber optic,Credit card (automatic),0,Low,0,0,1,Chat,1,0,1,2.8,4.3,0,0.0,4.8,177,0
CUST-3869,48,Month-to-month,111.45,5315.1,Fiber optic,Bank transfer (automatic),1,Medium,0,0,1,Call,0,1,0,0.0,17.8,0,0.0,4.0,16,0
CUST-3870,10,Month-to-month,70.15,735.5,Fiber optic,Mailed check,2,Medium,1,2,2,Email,0,0,1,40.7,59.8,0,0.2,3.3,6,0
CUST-3871,72,Two year,92.0,6474.4,DSL,Bank transfer (automatic),0,High,0,0,0,Call,0,0,0,1.6,24.8,0,0.0,5.0,39,0
CUST-3872,51,Two year,85.5,4421.95,DSL,Credit card (automatic),2,High,0,0,2,Chat,0,0,0,22.2,22.8,0,0.0,3.7,24,0
CUST-3873,61,Month-to-month,82.15,4904.85,Fiber optic,Electronic check,0,Medium,0,1,0,Chat,0,0,1,46.5,59.7,0,0.3,4.0,134,0
CUST-3874,54,One year,84.4,4484.05,Fiber optic,Electronic check,1,High,0,0,3,Chat,0,0,1,2.4,27.5,0,0.0,4.0,2,0
CUST-3875,33,Month-to-month,60.9,2033.85,DSL,Mailed check,1,Low,0,0,2,Call,0,0,0,5.0,9.9,0,0.0,3.4,3,0
CUST-3876,27,Two year,20.25,538.2,No,Bank transfer (automatic),0,Medium,0,0,0,Ticket,0,0,1,4.8,23.7,0,0.0,5.0,58,0
CUST-3877,23,Month-to-month,95.3,2192.9,Fiber optic,Mailed check,0,High,0,2,0,Email,1,1,1,1.6,1.7,0,4.4,4.3,55,0
CUST-3878,1,Month-to-month,19.85,19.85,No,Mailed check,0,Medium,0,1,0,Ticket,1,1,0,43.3,56.4,0,7.5,3.6,174,0
CUST-3879,45,Two year,84.35,3858.05,DSL,Mailed check,0,High,1,0,0,Ticket,0,0,1,34.0,37.3,0,0.0,5.0,75,0
CUST-3880,39,Two year,19.85,854.8,No,Bank transfer (automatic),1,Low,1,0,1,Chat,0,0,0,8.6,9.6,0,0.0,3.3,6,0
CUST-3881,72,Two year,82.3,5815.15,DSL,Bank transfer (automatic),1,Low,0,0,1,Call,1,0,1,26.4,34.7,0,0.0,1.4,22,0
CUST-3882,58,Month-to-month,66.8,3970.4,DSL,Bank transfer (automatic),2,High,0,0,2,Ticket,0,0,1,12.8,18.3,0,0.0,5.0,16,0
CUST-3883,70,Two year,44.6,3058.15,DSL,Bank transfer (automatic),1,Low,0,1,1,Call,0,0,0,20.5,31.4,0,0.1,2.9,29,0
CUST-3884,61,One year,98.45,6145.2,Fiber optic,Bank transfer (automatic),2,Medium,0,0,2,Call,0,0,0,21.0,44.3,0,0.0,2.2,2,0
CUST-3885,2,Month-to-month,70.7,129.2,Fiber optic,Mailed check,0,Low,1,0,1,Call,0,0,1,26.9,32.8,0,0.0,5.0,147,0
CUST-3886,46,One year,24.95,1165.9,No,Mailed check,0,Medium,1,0,0,Email,0,0,1,41.3,72.7,0,0.0,3.0,129,0
CUST-3887,48,Two year,102.5,4904.25,Fiber optic,Credit card (automatic),0,High,0,0,0,Ticket,0,0,0,28.0,31.8,0,0.0,4.7,88,0
CUST-3888,64,Two year,86.55,5632.55,DSL,Credit card (automatic),1,Low,1,0,2,Chat,0,0,0,22.1,40.1,0,0.0,4.3,25,0
CUST-3889,72,Two year,24.3,1643.25,No,Bank transfer (automatic),0,Low,0,0,0,Chat,0,0,1,17.5,29.8,0,0.0,4.5,120,0
CUST-3890,12,Month-to-month,58.35,740.55,DSL,Credit card (automatic),0,Low,0,2,0,Email,1,0,1,4.2,12.9,0,5.7,4.1,163,0
CUST-3891,72,Two year,68.75,4888.2,DSL,Credit card (automatic),0,High,0,1,0,Ticket,0,0,0,6.0,13.2,0,3.2,3.9,166,0
CUST-3892,29,Month-to-month,85.8,2440.25,Fiber optic,Electronic check,0,Medium,1,1,0,Chat,0,0,0,1.4,30.8,0,4.9,2.4,95,0
CUST-3893,33,One year,20.1,620.55,No,Credit card (automatic),1,Low,0,0,2,Call,0,0,1,5.4,17.9,0,0.0,2.9,4,0
CUST-3894,1,Month-to-month,20.35,20.35,No,Mailed check,1,Low,1,0,1,Chat,0,0,1,14.1,19.5,0,0.0,4.8,25,0
CUST-3895,62,One year,110.8,6840.95,Fiber optic,Electronic check,0,Medium,0,1,0,Ticket,0,0,1,55.3,64.9,1,4.4,5.0,160,0
CUST-3896,4,Month-to-month,82.85,319.6,Fiber optic,Credit card (automatic),1,Medium,0,0,1,Call,1,0,0,2.4,12.1,0,0.0,1.8,27,0
CUST-3897,24,Month-to-month,84.35,1938.05,Fiber optic,Electronic check,0,Low,0,0,0,Email,0,0,0,10.5,35.7,0,0.0,4.3,123,0
CUST-3898,14,One year,19.55,294.5,No,Mailed check,1,Low,0,0,2,Chat,0,0,1,25.0,25.5,0,0.0,4.9,16,0
CUST-3899,3,Month-to-month,19.95,58.3,No,Mailed check,0,Medium,0,0,0,Chat,0,0,0,28.4,35.4,0,0.0,3.8,137,0
CUST-3900,8,Month-to-month,66.25,546.45,DSL,Electronic check,1,Medium,0,0,1,Email,0,0,1,3.8,12.4,0,0.0,1.8,10,0
CUST-3901,35,Two year,23.3,797.1,No,Bank transfer (automatic),0,High,0,0,0,Ticket,2,0,1,3.5,5.5,0,0.0,5.0,176,0
CUST-3902,66,Two year,25.3,1673.8,No,Credit card (automatic),1,Low,0,0,2,Call,0,1,1,17.0,17.0,0,0.0,3.5,1,0
CUST-3903,8,Two year,44.55,343.45,DSL,Mailed check,0,Medium,0,0,1,Chat,0,0,1,44.2,44.2,0,0.0,2.7,87,0
CUST-3904,71,One year,104.1,7412.25,Fiber optic,Credit card (automatic),3,Medium,0,2,3,Ticket,1,0,0,29.4,79.3,0,1.0,2.6,7,0
CUST-3905,43,Month-to-month,92.55,4039.0,Fiber optic,Bank transfer (automatic),1,High,0,1,2,Call,1,0,1,8.7,9.7,0,1.4,4.8,4,0
CUST-3906,29,Month-to-month,101.45,2948.6,Fiber optic,Bank transfer (automatic),0,Low,0,2,0,Chat,0,0,1,19.3,20.5,0,1.1,3.8,116,0
CUST-3907,65,Two year,94.55,6078.75,Fiber optic,Credit card (automatic),3,Low,0,0,4,Ticket,0,0,1,5.3,6.9,0,0.0,1.1,4,0
CUST-3908,35,Month-to-month,95.5,3418.2,Fiber optic,Electronic check,0,Low,0,0,0,Ticket,2,0,0,11.5,65.3,0,0.0,5.0,160,0
CUST-3909,64,One year,100.3,6603.8,Fiber optic,Credit card (automatic),3,High,0,0,4,Email,0,0,1,13.8,30.2,0,0.0,3.9,15,0
CUST-3910,58,Two year,55.5,3166.9,DSL,Credit card (automatic),1,Low,0,0,1,Chat,0,0,0,18.3,24.6,0,0.0,3.1,10,0
CUST-3911,18,Month-to-month,49.85,865.75,DSL,Credit card (automatic),0,Low,0,1,0,Call,0,0,1,9.2,61.4,0,1.0,5.0,120,0
CUST-3912,67,Month-to-month,89.55,6373.1,Fiber optic,Bank transfer (automatic),1,Medium,0,2,2,Chat,0,0,1,0.6,10.4,0,4.5,3.1,5,0
CUST-3913,63,Two year,19.15,1177.05,No,Mailed check,0,Low,0,0,0,Email,0,0,0,47.4,67.1,0,0.0,3.7,165,0
CUST-3914,60,Month-to-month,99.8,5985.75,Fiber optic,Electronic check,0,Low,0,0,2,Call,1,0,1,56.3,57.3,1,0.0,4.1,89,0
CUST-3915,70,Two year,113.05,7869.05,Fiber optic,Credit card (automatic),1,Low,0,0,1,Ticket,1,0,1,20.9,54.5,0,0.0,4.1,27,0
CUST-3916,48,One year,19.95,936.7,No,Mailed check,1,Medium,1,2,2,Email,1,0,1,5.6,42.1,0,5.1,4.3,19,0
CUST-3917,12,Month-to-month,74.15,741.4,DSL,Electronic check,0,Medium,1,0,0,Call,0,0,1,16.3,40.2,0,0.0,2.7,66,0
CUST-3918,71,One year,92.0,6585.2,Fiber optic,Electronic check,2,Medium,1,0,2,Call,1,1,1,5.8,7.9,0,0.0,1.5,14,0
CUST-3919,44,Month-to-month,73.85,3122.4,Fiber optic,Electronic check,1,High,0,0,2,Chat,0,0,1,21.6,21.6,0,0.0,4.7,23,0
CUST-3920,45,Two year,24.45,1088.25,No,Mailed check,0,Low,0,1,1,Ticket,1,0,1,8.0,35.5,0,1.2,2.9,74,0
CUST-3921,23,One year,24.8,615.35,No,Credit card (automatic),0,Medium,0,0,0,Email,1,0,1,14.7,19.1,0,0.0,4.1,32,0
CUST-3922,43,One year,64.85,2908.2,DSL,Bank transfer (automatic),0,Low,0,0,1,Ticket,0,0,0,1.1,6.5,0,0.0,4.7,32,0
CUST-3923,35,Month-to-month,20.75,739.9,No,Bank transfer (automatic),4,Low,0,0,4,Email,0,0,1,100.3,107.9,1,0.0,4.2,23,0
CUST-3924,9,Month-to-month,68.95,593.85,DSL,Mailed check,3,Low,1,0,4,Chat,0,0,1,19.5,24.1,0,0.0,2.6,10,0
CUST-3925,65,Month-to-month,109.4,7227.45,Fiber optic,Credit card (automatic),1,Low,1,0,1,Call,0,0,1,50.7,61.5,1,0.0,3.0,20,0
CUST-3926,27,Month-to-month,49.0,1291.35,DSL,Mailed check,3,Low,0,0,3,Chat,0,0,1,24.6,30.8,0,0.0,2.6,25,0
CUST-3927,40,One year,50.25,2023.55,DSL,Mailed check,1,Low,0,0,2,Email,2,0,0,14.9,30.6,0,0.0,3.1,2,0
CUST-3928,8,One year,19.9,153.95,No,Credit card (automatic),0,Medium,0,0,0,Ticket,0,1,1,24.0,24.4,0,0.0,4.1,81,0
CUST-3929,58,One year,97.8,5458.8,Fiber optic,Bank transfer (automatic),1,Low,1,0,2,Call,0,0,1,11.4,14.2,0,0.0,2.3,10,0
CUST-3930,52,One year,100.3,5244.45,Fiber optic,Electronic check,0,Medium,0,1,2,Email,0,0,0,57.6,87.2,1,0.5,2.7,111,0
CUST-3931,3,Month-to-month,55.8,154.55,DSL,Mailed check,1,Low,0,0,1,Call,1,0,0,26.8,27.4,0,0.0,3.6,9,0
CUST-3932,41,Two year,111.15,4507.15,Fiber optic,Electronic check,1,Low,0,1,1,Call,0,0,0,2.3,10.1,0,0.7,4.3,21,0
CUST-3933,20,Month-to-month,98.55,2031.95,Fiber optic,Mailed check,0,Low,0,0,0,Chat,0,0,1,54.2,56.6,1,0.0,3.1,176,0
CUST-3934,1,Month-to-month,50.05,50.05,DSL,Electronic check,0,Low,0,0,0,Email,0,1,1,15.4,33.5,0,0.0,3.6,107,0
CUST-3935,23,Month-to-month,20.85,473.9,No,Electronic check,0,Low,0,0,0,Ticket,0,0,0,10.8,19.6,0,0.0,2.1,89,0
CUST-3936,6,Month-to-month,19.5,106.8,No,Bank transfer (automatic),0,Medium,0,1,1,Chat,0,0,1,28.3,43.5,0,0.7,4.6,30,0
CUST-3937,8,Month-to-month,19.35,152.6,No,Mailed check,2,Medium,0,1,3,Chat,0,0,1,4.7,25.9,0,1.9,4.0,16,0
CUST-3938,18,Month-to-month,69.5,1199.4,DSL,Mailed check,0,Low,0,0,0,Chat,0,0,1,57.1,73.8,1,0.0,4.5,169,0
CUST-3939,52,Month-to-month,48.8,2555.05,DSL,Credit card (automatic),1,Low,0,0,1,Email,1,0,1,3.3,9.6,0,0.0,3.5,18,0
CUST-3940,31,Month-to-month,94.5,2979.2,Fiber optic,Electronic check,2,Medium,1,0,2,Email,1,0,1,6.3,13.6,0,0.0,3.3,8,0
CUST-3941,29,Month-to-month,20.65,654.85,No,Mailed check,0,Low,0,0,2,Call,0,0,1,39.6,52.3,0,0.0,3.7,100,0
CUST-3942,36,Two year,106.05,3834.4,Fiber optic,Credit card (automatic),1,Low,0,0,2,Call,0,0,1,16.9,33.4,0,0.0,3.2,16,0
CUST-3943,42,One year,108.3,4586.15,Fiber optic,Electronic check,0,Medium,0,0,0,Call,0,0,0,34.7,40.3,0,0.0,4.3,59,0
CUST-3944,60,Two year,99.65,5941.05,Fiber optic,Electronic check,0,Medium,0,0,0,Call,0,0,1,4.0,22.1,0,0.0,4.0,121,0
CUST-3945,22,Month-to-month,95.9,2234.95,Fiber optic,Credit card (automatic),1,Medium,0,0,2,Chat,0,0,0,29.3,29.4,0,0.0,4.3,29,0
CUST-3946,36,One year,20.0,666.75,No,Mailed check,0,Medium,1,0,0,Ticket,0,0,0,3.5,32.7,0,0.0,3.8,41,0
CUST-3947,9,Month-to-month,64.95,547.8,DSL,Mailed check,1,Low,0,0,1,Call,0,0,0,24.5,35.3,0,0.0,2.3,9,0
CUST-3948,1,Month-to-month,74.6,74.6,Fiber optic,Credit card (automatic),1,Low,0,0,3,Email,0,0,1,3.0,13.0,0,0.0,2.4,10,0
CUST-3949,12,Month-to-month,49.2,571.15,DSL,Electronic check,2,Low,0,0,3,Call,0,0,0,7.6,17.4,0,0.0,2.5,26,0
CUST-3950,23,One year,73.75,1756.6,DSL,Mailed check,0,Medium,2,0,0,Email,0,0,0,11.6,12.1,0,0.0,2.9,143,0
CUST-3951,62,One year,92.3,5731.45,Fiber optic,Bank transfer (automatic),0,High,0,0,0,Ticket,0,0,1,45.2,81.0,0,0.0,4.1,131,0
CUST-3952,8,Month-to-month,19.2,156.85,No,Mailed check,0,Low,0,0,0,Chat,1,1,1,23.7,41.0,0,0.0,2.3,69,0
CUST-3953,31,Month-to-month,88.65,2683.2,Fiber optic,Credit card (automatic),0,Low,0,0,0,Ticket,0,0,1,6.0,21.1,0,0.0,3.9,33,0
CUST-3954,45,Month-to-month,95.95,4456.65,Fiber optic,Bank transfer (automatic),2,Low,0,0,2,Ticket,1,0,1,10.6,25.1,0,0.0,2.3,25,0
CUST-3955,69,Two year,105.4,6998.95,Fiber optic,Credit card (automatic),1,Low,0,0,2,Chat,0,1,1,7.8,17.2,0,0.0,3.7,17,0
CUST-3956,2,Month-to-month,20.25,36.8,No,Mailed check,1,Low,0,0,1,Email,2,0,1,50.6,62.3,1,0.0,3.2,25,0
CUST-3957,44,One year,49.05,2265.0,DSL,Electronic check,0,Medium,0,0,0,Ticket,0,0,0,3.5,34.4,0,0.0,4.1,117,0
CUST-3958,39,One year,35.55,1309.15,DSL,Mailed check,1,High,0,1,3,Chat,0,0,0,44.5,49.9,0,0.2,3.9,4,0
CUST-3959,72,Two year,65.1,4754.3,DSL,Credit card (automatic),2,Low,0,1,3,Email,1,0,1,31.7,42.6,0,0.1,3.9,15,0
CUST-3960,13,Month-to-month,96.85,1235.55,Fiber optic,Electronic check,0,Low,0,0,0,Email,0,0,1,2.5,8.4,0,0.0,4.6,38,0
CUST-3961,51,One year,69.75,3562.5,DSL,Credit card (automatic),3,Low,0,1,3,Email,1,0,1,5.7,7.3,0,1.9,2.5,3,0
CUST-3962,71,Two year,99.2,7213.75,Fiber optic,Electronic check,1,Low,1,0,1,Chat,0,0,1,22.3,24.2,0,0.0,4.5,22,0
CUST-3963,56,One year,106.8,5914.4,Fiber optic,Electronic check,1,Low,0,0,1,Call,0,0,1,22.1,22.9,0,0.0,3.3,21,0
CUST-3964,1,Month-to-month,51.25,51.25,DSL,Mailed check,0,Medium,0,0,1,Chat,0,0,1,4.8,10.7,0,0.0,4.9,49,0
CUST-3965,23,One year,57.75,1282.85,DSL,Mailed check,0,Low,0,0,2,Ticket,0,0,0,18.1,23.2,0,0.0,4.6,69,0
CUST-3966,66,One year,70.85,4738.85,DSL,Bank transfer (automatic),4,High,0,2,4,Chat,0,1,1,20.9,22.5,0,3.9,2.8,19,0
CUST-3967,1,Month-to-month,19.55,19.55,No,Mailed check,0,Medium,0,1,0,Chat,0,0,1,1.3,8.5,0,5.6,5.0,63,0
CUST-3968,11,Month-to-month,79.5,795.65,Fiber optic,Bank transfer (automatic),0,Medium,1,0,0,Ticket,0,0,1,8.6,11.5,0,0.0,2.9,88,0
CUST-3969,52,Month-to-month,98.15,4993.4,Fiber optic,Bank transfer (automatic),0,Low,1,0,1,Chat,1,0,1,42.6,43.9,0,0.0,2.8,94,0
CUST-3970,3,Month-to-month,20.25,61.45,No,Electronic check,2,Medium,0,0,2,Chat,0,0,1,41.5,46.2,0,0.0,4.0,10,0
CUST-3971,51,Month-to-month,79.15,4018.55,Fiber optic,Bank transfer (automatic),2,Low,0,0,2,Ticket,0,0,1,19.5,33.0,0,0.0,3.4,9,0
CUST-3972,64,Month-to-month,94.25,6081.4,Fiber optic,Electronic check,0,Low,0,0,1,Call,0,0,1,19.0,19.5,0,0.0,5.0,112,0
CUST-3973,37,Month-to-month,40.2,1478.85,DSL,Credit card (automatic),1,Low,2,0,2,Call,0,0,1,34.8,48.7,0,0.0,4.3,29,0
CUST-3974,13,Two year,19.95,243.65,No,Mailed check,1,High,0,0,4,Email,1,0,0,7.5,9.4,0,0.0,4.9,10,0
CUST-3975,49,One year,55.35,2633.95,DSL,Electronic check,0,Low,0,1,0,Call,0,0,0,0.9,29.6,0,2.0,3.8,38,0
CUST-3976,45,One year,102.15,4735.35,Fiber optic,Bank transfer (automatic),2,Low,0,0,4,Chat,0,0,1,33.7,35.0,0,0.0,2.0,6,0
CUST-3977,18,Month-to-month,71.1,1247.75,Fiber optic,Electronic check,1,Low,0,0,1,Ticket,0,0,1,6.7,9.3,0,0.0,2.3,8,0
CUST-3978,68,Two year,54.1,3794.5,DSL,Bank transfer (automatic),0,Low,0,1,0,Email,0,0,0,20.1,23.2,0,1.8,4.3,52,0
CUST-3979,54,Two year,19.65,1008.7,No,Credit card (automatic),1,Low,0,0,1,Chat,0,0,0,12.1,25.1,0,0.0,3.0,19,0
CUST-3980,23,Month-to-month,88.45,2130.55,Fiber optic,Bank transfer (automatic),1,Low,0,0,1,Email,1,0,1,2.8,22.8,0,0.0,3.2,10,0
CUST-3981,71,Two year,80.4,5727.15,DSL,Credit card (automatic),0,Medium,0,0,0,Ticket,0,0,0,9.8,18.8,0,0.0,3.8,107,0
CUST-3982,67,Two year,19.25,1372.9,No,Bank transfer (automatic),1,Low,1,0,2,Chat,0,0,1,5.5,21.8,0,0.0,3.5,23,0
CUST-3983,14,Month-to-month,84.8,1203.9,Fiber optic,Electronic check,3,Medium,0,1,5,Email,0,1,1,0.1,26.4,0,2.2,3.0,25,0
CUST-3984,63,Two year,19.5,1215.1,No,Credit card (automatic),0,Medium,0,1,2,Email,0,0,0,13.4,24.7,0,2.3,2.6,74,0
CUST-3985,41,One year,68.6,2877.05,DSL,Electronic check,2,Low,0,0,2,Call,0,0,1,14.9,19.4,0,0.0,3.5,2,0
CUST-3986,17,Month-to-month,92.6,1579.7,Fiber optic,Electronic check,2,Medium,0,0,2,Email,0,0,1,6.6,8.6,0,0.0,2.9,5,0
CUST-3987,56,One year,100.55,5514.95,Fiber optic,Electronic check,1,Medium,1,0,2,Call,0,1,0,6.3,16.9,0,0.0,3.9,18,0
CUST-3988,5,Month-to-month,20.55,96.1,No,Credit card (automatic),0,Medium,0,0,0,Call,0,0,1,10.7,32.4,0,0.0,3.1,40,0
CUST-3989,3,Month-to-month,19.6,55.25,No,Mailed check,1,Medium,0,0,2,Ticket,0,0,1,17.3,19.8,0,0.0,4.5,8,0
CUST-3990,37,One year,67.45,2443.3,DSL,Electronic check,0,Medium,0,1,0,Call,0,0,0,62.3,153.0,1,3.8,3.2,104,0
CUST-3991,8,Month-to-month,43.55,335.4,DSL,Mailed check,0,Low,0,0,1,Email,0,0,1,11.7,13.3,0,0.0,5.0,162,0
CUST-3992,63,Month-to-month,109.85,7002.95,Fiber optic,Credit card (automatic),1,Medium,0,0,1,Call,2,0,1,48.8,49.3,1,0.0,2.2,15,0
CUST-3993,7,Month-to-month,20.65,158.95,No,Mailed check,1,Low,0,0,2,Call,0,0,1,66.4,80.3,1,0.0,4.0,13,0
CUST-3994,3,Month-to-month,95.4,293.15,Fiber optic,Electronic check,1,Medium,1,0,1,Email,1,0,0,16.9,22.3,0,0.0,3.2,6,0
CUST-3995,72,Two year,21.0,1493.75,No,Bank transfer (automatic),1,Low,0,0,1,Ticket,0,0,1,14.8,28.1,0,0.0,3.2,1,0
CUST-3996,19,Month-to-month,56.2,1093.4,DSL,Electronic check,4,Medium,0,0,4,Ticket,1,0,1,1.1,3.5,0,0.0,3.5,6,0
CUST-3997,59,Two year,18.4,1057.85,No,Bank transfer (automatic),1,Low,0,1,1,Email,0,0,1,4.5,7.0,0,2.7,3.9,27,0
CUST-3998,35,Month-to-month,25.75,882.55,No,Electronic check,4,Medium,0,0,4,Chat,2,0,1,113.4,121.7,1,0.0,3.1,11,0
CUST-3999,14,Month-to-month,19.6,300.4,No,Credit card (automatic),2,Medium,1,0,2,Chat,1,0,1,24.7,59.5,0,0.0,3.4,6,0
CUST-4000,69,Two year,19.8,1436.95,No,Credit card (automatic),0,High,0,0,1,Email,1,0,0,19.8,25.5,0,0.0,2.8,90,0
CUST-4001,7,Month-to-month,64.2,475.0,DSL,Electronic check,2,Medium,0,0,2,Call,0,0,1,15.1,16.0,0,0.0,4.2,14,0
CUST-4002,69,Two year,75.75,5388.15,DSL,Bank transfer (automatic),1,Low,2,0,1,Email,0,0,1,20.7,36.7,0,0.0,3.8,29,0
CUST-4003,72,Two year,78.95,5730.15,DSL,Electronic check,2,High,0,0,2,Email,0,0,0,20.6,51.2,0,0.0,3.6,5,0
CUST-4004,4,Month-to-month,50.3,217.1,DSL,Electronic check,0,Medium,1,0,1,Chat,0,0,0,4.5,9.9,0,0.0,3.8,43,0
CUST-4005,63,Month-to-month,80.3,4896.35,Fiber optic,Credit card (automatic),1,Medium,0,1,1,Chat,0,0,0,27.6,35.0,0,0.2,5.0,1,0
CUST-4006,72,Two year,19.85,1434.1,No,Bank transfer (automatic),3,High,0,0,3,Email,0,1,1,11.3,47.6,0,0.0,1.6,6,0
CUST-4007,46,Two year,21.1,937.1,No,Electronic check,2,Low,1,0,2,Call,0,0,0,21.8,38.3,0,0.0,3.1,29,0
CUST-4008,30,Month-to-month,50.0,1474.9,DSL,Mailed check,0,Low,0,0,0,Ticket,0,0,0,7.7,21.0,0,0.0,3.4,80,0
CUST-4009,63,Two year,104.75,6536.5,Fiber optic,Bank transfer (automatic),0,Medium,0,0,0,Email,0,0,0,15.5,17.2,0,0.0,4.7,92,0
CUST-4010,60,Two year,19.85,1128.1,No,Bank transfer (automatic),1,Medium,1,0,2,Email,0,1,1,23.9,34.4,0,0.0,4.4,1,0
CUST-4011,25,Month-to-month,85.9,2199.05,Fiber optic,Electronic check,0,Low,2,1,2,Ticket,0,1,1,17.0,40.6,0,5.9,2.7,152,0
CUST-4012,6,Month-to-month,80.8,457.1,Fiber optic,Electronic check,2,Medium,0,0,3,Chat,0,0,1,18.1,33.6,0,0.0,4.7,10,0
CUST-4013,22,Two year,25.25,566.5,No,Mailed check,1,Low,0,0,1,Call,0,0,1,3.7,5.2,0,0.0,3.9,27,0
CUST-4014,31,Two year,80.55,2471.6,DSL,Bank transfer (automatic),1,Medium,1,0,1,Chat,1,1,0,12.7,26.0,0,0.0,5.0,1,0
CUST-4015,39,Month-to-month,81.5,3107.3,Fiber optic,Bank transfer (automatic),1,Medium,0,0,1,Ticket,0,1,1,5.8,25.4,0,0.0,2.9,29,0
CUST-4016,26,Month-to-month,20.9,518.3,No,Mailed check,0,Low,0,1,0,Ticket,0,1,1,8.3,14.1,0,2.9,4.5,43,0
CUST-4017,12,Month-to-month,67.25,832.3,DSL,Electronic check,2,Medium,0,1,2,Ticket,0,0,1,29.1,46.0,0,2.1,2.6,14,0
CUST-4018,2,Month-to-month,20.35,45.3,No,Mailed check,2,Medium,0,0,4,Ticket,0,0,1,0.9,15.8,0,0.0,3.6,25,0
CUST-4019,39,One year,45.05,1790.6,DSL,Bank transfer (automatic),2,Low,0,0,2,Call,0,1,1,5.4,10.2,0,0.0,1.9,6,0
CUST-4020,7,Month-to-month,34.65,246.6,DSL,Mailed check,0,Low,0,0,0,Email,0,0,1,28.0,44.3,0,0.0,2.7,165,0
CUST-4021,4,Month-to-month,69.35,261.65,Fiber optic,Electronic check,1,Low,1,0,1,Email,0,0,1,33.7,46.0,0,0.0,2.6,24,0
CUST-4022,55,Month-to-month,81.55,4509.5,Fiber optic,Electronic check,1,Medium,0,2,1,Ticket,0,0,1,4.3,8.8,0,0.6,3.5,4,0
CUST-4023,72,Two year,75.4,5480.25,DSL,Bank transfer (automatic),0,Low,1,0,1,Call,0,0,1,3.3,12.5,0,0.0,4.7,94,0
CUST-4024,10,Month-to-month,67.8,653.15,DSL,Credit card (automatic),0,Low,0,0,0,Ticket,0,0,0,28.9,36.2,0,0.0,3.6,64,0
CUST-4025,11,Month-to-month,111.4,1183.05,Fiber optic,Electronic check,2,Low,0,1,3,Call,0,0,1,22.7,23.4,0,2.6,3.9,20,0
CUST-4026,15,Month-to-month,46.3,639.45,DSL,Electronic check,1,Low,1,0,1,Email,1,1,1,14.9,28.7,0,0.0,2.4,26,0
CUST-4027,23,Two year,20.4,478.75,No,Bank transfer (automatic),1,Medium,1,0,1,Call,0,0,1,11.0,12.8,0,0.0,4.7,1,0
CUST-4028,1,Month-to-month,20.05,20.05,No,Mailed check,1,Medium,0,0,1,Email,0,1,0,37.5,40.8,0,0.0,4.2,24,0
CUST-4029,47,One year,96.1,4391.45,Fiber optic,Electronic check,1,Low,1,0,2,Call,0,0,1,5.9,44.0,0,0.0,4.4,28,0
CUST-4030,15,One year,19.65,270.6,No,Mailed check,3,Medium,0,0,3,Chat,1,0,0,18.8,21.9,0,0.0,2.3,1,0
CUST-4031,68,One year,60.65,3975.9,DSL,Bank transfer (automatic),0,Medium,0,0,0,Call,0,1,0,47.9,53.8,0,0.0,2.7,162,0
CUST-4032,21,One year,71.7,1497.05,DSL,Bank transfer (automatic),1,Low,0,1,2,Ticket,0,0,1,3.4,42.0,0,0.6,3.4,10,0
CUST-4033,21,Month-to-month,36.0,780.15,DSL,Mailed check,0,Low,0,0,0,Chat,0,0,1,3.9,20.5,0,0.0,4.4,48,0
CUST-4034,56,One year,65.2,3512.15,DSL,Bank transfer (automatic),0,High,0,0,2,Chat,2,0,1,2.3,16.0,0,0.0,5.0,108,0
CUST-4035,6,Month-to-month,48.95,273.25,DSL,Credit card (automatic),1,Medium,0,0,1,Chat,0,0,1,5.6,26.2,0,0.0,3.3,4,0
CUST-4036,65,Two year,53.5,3517.9,DSL,Bank transfer (automatic),1,Medium,0,0,1,Chat,0,1,1,15.1,15.9,0,0.0,4.4,15,0
CUST-4037,42,One year,80.45,3375.9,DSL,Credit card (automatic),0,Low,0,0,1,Chat,0,0,0,7.2,33.4,0,0.0,2.7,179,0
CUST-4038,68,Two year,109.05,7508.55,Fiber optic,Bank transfer (automatic),0,Medium,0,0,0,Chat,0,0,0,14.7,18.2,0,0.0,2.4,31,0
CUST-4039,48,Two year,26.3,1245.05,No,Bank transfer (automatic),0,Medium,0,0,0,Chat,0,0,1,11.9,13.9,0,0.0,5.0,77,0
CUST-4040,50,One year,106.8,5347.95,Fiber optic,Electronic check,2,Medium,1,0,2,Call,0,1,1,13.6,34.9,0,0.0,2.9,10,0
CUST-4041,7,Month-to-month,64.95,493.65,DSL,Electronic check,0,High,0,1,0,Ticket,0,0,0,54.6,58.6,1,0.8,3.7,171,0
CUST-4042,63,Two year,19.35,1263.85,No,Electronic check,2,High,0,0,2,Call,0,1,1,4.2,7.4,0,0.0,1.0,8,0
CUST-4043,17,Month-to-month,21.1,385.55,No,Credit card (automatic),1,High,0,1,1,Chat,1,0,1,20.0,38.8,0,2.0,3.2,29,0
CUST-4044,4,Month-to-month,18.85,84.2,No,Mailed check,1,Low,0,0,1,Chat,0,0,1,11.6,12.3,0,0.0,3.9,13,0
CUST-4045,62,Two year,26.0,1638.7,No,Bank transfer (automatic),0,High,0,0,0,Chat,0,0,0,20.5,21.4,0,0.0,2.6,40,0
CUST-4046,2,Month-to-month,70.35,120.25,Fiber optic,Electronic check,3,Low,0,1,3,Call,0,0,1,16.4,36.5,0,5.6,3.6,19,0
CUST-4047,48,Two year,96.9,4473.45,Fiber optic,Bank transfer (automatic),0,High,0,0,0,Ticket,0,0,0,25.4,31.9,0,0.0,3.7,44,0
CUST-4048,27,Two year,19.55,520.55,No,Bank transfer (automatic),2,Low,0,0,2,Ticket,0,0,0,13.7,36.2,0,0.0,4.5,23,0
CUST-4049,70,Two year,80.4,5717.85,DSL,Bank transfer (automatic),1,Medium,0,0,1,Call,0,0,1,21.8,40.5,0,0.0,4.6,13,0
CUST-4050,46,One year,94.65,4312.5,Fiber optic,Electronic check,2,Low,0,0,2,Email,0,0,1,23.9,33.7,0,0.0,4.7,13,0
CUST-4051,69,One year,95.75,6511.25,Fiber optic,Credit card (automatic),0,Medium,2,0,0,Email,0,0,1,3.5,20.1,0,0.0,4.7,154,0
CUST-4052,65,Two year,19.55,1218.65,No,Credit card (automatic),2,Low,1,0,2,Ticket,0,1,0,46.6,48.5,0,0.0,2.8,15,0
CUST-4053,72,Two year,104.1,7447.7,Fiber optic,Credit card (automatic),1,Low,0,0,1,Email,0,0,1,23.2,25.7,0,0.0,4.1,16,0
CUST-4054,17,One year,20.1,279.5,No,Mailed check,1,Medium,0,0,2,Call,0,0,0,1.8,24.0,0,0.0,3.4,20,0
CUST-4055,51,One year,111.55,5720.35,Fiber optic,Electronic check,1,Medium,0,0,2,Ticket,0,0,1,35.5,40.5,0,0.0,4.7,18,0
CUST-4056,51,Two year,60.5,3121.45,DSL,Credit card (automatic),1,Low,0,0,1,Ticket,0,0,1,3.8,3.9,0,0.0,3.6,2,0
CUST-4057,72,Two year,90.95,6468.6,DSL,Bank transfer (automatic),0,Low,0,0,0,Call,0,0,0,15.9,52.7,0,0.0,4.1,160,0
CUST-4058,34,Month-to-month,19.7,675.6,No,Mailed check,0,Low,1,0,0,Call,1,0,1,6.8,21.7,0,0.0,4.0,179,0
CUST-4059,67,Two year,50.95,3521.7,DSL,Bank transfer (automatic),2,Medium,2,0,2,Call,1,0,1,15.4,37.8,0,0.0,4.4,15,0
CUST-4060,49,One year,20.05,923.1,No,Bank transfer (automatic),0,High,0,0,1,Chat,0,0,0,39.4,68.7,0,0.0,2.4,77,0
CUST-4061,53,Two year,19.4,1110.35,No,Mailed check,2,Medium,0,0,2,Email,0,0,0,39.8,51.8,0,0.0,3.7,5,0
CUST-4062,27,Month-to-month,59.45,1611.65,DSL,Electronic check,0,Low,0,0,0,Email,0,0,1,27.8,36.1,0,0.0,4.3,125,0
CUST-4063,69,Two year,81.5,5553.25,DSL,Credit card (automatic),1,Low,0,0,1,Ticket,0,0,1,30.3,32.3,0,0.0,3.5,12,0
CUST-4064,2,Month-to-month,29.05,44.75,DSL,Bank transfer (automatic),0,High,0,0,0,Email,0,0,1,12.8,15.3,0,0.0,3.1,43,0
CUST-4065,46,One year,70.6,3231.05,DSL,Mailed check,1,Low,2,1,1,Ticket,0,0,1,36.5,43.7,0,0.3,4.1,9,0
CUST-4066,54,Two year,97.2,5129.45,Fiber optic,Bank transfer (automatic),2,Medium,0,1,2,Ticket,0,0,1,11.3,12.2,0,5.3,4.8,16,0
CUST-4067,20,Month-to-month,59.2,1191.2,DSL,Bank transfer (automatic),1,Low,1,0,1,Chat,0,0,1,4.2,22.7,0,0.0,4.1,9,0
CUST-4068,11,Month-to-month,75.9,866.4,Fiber optic,Mailed check,1,Medium,0,1,2,Ticket,1,2,0,41.1,50.9,0,0.2,3.9,17,0
CUST-4069,30,Month-to-month,90.05,2627.2,Fiber optic,Electronic check,2,High,1,1,2,Chat,0,1,0,11.1,42.3,0,1.5,2.4,22,0
CUST-4070,68,Two year,70.95,4741.45,DSL,Bank transfer (automatic),1,Low,0,0,1,Email,0,1,0,16.5,28.3,0,0.0,5.0,14,0
CUST-4071,38,Month-to-month,102.6,4009.2,Fiber optic,Electronic check,0,Medium,1,0,0,Chat,0,1,0,17.7,60.7,0,0.0,4.5,91,0
CUST-4072,1,Month-to-month,43.8,43.8,DSL,Electronic check,1,Medium,0,0,2,Call,0,0,0,1.5,5.5,0,0.0,4.4,17,0
CUST-4073,63,Two year,59.0,3707.6,DSL,Electronic check,1,Low,0,1,1,Chat,3,0,1,7.9,13.0,0,1.4,3.9,24,0
CUST-4074,3,One year,69.95,220.45,DSL,Electronic check,1,Low,0,0,2,Ticket,0,0,0,8.0,14.6,0,0.0,4.2,26,0
CUST-4075,48,One year,24.35,1133.7,No,Bank transfer (automatic),1,Medium,0,2,1,Email,0,0,0,22.7,26.9,0,6.8,5.0,22,0
CUST-4076,66,One year,29.45,1983.15,DSL,Credit card (automatic),1,Low,1,1,2,Ticket,0,1,0,20.4,39.4,0,0.1,3.2,21,0
CUST-4077,68,Two year,84.4,5746.75,Fiber optic,Credit card (automatic),1,Medium,0,0,3,Email,0,0,1,81.1,90.2,1,0.0,5.0,6,0
CUST-4078,7,One year,20.65,134.05,No,Mailed check,1,Low,0,2,2,Ticket,0,0,1,23.6,30.9,0,2.6,4.8,16,0
CUST-4079,72,Two year,87.1,6230.1,DSL,Bank transfer (automatic),1,Low,0,0,2,Chat,0,0,1,4.5,11.8,0,0.0,4.4,3,0
CUST-4080,29,Month-to-month,19.85,573.05,No,Mailed check,2,Low,1,0,3,Ticket,0,0,1,7.6,27.8,0,0.0,3.1,9,0
CUST-4081,37,Month-to-month,90.35,3419.3,Fiber optic,Electronic check,2,Low,0,0,2,Call,0,1,0,3.3,6.6,0,0.0,4.6,16,0
CUST-4082,59,One year,65.5,3801.3,DSL,Mailed check,1,Low,0,0,2,Call,0,0,1,35.6,40.3,0,0.0,2.9,26,0
CUST-4083,60,Month-to-month,80.95,4859.1,Fiber optic,Electronic check,0,Low,1,0,0,Email,0,0,0,33.7,65.5,0,0.0,4.6,41,0
CUST-4084,27,Month-to-month,56.15,1439.35,DSL,Mailed check,1,Medium,0,0,1,Email,0,0,1,44.1,50.2,0,0.0,2.5,25,0
CUST-4085,17,Month-to-month,34.4,592.75,DSL,Mailed check,0,High,1,0,0,Chat,0,0,1,19.4,84.7,0,0.0,2.9,83,0
CUST-4086,58,Two year,20.75,1185.95,No,Mailed check,3,Medium,0,0,3,Ticket,0,0,1,5.6,12.5,0,0.0,3.5,19,0
CUST-4087,1,One year,18.8,18.8,No,Mailed check,2,Low,1,0,3,Call,1,1,0,40.9,47.4,0,0.0,4.0,15,0
CUST-4088,53,Month-to-month,90.8,4921.2,Fiber optic,Electronic check,2,High,0,1,2,Chat,0,0,0,5.7,16.5,0,0.7,1.9,12,0
CUST-4089,35,Month-to-month,25.6,901.25,No,Electronic check,1,Low,0,0,2,Email,0,0,1,8.7,31.2,0,0.0,1.9,2,0
CUST-4090,68,Two year,70.8,4859.95,DSL,Credit card (automatic),1,Low,0,0,2,Chat,0,0,1,0.4,15.6,0,0.0,2.6,20,0
CUST-4091,47,Month-to-month,25.4,1139.2,No,Electronic check,1,Low,0,1,1,Email,0,0,0,15.5,32.7,0,0.8,4.6,1,0
CUST-4092,65,Month-to-month,108.8,7082.45,Fiber optic,Bank transfer (automatic),1,Low,2,0,1,Email,0,0,1,10.3,55.5,0,0.0,4.6,5,0
CUST-4093,9,Month-to-month,76.85,663.55,Fiber optic,Electronic check,2,High,0,0,2,Chat,0,0,0,18.8,37.9,0,0.0,2.9,28,0
CUST-4094,8,Two year,20.25,174.65,No,Mailed check,2,Low,0,0,2,Ticket,0,0,1,61.9,69.5,1,0.0,2.7,13,0
CUST-4095,14,One year,24.8,321.7,No,Credit card (automatic),0,Medium,0,0,0,Chat,0,0,1,1.1,13.9,0,0.0,2.9,137,0
CUST-4096,45,Month-to-month,115.65,5125.5,Fiber optic,Electronic check,1,Low,0,0,1,Email,0,0,1,1.7,23.0,0,0.0,2.6,4,0
CUST-4097,8,Month-to-month,74.6,548.9,Fiber optic,Credit card (automatic),0,Medium,1,0,0,Call,1,0,1,14.9,17.2,0,0.0,3.4,42,0
CUST-4098,66,One year,103.15,7031.3,Fiber optic,Bank transfer (automatic),1,Medium,1,0,2,Ticket,0,0,1,110.9,116.1,1,0.0,3.8,26,0
CUST-4099,72,Two year,72.1,5016.65,DSL,Credit card (automatic),0,Low,1,0,0,Ticket,1,0,1,6.1,17.3,0,0.0,5.0,131,0
CUST-4100,23,Two year,25.1,611.45,No,Mailed check,1,Medium,0,0,1,Call,0,0,0,13.8,19.6,0,0.0,3.5,3,0
CUST-4101,4,Month-to-month,80.15,319.85,Fiber optic,Electronic check,0,Medium,0,0,0,Ticket,0,1,0,4.1,4.8,0,0.0,4.3,102,0
CUST-4102,6,Two year,25.4,153.3,No,Mailed check,0,Medium,0,0,0,Email,0,0,1,13.6,47.4,0,0.0,5.0,63,0
CUST-4103,67,One year,105.4,7035.6,Fiber optic,Credit card (automatic),3,Medium,0,0,3,Chat,1,0,1,3.6,13.0,0,0.0,3.1,19,0
CUST-4104,7,Month-to-month,45.75,344.2,DSL,Mailed check,3,Medium,1,1,3,Email,0,0,0,3.5,15.6,0,2.7,3.3,9,0
CUST-4105,56,One year,24.45,1431.65,No,Mailed check,0,Low,1,0,0,Ticket,0,0,1,7.4,22.7,0,0.0,4.0,116,0
CUST-4106,72,Two year,25.0,1849.2,No,Credit card (automatic),1,Medium,1,0,1,Call,0,0,1,50.5,51.0,1,0.0,4.2,20,0
CUST-4107,72,Two year,85.25,6083.1,DSL,Electronic check,0,Low,0,0,0,Ticket,1,0,1,19.4,21.8,0,0.0,4.1,87,0
CUST-4108,23,Two year,19.6,426.65,No,Credit card (automatic),3,Low,1,0,3,Email,0,0,0,8.4,36.4,0,0.0,3.5,20,0
CUST-4109,35,Month-to-month,50.15,1655.35,DSL,Mailed check,0,High,0,0,0,Ticket,0,0,1,18.3,36.9,0,0.0,5.0,37,0
CUST-4110,27,Month-to-month,70.55,1943.9,Fiber optic,Electronic check,0,Low,0,1,0,Ticket,0,0,1,4.0,4.8,0,0.1,4.1,144,0
CUST-4111,12,One year,26.4,314.95,No,Mailed check,0,Low,0,1,1,Email,1,0,0,18.3,36.9,0,1.4,3.1,37,0
CUST-4112,40,Two year,20.15,804.85,No,Mailed check,1,Low,1,0,1,Ticket,0,1,0,45.5,73.1,0,0.0,3.6,22,0
CUST-4113,7,Month-to-month,58.85,465.7,DSL,Mailed check,0,Low,0,0,0,Email,0,0,0,49.7,51.9,1,0.0,1.9,61,0
CUST-4114,70,Month-to-month,97.55,6669.05,Fiber optic,Credit card (automatic),1,Low,1,0,1,Call,0,0,1,15.9,16.7,0,0.0,3.8,17,0
CUST-4115,60,Two year,19.65,1161.75,No,Credit card (automatic),2,High,0,0,2,Ticket,0,0,1,38.1,62.0,0,0.0,3.5,7,0
CUST-4116,39,One year,25.25,947.75,DSL,Credit card (automatic),2,Low,0,1,2,Call,0,0,0,8.8,19.8,0,2.5,3.8,19,0
CUST-4117,72,Two year,114.45,8375.05,Fiber optic,Credit card (automatic),1,Medium,0,0,1,Chat,0,1,1,39.0,94.3,0,0.0,5.0,6,0
CUST-4118,54,One year,70.7,3770.0,DSL,Electronic check,2,Low,0,0,3,Ticket,0,0,0,7.3,22.0,0,0.0,2.9,11,0
CUST-4119,63,Two year,75.55,4707.85,DSL,Credit card (automatic),0,Medium,0,0,1,Chat,0,0,1,21.9,30.4,0,0.0,4.7,178,0
CUST-4120,71,Two year,84.8,6152.4,Fiber optic,Electronic check,1,High,0,0,2,Call,0,0,0,45.2,48.6,0,0.0,3.8,8,0
CUST-4121,42,One year,20.65,958.1,No,Mailed check,1,Low,0,0,1,Call,0,2,1,15.0,29.4,0,0.0,1.8,8,0
CUST-4122,47,Two year,20.45,943.0,No,Bank transfer (automatic),1,Medium,0,0,1,Email,1,1,0,5.8,6.7,0,0.0,3.0,8,0
CUST-4123,11,Month-to-month,35.65,425.1,DSL,Electronic check,0,High,0,0,1,Chat,0,0,1,21.5,28.0,0,0.0,3.8,90,0
CUST-4124,55,Month-to-month,90.45,5044.8,Fiber optic,Electronic check,0,Medium,0,0,0,Chat,1,1,1,2.2,7.3,0,0.0,3.1,160,0
CUST-4125,69,Two year,97.65,6743.55,Fiber optic,Credit card (automatic),2,Low,3,0,3,Email,0,0,1,7.6,18.7,0,0.0,4.4,14,0
CUST-4126,3,Month-to-month,73.85,196.4,Fiber optic,Electronic check,1,Medium,1,0,1,Chat,0,0,1,40.7,43.7,0,0.0,3.6,3,0
CUST-4127,30,Two year,69.1,2093.9,DSL,Credit card (automatic),0,Medium,0,1,0,Call,0,0,1,24.0,26.2,0,4.8,2.7,34,0
CUST-4128,5,Month-to-month,82.75,417.75,Fiber optic,Electronic check,1,Low,0,1,1,Call,0,0,0,1.0,3.0,0,0.0,3.3,2,0
CUST-4129,71,Two year,24.4,1725.4,No,Credit card (automatic),0,Low,0,1,1,Call,1,0,1,15.4,19.8,0,3.0,3.2,111,0
CUST-4130,29,One year,55.25,1620.2,DSL,Electronic check,0,Low,0,0,0,Call,0,1,0,5.1,29.0,0,0.0,4.1,50,0
CUST-4131,52,Month-to-month,61.35,3169.55,DSL,Bank transfer (automatic),0,Low,0,0,0,Ticket,0,0,1,0.2,6.3,0,0.0,4.5,61,0
CUST-4132,68,One year,76.75,5233.25,DSL,Credit card (automatic),0,High,0,2,0,Email,0,0,1,5.6,32.2,0,6.1,2.6,32,0
CUST-4133,46,Two year,19.4,967.85,No,Mailed check,5,Low,0,0,5,Ticket,0,0,1,26.8,43.3,0,0.0,2.7,27,0
CUST-4134,8,Month-to-month,54.75,438.05,DSL,Credit card (automatic),0,Low,1,0,0,Ticket,0,0,1,9.3,24.3,0,0.0,3.8,77,0
CUST-4135,72,Two year,19.7,1421.9,No,Credit card (automatic),1,Medium,0,0,2,Chat,2,0,0,5.6,23.1,0,0.0,5.0,14,0
CUST-4136,17,One year,19.9,323.15,No,Bank transfer (automatic),0,Low,0,0,1,Email,1,0,1,123.0,131.4,1,0.0,4.5,112,0
CUST-4137,3,Month-to-month,107.95,318.6,Fiber optic,Electronic check,0,Low,0,0,0,Ticket,0,0,0,15.5,19.2,0,0.0,3.7,116,0
CUST-4138,2,Month-to-month,83.8,163.7,Fiber optic,Bank transfer (automatic),1,Medium,0,0,1,Ticket,0,0,1,4.5,6.9,0,0.0,3.1,19,0
CUST-4139,51,One year,56.4,2928.5,DSL,Credit card (automatic),0,Low,1,1,0,Email,0,0,0,4.1,12.3,0,1.3,3.8,117,0
CUST-4140,6,Two year,20.1,100.35,No,Mailed check,1,Low,0,0,1,Call,0,0,1,2.0,7.6,0,0.0,1.9,9,0
CUST-4141,3,Month-to-month,94.9,273.2,Fiber optic,Electronic check,2,Low,0,0,3,Email,1,0,1,17.0,29.9,0,0.0,3.6,16,0
CUST-4142,17,Month-to-month,94.2,1608.15,Fiber optic,Electronic check,0,Medium,2,0,3,Email,0,0,1,38.1,43.2,0,0.0,4.6,78,0
CUST-4143,30,Month-to-month,49.9,1441.95,DSL,Electronic check,1,Medium,0,0,1,Email,0,0,1,35.4,36.1,0,0.0,3.1,1,0
CUST-4144,31,Month-to-month,71.05,2168.15,DSL,Electronic check,2,High,0,0,2,Call,0,0,0,50.6,56.3,1,0.0,3.3,19,0
CUST-4145,45,Two year,81.65,3618.7,DSL,Bank transfer (automatic),1,Low,1,1,2,Email,0,0,0,0.4,26.3,0,1.3,4.6,9,0
CUST-4146,64,One year,89.45,5692.65,Fiber optic,Bank transfer (automatic),0,Medium,0,0,1,Call,0,0,1,14.8,29.5,0,0.0,2.7,46,0
CUST-4147,61,One year,99.0,5969.3,Fiber optic,Electronic check,1,High,0,0,1,Ticket,1,0,0,44.8,50.6,0,0.0,3.3,17,0
CUST-4148,1,Month-to-month,19.05,19.05,No,Mailed check,0,Low,0,0,0,Ticket,0,0,0,41.5,44.3,0,0.0,3.6,170,0
CUST-4149,72,Two year,114.45,8100.55,Fiber optic,Bank transfer (automatic),0,High,0,0,0,Call,1,0,1,5.7,15.7,0,0.0,4.3,168,0
CUST-4150,7,Month-to-month,44.25,313.45,DSL,Mailed check,0,High,0,0,0,Chat,0,0,0,12.5,45.4,0,0.0,4.1,37,0
CUST-4151,66,One year,90.55,6130.95,Fiber optic,Bank transfer (automatic),0,Low,0,0,0,Email,0,1,0,1.8,12.2,0,0.0,4.1,172,0
CUST-4152,40,Month-to-month,20.4,745.3,No,Bank transfer (automatic),0,Low,0,0,0,Ticket,0,1,0,5.8,32.2,0,0.0,4.5,111,0
CUST-4153,16,Month-to-month,71.4,1212.1,DSL,Bank transfer (automatic),1,Low,2,1,2,Ticket,0,0,0,86.9,101.5,1,1.7,4.0,3,0
CUST-4154,67,Two year,24.85,1583.5,No,Credit card (automatic),2,Low,1,0,3,Call,0,0,1,15.8,17.4,0,0.0,3.4,4,0
CUST-4155,41,One year,104.45,4162.05,Fiber optic,Bank transfer (automatic),0,High,0,0,0,Chat,0,0,0,120.3,134.9,1,0.0,4.5,36,0
CUST-4156,56,Two year,19.8,1119.9,No,Credit card (automatic),0,High,0,0,0,Chat,0,0,0,0.3,11.5,0,0.0,4.3,135,0
CUST-4157,72,Two year,116.45,8013.55,Fiber optic,Bank transfer (automatic),2,Low,0,0,2,Chat,0,0,1,64.0,69.3,1,0.0,3.6,28,0
CUST-4158,54,Two year,20.05,1102.4,No,Credit card (automatic),0,Medium,2,0,0,Call,0,0,1,7.9,44.7,0,0.0,2.8,96,0
CUST-4159,52,Month-to-month,110.75,5832.0,Fiber optic,Electronic check,3,Medium,2,0,5,Call,0,0,1,1.6,6.4,0,0.0,4.8,26,0
CUST-4160,50,Two year,89.7,4304.5,Fiber optic,Bank transfer (automatic),0,Low,1,0,1,Email,0,1,1,1.7,2.7,0,0.0,4.1,71,0
CUST-4161,27,One year,48.7,1421.75,DSL,Credit card (automatic),2,Medium,1,1,2,Ticket,0,0,0,7.6,11.0,0,0.2,2.6,12,0
CUST-4162,72,Two year,96.6,6827.5,Fiber optic,Bank transfer (automatic),1,High,0,0,1,Ticket,0,1,0,11.6,18.4,0,0.0,2.6,4,0
CUST-4163,62,One year,74.3,4698.05,DSL,Credit card (automatic),1,Low,0,0,1,Call,0,0,1,1.6,28.1,0,0.0,4.0,27,0
CUST-4164,12,Month-to-month,54.3,654.5,DSL,Electronic check,0,Low,0,0,0,Ticket,0,1,1,34.3,34.7,0,0.0,4.4,70,0
CUST-4165,44,One year,74.85,3268.05,DSL,Bank transfer (automatic),1,Low,0,1,1,Email,1,0,1,12.0,31.1,0,0.2,3.0,11,0
CUST-4166,54,Two year,79.95,4362.05,Fiber optic,Bank transfer (automatic),1,Low,0,1,1,Call,0,0,0,8.2,12.1,0,1.3,4.0,26,0
CUST-4167,68,Two year,20.05,1386.9,No,Bank transfer (automatic),2,Low,1,0,2,Ticket,0,0,0,13.3,24.3,0,0.0,3.8,16,0
CUST-4168,20,Month-to-month,19.4,415.4,No,Mailed check,3,Low,1,0,4,Chat,3,0,0,12.0,17.7,0,0.0,2.9,26,0
CUST-4169,50,One year,54.9,2614.1,DSL,Bank transfer (automatic),0,Medium,0,1,0,Call,0,0,1,2.0,5.6,0,2.0,4.2,118,0
CUST-4170,58,Two year,24.45,1513.6,No,Credit card (automatic),3,Medium,0,0,3,Ticket,0,0,0,0.9,9.4,0,0.0,3.5,18,0
CUST-4171,35,Month-to-month,89.65,3161.6,Fiber optic,Bank transfer (automatic),1,Low,0,0,1,Ticket,0,0,0,20.4,26.1,0,0.0,4.0,1,0
CUST-4172,2,Month-to-month,45.4,80.95,DSL,Electronic check,2,Low,0,0,3,Email,0,0,1,12.0,18.0,0,0.0,4.6,17,0
CUST-4173,63,Two year,75.7,4676.7,DSL,Mailed check,0,Medium,0,0,0,Email,0,0,0,0.4,2.6,0,0.0,2.8,143,0
CUST-4174,58,One year,110.65,6526.65,Fiber optic,Credit card (automatic),1,Medium,0,1,2,Chat,0,0,1,19.8,21.6,0,0.3,3.6,9,0
CUST-4175,27,One year,20.55,583.3,No,Mailed check,2,Low,0,0,2,Chat,0,1,0,22.0,25.6,0,0.0,3.4,16,0
CUST-4176,71,Two year,115.15,8078.1,Fiber optic,Credit card (automatic),1,Low,0,0,2,Chat,0,0,0,63.1,73.8,1,0.0,3.9,12,0
CUST-4177,63,One year,58.55,3503.5,DSL,Credit card (automatic),0,Medium,0,0,2,Email,0,0,0,17.9,21.1,0,0.0,2.8,148,0
CUST-4178,71,Month-to-month,93.25,6669.45,Fiber optic,Bank transfer (automatic),0,Low,0,0,0,Ticket,1,0,0,5.8,23.6,0,0.0,4.3,153,0
CUST-4179,68,Two year,19.35,1292.65,No,Bank transfer (automatic),3,Low,1,2,3,Call,0,1,1,4.9,25.1,0,3.5,2.6,21,0
CUST-4180,1,Month-to-month,48.75,48.75,DSL,Mailed check,0,Low,0,0,1,Call,0,0,1,11.0,13.1,0,0.0,3.0,166,0
CUST-4181,65,Two year,109.05,7108.2,Fiber optic,Electronic check,0,Low,0,0,1,Email,0,0,1,1.7,46.5,0,0.0,5.0,47,0
CUST-4182,72,Two year,25.0,1802.55,No,Bank transfer (automatic),0,Low,0,0,1,Email,0,0,1,12.3,16.1,0,0.0,4.6,69,0
CUST-4183,28,Month-to-month,54.9,1505.15,DSL,Credit card (automatic),1,Low,1,1,1,Email,0,0,1,7.2,8.1,0,1.8,4.5,22,0
CUST-4184,72,Two year,24.75,1859.1,No,Credit card (automatic),1,Medium,0,0,1,Email,1,0,0,31.9,38.8,0,0.0,3.0,3,0
CUST-4185,2,Month-to-month,91.15,168.5,Fiber optic,Electronic check,0,Medium,0,1,0,Call,0,0,1,21.4,23.8,0,2.3,3.5,173,0
CUST-4186,60,One year,104.35,6339.45,Fiber optic,Electronic check,1,High,0,1,2,Chat,0,0,0,5.3,23.8,0,1.8,3.2,20,0
CUST-4187,26,Month-to-month,66.05,1652.4,DSL,Electronic check,0,Low,0,2,0,Call,1,1,1,11.7,13.2,0,5.5,3.3,104,0
CUST-4188,68,Two year,92.2,6392.85,DSL,Credit card (automatic),0,Low,0,1,0,Email,0,0,0,22.7,30.6,0,2.4,4.4,132,0
CUST-4189,42,One year,105.2,4599.15,Fiber optic,Bank transfer (automatic),0,Medium,0,0,2,Chat,0,0,0,3.4,4.5,0,0.0,4.8,160,0
CUST-4190,57,Two year,19.6,1134.25,No,Bank transfer (automatic),1,Medium,0,0,1,Call,1,0,0,62.5,90.0,1,0.0,2.5,4,0
CUST-4191,54,Month-to-month,30.4,1621.35,DSL,Electronic check,2,Low,0,1,3,Email,0,0,1,1.7,6.2,0,4.2,2.3,11,0
CUST-4192,44,One year,61.5,2722.2,DSL,Mailed check,0,Low,1,1,1,Email,0,0,1,55.1,66.6,1,0.0,5.0,148,0
CUST-4193,42,Month-to-month,69.4,3058.3,DSL,Bank transfer (automatic),1,Low,0,1,2,Ticket,1,0,0,0.3,16.0,0,0.4,3.6,18,0
CUST-4194,72,Two year,24.75,1769.6,No,Bank transfer (automatic),2,Low,0,0,3,Ticket,0,0,1,11.9,12.3,0,0.0,3.5,2,0
CUST-4195,71,Two year,91.05,6293.75,DSL,Mailed check,3,Low,0,0,3,Email,0,0,1,6.1,11.9,0,0.0,4.0,16,0
CUST-4196,23,Month-to-month,73.65,1642.75,DSL,Credit card (automatic),2,High,0,0,2,Call,1,0,1,61.8,65.8,1,0.0,2.0,14,0
CUST-4197,30,Two year,19.4,578.5,No,Credit card (automatic),1,Low,0,0,1,Ticket,0,0,1,34.8,44.3,0,0.0,2.5,6,0
CUST-4198,35,One year,26.2,954.9,No,Bank transfer (automatic),0,High,0,0,0,Call,1,1,1,41.9,59.6,0,0.0,4.9,90,0
CUST-4199,1,Month-to-month,43.85,43.85,DSL,Bank transfer (automatic),4,Medium,0,0,4,Call,0,0,0,12.2,13.9,0,0.0,2.5,14,0
CUST-4200,22,Month-to-month,69.7,1490.4,Fiber optic,Mailed check,0,Low,1,0,0,Ticket,0,1,1,2.0,9.7,0,0.0,5.0,94,0
CUST-4201,7,Two year,38.55,280.0,DSL,Mailed check,1,Medium,0,0,3,Email,0,0,1,5.1,6.8,0,0.0,4.3,25,0
CUST-4202,36,Two year,53.1,1901.25,DSL,Mailed check,1,Medium,0,0,1,Ticket,0,0,0,13.6,32.4,0,0.0,4.2,18,0
CUST-4203,34,Month-to-month,20.65,716.4,No,Mailed check,0,Low,0,1,0,Call,0,0,1,8.9,27.3,0,3.7,4.4,156,0
CUST-4204,72,Two year,64.45,4720.0,DSL,Credit card (automatic),0,Low,2,0,0,Chat,0,1,1,7.1,12.0,0,0.0,5.0,90,0
CUST-4205,36,Two year,25.1,930.95,No,Credit card (automatic),2,Medium,0,3,3,Ticket,0,0,1,6.5,11.3,0,8.8,4.0,3,0
CUST-4206,71,One year,95.15,6770.85,Fiber optic,Credit card (automatic),1,Medium,0,0,1,Chat,0,1,1,4.8,15.8,0,0.0,3.8,12,0
CUST-4207,23,Month-to-month,79.35,1835.3,Fiber optic,Mailed check,0,Medium,1,0,0,Email,0,0,1,13.9,84.8,0,0.0,4.7,90,0
CUST-4208,17,One year,96.65,1588.25,Fiber optic,Bank transfer (automatic),0,Low,0,0,2,Ticket,0,0,0,21.0,68.2,0,0.0,4.0,40,0
CUST-4209,1,Month-to-month,75.5,75.5,DSL,Electronic check,1,Low,0,0,2,Chat,0,0,0,21.1,25.7,0,0.0,5.0,1,0
CUST-4210,12,Two year,19.7,258.35,No,Mailed check,0,Low,0,0,0,Email,0,0,1,0.8,22.1,0,0.0,3.6,130,0
CUST-4211,72,Two year,20.5,1502.25,No,Credit card (automatic),1,Low,0,0,3,Call,0,0,1,0.5,5.0,0,0.0,2.3,26,0
CUST-4212,1,Month-to-month,19.2,19.2,No,Mailed check,0,Medium,0,0,0,Email,0,0,1,1.6,10.2,0,0.0,3.3,35,0
CUST-4213,72,Two year,98.35,6929.4,Fiber optic,Bank transfer (automatic),1,High,0,0,1,Email,0,0,0,0.3,0.7,0,0.0,3.9,24,0
CUST-4214,60,Month-to-month,74.35,4453.3,Fiber optic,Bank transfer (automatic),0,Medium,1,0,1,Call,0,0,1,10.4,44.3,0,0.0,4.6,86,0
CUST-4215,61,Two year,51.35,3244.4,DSL,Credit card (automatic),1,Medium,0,0,1,Email,0,0,1,1.0,16.9,0,0.0,5.0,13,0
CUST-4216,6,Month-to-month,45.65,323.45,DSL,Mailed check,1,Medium,0,1,1,Ticket,0,0,0,10.3,34.4,0,0.3,4.6,7,0
CUST-4217,72,Two year,20.3,1401.15,No,Bank transfer (automatic),1,Medium,0,1,1,Email,0,0,1,7.4,17.2,0,6.6,3.8,29,0
CUST-4218,32,Month-to-month,54.2,1739.6,DSL,Electronic check,1,Medium,0,0,1,Chat,0,0,1,1.1,1.9,0,0.0,4.0,23,0
CUST-4219,65,Month-to-month,90.65,5931.0,Fiber optic,Electronic check,1,Low,0,0,1,Email,0,1,1,1.6,8.5,0,0.0,4.7,10,0
CUST-4220,45,Month-to-month,50.9,2333.85,DSL,Bank transfer (automatic),0,High,0,0,0,Chat,0,0,1,26.6,32.1,0,0.0,3.6,48,0
CUST-4221,42,One year,25.05,949.85,No,Electronic check,1,Low,0,0,1,Email,1,0,1,23.2,31.9,0,0.0,5.0,13,0
CUST-4222,8,Month-to-month,74.85,572.45,Fiber optic,Electronic check,1,Low,0,1,1,Ticket,0,0,0,6.1,8.9,0,0.0,2.6,19,0
CUST-4223,32,Two year,20.5,696.8,No,Mailed check,1,Low,0,1,1,Call,0,1,0,2.5,9.7,0,2.7,5.0,14,0
CUST-4224,22,Month-to-month,63.55,1381.8,DSL,Mailed check,0,Low,0,0,0,Call,0,0,1,7.9,8.3,0,0.0,3.3,148,0
CUST-4225,1,Month-to-month,47.95,47.95,DSL,Electronic check,0,Medium,0,0,0,Chat,0,0,1,11.9,13.8,0,0.0,4.3,110,0
CUST-4226,1,Month-to-month,45.0,45.0,DSL,Electronic check,3,Low,1,0,3,Email,1,0,1,13.1,37.7,0,0.0,3.8,13,0
CUST-4227,54,Month-to-month,90.05,4931.8,Fiber optic,Electronic check,1,Medium,0,0,1,Email,0,1,1,0.4,6.1,0,0.0,4.3,14,0
CUST-4228,4,Two year,25.3,116.95,No,Credit card (automatic),0,Low,0,0,0,Ticket,1,0,1,16.5,23.3,0,0.0,3.5,84,0
CUST-4229,56,One year,24.3,1261.7,No,Electronic check,1,Low,0,1,1,Email,1,0,0,17.9,23.2,0,1.0,5.0,6,0
CUST-4230,45,Month-to-month,75.95,3273.8,DSL,Electronic check,1,Low,0,1,2,Chat,0,0,1,18.5,30.2,0,5.4,2.4,15,0
CUST-4231,71,Two year,19.7,1415.85,No,Credit card (automatic),3,Medium,1,0,3,Chat,0,0,0,17.7,17.8,0,0.0,3.6,26,0
CUST-4232,59,One year,66.4,3958.2,DSL,Credit card (automatic),2,Medium,0,0,3,Ticket,0,0,1,56.6,92.1,1,0.0,3.0,19,0
CUST-4233,69,One year,35.75,2492.25,DSL,Bank transfer (automatic),0,Low,1,0,0,Chat,0,0,0,22.3,32.0,0,0.0,3.4,58,0
CUST-4234,19,One year,18.8,279.2,No,Mailed check,0,Low,0,0,0,Chat,1,0,1,6.9,12.6,0,0.0,4.6,95,0
CUST-4235,55,Two year,19.4,1083.0,No,Credit card (automatic),1,High,0,0,1,Ticket,0,0,1,30.1,54.0,0,0.0,4.9,26,0
CUST-4236,38,One year,19.3,755.5,No,Mailed check,0,Low,0,0,1,Chat,0,0,1,10.2,18.4,0,0.0,3.8,172,0
CUST-4237,47,Month-to-month,67.45,3252.0,DSL,Credit card (automatic),0,Low,0,0,0,Chat,0,0,1,1.1,2.3,0,0.0,4.3,50,0
CUST-4238,46,Two year,20.1,936.85,No,Mailed check,3,Low,0,0,3,Call,0,0,1,18.8,48.1,0,0.0,3.2,8,0
CUST-4239,65,Two year,58.9,3857.1,DSL,Credit card (automatic),0,Low,0,0,0,Ticket,0,0,0,8.7,14.5,0,0.0,3.8,106,0
CUST-4240,71,Two year,19.45,1378.45,No,Mailed check,0,Low,1,1,0,Call,0,0,1,48.0,58.1,0,9.4,2.8,51,0
CUST-4241,52,Month-to-month,50.5,2566.3,DSL,Electronic check,0,Low,0,0,0,Email,0,0,1,7.5,42.2,0,0.0,3.5,85,0
CUST-4242,6,One year,25.1,171.0,No,Mailed check,0,High,0,0,0,Ticket,1,0,0,0.8,5.0,0,0.0,5.0,60,0
CUST-4243,26,One year,60.7,1597.4,DSL,Mailed check,1,Medium,0,1,2,Email,1,0,1,52.8,55.2,1,3.2,5.0,21,0
CUST-4244,48,One year,99.0,4744.35,Fiber optic,Electronic check,0,Medium,0,0,0,Chat,0,0,0,32.1,56.2,0,0.0,2.9,179,0
CUST-4245,64,One year,104.4,6721.6,Fiber optic,Bank transfer (automatic),0,Medium,0,0,2,Call,0,1,0,69.8,78.7,1,0.0,4.2,165,0
CUST-4246,1,Month-to-month,44.05,44.05,DSL,Bank transfer (automatic),1,Medium,1,1,2,Chat,0,1,0,3.6,17.8,0,2.4,4.4,11,0
CUST-4247,72,Two year,24.1,1734.65,No,Credit card (automatic),1,Medium,0,0,2,Call,0,0,1,0.4,1.8,0,0.0,5.0,22,0
CUST-4248,1,Month-to-month,45.55,45.55,DSL,Mailed check,0,High,0,0,1,Call,0,0,1,54.3,68.6,1,0.0,4.5,118,0
CUST-4249,51,Month-to-month,93.8,4539.35,Fiber optic,Electronic check,0,Low,0,0,1,Call,0,0,1,24.4,34.7,0,0.0,3.7,66,0
CUST-4250,41,Two year,19.7,804.25,No,Bank transfer (automatic),0,Low,1,0,2,Call,1,0,1,35.0,39.8,0,0.0,3.9,47,0
CUST-4251,72,Two year,70.65,5011.15,DSL,Credit card (automatic),4,Medium,0,1,4,Chat,0,0,1,0.1,22.8,0,0.5,3.2,4,0
CUST-4252,43,Two year,86.45,3574.5,DSL,Credit card (automatic),0,High,1,0,0,Chat,0,1,1,19.3,26.7,0,0.0,4.2,176,0
CUST-4253,72,Two year,114.1,8086.4,Fiber optic,Credit card (automatic),1,High,0,0,1,Chat,0,1,1,22.4,28.7,0,0.0,4.2,8,0
CUST-4254,47,One year,95.2,4563.0,Fiber optic,Credit card (automatic),1,Medium,1,0,2,Call,1,0,1,7.6,10.0,0,0.0,5.0,25,0
CUST-4255,72,Two year,88.55,6362.35,DSL,Credit card (automatic),0,Low,0,0,0,Email,1,0,1,11.5,15.1,0,0.0,4.7,34,0
CUST-4256,3,Month-to-month,20.75,67.1,No,Credit card (automatic),1,Low,0,0,2,Chat,0,0,1,2.6,6.4,0,0.0,4.3,9,0
CUST-4257,26,Month-to-month,44.65,1156.55,DSL,Bank transfer (automatic),0,High,0,1,0,Chat,0,0,0,1.5,7.7,0,12.3,3.4,36,0
CUST-4258,29,Month-to-month,60.2,1834.15,DSL,Mailed check,0,Low,0,0,0,Ticket,0,0,0,29.9,38.3,0,0.0,3.9,122,0
CUST-4259,27,One year,55.45,1477.65,DSL,Bank transfer (automatic),0,Low,0,0,0,Email,0,0,1,31.1,86.7,0,0.0,4.6,35,0
CUST-4260,24,Month-to-month,70.3,1706.45,DSL,Credit card (automatic),2,High,0,1,2,Chat,0,0,0,4.7,14.2,0,2.2,3.9,17,0
CUST-4261,67,Two year,60.4,3953.7,DSL,Bank transfer (automatic),0,Low,0,0,0,Chat,0,0,1,30.6,38.1,0,0.0,4.3,150,0
CUST-4262,23,One year,55.8,1327.85,DSL,Bank transfer (automatic),1,Medium,0,0,1,Ticket,0,0,1,8.1,20.4,0,0.0,3.1,15,0
CUST-4263,14,Month-to-month,31.1,419.7,DSL,Mailed check,0,Medium,0,0,1,Call,1,0,1,6.1,23.0,0,0.0,3.7,33,0
CUST-4264,4,Month-to-month,50.95,207.35,DSL,Credit card (automatic),0,Low,0,0,1,Email,0,0,1,28.3,74.9,0,0.0,3.8,156,0
CUST-4265,16,Month-to-month,69.1,1083.7,DSL,Electronic check,1,Low,0,0,1,Email,1,0,1,22.1,97.2,0,0.0,4.6,28,0
CUST-4266,46,Month-to-month,43.95,2007.85,DSL,Electronic check,0,Low,0,0,0,Ticket,0,0,1,18.1,41.8,0,0.0,2.7,122,0
CUST-4267,68,Two year,86.5,5882.75,DSL,Bank transfer (automatic),1,Medium,0,1,1,Email,0,0,0,28.6,29.1,0,0.6,4.0,16,0
CUST-4268,38,Month-to-month,69.95,2657.55,DSL,Electronic check,1,Low,0,0,3,Chat,0,0,1,35.8,36.3,0,0.0,4.3,26,0
CUST-4269,17,Month-to-month,90.95,1612.2,Fiber optic,Credit card (automatic),1,Low,1,0,2,Email,0,0,1,53.4,58.1,1,0.0,2.1,15,0
CUST-4270,4,Two year,19.9,76.65,No,Mailed check,0,High,0,0,0,Ticket,0,0,0,17.6,41.9,0,0.0,4.7,46,0
CUST-4271,12,One year,20.15,260.7,No,Electronic check,2,Low,0,0,2,Call,0,0,1,1.7,18.9,0,0.0,3.8,27,0
CUST-4272,72,Two year,90.6,6441.85,DSL,Credit card (automatic),0,Low,1,0,1,Ticket,0,1,1,7.9,19.8,0,0.0,2.6,30,0
CUST-4273,3,Month-to-month,92.0,266.8,Fiber optic,Electronic check,0,Low,1,0,0,Email,0,1,1,2.5,5.1,0,0.0,5.0,59,0
CUST-4274,41,One year,24.85,962.25,No,Mailed check,2,Low,0,2,3,Ticket,0,0,1,2.3,45.0,0,17.5,3.4,13,0
CUST-4275,40,One year,36.0,1382.9,DSL,Credit card (automatic),3,High,0,0,4,Ticket,0,0,1,81.4,108.8,1,0.0,1.3,12,0
CUST-4276,7,Month-to-month,78.5,571.05,DSL,Electronic check,0,Low,0,0,0,Email,0,0,0,3.7,33.0,0,0.0,4.9,72,0
CUST-4277,69,Two year,19.95,1399.35,No,Credit card (automatic),0,Low,0,0,1,Call,1,1,1,24.1,32.6,0,0.0,4.3,84,0
CUST-4278,7,One year,20.65,150.0,No,Mailed check,2,High,0,1,3,Chat,0,1,1,27.4,32.9,0,7.4,4.0,7,0
CUST-4279,5,Month-to-month,30.5,167.2,DSL,Electronic check,0,Medium,1,0,0,Ticket,1,0,1,12.2,24.3,0,0.0,3.6,151,0
CUST-4280,72,Two year,106.1,7657.4,Fiber optic,Credit card (automatic),0,Low,0,0,1,Call,0,0,0,0.1,12.9,0,0.0,3.5,63,0
CUST-4281,44,One year,20.5,865.05,No,Bank transfer (automatic),0,High,0,0,0,Call,0,0,1,23.4,54.9,0,0.0,3.7,92,0
CUST-4282,65,One year,95.5,6153.85,Fiber optic,Electronic check,1,Medium,0,0,2,Ticket,0,0,1,54.7,64.9,1,0.0,4.4,22,0
CUST-4283,3,Month-to-month,64.6,174.2,DSL,Electronic check,0,Low,0,0,0,Email,0,0,1,26.4,51.8,0,0.0,3.6,62,0
CUST-4284,24,Month-to-month,51.1,1269.6,DSL,Credit card (automatic),1,Medium,0,1,1,Email,1,0,1,13.5,18.1,0,0.9,3.9,29,0
CUST-4285,72,Two year,89.1,6352.4,DSL,Credit card (automatic),1,High,0,0,1,Ticket,0,0,1,15.9,16.5,0,0.0,4.5,16,0
CUST-4286,24,Month-to-month,54.95,1348.5,DSL,Electronic check,3,Low,0,1,3,Email,0,0,1,3.1,10.0,0,3.4,4.2,9,0
CUST-4287,22,Month-to-month,20.45,471.55,No,Bank transfer (automatic),4,Medium,0,1,5,Email,0,0,1,38.7,41.4,0,2.5,3.5,29,0
CUST-4288,70,Two year,85.95,5931.75,DSL,Credit card (automatic),0,High,1,1,0,Call,0,0,1,16.4,34.4,0,4.0,3.5,56,0
CUST-4289,25,Month-to-month,60.35,1404.65,DSL,Electronic check,0,Medium,0,0,1,Chat,0,1,1,5.1,24.7,0,0.0,2.6,63,0
CUST-4290,37,Two year,19.8,726.1,No,Bank transfer (automatic),2,Low,0,1,2,Chat,1,0,1,1.9,20.2,0,2.8,4.8,25,0
CUST-4291,22,Month-to-month,85.35,1961.6,Fiber optic,Bank transfer (automatic),0,Low,0,0,0,Email,0,0,1,5.6,13.1,0,0.0,3.8,162,0
CUST-4292,59,Two year,72.1,4194.85,DSL,Bank transfer (automatic),1,Medium,0,0,1,Email,0,0,1,26.2,53.0,0,0.0,3.8,27,0
CUST-4293,1,Month-to-month,81.05,81.05,Fiber optic,Electronic check,1,Low,2,1,1,Ticket,0,0,0,55.9,63.0,1,2.7,2.7,27,0
CUST-4294,3,Month-to-month,20.5,76.95,No,Electronic check,1,High,0,0,1,Email,0,0,1,4.8,15.8,0,0.0,3.5,6,0
CUST-4295,53,One year,111.8,5809.75,Fiber optic,Bank transfer (automatic),0,Low,1,0,0,Ticket,0,0,0,6.7,9.6,0,0.0,3.6,71,0
CUST-4296,1,Month-to-month,20.2,20.2,No,Mailed check,1,Low,0,0,2,Chat,0,0,0,29.5,29.8,0,0.0,4.0,13,0
CUST-4297,20,One year,19.7,415.9,No,Mailed check,0,Medium,0,0,0,Call,0,0,1,23.5,34.6,0,0.0,4.4,96,0
CUST-4298,51,One year,19.85,996.95,No,Bank transfer (automatic),1,Medium,0,1,1,Ticket,0,0,0,2.4,15.1,0,1.6,2.9,4,0
CUST-4299,51,One year,60.5,3145.15,DSL,Bank transfer (automatic),2,Low,1,1,2,Call,0,0,0,43.4,75.2,0,6.0,3.9,9,0
CUST-4300,13,Two year,19.55,265.3,No,Mailed check,1,Low,0,0,1,Chat,0,0,0,4.8,27.2,0,0.0,3.9,11,0
CUST-4301,1,Month-to-month,20.9,20.9,No,Mailed check,3,Medium,1,0,4,Call,0,1,1,26.3,44.3,0,0.0,4.4,8,0
CUST-4302,1,Month-to-month,21.05,21.05,No,Mailed check,0,High,1,0,1,Chat,0,0,1,19.0,33.4,0,0.0,4.8,146,0
CUST-4303,63,One year,71.5,4576.3,DSL,Electronic check,0,Medium,0,0,0,Call,0,0,0,11.4,18.2,0,0.0,3.1,122,0
CUST-4304,3,Month-to-month,54.65,189.1,DSL,Mailed check,1,Low,0,0,1,Call,0,0,0,1.6,9.7,0,0.0,4.3,2,0
CUST-4305,46,Two year,19.2,908.15,No,Credit card (automatic),2,Low,0,0,2,Email,1,1,0,40.2,58.3,0,0.0,4.6,20,0
CUST-4306,1,Month-to-month,49.8,49.8,DSL,Credit card (automatic),0,Medium,0,0,1,Chat,0,0,0,13.6,15.7,0,0.0,4.4,113,0
CUST-4307,71,Two year,20.5,1500.95,No,Bank transfer (automatic),0,High,0,0,0,Ticket,0,0,0,2.2,17.3,0,0.0,2.1,74,0
CUST-4308,55,Month-to-month,90.4,5099.15,Fiber optic,Credit card (automatic),0,Low,2,1,0,Chat,0,0,1,11.7,23.4,0,4.3,3.5,56,0
CUST-4309,70,One year,90.25,6385.95,Fiber optic,Bank transfer (automatic),0,Medium,2,1,0,Email,0,0,0,2.0,5.0,0,0.3,3.3,58,0
CUST-4310,67,Two year,104.6,6885.75,Fiber optic,Bank transfer (automatic),1,Low,0,0,1,Ticket,0,0,0,8.4,15.5,0,0.0,4.3,28,0
CUST-4311,14,Month-to-month,50.2,668.85,DSL,Credit card (automatic),0,Medium,1,0,0,Email,0,1,1,2.3,20.6,0,0.0,2.2,139,0
CUST-4312,20,Month-to-month,95.5,1916.2,Fiber optic,Bank transfer (automatic),1,Medium,0,1,2,Chat,1,0,1,5.5,6.9,0,0.4,5.0,22,0
CUST-4313,49,Month-to-month,95.4,4613.95,Fiber optic,Bank transfer (automatic),1,Low,0,1,1,Chat,0,1,0,30.0,41.8,0,3.1,4.3,27,0
CUST-4314,72,Two year,101.3,7261.25,Fiber optic,Bank transfer (automatic),2,Medium,0,0,2,Email,0,0,0,4.8,11.3,0,0.0,3.9,14,0
CUST-4315,46,Month-to-month,53.1,2459.8,DSL,Electronic check,2,Low,1,0,3,Ticket,0,0,1,18.3,21.7,0,0.0,2.9,22,0
CUST-4316,24,Month-to-month,84.85,2048.8,Fiber optic,Bank transfer (automatic),0,Low,1,0,0,Chat,0,0,1,4.7,31.4,0,0.0,2.9,122,0
CUST-4317,5,Month-to-month,34.25,163.55,DSL,Electronic check,0,Medium,0,0,0,Email,0,0,0,17.2,25.0,0,0.0,4.6,179,0
CUST-4318,33,Month-to-month,88.6,2888.7,Fiber optic,Credit card (automatic),2,Low,0,0,2,Chat,0,0,1,24.5,77.5,0,0.0,2.9,25,0
CUST-4319,42,One year,60.15,2421.6,DSL,Bank transfer (automatic),0,Medium,0,0,0,Email,0,0,1,2.0,14.1,0,0.0,1.0,160,0
CUST-4320,23,One year,99.95,2292.75,Fiber optic,Credit card (automatic),0,Low,0,0,0,Chat,0,0,0,33.9,38.7,0,0.0,3.5,54,0
CUST-4321,8,Month-to-month,70.7,553.4,Fiber optic,Bank transfer (automatic),0,Medium,1,2,0,Chat,0,0,1,44.1,48.4,0,8.7,2.1,52,0
CUST-4322,66,One year,54.8,3465.7,DSL,Mailed check,0,Low,1,0,1,Call,1,1,1,8.4,22.6,0,0.0,3.9,94,0
CUST-4323,24,Month-to-month,54.8,1291.3,DSL,Credit card (automatic),0,Medium,1,0,0,Ticket,0,0,0,37.8,42.9,0,0.0,4.5,178,0
CUST-4324,53,One year,100.3,5200.8,Fiber optic,Mailed check,0,Medium,0,0,1,Chat,0,0,1,2.2,12.6,0,0.0,3.4,75,0
CUST-4325,60,Two year,53.6,3237.05,DSL,Electronic check,0,High,0,0,0,Ticket,0,0,0,10.0,20.0,0,0.0,5.0,125,0
CUST-4326,20,One year,19.35,433.75,No,Credit card (automatic),1,High,0,0,2,Email,0,0,1,3.2,3.3,0,0.0,4.5,18,0
CUST-4327,23,Month-to-month,85.6,1868.4,Fiber optic,Electronic check,0,Low,0,0,2,Call,0,0,1,58.5,72.7,1,0.0,3.1,45,0
CUST-4328,72,Two year,80.8,5728.55,DSL,Electronic check,0,Low,0,0,0,Email,1,0,1,26.8,36.8,0,0.0,3.4,97,0
CUST-4329,21,Two year,19.6,390.4,No,Mailed check,3,Medium,0,0,4,Ticket,0,0,0,17.4,37.4,0,0.0,3.9,20,0
CUST-4330,31,Month-to-month,90.7,2845.15,Fiber optic,Electronic check,1,Medium,0,0,1,Email,0,0,1,1.3,34.9,0,0.0,3.5,27,0
CUST-4331,57,Two year,69.75,3894.4,DSL,Mailed check,0,Low,0,0,0,Email,0,0,0,3.3,11.3,0,0.0,3.4,70,0
CUST-4332,45,Two year,20.0,886.4,No,Bank transfer (automatic),2,Low,0,1,3,Email,0,0,1,7.8,25.7,0,3.3,3.4,4,0
CUST-4333,10,Month-to-month,95.25,1021.55,Fiber optic,Electronic check,2,Medium,2,1,3,Ticket,0,0,1,4.7,12.2,0,1.5,1.7,26,0
CUST-4334,14,Month-to-month,19.95,268.4,No,Mailed check,1,High,0,1,3,Chat,0,1,1,6.7,10.9,0,0.6,3.6,12,0
CUST-4335,27,One year,80.85,2204.35,DSL,Mailed check,1,High,0,0,2,Email,0,1,0,62.2,89.9,1,0.0,5.0,27,0
CUST-4336,69,Two year,93.3,6398.05,Fiber optic,Bank transfer (automatic),1,Low,0,0,3,Ticket,0,1,1,29.1,40.6,0,0.0,3.6,5,0
CUST-4337,35,Two year,46.35,1662.05,DSL,Credit card (automatic),0,Low,0,1,0,Call,0,0,1,1.3,2.1,0,1.6,5.0,94,0
CUST-4338,45,One year,78.75,3600.65,DSL,Credit card (automatic),0,Low,0,0,0,Call,0,0,0,1.0,33.7,0,0.0,3.9,79,0
CUST-4339,17,Month-to-month,83.55,1329.15,Fiber optic,Electronic check,0,Low,0,0,0,Ticket,0,0,1,0.8,7.3,0,0.0,4.5,148,0
CUST-4340,22,One year,19.6,422.5,No,Mailed check,1,Medium,0,0,1,Email,0,0,1,22.9,36.1,0,0.0,3.3,8,0
CUST-4341,67,Two year,67.85,4627.65,DSL,Mailed check,0,Medium,0,0,0,Chat,0,0,0,13.0,51.4,0,0.0,5.0,116,0
CUST-4342,67,Two year,105.65,6717.9,Fiber optic,Bank transfer (automatic),0,Low,0,1,0,Call,0,1,1,2.9,12.0,0,4.8,4.1,75,0
CUST-4343,9,Month-to-month,75.5,637.4,Fiber optic,Credit card (automatic),0,Low,2,0,0,Chat,0,0,0,50.5,61.5,1,0.0,2.2,96,0
CUST-4344,5,Month-to-month,20.15,117.95,No,Mailed check,0,Low,0,0,1,Ticket,0,0,1,4.0,6.5,0,0.0,4.6,48,0
CUST-4345,54,Two year,45.2,2460.55,DSL,Credit card (automatic),0,High,0,0,0,Call,0,0,0,23.0,41.1,0,0.0,3.8,60,0
CUST-4346,70,Two year,79.25,5731.85,DSL,Bank transfer (automatic),1,Low,0,0,1,Email,0,0,1,117.0,125.9,1,0.0,2.9,20,0
CUST-4347,53,Month-to-month,85.7,4616.1,DSL,Electronic check,0,Low,0,0,0,Call,0,0,1,83.9,91.9,1,0.0,3.1,170,0
CUST-4348,31,One year,20.1,589.25,No,Credit card (automatic),1,Medium,0,0,2,Email,0,0,1,17.4,19.7,0,0.0,4.7,4,0
CUST-4349,13,Month-to-month,61.8,750.1,DSL,Bank transfer (automatic),0,Medium,2,0,0,Chat,0,0,1,3.0,10.0,0,0.0,4.8,174,0
CUST-4350,28,Month-to-month,49.9,1410.25,DSL,Mailed check,1,High,0,0,1,Call,0,0,1,88.8,124.5,1,0.0,3.1,10,0
CUST-4351,38,Two year,20.4,743.5,No,Bank transfer (automatic),1,Low,0,0,1,Ticket,0,0,1,23.4,29.2,0,0.0,3.4,19,0
CUST-4352,52,One year,75.4,3865.45,DSL,Mailed check,2,Medium,1,1,2,Call,1,1,1,31.6,34.6,0,0.0,2.5,9,0
CUST-4353,62,Two year,108.15,6825.65,Fiber optic,Mailed check,0,Low,0,0,0,Email,1,1,0,71.7,82.6,1,0.0,2.5,123,0
CUST-4354,16,Month-to-month,86.25,1340.1,Fiber optic,Electronic check,0,High,0,0,0,Chat,1,0,0,4.1,12.6,0,0.0,5.0,83,0
CUST-4355,12,One year,95.7,1184.0,Fiber optic,Electronic check,0,Medium,0,0,1,Ticket,1,1,1,7.0,14.8,0,0.0,5.0,56,0
CUST-4356,72,Two year,116.85,8477.7,Fiber optic,Bank transfer (automatic),2,Medium,0,0,2,Email,0,0,0,5.1,7.2,0,0.0,3.7,6,0
CUST-4357,71,One year,105.75,7382.85,Fiber optic,Bank transfer (automatic),1,Low,0,0,1,Email,1,0,1,84.7,113.4,1,0.0,2.9,27,0
CUST-4358,24,One year,20.15,456.85,No,Mailed check,2,Medium,1,0,2,Ticket,0,0,1,19.1,30.4,0,0.0,4.4,15,0
CUST-4359,15,Two year,19.6,331.6,No,Mailed check,0,Low,0,1,2,Ticket,0,0,0,6.7,18.4,0,2.2,4.4,73,0
CUST-4360,2,Month-to-month,60.95,134.6,DSL,Bank transfer (automatic),1,Low,0,2,3,Chat,0,0,0,8.3,9.8,0,2.4,3.6,12,0
CUST-4361,5,Month-to-month,25.05,125.5,DSL,Mailed check,1,Low,0,0,2,Email,0,0,0,10.9,18.2,0,0.0,3.9,29,0
CUST-4362,41,One year,60.3,2511.3,DSL,Bank transfer (automatic),0,Medium,0,0,0,Email,1,0,0,10.4,20.9,0,0.0,4.1,55,0
CUST-4363,43,Month-to-month,63.95,2737.05,DSL,Electronic check,2,Low,0,0,2,Chat,0,0,1,3.4,34.3,0,0.0,3.6,24,0
CUST-4364,1,Month-to-month,74.3,74.3,Fiber optic,Electronic check,2,High,0,1,2,Call,0,0,1,34.9,45.4,0,4.1,3.4,13,0
CUST-4365,1,Month-to-month,70.6,70.6,Fiber optic,Mailed check,1,Medium,1,0,3,Ticket,0,0,0,26.6,64.8,0,0.0,4.3,7,0
CUST-4366,71,Two year,90.55,6404.0,DSL,Bank transfer (automatic),1,Low,0,0,1,Chat,0,0,1,44.1,58.2,0,0.0,3.1,9,0
CUST-4367,7,Two year,19.45,165.35,No,Mailed check,0,Medium,2,0,0,Ticket,0,0,0,13.4,15.5,0,0.0,3.0,159,0
CUST-4368,28,Month-to-month,64.45,1867.6,DSL,Bank transfer (automatic),3,Low,1,0,3,Chat,1,0,1,20.1,20.9,0,0.0,2.1,10,0
CUST-4369,16,Month-to-month,69.65,1043.3,Fiber optic,Electronic check,1,Low,0,0,2,Chat,0,0,0,25.2,34.8,0,0.0,2.8,11,0
CUST-4370,7,One year,19.5,128.6,No,Mailed check,1,Medium,0,0,1,Email,0,1,0,16.2,50.9,0,0.0,4.4,23,0
CUST-4371,69,Two year,110.5,7455.45,Fiber optic,Bank transfer (automatic),1,High,0,0,1,Ticket,0,0,0,21.9,26.5,0,0.0,4.6,14,0
CUST-4372,1,Month-to-month,24.7,24.7,DSL,Mailed check,1,Low,0,1,1,Chat,0,0,0,13.7,39.6,0,1.5,3.9,7,0
CUST-4373,3,Month-to-month,77.4,206.15,DSL,Electronic check,3,Medium,0,0,4,Email,0,0,1,9.2,11.1,0,0.0,3.7,23,0
CUST-4374,69,Month-to-month,85.4,5869.4,Fiber optic,Bank transfer (automatic),2,Medium,0,0,2,Chat,0,0,1,73.2,89.4,1,0.0,2.0,24,0
CUST-4375,71,Two year,47.6,3377.8,DSL,Bank transfer (automatic),1,Low,0,1,2,Ticket,0,0,0,11.7,18.1,0,1.4,3.1,6,0
CUST-4376,69,Two year,19.4,1346.2,No,Mailed check,0,Medium,0,0,1,Chat,0,0,1,32.8,32.9,0,0.0,2.9,82,0
CUST-4377,48,Month-to-month,103.85,4946.05,Fiber optic,Electronic check,1,Medium,1,0,2,Email,0,0,1,16.4,20.5,0,0.0,3.2,8,0
CUST-4378,45,Month-to-month,108.45,4964.7,Fiber optic,Credit card (automatic),1,Low,0,1,1,Email,0,0,1,5.7,11.9,0,4.3,4.0,9,0
CUST-4379,51,Month-to-month,81.0,4085.75,Fiber optic,Bank transfer (automatic),1,High,1,0,1,Call,0,0,1,2.2,9.1,0,0.0,4.9,25,0
CUST-4380,72,Two year,86.65,6224.8,DSL,Bank transfer (automatic),1,Medium,0,0,1,Ticket,0,0,1,44.4,46.6,0,0.0,3.7,18,0
CUST-4381,37,Month-to-month,92.95,3415.25,Fiber optic,Electronic check,0,Low,0,1,1,Call,0,0,1,7.4,18.9,0,2.4,2.4,104,0
CUST-4382,71,Two year,90.35,6325.25,DSL,Electronic check,0,High,0,0,1,Email,0,0,0,6.3,28.8,0,0.0,3.9,113,0
CUST-4383,66,Two year,25.15,1683.6,No,Credit card (automatic),0,Low,0,0,0,Call,0,0,0,24.8,38.7,0,0.0,4.8,61,0
CUST-4384,51,One year,76.4,3966.3,DSL,Bank transfer (automatic),1,High,1,0,2,Ticket,0,0,1,18.7,37.9,0,0.0,2.1,4,0
CUST-4385,30,One year,19.55,608.5,No,Bank transfer (automatic),5,Low,0,0,6,Email,0,0,1,19.5,24.6,0,0.0,3.6,3,0
CUST-4386,34,Month-to-month,85.35,2896.6,Fiber optic,Electronic check,1,Medium,0,1,1,Call,0,0,1,2.5,24.9,0,5.4,2.9,7,0
CUST-4387,64,Two year,24.8,1514.85,No,Mailed check,1,Low,0,0,1,Call,1,0,0,5.1,5.2,0,0.0,4.6,11,0
CUST-4388,65,One year,103.15,6792.45,Fiber optic,Bank transfer (automatic),1,Medium,0,0,2,Email,0,0,1,12.3,33.4,0,0.0,3.1,12,0
CUST-4389,47,Month-to-month,100.75,4669.2,Fiber optic,Mailed check,1,Low,1,1,1,Chat,0,0,0,36.6,36.9,0,1.4,4.4,22,0
CUST-4390,67,Two year,94.1,6302.8,Fiber optic,Credit card (automatic),1,Low,0,0,1,Email,1,0,1,10.0,22.4,0,0.0,4.1,24,0
CUST-4391,39,One year,19.35,779.2,No,Bank transfer (automatic),0,Low,0,2,0,Call,0,0,0,2.8,5.5,0,3.4,2.9,107,0
CUST-4392,14,Month-to-month,19.9,283.75,No,Mailed check,1,High,0,0,1,Ticket,1,0,1,9.2,17.4,0,0.0,4.5,18,0
CUST-4393,56,Month-to-month,101.05,5594.0,Fiber optic,Electronic check,2,Low,2,0,3,Call,0,0,1,6.2,12.4,0,0.0,3.0,27,0
CUST-4394,14,One year,59.1,772.85,DSL,Credit card (automatic),2,Medium,0,2,2,Email,0,0,1,94.0,131.9,1,3.0,4.8,17,0
CUST-4395,16,One year,55.85,857.8,DSL,Mailed check,0,Medium,0,1,1,Call,0,0,0,8.5,13.2,0,0.7,4.6,163,0
CUST-4396,70,Month-to-month,106.05,7554.05,Fiber optic,Electronic check,1,High,0,0,1,Email,0,0,0,17.2,30.3,0,0.0,4.4,25,0
CUST-4397,72,Two year,84.1,5981.65,DSL,Credit card (automatic),1,Low,1,0,1,Call,0,0,1,15.4,24.1,0,0.0,4.8,15,0
CUST-4398,23,Month-to-month,75.3,1702.9,Fiber optic,Credit card (automatic),2,High,0,0,3,Call,0,0,1,3.4,9.1,0,0.0,3.4,10,0
CUST-4399,21,Month-to-month,24.7,467.15,No,Mailed check,2,Low,0,1,2,Chat,0,0,0,2.5,15.1,0,2.3,4.1,10,0
CUST-4400,36,One year,55.8,1941.5,DSL,Electronic check,1,Medium,0,0,1,Email,1,1,0,0.3,2.1,0,0.0,3.7,22,0
CUST-4401,50,Two year,39.7,1932.75,DSL,Credit card (automatic),3,Medium,0,0,3,Chat,0,0,1,2.7,18.5,0,0.0,3.5,8,0
CUST-4402,48,Month-to-month,29.5,1423.05,DSL,Credit card (automatic),2,Low,0,0,3,Chat,0,0,1,23.3,33.9,0,0.0,3.1,8,0
CUST-4403,50,Two year,20.15,970.85,No,Credit card (automatic),0,Low,0,0,0,Call,0,0,0,18.0,35.7,0,0.0,2.8,54,0
CUST-4404,72,Two year,79.55,5810.9,DSL,Credit card (automatic),0,Low,0,0,2,Email,0,0,0,6.0,22.9,0,0.0,3.8,145,0
CUST-4405,10,Month-to-month,24.8,223.9,No,Credit card (automatic),0,Low,0,0,0,Ticket,0,0,1,4.4,12.1,0,0.0,3.6,114,0
CUST-4406,18,Month-to-month,19.65,391.7,No,Mailed check,0,High,0,0,1,Call,0,0,1,0.6,7.1,0,0.0,5.0,33,0
CUST-4407,9,Month-to-month,94.05,811.65,Fiber optic,Electronic check,0,Low,0,0,0,Email,2,0,0,6.0,29.2,0,0.0,3.5,80,0
CUST-4408,2,Month-to-month,90.75,174.75,Fiber optic,Mailed check,1,High,1,0,1,Chat,0,1,0,7.4,36.6,0,0.0,3.1,13,0
CUST-4409,40,Month-to-month,78.85,3126.85,Fiber optic,Credit card (automatic),0,Low,0,0,2,Call,0,0,0,36.1,42.6,0,0.0,4.0,74,0
CUST-4410,69,One year,99.5,6841.45,Fiber optic,Bank transfer (automatic),0,High,0,0,2,Ticket,0,0,1,0.2,32.0,0,0.0,2.9,72,0
CUST-4411,18,Month-to-month,80.55,1406.65,Fiber optic,Credit card (automatic),0,Medium,0,0,1,Call,0,0,1,5.5,36.0,0,0.0,2.6,165,0
CUST-4412,11,Month-to-month,70.2,834.7,Fiber optic,Electronic check,0,Medium,1,0,0,Chat,0,0,0,55.0,56.7,1,0.0,3.8,123,0
CUST-4413,55,One year,59.45,3157.0,DSL,Credit card (automatic),4,Low,0,0,4,Chat,0,0,1,34.4,41.9,0,0.0,3.3,10,0
CUST-4414,33,Month-to-month,93.35,3092.0,Fiber optic,Electronic check,0,Medium,0,0,1,Email,0,1,0,38.4,58.1,0,0.0,4.0,61,0
CUST-4415,46,Month-to-month,44.95,2168.9,DSL,Bank transfer (automatic),0,Low,3,0,1,Ticket,0,0,1,0.1,2.0,0,0.0,2.9,66,0
CUST-4416,34,Two year,26.1,980.35,No,Bank transfer (automatic),1,Low,1,0,2,Call,0,0,1,8.1,11.4,0,0.0,2.4,21,0
CUST-4417,3,Month-to-month,20.2,65.95,No,Electronic check,1,Medium,2,0,2,Chat,0,0,0,11.8,21.5,0,0.0,3.9,17,0
CUST-4418,30,Two year,21.25,711.9,No,Mailed check,0,Medium,0,0,1,Email,0,0,1,2.1,3.6,0,0.0,4.5,145,0
CUST-4419,33,One year,59.4,1952.8,DSL,Electronic check,3,Low,0,0,4,Ticket,0,0,1,1.5,6.4,0,0.0,3.6,13,0
CUST-4420,45,One year,95.0,4368.85,Fiber optic,Credit card (automatic),3,Medium,0,0,3,Ticket,0,0,0,8.0,16.6,0,0.0,3.3,24,0
CUST-4421,40,Month-to-month,61.9,2647.1,DSL,Mailed check,2,Medium,1,0,4,Email,1,0,1,45.6,64.5,0,0.0,3.9,18,0
CUST-4422,71,Two year,118.65,8477.6,Fiber optic,Electronic check,3,Low,0,1,4,Chat,0,0,1,9.2,11.3,0,0.2,4.2,11,0
CUST-4423,72,Two year,64.45,4528.0,DSL,Bank transfer (automatic),1,Medium,0,0,2,Ticket,0,0,1,25.4,40.8,0,0.0,3.7,21,0
CUST-4424,22,Month-to-month,80.15,1790.65,Fiber optic,Electronic check,1,Medium,1,1,1,Call,0,0,1,16.4,51.9,0,1.6,3.6,1,0
CUST-4425,46,One year,20.2,845.6,No,Bank transfer (automatic),1,Low,0,0,2,Chat,1,0,1,39.3,42.1,0,0.0,2.9,20,0
CUST-4426,55,Two year,21.0,1210.3,No,Mailed check,1,Medium,0,0,1,Chat,0,0,1,7.3,10.4,0,0.0,4.5,5,0
CUST-4427,1,Month-to-month,20.45,20.45,No,Mailed check,1,Medium,0,0,2,Email,0,1,1,2.6,21.0,0,0.0,2.2,26,0
CUST-4428,12,One year,75.85,854.45,DSL,Mailed check,0,Medium,0,0,0,Ticket,1,0,1,2.6,4.4,0,0.0,3.5,77,0
CUST-4429,31,Month-to-month,80.45,2429.1,Fiber optic,Electronic check,0,Low,0,0,0,Email,0,0,1,3.8,11.4,0,0.0,3.8,109,0
CUST-4430,67,Two year,75.5,5229.45,DSL,Electronic check,0,Medium,0,0,1,Ticket,0,0,1,29.8,36.2,0,0.0,3.1,72,0
CUST-4431,1,Month-to-month,44.45,44.45,DSL,Mailed check,0,Low,0,1,0,Email,0,0,1,15.2,23.8,0,2.0,2.6,79,0
CUST-4432,41,Month-to-month,74.55,3023.55,DSL,Credit card (automatic),0,Low,0,1,0,Chat,0,0,0,14.2,23.0,0,0.1,4.7,178,0
CUST-4433,42,Two year,48.15,2032.3,DSL,Credit card (automatic),4,Low,0,0,4,Email,0,0,1,2.4,12.2,0,0.0,2.9,17,0
CUST-4434,23,One year,19.65,436.9,No,Mailed check,0,High,0,2,0,Chat,0,0,1,3.5,24.0,0,0.4,3.6,83,0
CUST-4435,1,Month-to-month,20.15,20.15,No,Mailed check,0,Medium,1,0,1,Chat,0,0,0,4.1,10.8,0,0.0,2.9,80,0
CUST-4436,56,Month-to-month,106.6,5893.95,Fiber optic,Credit card (automatic),2,Low,0,1,3,Email,0,0,0,25.1,28.1,0,0.8,4.2,7,0
CUST-4437,15,Month-to-month,91.0,1430.05,Fiber optic,Electronic check,0,Low,0,0,0,Ticket,0,0,1,21.4,39.9,0,0.0,2.8,139,0
CUST-4438,12,Two year,25.4,313.0,No,Bank transfer (automatic),1,Low,0,1,1,Chat,0,0,1,15.8,62.3,0,0.7,3.5,8,0
CUST-4439,54,Two year,69.95,3871.85,DSL,Bank transfer (automatic),1,Low,0,0,2,Email,0,0,1,1.9,3.5,0,0.0,5.0,15,0
CUST-4440,7,Month-to-month,66.85,458.1,DSL,Electronic check,1,Medium,0,1,2,Chat,0,0,1,3.0,6.6,0,0.0,5.0,24,0
CUST-4441,16,Month-to-month,20.15,341.35,No,Electronic check,3,Medium,2,0,5,Chat,0,0,1,5.4,50.8,0,0.0,2.9,15,0
CUST-4442,21,One year,64.85,1336.8,DSL,Mailed check,0,High,0,0,0,Email,0,0,1,32.0,35.0,0,0.0,5.0,150,0
CUST-4443,30,Two year,74.85,2181.75,DSL,Electronic check,1,High,0,0,1,Chat,0,0,0,23.1,29.6,0,0.0,3.5,25,0
CUST-4444,3,Month-to-month,50.5,147.75,DSL,Mailed check,2,Medium,0,0,2,Chat,1,0,1,44.3,45.4,0,0.0,2.4,15,0
CUST-4445,11,Month-to-month,72.9,818.45,Fiber optic,Electronic check,1,Low,0,0,3,Email,0,0,1,0.6,5.0,0,0.0,3.4,3,0
CUST-4446,62,One year,115.05,7133.45,Fiber optic,Credit card (automatic),3,Low,0,0,4,Call,1,0,0,31.0,34.6,0,0.0,2.9,21,0
CUST-4447,18,Month-to-month,19.0,348.8,No,Electronic check,2,Medium,2,0,2,Email,0,0,0,0.4,38.4,0,0.0,5.0,11,0
CUST-4448,6,Month-to-month,19.55,128.6,No,Mailed check,3,Low,0,0,4,Ticket,0,0,1,19.7,21.5,0,0.0,1.9,10,0
CUST-4449,46,One year,101.1,4674.4,Fiber optic,Electronic check,0,Medium,0,0,0,Call,1,0,1,18.9,23.3,0,0.0,3.3,104,0
CUST-4450,21,Month-to-month,84.1,1737.45,Fiber optic,Electronic check,1,High,0,1,1,Chat,0,0,1,5.6,6.6,0,1.2,3.9,1,0
CUST-4451,68,Two year,24.15,1498.85,No,Bank transfer (automatic),0,High,1,1,0,Ticket,0,0,1,24.9,38.2,0,15.0,5.0,86,0
CUST-4452,1,Month-to-month,50.1,50.1,DSL,Electronic check,0,Low,0,0,0,Call,0,0,1,9.9,61.3,0,0.0,5.0,145,0
CUST-4453,25,Month-to-month,74.6,1797.75,Fiber optic,Electronic check,0,Low,1,0,0,Email,2,0,1,18.1,20.1,0,0.0,3.4,38,0
CUST-4454,24,Two year,19.75,498.1,No,Mailed check,0,Medium,0,1,0,Chat,0,0,0,17.9,29.7,0,3.3,3.8,150,0
CUST-4455,51,One year,106.8,5498.8,Fiber optic,Bank transfer (automatic),1,Medium,0,0,1,Call,0,0,0,38.4,40.4,0,0.0,3.3,8,0
CUST-4456,57,Two year,84.5,4845.4,DSL,Electronic check,1,Low,0,0,1,Email,1,0,1,20.2,23.3,0,0.0,4.7,27,0
CUST-4457,15,Two year,25.05,369.1,No,Bank transfer (automatic),1,Medium,0,0,1,Call,0,0,1,20.0,29.4,0,0.0,4.7,7,0
CUST-4458,72,Two year,83.7,6096.9,DSL,Bank transfer (automatic),2,Medium,0,0,2,Email,0,1,1,16.3,52.2,0,0.0,3.5,19,0
CUST-4459,28,Month-to-month,96.6,2684.35,Fiber optic,Credit card (automatic),1,Low,0,0,1,Ticket,0,0,1,1.9,9.6,0,0.0,3.9,14,0
CUST-4460,70,Two year,101.1,6994.8,Fiber optic,Credit card (automatic),4,Low,0,0,4,Ticket,0,0,0,6.4,13.6,0,0.0,1.6,16,0
CUST-4461,13,One year,20.2,273.25,No,Mailed check,1,High,0,0,1,Chat,0,1,0,11.1,12.8,0,0.0,3.6,22,0
CUST-4462,59,One year,94.05,5483.9,Fiber optic,Electronic check,1,Medium,1,1,1,Email,0,0,0,5.2,15.1,0,0.3,4.0,24,0
CUST-4463,62,Two year,81.0,4985.9,DSL,Mailed check,2,Low,0,0,2,Call,0,0,0,3.3,10.7,0,0.0,4.8,19,0
CUST-4464,21,One year,60.25,1258.35,DSL,Electronic check,0,Medium,3,0,0,Chat,0,0,1,12.9,17.8,0,0.0,3.2,89,0
CUST-4465,2,Month-to-month,60.85,111.4,DSL,Electronic check,0,Medium,0,0,0,Chat,0,0,1,32.5,48.2,0,0.0,1.9,35,0
CUST-4466,1,Month-to-month,43.95,43.95,DSL,Credit card (automatic),1,High,0,0,1,Email,0,0,0,18.1,22.3,0,0.0,3.9,20,0
CUST-4467,4,Month-to-month,86.05,308.1,Fiber optic,Electronic check,2,Low,1,1,2,Ticket,0,0,1,21.4,49.3,0,0.7,3.7,24,0
CUST-4468,19,One year,20.25,383.65,No,Credit card (automatic),1,High,0,0,1,Chat,0,0,1,2.7,27.5,0,0.0,2.9,12,0
CUST-4469,67,Two year,19.4,1284.2,No,Credit card (automatic),3,Low,0,0,3,Call,0,1,1,28.7,36.7,0,0.0,3.0,14,0
CUST-4470,72,Two year,102.65,7550.3,Fiber optic,Credit card (automatic),1,Medium,0,0,1,Chat,0,0,0,2.1,30.7,0,0.0,4.3,21,0
CUST-4471,53,Two year,19.9,1110.05,No,Credit card (automatic),2,Medium,0,0,3,Email,0,0,1,6.0,45.1,0,0.0,1.7,25,0
CUST-4472,5,One year,19.55,99.6,No,Electronic check,1,Low,1,0,1,Ticket,0,0,0,37.7,38.2,0,0.0,4.8,28,0
CUST-4473,71,Two year,95.5,6707.15,Fiber optic,Credit card (automatic),2,Low,0,0,2,Email,0,0,1,45.9,68.8,0,0.0,3.3,18,0
CUST-4474,50,One year,84.15,4164.4,DSL,Credit card (automatic),1,High,1,0,1,Chat,0,1,1,1.7,7.8,0,0.0,3.8,7,0
CUST-4475,56,Two year,103.2,5873.75,Fiber optic,Electronic check,1,Medium,0,0,1,Call,0,0,1,3.2,67.3,0,0.0,4.3,19,0
CUST-4476,2,Month-to-month,50.2,109.25,DSL,Credit card (automatic),1,Low,0,0,1,Chat,0,0,1,8.0,13.0,0,0.0,3.9,27,0
CUST-4477,46,Two year,19.95,862.4,No,Credit card (automatic),1,Low,0,2,1,Chat,0,0,1,22.7,44.2,0,1.0,3.3,13,0
CUST-4478,71,Two year,116.25,8564.75,Fiber optic,Electronic check,0,Low,0,0,0,Ticket,0,0,0,2.9,5.9,0,0.0,4.8,162,0
CUST-4479,29,Month-to-month,31.2,926.2,DSL,Electronic check,1,Low,0,0,1,Email,0,0,1,3.0,35.0,0,0.0,3.8,4,0
CUST-4480,69,Two year,24.45,1718.2,No,Bank transfer (automatic),4,High,2,0,5,Ticket,1,1,1,14.2,30.5,0,0.0,2.4,2,0
CUST-4481,71,Two year,84.2,5956.85,DSL,Credit card (automatic),0,Medium,0,0,0,Chat,0,1,1,16.1,20.1,0,0.0,4.8,62,0
CUST-4482,56,Two year,85.65,4824.45,DSL,Bank transfer (automatic),1,High,0,0,2,Call,0,0,1,1.7,15.6,0,0.0,1.7,27,0
CUST-4483,56,One year,21.2,1238.65,No,Mailed check,1,Low,0,0,1,Call,0,1,1,9.3,16.2,0,0.0,3.9,17,0
CUST-4484,28,One year,25.55,672.2,No,Mailed check,1,Medium,0,0,1,Ticket,0,0,1,23.7,47.3,0,0.0,4.7,10,0
CUST-4485,19,Month-to-month,20.2,382.2,No,Mailed check,1,Low,0,1,1,Call,0,0,1,7.5,7.6,0,0.5,4.2,19,0
CUST-4486,66,Month-to-month,63.85,4264.6,DSL,Electronic check,0,Medium,0,0,0,Call,0,0,0,5.0,13.9,0,0.0,4.3,114,0
CUST-4487,17,One year,61.95,1070.7,DSL,Mailed check,1,Low,0,0,3,Call,0,0,1,2.2,15.9,0,0.0,3.0,19,0
CUST-4488,52,Two year,25.75,1345.85,No,Mailed check,1,Low,0,0,1,Chat,0,0,1,11.2,17.3,0,0.0,3.1,29,0
CUST-4489,19,One year,58.2,1045.25,DSL,Electronic check,0,Medium,1,0,0,Call,0,1,0,50.7,58.4,1,0.0,4.2,179,0
CUST-4490,36,One year,85.85,3003.55,DSL,Bank transfer (automatic),2,Low,0,1,2,Ticket,0,1,1,17.1,20.4,0,0.1,4.2,7,0
CUST-4491,72,One year,104.9,7537.5,Fiber optic,Credit card (automatic),1,Medium,0,1,2,Call,1,1,1,1.2,7.7,0,2.8,5.0,29,0
CUST-4492,34,One year,99.85,3343.15,Fiber optic,Electronic check,0,Medium,1,0,0,Chat,0,0,0,5.4,35.9,0,0.0,3.6,105,0
CUST-4493,8,Month-to-month,19.55,161.15,No,Bank transfer (automatic),0,Medium,0,1,0,Chat,0,0,0,24.3,30.1,0,4.5,4.9,96,0
CUST-4494,69,Two year,104.0,7028.5,Fiber optic,Electronic check,1,High,0,1,2,Call,1,0,1,25.5,79.0,0,0.3,2.7,20,0
CUST-4495,50,One year,104.4,5232.9,Fiber optic,Mailed check,0,Low,0,0,1,Ticket,0,0,1,8.5,16.0,0,0.0,4.6,110,0
CUST-4496,10,One year,19.5,225.85,No,Mailed check,2,Low,0,0,2,Call,1,0,1,1.2,12.9,0,0.0,4.1,15,0
CUST-4497,12,Two year,25.25,274.7,No,Credit card (automatic),0,Medium,0,0,0,Email,2,0,1,13.9,13.9,0,0.0,2.7,165,0
CUST-4498,70,Two year,49.85,3370.2,DSL,Bank transfer (automatic),1,Medium,0,0,1,Ticket,0,0,1,23.7,26.2,0,0.0,4.1,12,0
CUST-4499,64,Month-to-month,108.95,7111.3,Fiber optic,Bank transfer (automatic),0,Low,0,0,0,Ticket,0,0,1,7.3,12.5,0,0.0,3.6,178,0
CUST-4500,66,Two year,89.9,5958.85,DSL,Credit card (automatic),0,Medium,0,1,0,Ticket,0,0,0,28.0,32.7,0,0.1,4.2,164,0
CUST-4501,71,Two year,82.0,5999.85,DSL,Credit card (automatic),2,Low,0,0,3,Ticket,0,0,1,7.2,22.4,0,0.0,2.8,12,0
CUST-4502,20,Month-to-month,89.95,1648.45,Fiber optic,Electronic check,0,Low,0,0,0,Ticket,0,1,1,3.3,12.9,0,0.0,3.8,139,0
CUST-4503,72,Two year,79.35,5753.25,DSL,Bank transfer (automatic),1,Low,0,0,3,Call,1,0,1,28.9,31.8,0,0.0,3.4,23,0
CUST-4504,71,Two year,64.05,4492.9,DSL,Credit card (automatic),3,Low,0,1,3,Call,0,0,1,2.6,13.7,0,0.1,3.1,26,0
CUST-4505,38,Month-to-month,101.15,3956.7,Fiber optic,Credit card (automatic),3,Low,0,3,3,Ticket,1,0,1,5.0,6.7,0,6.9,2.6,9,0
CUST-4506,33,One year,39.1,1309.0,DSL,Electronic check,0,Low,0,0,0,Ticket,0,0,0,34.6,58.8,0,0.0,4.5,171,0
CUST-4507,23,Two year,34.6,813.45,DSL,Mailed check,0,Low,0,0,0,Email,0,0,1,13.3,29.9,0,0.0,5.0,45,0
CUST-4508,58,One year,19.55,1108.8,No,Electronic check,3,Low,0,0,4,Chat,0,0,1,3.0,8.1,0,0.0,3.6,3,0
CUST-4509,70,Two year,104.45,7349.35,Fiber optic,Bank transfer (automatic),0,Low,1,0,0,Chat,0,0,1,17.2,17.8,0,0.0,5.0,173,0
CUST-4510,4,Month-to-month,70.5,294.2,Fiber optic,Electronic check,0,Medium,0,1,1,Ticket,0,0,1,15.9,34.2,0,1.7,4.5,172,0
CUST-4511,45,Two year,20.35,929.2,No,Mailed check,1,Low,1,0,2,Ticket,0,0,1,14.4,17.8,0,0.0,2.9,23,0
CUST-4512,36,Two year,19.45,754.5,No,Credit card (automatic),1,Low,1,0,1,Chat,1,0,1,7.5,11.1,0,0.0,4.3,24,0
CUST-4513,54,Month-to-month,69.9,3883.3,DSL,Mailed check,2,Low,0,0,4,Call,0,0,1,9.4,16.2,0,0.0,3.5,15,0
CUST-4514,23,Two year,59.7,1414.2,DSL,Mailed check,0,Low,0,0,2,Email,0,0,1,25.8,37.0,0,0.0,4.6,118,0
CUST-4515,41,One year,78.35,3211.2,DSL,Credit card (automatic),2,Low,1,0,3,Email,1,0,0,46.9,47.4,0,0.0,3.2,18,0
CUST-4516,5,Month-to-month,71.45,371.6,Fiber optic,Mailed check,0,Low,0,0,0,Ticket,0,0,1,15.5,36.5,0,0.0,4.8,171,0
CUST-4517,27,One year,45.85,1246.4,DSL,Credit card (automatic),0,Medium,1,0,0,Call,0,1,1,48.5,48.9,1,0.0,2.9,139,0
CUST-4518,1,Month-to-month,95.85,95.85,Fiber optic,Electronic check,0,Medium,0,0,1,Call,0,0,0,3.5,5.8,0,0.0,4.1,94,0
CUST-4519,67,Two year,35.7,2545.7,DSL,Credit card (automatic),0,High,0,0,0,Call,0,0,0,6.2,9.3,0,0.0,3.6,65,0
CUST-4520,72,Two year,89.55,6448.85,DSL,Credit card (automatic),2,Medium,0,0,3,Call,0,0,0,32.5,55.3,0,0.0,4.1,5,0
CUST-4521,56,Two year,24.95,1468.9,No,Credit card (automatic),0,Low,1,0,2,Ticket,1,0,1,59.5,75.9,1,0.0,3.6,101,0
CUST-4522,44,One year,24.85,1013.6,No,Electronic check,0,Low,0,1,0,Chat,0,0,1,39.8,51.1,0,0.5,2.4,122,0
CUST-4523,66,Month-to-month,100.8,6690.75,Fiber optic,Electronic check,2,Medium,0,0,2,Ticket,0,0,0,12.2,17.5,0,0.0,2.7,29,0
CUST-4524,69,Two year,105.35,7240.65,Fiber optic,Bank transfer (automatic),1,Low,1,1,1,Email,0,0,0,30.0,39.6,0,0.2,3.4,13,0
CUST-4525,40,Two year,19.65,830.25,No,Credit card (automatic),0,Low,1,0,0,Email,0,0,1,4.0,4.7,0,0.0,3.1,73,0
CUST-4526,30,Month-to-month,54.45,1588.7,DSL,Bank transfer (automatic),0,Low,1,0,0,Ticket,0,0,1,6.9,31.0,0,0.0,4.4,30,0
CUST-4527,11,Month-to-month,70.5,829.3,DSL,Mailed check,1,Medium,0,0,2,Email,0,0,1,117.9,132.0,1,0.0,3.9,17,0
CUST-4528,15,One year,20.1,302.45,No,Credit card (automatic),0,High,0,0,0,Chat,0,0,1,3.5,16.7,0,0.0,2.7,107,0
CUST-4529,11,Month-to-month,69.35,712.25,DSL,Electronic check,0,High,0,0,1,Chat,0,0,1,5.0,54.8,0,0.0,3.8,31,0
CUST-4530,64,One year,19.8,1336.65,No,Bank transfer (automatic),0,Low,0,0,0,Ticket,0,0,1,23.1,32.2,0,0.0,3.1,37,0
CUST-4531,72,Two year,74.4,5360.75,DSL,Bank transfer (automatic),1,Low,0,0,1,Email,0,0,1,19.9,20.8,0,0.0,3.8,17,0
CUST-4532,72,Two year,93.05,6735.05,Fiber optic,Bank transfer (automatic),1,Medium,0,0,1,Chat,1,0,1,22.8,25.9,0,0.0,4.0,18,0
CUST-4533,1,Month-to-month,51.2,51.2,DSL,Mailed check,0,Medium,0,0,1,Chat,0,0,0,54.0,56.1,1,0.0,4.6,36,0
CUST-4534,15,One year,65.6,1010.0,DSL,Credit card (automatic),0,Low,0,0,0,Email,0,0,0,2.3,36.3,0,0.0,4.2,31,0
CUST-4535,60,One year,80.55,4847.05,DSL,Credit card (automatic),1,Medium,0,0,1,Call,1,0,1,15.5,17.2,0,0.0,4.3,1,0
CUST-4536,56,One year,52.7,3019.7,DSL,Mailed check,1,Medium,0,0,1,Email,0,1,1,5.3,5.6,0,0.0,1.9,26,0
CUST-4537,8,Two year,20.85,161.65,No,Mailed check,4,High,0,0,4,Ticket,0,0,1,9.0,13.3,0,0.0,1.4,12,0
CUST-4538,49,Month-to-month,52.15,2583.75,DSL,Credit card (automatic),1,Medium,0,0,2,Call,0,0,0,7.1,8.6,0,0.0,3.4,18,0
CUST-4539,70,Two year,114.95,7711.25,Fiber optic,Bank transfer (automatic),0,Low,0,0,1,Ticket,1,0,1,48.0,59.7,1,0.0,3.7,55,0
CUST-4540,52,One year,104.45,5481.25,Fiber optic,Bank transfer (automatic),0,Medium,0,0,0,Chat,0,0,1,52.7,55.7,1,0.0,4.8,125,0
CUST-4541,72,Two year,113.65,8124.2,Fiber optic,Credit card (automatic),2,Medium,0,0,2,Call,0,0,1,12.4,34.6,0,0.0,3.5,19,0
CUST-4542,40,Two year,20.6,827.3,No,Bank transfer (automatic),3,Medium,1,1,5,Ticket,0,1,1,23.5,25.3,0,4.1,3.4,2,0
CUST-4543,40,Month-to-month,91.55,3673.6,Fiber optic,Electronic check,1,Medium,0,0,1,Ticket,0,0,1,4.3,6.3,0,0.0,4.0,8,0
CUST-4544,1,Month-to-month,49.85,49.85,DSL,Electronic check,0,High,0,0,0,Ticket,0,0,0,7.4,18.7,0,0.0,3.4,154,0
CUST-4545,30,One year,19.8,576.65,No,Credit card (automatic),1,Medium,0,0,1,Call,0,0,1,19.3,20.4,0,0.0,4.5,16,0
CUST-4546,44,Month-to-month,104.15,4495.65,Fiber optic,Electronic check,0,Low,1,0,0,Ticket,0,0,0,20.1,20.7,0,0.0,4.5,92,0
CUST-4547,7,Month-to-month,48.2,340.35,DSL,Electronic check,3,Medium,0,1,3,Call,0,0,1,43.1,45.6,0,2.5,3.0,8,0
CUST-4548,72,Two year,25.1,1789.9,No,Credit card (automatic),1,Medium,1,1,1,Call,1,0,1,25.3,34.3,0,0.1,3.2,4,0
CUST-4549,8,Month-to-month,100.15,908.55,Fiber optic,Credit card (automatic),0,Low,0,0,0,Ticket,0,0,0,33.3,42.8,0,0.0,2.6,151,0
CUST-4550,3,Month-to-month,55.9,157.55,DSL,Mailed check,1,Low,1,1,2,Chat,1,1,0,31.2,37.0,0,1.1,4.9,28,0
CUST-4551,8,Month-to-month,64.4,581.7,DSL,Credit card (automatic),0,Medium,0,0,0,Email,0,0,1,5.7,13.2,0,0.0,5.0,117,0
CUST-4552,5,Month-to-month,85.3,420.45,Fiber optic,Mailed check,1,Low,0,0,1,Email,0,1,1,30.2,37.5,0,0.0,3.9,15,0
CUST-4553,72,Two year,107.45,7576.7,Fiber optic,Mailed check,3,Medium,0,1,4,Call,0,0,0,4.2,11.5,0,5.2,3.6,27,0
CUST-4554,54,Two year,91.3,4965.0,DSL,Credit card (automatic),1,Low,1,0,1,Ticket,0,0,1,0.2,3.9,0,0.0,2.9,5,0
CUST-4555,72,Two year,85.95,6151.9,DSL,Bank transfer (automatic),1,High,0,0,3,Email,0,0,1,17.2,19.4,0,0.0,4.6,15,0
CUST-4556,1,Month-to-month,45.2,45.2,DSL,Electronic check,0,Low,0,0,0,Email,0,0,1,8.2,14.1,0,0.0,3.9,158,0
CUST-4557,69,Two year,79.2,5420.65,Fiber optic,Credit card (automatic),1,Low,0,0,1,Ticket,0,0,1,20.0,27.4,0,0.0,2.2,23,0
CUST-4558,48,Two year,55.5,2627.35,DSL,Credit card (automatic),0,Low,1,0,0,Email,0,0,0,4.5,41.3,0,0.0,4.3,40,0
CUST-4559,8,Month-to-month,90.25,743.75,Fiber optic,Electronic check,0,Medium,0,0,0,Ticket,0,1,1,5.2,21.8,0,0.0,3.4,121,0
CUST-4560,71,Two year,91.25,6589.6,DSL,Mailed check,1,Low,0,1,1,Email,0,0,1,41.4,65.1,0,0.9,3.1,18,0
CUST-4561,67,One year,100.9,6733.15,Fiber optic,Credit card (automatic),1,Low,0,1,1,Chat,0,2,1,19.7,25.5,0,0.8,3.0,18,0
CUST-4562,34,Month-to-month,97.7,3410.0,Fiber optic,Bank transfer (automatic),2,Medium,1,0,2,Ticket,0,0,1,1.7,11.9,0,0.0,3.0,21,0
CUST-4563,3,Month-to-month,69.85,199.85,Fiber optic,Electronic check,1,Low,0,1,2,Email,0,0,0,7.8,24.0,0,0.8,4.2,23,0
CUST-4564,9,One year,65.6,593.3,DSL,Mailed check,0,Medium,0,0,0,Call,0,0,0,18.9,21.3,0,0.0,3.5,43,0
CUST-4565,71,One year,104.65,7288.4,Fiber optic,Bank transfer (automatic),0,Medium,1,0,2,Ticket,0,0,1,22.7,30.1,0,0.0,4.0,165,0
CUST-4566,57,Two year,90.45,5229.8,Fiber optic,Credit card (automatic),1,Medium,0,0,1,Email,0,1,1,12.4,17.5,0,0.0,4.7,19,0
CUST-4567,72,Two year,63.7,4464.8,DSL,Bank transfer (automatic),1,Low,0,1,1,Chat,0,0,1,5.2,14.7,0,6.8,3.8,14,0
CUST-4568,48,Month-to-month,104.5,5068.05,Fiber optic,Electronic check,1,Medium,0,2,2,Email,0,0,0,19.9,24.1,0,3.6,4.5,19,0
CUST-4569,18,One year,20.1,401.85,No,Mailed check,2,Low,1,0,2,Call,0,0,1,1.6,6.8,0,0.0,4.9,21,0
CUST-4570,43,One year,104.3,4451.85,Fiber optic,Credit card (automatic),0,High,1,0,0,Ticket,1,0,1,28.3,49.7,0,0.0,2.6,74,0
CUST-4571,72,Two year,93.25,6688.95,DSL,Bank transfer (automatic),1,High,0,0,2,Chat,0,0,0,25.4,43.4,0,0.0,4.5,10,0
CUST-4572,35,One year,73.45,2661.1,DSL,Bank transfer (automatic),0,Low,1,1,0,Email,0,0,0,6.1,12.4,0,1.1,5.0,128,0
CUST-4573,4,Month-to-month,20.7,73.05,No,Mailed check,0,Low,0,0,0,Call,1,0,1,1.1,2.4,0,0.0,4.4,31,0
CUST-4574,49,Two year,25.25,1211.65,No,Mailed check,0,Low,0,0,0,Call,0,0,1,1.7,5.7,0,0.0,3.7,106,0
CUST-4575,71,Two year,100.5,7030.65,Fiber optic,Bank transfer (automatic),1,Low,1,0,1,Call,0,0,1,10.0,25.8,0,0.0,4.5,27,0
CUST-4576,11,Month-to-month,90.6,1020.2,Fiber optic,Electronic check,1,Medium,0,0,1,Email,1,0,1,3.7,20.6,0,0.0,3.5,21,0
CUST-4577,63,Two year,89.4,5597.65,DSL,Credit card (automatic),2,Medium,0,0,2,Chat,0,1,1,10.3,15.0,0,0.0,5.0,29,0
CUST-4578,65,Month-to-month,95.45,6223.3,Fiber optic,Bank transfer (automatic),3,Low,0,0,3,Email,1,0,1,1.1,34.8,0,0.0,3.8,20,0
CUST-4579,49,Two year,20.45,1024.65,No,Credit card (automatic),1,Medium,0,1,1,Chat,0,1,0,10.5,18.9,0,2.4,1.6,3,0
CUST-4580,4,Month-to-month,19.95,82.9,No,Electronic check,1,High,0,0,1,Ticket,0,0,1,41.9,67.2,0,0.0,2.9,1,0
CUST-4581,72,One year,109.15,7789.6,Fiber optic,Credit card (automatic),0,Medium,1,0,0,Chat,1,0,1,20.4,29.5,0,0.0,4.5,75,0
CUST-4582,26,Month-to-month,85.7,2067.0,Fiber optic,Credit card (automatic),2,Low,0,0,2,Call,0,1,0,1.2,1.4,0,0.0,2.8,17,0
CUST-4583,35,Month-to-month,102.05,3452.55,Fiber optic,Bank transfer (automatic),2,Medium,1,0,2,Call,0,0,1,1.6,2.8,0,0.0,2.7,3,0
CUST-4584,57,One year,94.7,5468.95,Fiber optic,Electronic check,1,Medium,0,1,1,Call,0,0,1,12.8,14.1,0,3.1,3.8,9,0
CUST-4585,28,Month-to-month,64.4,1802.15,DSL,Electronic check,3,High,0,0,3,Email,0,0,0,5.5,20.7,0,0.0,3.6,21,0
CUST-4586,25,One year,26.8,733.55,No,Mailed check,1,Low,1,0,3,Ticket,1,0,1,10.5,34.1,0,0.0,3.5,17,0
CUST-4587,47,One year,66.05,3021.45,DSL,Credit card (automatic),0,Low,0,0,0,Chat,0,0,0,26.3,35.3,0,0.0,4.0,150,0
CUST-4588,57,Month-to-month,65.2,3687.85,DSL,Bank transfer (automatic),1,Medium,0,0,2,Call,0,0,0,9.0,32.1,0,0.0,5.0,11,0
CUST-4589,16,Month-to-month,85.05,1391.15,Fiber optic,Credit card (automatic),1,Medium,1,0,3,Ticket,0,0,1,6.4,12.0,0,0.0,3.1,7,0
CUST-4590,5,Month-to-month,55.8,274.35,DSL,Mailed check,1,Medium,1,0,1,Ticket,0,0,0,40.6,41.9,0,0.0,2.8,16,0
CUST-4591,72,Two year,19.95,1322.85,No,Bank transfer (automatic),1,Low,0,1,1,Email,0,0,1,22.5,26.1,0,1.6,3.2,29,0
CUST-4592,48,One year,45.0,2196.3,DSL,Credit card (automatic),2,Medium,0,0,2,Chat,0,0,1,18.1,19.6,0,0.0,4.4,24,0
CUST-4593,68,Two year,114.9,7843.55,Fiber optic,Bank transfer (automatic),0,Low,0,1,0,Ticket,0,0,1,1.3,27.4,0,1.8,4.4,109,0
CUST-4594,30,Month-to-month,106.4,3211.9,Fiber optic,Bank transfer (automatic),2,Low,0,0,2,Chat,0,1,0,12.5,15.8,0,0.0,2.7,24,0
CUST-4595,3,Month-to-month,46.1,130.15,DSL,Mailed check,1,Medium,0,0,1,Email,0,0,1,40.5,57.2,0,0.0,3.2,13,0
CUST-4596,14,Two year,39.7,692.35,DSL,Mailed check,0,Low,0,0,0,Chat,0,0,1,31.1,32.0,0,0.0,4.4,133,0
CUST-4597,4,Month-to-month,20.05,85.5,No,Bank transfer (automatic),0,Low,0,1,1,Email,0,0,0,1.2,19.1,0,1.3,2.5,101,0
CUST-4598,71,Two year,95.75,6849.4,Fiber optic,Credit card (automatic),0,Medium,0,0,0,Call,0,0,1,25.0,26.1,0,0.0,4.4,58,0
CUST-4599,8,One year,24.4,203.95,No,Mailed check,1,Medium,0,0,2,Chat,0,0,1,37.3,72.7,0,0.0,4.3,10,0
CUST-4600,61,Month-to-month,33.6,2117.2,DSL,Bank transfer (automatic),4,Low,2,0,4,Email,0,1,0,5.0,17.3,0,0.0,3.8,6,0
CUST-4601,72,Two year,90.45,6565.85,Fiber optic,Bank transfer (automatic),1,Medium,0,0,2,Ticket,1,0,0,13.2,26.8,0,0.0,3.5,20,0
CUST-4602,5,Month-to-month,84.0,424.75,Fiber optic,Electronic check,0,Low,0,0,2,Call,0,0,1,39.0,52.7,0,0.0,4.0,89,0
CUST-4603,49,Two year,67.4,3306.85,DSL,Bank transfer (automatic),1,Low,0,0,1,Ticket,0,0,1,38.3,42.1,0,0.0,4.2,11,0
CUST-4604,8,Month-to-month,19.7,168.9,No,Bank transfer (automatic),3,Low,0,1,3,Call,0,0,0,9.6,16.6,0,4.3,3.4,3,0
CUST-4605,3,Month-to-month,80.35,253.8,Fiber optic,Electronic check,1,Low,0,0,2,Call,0,0,1,12.7,41.0,0,0.0,2.3,11,0
CUST-4606,9,Two year,19.6,197.4,No,Mailed check,1,High,1,0,1,Chat,0,0,0,2.0,4.8,0,0.0,5.0,18,0
CUST-4607,67,Two year,54.2,3838.2,DSL,Bank transfer (automatic),1,Low,0,0,1,Ticket,0,0,1,13.8,22.8,0,0.0,3.8,21,0
CUST-4608,46,Month-to-month,45.2,2065.15,DSL,Credit card (automatic),0,Medium,1,0,2,Ticket,0,1,1,35.5,40.2,0,0.0,4.4,63,0
CUST-4609,67,One year,75.1,5064.45,DSL,Mailed check,1,Medium,0,2,1,Call,0,0,0,3.4,20.7,0,3.2,4.0,9,0
CUST-4610,55,One year,19.7,1140.05,No,Electronic check,1,High,0,0,1,Call,0,0,1,11.0,18.3,0,0.0,5.0,1,0
CUST-4611,33,Month-to-month,72.75,2447.45,DSL,Bank transfer (automatic),0,Low,1,0,0,Call,0,2,1,18.6,23.6,0,0.0,3.2,154,0
CUST-4612,62,Two year,20.05,1263.9,No,Credit card (automatic),1,High,0,1,2,Email,0,0,0,0.9,11.7,0,3.1,4.8,26,0
CUST-4613,49,Month-to-month,39.2,1838.15,DSL,Electronic check,0,High,1,0,0,Chat,1,0,0,0.7,2.0,0,0.0,3.8,150,0
CUST-4614,1,Month-to-month,44.75,44.75,DSL,Electronic check,1,Low,1,2,2,Call,0,0,0,34.0,43.9,0,1.8,2.7,14,0
CUST-4615,14,Month-to-month,82.65,1185.0,Fiber optic,Electronic check,0,Low,2,0,1,Chat,1,0,0,60.4,78.7,1,0.0,3.7,57,0
CUST-4616,18,Month-to-month,93.9,1743.9,Fiber optic,Bank transfer (automatic),0,Low,0,0,0,Call,0,0,0,25.7,65.3,0,0.0,5.0,146,0
CUST-4617,72,Two year,117.15,8529.5,Fiber optic,Credit card (automatic),1,Medium,1,1,2,Email,0,0,0,59.4,81.8,1,0.5,3.4,9,0
CUST-4618,64,Two year,99.25,6549.45,Fiber optic,Credit card (automatic),0,Medium,0,0,0,Call,0,0,1,3.0,14.5,0,0.0,3.6,117,0
CUST-4619,69,Two year,112.55,7806.5,Fiber optic,Bank transfer (automatic),1,Low,1,0,1,Chat,0,0,1,36.7,46.1,0,0.0,2.4,27,0
CUST-4620,1,Month-to-month,25.7,25.7,No,Electronic check,1,Medium,0,0,4,Call,0,0,1,42.5,47.3,0,0.0,4.6,21,0
CUST-4621,71,Two year,90.3,6287.3,DSL,Credit card (automatic),2,Low,0,0,2,Chat,1,0,1,6.2,14.0,0,0.0,4.2,13,0
CUST-4622,66,One year,49.4,3251.85,DSL,Credit card (automatic),1,Medium,0,0,2,Ticket,0,0,0,18.8,30.4,0,0.0,3.5,11,0
CUST-4623,2,Month-to-month,19.4,50.6,No,Mailed check,0,Low,0,1,0,Chat,0,0,1,6.6,8.2,0,3.0,3.3,128,0
CUST-4624,71,Two year,109.7,7904.25,Fiber optic,Bank transfer (automatic),0,Medium,0,1,0,Email,1,0,1,2.1,17.5,0,2.0,3.7,129,0
CUST-4625,11,One year,61.25,729.95,DSL,Electronic check,0,Low,1,0,0,Call,1,0,0,30.2,33.6,0,0.0,3.3,172,0
CUST-4626,47,Month-to-month,55.3,2654.05,DSL,Electronic check,0,Low,0,1,0,Ticket,0,0,1,42.6,44.0,0,1.9,4.3,173,0
CUST-4627,60,Month-to-month,103.75,5969.95,Fiber optic,Bank transfer (automatic),0,Medium,1,0,0,Chat,0,1,1,2.1,3.3,0,0.0,4.9,43,0
CUST-4628,11,One year,19.5,226.8,No,Mailed check,1,Low,0,0,1,Ticket,0,0,0,18.8,23.4,0,0.0,4.7,3,0
CUST-4629,29,One year,39.5,1082.75,DSL,Credit card (automatic),0,Medium,1,0,0,Email,0,0,1,63.8,68.4,1,0.0,5.0,157,0
CUST-4630,21,Month-to-month,26.05,565.75,DSL,Electronic check,0,High,0,0,1,Ticket,0,0,1,5.7,15.9,0,0.0,5.0,151,0
CUST-4631,48,Month-to-month,91.05,4370.75,Fiber optic,Credit card (automatic),1,Low,0,0,1,Ticket,0,1,0,25.0,32.4,0,0.0,2.8,11,0
CUST-4632,3,Month-to-month,29.65,90.05,DSL,Mailed check,2,Medium,0,0,3,Chat,3,0,1,9.6,26.2,0,0.0,2.0,6,0
CUST-4633,43,Month-to-month,50.2,2169.4,DSL,Mailed check,0,Low,1,0,0,Email,2,0,1,1.2,1.4,0,0.0,4.0,62,0
CUST-4634,5,Month-to-month,105.3,550.6,Fiber optic,Electronic check,0,Low,0,1,1,Call,0,0,1,21.7,22.8,0,5.0,3.0,91,0
CUST-4635,1,Month-to-month,55.45,55.45,DSL,Electronic check,1,Low,1,0,1,Call,0,0,0,5.1,8.5,0,0.0,3.1,2,0
CUST-4636,71,One year,85.45,6300.85,DSL,Electronic check,0,High,0,0,1,Call,0,0,0,16.3,16.8,0,0.0,4.3,125,0
CUST-4637,8,One year,19.8,160.05,No,Electronic check,0,Low,0,2,0,Call,1,0,0,1.3,3.5,0,2.0,4.4,108,0
CUST-4638,8,Month-to-month,59.25,436.6,DSL,Electronic check,1,High,0,0,2,Call,0,0,0,2.3,17.9,0,0.0,3.5,15,0
CUST-4639,20,Month-to-month,90.7,1781.35,Fiber optic,Credit card (automatic),1,High,0,0,2,Ticket,0,0,1,0.1,19.3,0,0.0,4.3,3,0
CUST-4640,71,One year,79.05,5552.5,Fiber optic,Credit card (automatic),2,Low,0,1,2,Call,0,0,1,4.4,15.2,0,0.6,4.7,3,0
CUST-4641,31,One year,90.7,2835.5,Fiber optic,Electronic check,2,Medium,0,1,2,Ticket,0,0,0,2.5,12.7,0,4.4,4.4,4,0
CUST-4642,38,One year,95.0,3591.25,Fiber optic,Credit card (automatic),0,Medium,0,0,1,Chat,1,1,1,6.3,18.1,0,0.0,3.5,53,0
CUST-4643,2,Month-to-month,30.25,63.75,DSL,Mailed check,2,Low,0,0,2,Chat,0,0,1,4.1,23.5,0,0.0,3.7,19,0
CUST-4644,12,Month-to-month,49.85,617.15,DSL,Bank transfer (automatic),1,Low,1,1,3,Email,0,0,0,5.5,27.7,0,1.3,3.7,16,0
CUST-4645,9,Month-to-month,93.0,870.25,Fiber optic,Bank transfer (automatic),1,Low,0,0,1,Call,0,0,1,2.5,7.4,0,0.0,3.1,10,0
CUST-4646,11,Month-to-month,54.55,601.25,DSL,Electronic check,0,Medium,0,1,0,Ticket,0,0,1,3.5,10.0,0,0.0,5.0,170,0
CUST-4647,6,Month-to-month,19.7,111.65,No,Mailed check,3,Medium,0,0,4,Call,0,1,0,6.0,25.8,0,0.0,3.2,1,0
CUST-4648,71,One year,84.8,6046.1,DSL,Bank transfer (automatic),0,Low,0,0,2,Ticket,2,0,1,10.3,13.2,0,0.0,2.8,141,0
CUST-4649,42,One year,94.45,3923.8,Fiber optic,Credit card (automatic),1,Low,2,0,1,Chat,0,0,0,5.5,39.8,0,0.0,3.7,29,0
CUST-4650,45,Two year,20.85,892.15,No,Mailed check,1,High,0,0,1,Email,0,0,0,3.7,25.6,0,0.0,2.8,12,0
CUST-4651,28,One year,60.0,1682.05,DSL,Credit card (automatic),2,Low,0,0,3,Email,0,0,0,18.2,25.2,0,0.0,1.9,2,0
CUST-4652,43,Month-to-month,80.45,3398.9,Fiber optic,Electronic check,1,Medium,0,0,3,Email,1,0,1,8.1,16.8,0,0.0,4.0,5,0
CUST-4653,60,Two year,84.95,4984.85,DSL,Electronic check,1,Low,0,0,1,Call,0,0,1,16.6,23.5,0,0.0,2.3,23,0
CUST-4654,7,Two year,49.65,305.55,DSL,Credit card (automatic),2,Medium,0,2,3,Ticket,1,0,0,9.2,12.3,0,3.4,4.4,11,0
CUST-4655,25,One year,20.2,507.9,No,Bank transfer (automatic),1,High,0,2,1,Call,1,0,0,9.6,12.9,0,8.6,4.8,19,0
CUST-4656,27,One year,100.5,2673.45,Fiber optic,Bank transfer (automatic),0,Low,0,1,0,Email,0,0,0,8.5,12.8,0,1.8,5.0,134,0
CUST-4657,10,Month-to-month,35.75,389.8,DSL,Electronic check,0,Low,0,0,2,Call,0,0,0,34.5,40.8,0,0.0,4.3,72,0
CUST-4658,27,Month-to-month,86.45,2401.05,Fiber optic,Bank transfer (automatic),0,Low,2,0,0,Call,0,0,1,8.7,35.6,0,0.0,3.5,64,0
CUST-4659,11,One year,53.8,651.55,DSL,Bank transfer (automatic),2,Low,0,1,2,Call,0,1,0,16.6,21.9,0,6.2,3.3,18,0
CUST-4660,4,Month-to-month,38.55,156.1,DSL,Credit card (automatic),1,Low,0,1,2,Call,0,0,0,11.3,21.2,0,1.9,3.3,23,0
CUST-4661,68,Month-to-month,39.9,2796.35,DSL,Bank transfer (automatic),2,Medium,2,1,2,Ticket,0,0,0,16.2,17.3,0,2.1,2.0,4,0
CUST-4662,1,Month-to-month,70.05,70.05,Fiber optic,Electronic check,2,Low,0,0,2,Ticket,1,0,1,3.9,9.7,0,0.0,5.0,20,0
CUST-4663,18,One year,20.1,407.05,No,Mailed check,3,Low,0,1,3,Email,0,0,1,2.3,9.0,0,0.8,4.1,13,0
CUST-4664,26,Month-to-month,20.3,511.25,No,Electronic check,1,Medium,0,0,2,Email,1,0,0,16.1,24.5,0,0.0,3.0,29,0
CUST-4665,17,Month-to-month,35.65,646.05,DSL,Credit card (automatic),0,Medium,0,0,1,Chat,0,0,1,73.5,80.9,1,0.0,3.8,108,0
CUST-4666,59,One year,82.95,4903.15,Fiber optic,Credit card (automatic),0,Low,0,0,0,Ticket,0,0,1,5.4,18.3,0,0.0,3.9,115,0
CUST-4667,30,Two year,55.65,1653.85,DSL,Mailed check,2,Medium,0,0,3,Call,0,0,0,0.0,22.8,0,0.0,3.8,9,0
CUST-4668,50,One year,25.2,1306.3,No,Electronic check,3,Medium,0,0,3,Ticket,0,0,1,43.9,55.9,0,0.0,3.3,20,0
CUST-4669,9,One year,50.8,463.6,DSL,Mailed check,1,Medium,0,1,1,Call,0,0,0,2.5,8.4,0,4.8,3.9,4,0
CUST-4670,3,Month-to-month,19.65,60.65,No,Mailed check,1,Low,0,0,1,Call,0,0,0,36.3,54.1,0,0.0,2.8,29,0
CUST-4671,14,Month-to-month,59.8,824.85,DSL,Credit card (automatic),1,Low,1,1,2,Chat,0,0,1,13.0,26.8,0,4.7,3.8,6,0
CUST-4672,31,Month-to-month,73.55,2094.65,Fiber optic,Credit card (automatic),1,Medium,2,0,1,Chat,1,0,0,3.5,17.6,0,0.0,4.1,11,0
CUST-4673,7,Month-to-month,61.4,438.9,DSL,Electronic check,0,Medium,0,0,0,Chat,0,0,1,3.9,22.5,0,0.0,4.8,117,0
CUST-4674,17,One year,19.9,329.75,No,Bank transfer (automatic),0,Medium,0,0,0,Chat,1,0,1,13.5,14.9,0,0.0,2.4,145,0
CUST-4675,32,Month-to-month,19.45,674.55,No,Credit card (automatic),0,Low,1,0,0,Call,0,1,1,28.5,33.9,0,0.0,4.6,163,0
CUST-4676,2,Month-to-month,81.5,162.55,Fiber optic,Mailed check,0,Medium,1,1,0,Call,0,0,1,30.0,32.2,0,2.2,3.2,116,0
CUST-4677,72,Two year,109.55,7887.25,Fiber optic,Credit card (automatic),2,Medium,0,0,4,Ticket,0,0,1,4.9,22.7,0,0.0,3.3,11,0
CUST-4678,27,Month-to-month,74.4,1972.35,Fiber optic,Mailed check,1,Low,1,0,1,Call,0,0,0,22.3,32.4,0,0.0,4.6,21,0
CUST-4679,7,Month-to-month,74.9,490.55,Fiber optic,Electronic check,0,Low,0,0,0,Ticket,0,0,1,11.8,66.4,0,0.0,4.4,86,0
CUST-4680,11,Month-to-month,59.65,683.25,DSL,Bank transfer (automatic),1,Medium,0,0,1,Ticket,0,0,1,17.4,31.1,0,0.0,4.2,2,0
CUST-4681,72,Two year,110.45,8058.85,Fiber optic,Bank transfer (automatic),1,Medium,0,0,2,Chat,0,0,1,2.5,3.5,0,0.0,4.3,21,0
CUST-4682,4,Month-to-month,74.45,294.45,Fiber optic,Electronic check,3,Low,0,0,3,Ticket,0,0,0,10.3,14.3,0,0.0,3.3,21,0
CUST-4683,71,Two year,24.55,1719.15,No,Electronic check,1,Medium,0,0,1,Email,0,0,1,2.4,33.5,0,0.0,3.4,26,0
CUST-4684,47,Two year,24.55,1160.45,No,Mailed check,1,Medium,0,1,1,Email,0,0,1,12.6,60.4,0,2.5,5.0,21,0
CUST-4685,57,One year,90.65,5199.8,Fiber optic,Electronic check,1,Medium,1,1,1,Call,0,0,0,1.1,4.2,0,3.0,3.7,10,0
CUST-4686,50,Two year,105.05,5163.3,Fiber optic,Credit card (automatic),1,Medium,0,0,3,Email,0,0,0,2.6,10.8,0,0.0,5.0,25,0
CUST-4687,8,Month-to-month,20.45,162.3,No,Credit card (automatic),0,Medium,0,0,0,Chat,1,0,1,7.1,12.6,0,0.0,3.8,53,0
CUST-4688,48,Two year,19.55,883.35,No,Mailed check,1,Low,0,1,1,Chat,0,0,1,12.9,15.7,0,1.5,2.6,1,0
CUST-4689,70,One year,19.7,1341.5,No,Bank transfer (automatic),0,Low,0,0,1,Ticket,0,0,1,2.2,7.7,0,0.0,2.8,146,0
CUST-4690,1,Month-to-month,70.45,70.45,DSL,Bank transfer (automatic),0,Medium,0,0,1,Call,1,0,1,38.0,44.7,0,0.0,4.1,140,0
CUST-4691,8,Month-to-month,85.65,659.45,Fiber optic,Bank transfer (automatic),0,Low,0,1,0,Email,0,0,0,5.9,19.1,0,3.1,4.1,55,0
CUST-4692,60,Two year,20.55,1205.05,No,Mailed check,3,Medium,0,0,4,Call,1,0,1,15.8,24.2,0,0.0,4.3,8,0
CUST-4693,49,One year,97.95,4917.9,Fiber optic,Electronic check,2,Medium,1,0,2,Ticket,0,0,1,2.8,24.0,0,0.0,4.9,12,0
CUST-4694,29,One year,20.0,599.3,No,Mailed check,1,Low,0,0,1,Chat,1,0,0,24.2,58.4,0,0.0,3.6,3,0
CUST-4695,67,Two year,25.25,1733.15,No,Credit card (automatic),1,Medium,0,0,1,Ticket,1,0,0,14.0,19.8,0,0.0,3.2,21,0
CUST-4696,67,Two year,70.9,4677.1,DSL,Credit card (automatic),0,Medium,1,1,1,Email,0,0,0,49.0,57.3,1,1.5,5.0,88,0
CUST-4697,6,Month-to-month,19.85,119.3,No,Mailed check,1,Low,1,0,1,Chat,0,0,1,20.9,36.5,0,0.0,2.5,10,0
CUST-4698,47,Month-to-month,106.35,4849.1,Fiber optic,Electronic check,0,Low,0,0,0,Email,0,1,1,71.9,92.9,1,0.0,1.6,168,0
CUST-4699,53,Two year,99.5,5424.25,Fiber optic,Mailed check,0,High,0,0,0,Call,0,0,1,30.1,33.1,0,0.0,4.3,97,0
CUST-4700,69,Two year,84.7,5878.9,DSL,Mailed check,2,Low,1,0,2,Chat,0,0,1,13.6,26.5,0,0.0,3.0,16,0
CUST-4701,3,Month-to-month,86.05,244.85,Fiber optic,Mailed check,0,Medium,0,0,1,Call,0,0,0,4.6,25.1,0,0.0,3.4,107,0
CUST-4702,4,Month-to-month,44.55,220.75,DSL,Mailed check,2,Low,0,0,2,Chat,0,0,0,7.5,23.7,0,0.0,3.8,14,0
CUST-4703,56,Two year,75.85,4261.2,DSL,Credit card (automatic),2,Low,0,1,2,Email,0,1,1,8.5,22.8,0,0.7,3.3,2,0
CUST-4704,61,Two year,25.0,1501.75,No,Bank transfer (automatic),2,Low,0,0,3,Email,0,0,1,44.0,78.6,0,0.0,4.4,11,0
CUST-4705,2,Month-to-month,45.0,89.75,DSL,Electronic check,0,Medium,0,0,0,Ticket,0,0,1,5.4,21.8,0,0.0,3.5,135,0
CUST-4706,12,Month-to-month,20.5,255.5,No,Mailed check,0,Low,0,1,0,Ticket,0,0,0,23.1,31.1,0,0.4,2.6,114,0
CUST-4707,28,One year,90.45,2509.25,Fiber optic,Electronic check,0,Low,1,0,1,Chat,0,0,0,16.0,40.4,0,0.0,2.9,30,0
CUST-4708,24,Month-to-month,60.45,1440.75,DSL,Bank transfer (automatic),0,Medium,0,0,1,Chat,1,0,0,3.4,10.3,0,0.0,3.9,155,0
CUST-4709,68,One year,78.45,5333.35,DSL,Electronic check,0,Low,0,0,0,Chat,0,0,1,5.6,24.8,0,0.0,5.0,58,0
CUST-4710,39,Two year,100.55,3895.35,Fiber optic,Mailed check,3,Low,1,0,3,Ticket,0,0,0,6.0,17.8,0,0.0,3.7,8,0
CUST-4711,42,Month-to-month,20.35,869.9,No,Credit card (automatic),0,Low,0,1,0,Email,0,0,0,3.6,14.7,0,0.7,4.0,65,0
CUST-4712,6,Month-to-month,90.75,512.25,Fiber optic,Electronic check,0,Low,0,0,1,Call,1,0,0,27.6,43.7,0,0.0,5.0,160,0
CUST-4713,38,One year,20.25,814.75,No,Credit card (automatic),0,Medium,0,0,1,Call,0,0,1,6.8,21.2,0,0.0,3.7,78,0
CUST-4714,18,Two year,20.05,388.6,No,Credit card (automatic),1,Low,0,0,1,Chat,0,0,0,13.7,22.9,0,0.0,3.6,3,0
CUST-4715,4,Month-to-month,19.6,93.45,No,Mailed check,2,Low,0,1,4,Call,1,0,1,24.0,50.0,0,0.4,3.1,10,0
CUST-4716,27,Month-to-month,53.8,1389.85,DSL,Electronic check,0,High,0,0,2,Call,1,0,1,62.4,77.7,1,0.0,3.6,143,0
CUST-4717,41,One year,70.2,2894.55,DSL,Mailed check,2,High,1,0,2,Call,0,0,1,43.4,53.8,0,0.0,3.9,28,0
CUST-4718,50,One year,75.5,4025.6,DSL,Electronic check,0,Medium,0,0,0,Ticket,0,0,0,4.3,18.9,0,0.0,5.0,94,0
CUST-4719,72,Two year,20.35,1354.4,No,Electronic check,1,High,0,0,2,Ticket,0,0,1,40.4,45.5,0,0.0,2.9,3,0
CUST-4720,70,One year,26.05,1856.4,No,Credit card (automatic),3,Medium,1,0,3,Call,0,0,1,33.7,125.0,0,0.0,2.3,29,0
CUST-4721,44,One year,20.6,926.0,No,Bank transfer (automatic),1,Medium,0,0,2,Email,0,0,1,0.5,8.1,0,0.0,4.0,13,0
CUST-4722,34,One year,20.1,682.1,No,Bank transfer (automatic),0,Medium,0,1,0,Email,0,0,0,38.9,46.6,0,0.4,4.8,116,0
CUST-4723,72,Two year,24.3,1778.7,No,Bank transfer (automatic),0,Medium,1,0,0,Ticket,0,0,1,13.8,19.7,0,0.0,2.9,55,0
CUST-4724,71,Two year,24.5,1816.2,No,Electronic check,2,Medium,1,1,2,Email,0,0,1,3.8,8.5,0,2.4,3.4,19,0
CUST-4725,64,Two year,110.5,7069.25,Fiber optic,Credit card (automatic),1,Low,0,1,1,Chat,0,0,0,96.6,136.2,1,5.8,4.5,19,0
CUST-4726,72,Two year,25.25,1841.2,No,Bank transfer (automatic),0,Medium,0,0,0,Chat,0,0,1,6.7,48.7,0,0.0,3.6,35,0
CUST-4727,29,One year,90.1,2656.7,Fiber optic,Bank transfer (automatic),0,Medium,0,0,0,Email,0,0,0,3.7,39.2,0,0.0,5.0,137,0
CUST-4728,23,One year,68.75,1689.45,DSL,Bank transfer (automatic),1,Medium,0,0,4,Call,0,0,0,3.4,8.1,0,0.0,2.6,11,0
CUST-4729,52,Two year,19.2,1054.75,No,Mailed check,1,Low,1,1,2,Email,0,0,1,13.5,25.0,0,2.1,4.3,22,0
CUST-4730,64,Two year,115.1,7334.05,Fiber optic,Bank transfer (automatic),0,Low,0,1,2,Call,0,0,1,3.5,5.9,0,0.5,3.7,178,0
CUST-4731,24,Month-to-month,99.65,2404.85,Fiber optic,Bank transfer (automatic),1,Low,0,0,1,Call,0,0,1,13.2,28.5,0,0.0,3.8,4,0
CUST-4732,2,Month-to-month,91.45,171.45,Fiber optic,Electronic check,2,Medium,0,0,3,Email,0,0,1,24.1,27.9,0,0.0,3.4,19,0
CUST-4733,34,Two year,84.75,2839.45,DSL,Mailed check,1,Low,0,0,1,Chat,1,0,0,53.4,67.3,1,0.0,5.0,24,0
CUST-4734,53,One year,78.75,3942.45,DSL,Mailed check,0,Low,1,1,0,Call,0,0,0,8.2,23.4,0,0.8,4.4,103,0
CUST-4735,47,Two year,20.25,873.4,No,Credit card (automatic),1,Low,0,0,1,Call,0,1,0,67.1,135.4,1,0.0,4.3,29,0
CUST-4736,72,Two year,19.9,1529.65,No,Credit card (automatic),0,Low,1,3,2,Ticket,0,0,1,81.0,99.5,1,12.4,2.7,169,0
CUST-4737,72,Two year,97.75,6991.6,Fiber optic,Credit card (automatic),2,Medium,1,0,2,Email,1,0,1,16.0,26.3,0,0.0,4.5,5,0
CUST-4738,7,Month-to-month,100.4,715.0,Fiber optic,Electronic check,3,High,0,1,3,Ticket,0,0,1,6.5,14.6,0,1.3,4.0,28,0
CUST-4739,71,Two year,24.45,1681.6,No,Credit card (automatic),1,Low,0,0,2,Call,0,0,1,34.5,35.2,0,0.0,2.9,5,0
CUST-4740,41,One year,101.1,4016.2,Fiber optic,Bank transfer (automatic),3,Medium,1,1,3,Call,1,0,1,1.0,35.8,0,2.1,3.1,6,0
CUST-4741,67,Two year,50.9,3281.65,DSL,Credit card (automatic),0,Low,0,0,1,Ticket,1,0,1,10.5,12.9,0,0.0,2.1,46,0
CUST-4742,69,One year,107.2,7317.1,Fiber optic,Credit card (automatic),0,Low,0,0,0,Email,0,0,0,18.1,18.6,0,0.0,4.7,81,0
CUST-4743,70,Two year,92.2,6474.45,DSL,Bank transfer (automatic),0,Medium,0,0,0,Ticket,0,0,1,71.6,76.8,1,0.0,3.6,58,0
CUST-4744,72,Two year,113.4,8164.1,Fiber optic,Bank transfer (automatic),1,Medium,1,0,1,Ticket,0,0,1,21.4,24.5,0,0.0,4.8,21,0
CUST-4745,34,Two year,40.55,1325.85,DSL,Electronic check,0,Medium,2,0,1,Call,0,0,1,4.7,12.7,0,0.0,4.5,91,0
CUST-4746,65,Two year,26.0,1654.85,No,Credit card (automatic),2,Low,0,0,2,Chat,0,1,1,34.6,65.5,0,0.0,3.6,10,0
CUST-4747,70,Two year,111.95,7795.95,Fiber optic,Credit card (automatic),1,High,0,0,1,Chat,0,0,1,19.3,56.8,0,0.0,5.0,23,0
CUST-4748,72,Two year,53.8,3952.45,DSL,Credit card (automatic),0,Low,0,0,0,Chat,0,0,1,36.0,40.0,0,0.0,4.0,35,0
CUST-4749,35,One year,72.1,2495.15,DSL,Mailed check,2,Low,1,0,2,Email,0,1,0,21.4,50.3,0,0.0,2.9,6,0
CUST-4750,12,One year,78.85,876.75,DSL,Electronic check,0,Low,1,0,0,Ticket,0,0,1,7.7,35.4,0,0.0,4.7,41,0
CUST-4751,62,One year,70.75,4263.45,DSL,Bank transfer (automatic),0,Medium,1,0,0,Email,1,0,0,2.2,9.2,0,0.0,2.8,56,0
CUST-4752,25,Month-to-month,76.15,1992.95,DSL,Credit card (automatic),3,Low,0,0,3,Chat,0,0,0,21.2,30.6,0,0.0,3.6,10,0
CUST-4753,52,Two year,39.1,1982.1,DSL,Mailed check,2,Low,0,0,2,Email,0,0,1,4.1,4.7,0,0.0,4.3,1,0
CUST-4754,8,Month-to-month,69.95,562.7,Fiber optic,Credit card (automatic),2,Medium,0,1,3,Email,0,0,1,1.2,1.5,0,0.3,4.0,17,0
CUST-4755,2,Month-to-month,20.05,33.7,No,Mailed check,1,Low,0,1,1,Email,0,1,1,6.2,8.2,0,1.5,3.3,18,0
CUST-4756,56,Two year,20.05,1090.1,No,Mailed check,2,Low,1,0,2,Chat,0,0,0,6.9,15.8,0,0.0,2.4,21,0
CUST-4757,12,Month-to-month,19.45,227.45,No,Bank transfer (automatic),1,Low,0,1,1,Email,0,0,1,88.1,95.8,1,1.9,4.2,29,0
CUST-4758,47,One year,26.9,1250.85,No,Electronic check,2,Low,0,0,2,Email,0,0,1,14.9,15.1,0,0.0,4.1,13,0
CUST-4759,2,Month-to-month,19.2,37.2,No,Electronic check,1,Medium,0,0,1,Chat,1,0,0,82.9,84.3,1,0.0,2.9,13,0
CUST-4760,18,Month-to-month,50.0,892.7,DSL,Mailed check,1,Medium,0,0,1,Chat,1,0,1,26.6,33.2,0,0.0,4.7,18,0
CUST-4761,8,Month-to-month,60.0,487.75,DSL,Electronic check,2,Low,0,0,2,Email,0,0,0,12.3,32.0,0,0.0,1.5,6,0
CUST-4762,45,Month-to-month,84.55,3713.95,Fiber optic,Mailed check,0,Low,0,0,0,Ticket,0,0,1,6.0,15.4,0,0.0,1.9,41,0
CUST-4763,3,Month-to-month,45.45,141.7,DSL,Mailed check,1,Medium,1,0,1,Email,0,0,1,4.6,18.5,0,0.0,3.9,28,0
CUST-4764,38,One year,20.05,678.2,No,Mailed check,2,Medium,0,0,2,Call,0,1,1,4.8,12.1,0,0.0,4.0,16,0
CUST-4765,72,Two year,115.55,8425.3,Fiber optic,Electronic check,1,Medium,0,0,1,Chat,0,0,1,35.6,41.3,0,0.0,3.9,9,0
CUST-4766,71,Two year,99.0,7061.65,Fiber optic,Credit card (automatic),2,Low,0,0,3,Ticket,0,0,1,9.1,37.8,0,0.0,1.7,24,0
CUST-4767,66,Two year,50.55,3364.55,DSL,Bank transfer (automatic),3,Low,1,1,5,Call,0,0,0,10.8,32.0,0,0.2,3.8,9,0
CUST-4768,13,Two year,25.0,332.5,No,Bank transfer (automatic),0,High,0,0,2,Call,0,0,1,17.3,20.0,0,0.0,4.4,104,0
CUST-4769,65,Two year,91.55,5963.95,DSL,Bank transfer (automatic),2,Medium,0,0,2,Call,0,0,0,1.0,21.2,0,0.0,4.4,27,0
CUST-4770,15,Two year,19.35,278.85,No,Mailed check,0,Low,1,0,0,Ticket,0,0,1,11.6,15.1,0,0.0,5.0,172,0
CUST-4771,72,Two year,24.85,1871.85,No,Credit card (automatic),0,Low,0,0,0,Call,0,0,1,0.3,0.8,0,0.0,1.2,85,0
CUST-4772,42,Two year,100.4,4303.65,Fiber optic,Electronic check,1,Low,0,1,1,Chat,0,0,1,24.6,43.2,0,1.8,4.2,8,0
CUST-4773,71,Two year,25.0,1753.0,No,Bank transfer (automatic),1,Low,0,1,2,Ticket,0,0,1,0.4,2.4,0,0.8,4.7,6,0
CUST-4774,35,Month-to-month,19.25,617.65,No,Bank transfer (automatic),1,High,0,0,2,Chat,0,0,1,22.0,26.0,0,0.0,2.8,10,0
CUST-4775,53,Month-to-month,108.25,5935.1,Fiber optic,Bank transfer (automatic),3,High,1,1,4,Ticket,2,0,0,4.0,21.5,0,0.8,3.3,3,0
CUST-4776,48,Two year,20.15,982.95,No,Credit card (automatic),0,Low,1,1,0,Chat,0,0,0,30.1,38.1,0,1.2,4.3,171,0
CUST-4777,30,Month-to-month,101.3,2974.5,Fiber optic,Electronic check,2,Low,0,0,3,Ticket,0,0,1,6.8,21.0,0,0.0,3.7,7,0
CUST-4778,10,Month-to-month,20.0,198.7,No,Credit card (automatic),0,Medium,1,1,0,Call,1,0,1,42.3,42.6,0,2.8,4.8,102,0
CUST-4779,12,Month-to-month,105.3,1275.65,Fiber optic,Electronic check,0,Low,0,1,1,Chat,0,0,0,24.2,29.1,0,3.1,4.6,60,0
CUST-4780,57,Two year,69.85,4003.0,DSL,Bank transfer (automatic),0,Medium,2,0,0,Chat,0,0,0,4.2,9.5,0,0.0,3.7,155,0
CUST-4781,58,Month-to-month,65.25,3791.6,DSL,Credit card (automatic),0,Medium,1,0,0,Chat,0,1,0,38.9,42.2,0,0.0,5.0,169,0
CUST-4782,37,Two year,19.8,813.3,No,Mailed check,2,Medium,0,1,2,Email,0,0,1,0.4,6.0,0,4.4,4.1,8,0
CUST-4783,44,Month-to-month,19.6,780.25,No,Mailed check,4,Medium,0,0,4,Call,1,0,0,17.5,22.9,0,0.0,2.8,26,0
CUST-4784,27,One year,20.05,552.9,No,Credit card (automatic),2,Medium,1,0,2,Chat,0,0,1,33.1,67.7,0,0.0,2.3,27,0
CUST-4785,8,Month-to-month,49.4,408.25,DSL,Electronic check,3,High,0,1,3,Chat,0,0,1,2.5,25.2,0,3.5,2.4,16,0
CUST-4786,25,Month-to-month,88.4,2191.15,Fiber optic,Bank transfer (automatic),1,Low,0,0,1,Ticket,0,0,0,0.8,21.5,0,0.0,4.3,6,0
CUST-4787,57,Month-to-month,100.6,5611.7,Fiber optic,Electronic check,0,High,0,0,0,Call,0,0,1,39.5,39.6,0,0.0,2.4,91,0
CUST-4788,12,Month-to-month,19.45,246.25,No,Mailed check,0,Low,0,0,1,Call,0,0,0,6.3,11.8,0,0.0,2.4,126,0
CUST-4789,62,Two year,20.3,1296.15,No,Bank transfer (automatic),2,Low,0,1,2,Chat,0,1,1,19.7,21.7,0,0.1,3.9,17,0
CUST-4790,65,Two year,107.65,7082.85,Fiber optic,Bank transfer (automatic),1,Low,0,0,1,Email,0,1,1,32.7,37.1,0,0.0,5.0,9,0
CUST-4791,71,Two year,80.45,5662.25,DSL,Bank transfer (automatic),0,Medium,0,0,2,Chat,0,0,1,2.1,4.3,0,0.0,3.2,49,0
CUST-4792,21,One year,58.85,1215.45,DSL,Credit card (automatic),1,Low,0,0,1,Email,1,1,1,8.5,9.4,0,0.0,4.1,24,0
CUST-4793,71,One year,109.6,7854.15,Fiber optic,Electronic check,1,Medium,0,0,1,Call,0,0,1,23.4,33.0,0,0.0,5.0,24,0
CUST-4794,7,Month-to-month,75.15,525.0,Fiber optic,Electronic check,0,Medium,0,1,0,Call,0,0,1,1.4,18.6,0,1.0,5.0,43,0
CUST-4795,72,Two year,73.0,5265.2,DSL,Credit card (automatic),1,Low,0,0,1,Email,0,1,1,24.8,33.0,0,0.0,2.9,21,0
CUST-4796,1,Month-to-month,70.1,70.1,Fiber optic,Electronic check,0,Medium,0,0,1,Call,0,0,1,38.3,42.3,0,0.0,4.0,146,0
CUST-4797,72,Two year,98.65,7129.45,Fiber optic,Bank transfer (automatic),2,High,0,1,2,Ticket,0,0,1,28.5,29.8,0,0.5,3.8,28,0
CUST-4798,64,One year,111.45,7266.95,Fiber optic,Electronic check,0,Medium,0,1,0,Email,0,1,1,4.9,28.6,0,1.4,5.0,33,0
CUST-4799,72,Two year,114.9,8496.7,Fiber optic,Electronic check,1,Low,0,0,2,Ticket,0,0,1,32.8,45.0,0,0.0,4.8,4,0
CUST-4800,29,Month-to-month,100.55,2878.75,Fiber optic,Bank transfer (automatic),0,High,2,0,1,Chat,0,0,0,21.1,23.1,0,0.0,4.0,100,0
CUST-4801,13,Two year,20.4,261.3,No,Mailed check,4,Medium,0,0,5,Chat,0,0,0,24.8,29.0,0,0.0,3.3,8,0
CUST-4802,31,Month-to-month,104.35,3205.6,Fiber optic,Electronic check,2,Low,0,1,2,Ticket,0,0,0,24.8,43.1,0,1.6,2.1,3,0
CUST-4803,14,Month-to-month,80.45,1137.05,DSL,Credit card (automatic),1,Low,0,0,2,Call,0,0,1,10.8,27.9,0,0.0,4.1,2,0
CUST-4804,72,Two year,91.35,6697.2,DSL,Bank transfer (automatic),0,Low,0,0,0,Ticket,1,0,1,41.6,54.7,0,0.0,4.1,98,0
CUST-4805,25,One year,19.9,505.45,No,Electronic check,1,High,0,0,1,Call,0,1,0,2.4,3.6,0,0.0,4.1,9,0
CUST-4806,18,Month-to-month,68.35,1299.8,DSL,Electronic check,4,Low,1,1,4,Ticket,0,0,0,57.4,69.8,1,1.2,3.8,22,0
CUST-4807,71,Two year,79.1,5564.85,DSL,Credit card (automatic),0,Low,0,0,1,Ticket,0,0,1,0.1,11.4,0,0.0,3.6,64,0
CUST-4808,28,One year,51.0,1381.8,DSL,Electronic check,1,High,0,0,1,Call,0,0,1,26.3,37.6,0,0.0,4.3,3,0
CUST-4809,2,Month-to-month,80.55,188.1,Fiber optic,Credit card (automatic),1,Low,1,0,2,Ticket,0,0,1,3.7,24.5,0,0.0,4.1,21,0
CUST-4810,17,Month-to-month,66.7,1077.05,DSL,Mailed check,0,High,0,3,0,Email,0,0,1,1.2,2.7,0,1.5,3.9,176,0
CUST-4811,56,Month-to-month,86.4,4922.4,Fiber optic,Electronic check,1,Low,1,0,1,Call,0,0,0,12.5,12.8,0,0.0,2.2,21,0
CUST-4812,60,One year,50.05,2911.5,DSL,Electronic check,2,Medium,0,0,3,Chat,0,0,1,13.0,16.1,0,0.0,4.1,29,0
CUST-4813,33,Two year,25.7,826.1,No,Credit card (automatic),0,Low,0,0,1,Chat,0,1,1,19.9,21.3,0,0.0,4.0,64,0
CUST-4814,1,Month-to-month,83.4,83.4,Fiber optic,Mailed check,2,High,0,0,2,Ticket,0,0,0,16.2,33.5,0,0.0,4.1,22,0
CUST-4815,63,Two year,84.65,5377.8,Fiber optic,Credit card (automatic),0,Medium,0,0,0,Chat,0,0,0,0.6,1.6,0,0.0,3.7,96,0
CUST-4816,55,Two year,64.75,3617.1,DSL,Mailed check,2,High,1,0,2,Email,1,0,0,4.1,9.5,0,0.0,4.4,14,0
CUST-4817,65,One year,100.15,6643.5,Fiber optic,Bank transfer (automatic),0,Medium,1,0,3,Chat,0,0,1,22.7,50.1,0,0.0,2.8,89,0
CUST-4818,63,Two year,25.25,1559.3,No,Mailed check,1,Low,0,0,1,Chat,0,0,1,51.4,78.7,1,0.0,5.0,20,0
CUST-4819,70,Two year,113.0,7987.6,Fiber optic,Credit card (automatic),0,Low,1,0,0,Call,0,0,0,26.2,31.5,0,0.0,3.9,49,0
CUST-4820,36,Two year,40.65,1547.35,DSL,Credit card (automatic),2,Low,1,1,2,Ticket,0,0,0,76.3,87.5,1,1.0,3.8,16,0
CUST-4821,22,Month-to-month,94.95,2142.8,Fiber optic,Bank transfer (automatic),1,Medium,0,0,2,Chat,0,0,0,2.4,5.0,0,0.0,2.8,19,0
CUST-4822,5,Month-to-month,59.9,287.85,DSL,Credit card (automatic),2,High,0,0,3,Ticket,0,0,1,57.3,58.2,1,0.0,4.6,9,0
CUST-4823,1,Month-to-month,19.8,19.8,No,Credit card (automatic),0,Low,0,1,1,Call,0,0,0,8.4,25.8,0,1.0,3.6,108,0
CUST-4824,56,Two year,81.8,4534.45,DSL,Credit card (automatic),0,Medium,1,0,0,Chat,0,0,1,14.8,14.9,0,0.0,5.0,115,0
CUST-4825,2,Month-to-month,20.0,40.9,No,Mailed check,1,High,0,0,1,Chat,0,1,1,67.5,88.6,1,0.0,3.8,28,0
CUST-4826,35,Month-to-month,59.6,2094.9,DSL,Electronic check,0,Low,0,1,1,Call,1,0,1,10.7,15.6,0,1.6,4.7,118,0
CUST-4827,64,Two year,25.0,1584.8,No,Credit card (automatic),2,High,0,0,2,Call,0,0,1,6.8,8.5,0,0.0,4.6,16,0
CUST-4828,15,Month-to-month,84.35,1302.65,Fiber optic,Credit card (automatic),0,Low,0,1,0,Chat,0,0,0,28.2,36.6,0,1.9,3.5,114,0
CUST-4829,1,Month-to-month,55.55,55.55,DSL,Mailed check,0,Medium,0,0,2,Email,0,0,1,22.0,65.1,0,0.0,5.0,94,0
CUST-4830,70,Two year,75.35,5437.75,DSL,Credit card (automatic),2,Low,1,2,3,Ticket,0,0,1,0.4,16.4,0,6.2,4.0,22,0
CUST-4831,39,One year,59.3,2209.15,DSL,Electronic check,0,Low,0,1,0,Ticket,0,0,1,11.9,29.1,0,0.4,3.7,61,0
CUST-4832,29,Month-to-month,66.1,1912.15,DSL,Electronic check,1,Low,0,0,1,Ticket,0,1,1,46.2,52.5,0,0.0,5.0,15,0
CUST-4833,14,Two year,18.8,255.55,No,Mailed check,2,High,1,0,2,Email,1,0,1,14.3,21.4,0,0.0,4.7,4,0
CUST-4834,61,Two year,86.45,5175.3,DSL,Credit card (automatic),0,Medium,0,0,0,Ticket,1,0,1,17.1,39.4,0,0.0,4.6,65,0
CUST-4835,13,Month-to-month,52.1,670.65,DSL,Credit card (automatic),1,Low,0,0,2,Call,0,1,1,12.0,13.1,0,0.0,2.8,25,0
CUST-4836,66,Two year,47.4,3177.25,DSL,Mailed check,3,High,0,1,3,Call,0,0,0,15.9,16.5,0,2.1,4.5,18,0
CUST-4837,59,One year,109.15,6557.75,Fiber optic,Credit card (automatic),0,Medium,0,0,0,Chat,0,0,0,6.3,20.3,0,0.0,4.4,162,0
CUST-4838,62,One year,94.95,5791.85,Fiber optic,Credit card (automatic),1,High,0,0,1,Email,0,0,0,4.1,7.9,0,0.0,3.6,24,0
CUST-4839,33,One year,93.55,3055.5,Fiber optic,Electronic check,0,Low,0,0,0,Email,1,1,0,9.0,96.3,0,0.0,4.8,82,0
CUST-4840,66,Two year,79.5,5196.1,DSL,Credit card (automatic),3,Low,0,0,3,Chat,0,0,0,4.8,66.9,0,0.0,2.9,13,0
CUST-4841,72,Two year,115.05,8405.0,Fiber optic,Credit card (automatic),2,Medium,1,0,3,Email,0,1,1,43.5,55.8,0,0.0,3.2,1,0
CUST-4842,51,One year,95.15,5000.05,Fiber optic,Mailed check,1,Low,1,2,1,Ticket,0,0,1,2.9,10.4,0,0.1,2.7,20,0
CUST-4843,63,Month-to-month,105.4,6713.2,Fiber optic,Electronic check,0,Low,1,0,0,Chat,0,1,1,4.9,5.0,0,0.0,4.9,159,0
CUST-4844,27,One year,20.1,562.6,No,Bank transfer (automatic),0,Low,0,0,1,Ticket,1,0,1,28.0,39.1,0,0.0,2.5,109,0
CUST-4845,4,Month-to-month,20.05,91.45,No,Mailed check,2,Low,1,0,2,Ticket,1,0,0,1.9,3.1,0,0.0,3.8,8,0
CUST-4846,42,Two year,20.7,828.85,No,Mailed check,0,Low,0,0,0,Chat,0,0,0,28.7,56.8,0,0.0,4.2,115,0
CUST-4847,29,One year,20.35,617.35,No,Mailed check,0,High,0,0,0,Call,0,0,1,15.5,17.0,0,0.0,4.3,154,0
CUST-4848,30,One year,19.7,625.05,No,Mailed check,0,Low,1,0,1,Chat,0,0,1,11.1,12.4,0,0.0,3.2,87,0
CUST-4849,71,Two year,85.45,6029.9,DSL,Bank transfer (automatic),1,Low,0,0,2,Email,0,1,0,36.8,52.1,0,0.0,3.5,22,0
CUST-4850,46,Two year,40.4,1842.7,DSL,Credit card (automatic),0,Medium,0,1,0,Ticket,0,0,1,9.2,11.1,0,1.6,4.7,145,0
CUST-4851,69,One year,105.2,7386.05,Fiber optic,Bank transfer (automatic),2,Medium,1,0,4,Ticket,0,0,0,5.8,16.3,0,0.0,4.4,8,0
CUST-4852,72,Two year,100.65,7334.05,Fiber optic,Bank transfer (automatic),0,Medium,1,0,0,Email,0,1,0,14.1,33.2,0,0.0,5.0,94,0
CUST-4853,28,Month-to-month,91.0,2626.15,Fiber optic,Electronic check,0,Medium,0,0,0,Chat,0,0,1,14.7,14.7,0,0.0,3.7,102,0
CUST-4854,72,Two year,116.75,8277.05,Fiber optic,Credit card (automatic),1,Low,0,0,3,Call,0,0,1,2.4,4.3,0,0.0,3.2,26,0
CUST-4855,7,One year,59.1,369.25,DSL,Electronic check,0,Low,0,0,0,Email,1,0,0,27.7,30.0,0,0.0,5.0,179,0
CUST-4856,22,Month-to-month,49.8,1049.05,DSL,Electronic check,2,Medium,0,0,2,Call,0,0,0,8.4,18.1,0,0.0,5.0,12,0
CUST-4857,72,Two year,19.3,1414.8,No,Bank transfer (automatic),0,High,0,1,1,Ticket,0,1,0,2.4,21.6,0,0.1,4.5,124,0
CUST-4858,8,Month-to-month,19.65,169.75,No,Credit card (automatic),1,Medium,0,0,1,Chat,1,0,1,1.9,25.5,0,0.0,2.2,23,0
CUST-4859,52,One year,81.4,4354.45,DSL,Credit card (automatic),3,Low,0,0,4,Chat,0,0,0,15.0,15.8,0,0.0,3.7,25,0
CUST-4860,68,Two year,38.9,2719.2,DSL,Mailed check,0,Low,0,0,0,Ticket,0,0,1,8.4,16.9,0,0.0,3.1,173,0
CUST-4861,71,Two year,87.95,6365.35,DSL,Bank transfer (automatic),0,Low,0,0,0,Email,0,0,1,6.9,31.3,0,0.0,4.0,167,0
CUST-4862,2,Month-to-month,19.85,51.6,No,Mailed check,3,Medium,1,0,3,Ticket,0,1,1,11.1,12.0,0,0.0,3.6,4,0
CUST-4863,34,Month-to-month,96.35,3190.25,Fiber optic,Electronic check,2,Low,0,0,2,Email,0,0,0,28.3,28.6,0,0.0,4.7,8,0
CUST-4864,35,Month-to-month,24.15,812.5,DSL,Electronic check,1,Low,1,0,1,Ticket,0,0,1,3.4,3.9,0,0.0,2.9,22,0
CUST-4865,61,One year,19.1,1143.8,No,Credit card (automatic),0,Low,1,0,0,Call,0,1,1,2.3,34.4,0,0.0,5.0,128,0
CUST-4866,1,Month-to-month,44.0,44.0,DSL,Electronic check,1,Low,0,0,1,Chat,0,0,1,36.9,43.0,0,0.0,3.3,26,0
CUST-4867,53,One year,60.6,3297.0,DSL,Credit card (automatic),0,Low,0,0,0,Call,0,0,1,30.0,30.8,0,0.0,2.5,161,0
CUST-4868,72,Two year,25.65,1887.0,No,Bank transfer (automatic),3,Low,0,2,3,Email,2,0,0,3.2,69.6,0,1.9,1.6,20,0
CUST-4869,41,Month-to-month,53.95,2215.4,DSL,Electronic check,1,Medium,0,0,1,Email,0,0,0,14.7,51.8,0,0.0,4.0,24,0
CUST-4870,24,One year,20.4,482.8,No,Credit card (automatic),1,Low,0,0,1,Ticket,0,1,1,14.1,20.6,0,0.0,3.5,25,0
CUST-4871,8,Month-to-month,29.35,216.45,DSL,Mailed check,2,Medium,1,0,2,Call,0,0,1,26.8,28.1,0,0.0,3.4,9,0
CUST-4872,1,Month-to-month,20.45,20.45,No,Mailed check,2,Low,0,0,3,Chat,2,0,0,7.2,23.5,0,0.0,4.3,24,0
CUST-4873,54,Two year,95.1,5064.85,Fiber optic,Bank transfer (automatic),0,Low,0,0,0,Email,0,1,1,1.2,1.9,0,0.0,2.9,40,0
CUST-4874,41,Month-to-month,25.25,996.45,No,Bank transfer (automatic),0,Medium,1,0,0,Ticket,0,0,0,3.7,15.6,0,0.0,3.6,115,0
CUST-4875,19,Month-to-month,44.9,839.65,DSL,Mailed check,0,Low,0,0,0,Chat,0,0,1,4.3,21.5,0,0.0,4.8,44,0
CUST-4876,72,Two year,92.65,6733.0,DSL,Bank transfer (automatic),2,Medium,2,1,3,Ticket,0,0,1,11.3,14.1,0,1.3,3.1,15,0
CUST-4877,62,Two year,43.7,2618.3,DSL,Bank transfer (automatic),1,Medium,1,0,1,Email,0,0,0,12.6,47.1,0,0.0,5.0,20,0
CUST-4878,56,Two year,72.6,4084.35,DSL,Credit card (automatic),0,Medium,1,0,0,Chat,1,0,0,4.1,69.8,0,0.0,3.5,136,0
CUST-4879,32,Two year,18.95,613.95,No,Mailed check,0,Low,1,0,1,Ticket,0,0,1,6.9,12.2,0,0.0,3.5,111,0
CUST-4880,21,Month-to-month,20.5,402.85,No,Credit card (automatic),0,Low,0,0,0,Email,0,0,0,27.6,67.4,0,0.0,4.7,103,0
CUST-4881,62,One year,19.95,1244.8,No,Bank transfer (automatic),1,Medium,0,2,2,Ticket,0,0,1,0.8,4.0,0,2.9,3.8,25,0
CUST-4882,2,Month-to-month,24.5,46.4,DSL,Electronic check,1,Low,0,0,2,Ticket,0,0,1,24.5,43.9,0,0.0,3.9,1,0
CUST-4883,27,Two year,20.6,581.85,No,Mailed check,3,Low,0,0,3,Ticket,1,1,1,68.5,84.7,1,0.0,2.8,21,0
CUST-4884,25,One year,61.05,1540.2,DSL,Electronic check,2,Medium,0,2,2,Chat,0,0,0,25.8,26.3,0,8.2,3.3,17,0
CUST-4885,49,One year,106.65,5168.1,Fiber optic,Bank transfer (automatic),0,Low,1,1,0,Chat,0,0,1,48.4,52.0,1,0.2,3.1,179,0
CUST-4886,63,Month-to-month,108.25,6780.1,Fiber optic,Credit card (automatic),4,Low,0,0,4,Email,1,0,1,5.5,11.3,0,0.0,2.9,1,0
CUST-4887,4,Month-to-month,20.4,94.5,No,Credit card (automatic),0,Medium,0,0,0,Ticket,0,0,0,13.1,13.3,0,0.0,3.2,54,0
CUST-4888,1,Month-to-month,55.3,55.3,DSL,Mailed check,0,High,0,0,1,Chat,0,0,0,9.6,45.0,0,0.0,4.7,96,0
CUST-4889,11,Month-to-month,20.25,208.0,No,Mailed check,1,High,0,1,2,Chat,0,0,1,5.7,8.6,0,2.1,2.6,26,0
CUST-4890,52,Month-to-month,72.95,3829.75,Fiber optic,Bank transfer (automatic),0,Low,0,2,0,Ticket,0,0,1,0.7,31.9,0,1.7,2.9,93,0
CUST-4891,60,Month-to-month,89.45,5294.6,Fiber optic,Electronic check,2,Medium,1,0,2,Email,0,0,1,25.6,32.6,0,0.0,2.1,25,0
CUST-4892,64,One year,104.65,6889.8,Fiber optic,Credit card (automatic),0,Low,1,0,0,Call,0,0,1,23.2,24.8,0,0.0,5.0,154,0
CUST-4893,43,Two year,75.2,3254.35,DSL,Bank transfer (automatic),1,Low,0,0,1,Ticket,0,0,0,15.0,21.7,0,0.0,4.1,13,0
CUST-4894,61,One year,101.15,6383.9,Fiber optic,Bank transfer (automatic),1,Medium,0,1,2,Email,0,0,0,65.6,77.0,1,2.9,2.9,9,0
CUST-4895,66,Two year,68.75,4447.55,DSL,Bank transfer (automatic),3,Low,0,0,3,Call,1,0,1,36.3,44.1,0,0.0,4.9,1,0
CUST-4896,67,Two year,111.05,7321.05,Fiber optic,Electronic check,1,Low,0,1,2,Email,0,1,1,14.9,19.5,0,2.7,3.8,23,0
CUST-4897,42,Two year,99.0,4135.0,Fiber optic,Credit card (automatic),0,High,0,1,0,Call,0,0,0,45.6,65.8,0,0.7,4.5,101,0
CUST-4898,31,Two year,21.0,697.7,No,Mailed check,2,Medium,0,0,2,Call,1,0,1,14.8,52.2,0,0.0,3.2,6,0
CUST-4899,7,Month-to-month,19.4,168.65,No,Mailed check,0,Medium,0,0,2,Email,0,0,1,32.7,33.9,0,0.0,5.0,107,0
CUST-4900,34,One year,77.2,2753.8,DSL,Bank transfer (automatic),0,High,0,0,0,Chat,0,0,1,12.5,22.1,0,0.0,2.6,107,0
CUST-4901,3,One year,19.45,69.25,No,Mailed check,2,Medium,0,0,2,Email,0,0,1,29.6,34.2,0,0.0,2.0,1,0
CUST-4902,19,Month-to-month,24.85,434.8,DSL,Mailed check,1,Low,0,0,1,Call,1,0,1,10.7,27.1,0,0.0,3.9,24,0
CUST-4903,3,Month-to-month,41.35,107.25,DSL,Mailed check,1,Medium,0,1,1,Ticket,0,0,1,15.3,27.3,0,1.4,3.0,14,0
CUST-4904,46,Month-to-month,19.6,851.2,No,Electronic check,1,Low,0,0,1,Call,0,0,1,3.9,4.3,0,0.0,3.6,21,0
CUST-4905,69,One year,84.45,5848.6,Fiber optic,Bank transfer (automatic),2,Low,1,0,2,Call,1,0,1,17.3,29.4,0,0.0,2.9,7,0
CUST-4906,5,Month-to-month,20.25,109.8,No,Mailed check,1,Medium,0,0,1,Email,2,0,1,28.8,44.2,0,0.0,2.7,10,0
CUST-4907,1,Month-to-month,19.65,19.65,No,Bank transfer (automatic),0,Low,0,0,1,Call,0,0,1,32.7,50.4,0,0.0,4.2,151,0
CUST-4908,26,One year,20.65,595.5,No,Credit card (automatic),0,Low,1,1,1,Ticket,1,0,1,26.4,53.0,0,0.0,1.6,159,0
CUST-4909,25,Two year,99.3,2513.5,Fiber optic,Bank transfer (automatic),1,Low,0,0,1,Chat,0,0,0,0.2,35.1,0,0.0,3.6,7,0
CUST-4910,64,Month-to-month,81.05,5135.35,Fiber optic,Electronic check,2,Low,0,0,3,Ticket,1,0,0,48.5,52.3,1,0.0,4.0,9,0
CUST-4911,30,Month-to-month,67.6,2000.2,DSL,Electronic check,0,High,0,3,1,Chat,0,2,0,1.1,14.1,0,8.2,3.9,89,0
CUST-4912,13,Month-to-month,70.15,931.75,Fiber optic,Electronic check,0,Medium,0,0,1,Ticket,1,0,1,22.2,32.0,0,0.0,4.3,168,0
CUST-4913,64,One year,115.0,7396.15,Fiber optic,Electronic check,2,Medium,1,0,2,Chat,0,0,0,31.1,51.7,0,0.0,3.1,18,0
CUST-4914,46,Month-to-month,84.8,3958.85,Fiber optic,Bank transfer (automatic),2,Medium,0,0,3,Email,0,0,0,26.2,26.7,0,0.0,3.8,26,0
CUST-4915,12,One year,19.7,260.9,No,Mailed check,3,Medium,0,0,3,Chat,0,0,0,26.6,32.9,0,0.0,2.9,9,0
CUST-4916,13,Month-to-month,63.15,816.8,DSL,Mailed check,1,Medium,0,1,1,Email,1,0,1,4.6,9.6,0,3.6,4.0,1,0
CUST-4917,67,Two year,74.0,4868.4,DSL,Credit card (automatic),0,Medium,2,0,1,Ticket,0,0,1,1.6,14.3,0,0.0,2.1,109,0
CUST-4918,24,Month-to-month,29.1,688.0,DSL,Electronic check,1,High,0,1,1,Call,1,0,1,11.5,18.0,0,0.1,4.1,13,0
CUST-4919,6,Month-to-month,50.05,288.35,DSL,Mailed check,0,High,1,0,1,Email,0,0,1,18.0,24.0,0,0.0,3.4,154,0
CUST-4920,10,Month-to-month,20.0,185.4,No,Electronic check,0,High,0,0,0,Chat,1,0,1,31.3,37.0,0,0.0,3.7,165,0
CUST-4921,13,One year,74.65,966.25,Fiber optic,Mailed check,2,Medium,1,1,3,Email,0,0,0,7.8,28.8,0,2.0,4.1,27,0
CUST-4922,7,Month-to-month,44.4,265.8,DSL,Electronic check,1,High,0,0,2,Email,0,1,0,31.3,39.2,0,0.0,5.0,4,0
CUST-4923,38,Two year,85.4,3297.0,DSL,Bank transfer (automatic),2,Low,0,1,2,Email,0,0,0,12.5,18.7,0,1.0,3.9,8,0
CUST-4924,43,Month-to-month,94.1,4107.3,Fiber optic,Electronic check,1,High,1,1,2,Email,0,0,1,27.8,51.9,0,2.9,3.7,16,0
CUST-4925,25,Two year,108.9,2809.05,Fiber optic,Electronic check,2,High,0,0,2,Call,0,0,1,4.6,4.7,0,0.0,3.7,9,0
CUST-4926,27,One year,56.2,1567.55,DSL,Mailed check,2,High,1,0,2,Email,0,0,0,26.1,30.7,0,0.0,3.4,28,0
CUST-4927,72,Two year,26.1,1851.45,No,Mailed check,3,Medium,0,0,3,Ticket,0,1,1,4.3,17.7,0,0.0,4.5,13,0
CUST-4928,71,One year,85.45,6028.95,Fiber optic,Credit card (automatic),0,Low,0,0,0,Email,0,0,1,1.5,2.8,0,0.0,3.8,73,0
CUST-4929,24,Month-to-month,88.95,2072.75,Fiber optic,Credit card (automatic),0,Low,0,0,1,Email,0,0,1,27.7,38.1,0,0.0,3.4,164,0
CUST-4930,57,Two year,74.35,4317.35,DSL,Bank transfer (automatic),3,Low,0,0,4,Call,0,0,1,27.4,34.5,0,0.0,3.8,4,0
CUST-4931,15,Month-to-month,48.85,736.8,DSL,Electronic check,0,Medium,0,0,0,Ticket,1,0,1,2.1,15.4,0,0.0,5.0,77,0
CUST-4932,4,Month-to-month,80.1,336.15,Fiber optic,Electronic check,3,Low,1,0,3,Call,0,0,1,10.0,19.1,0,0.0,2.6,16,0
CUST-4933,28,Month-to-month,56.05,1522.65,DSL,Electronic check,2,Low,0,1,2,Call,0,0,0,0.6,3.2,0,1.9,5.0,12,0
CUST-4934,55,Month-to-month,89.8,4959.6,Fiber optic,Bank transfer (automatic),1,Medium,0,0,1,Ticket,0,0,0,23.0,24.8,0,0.0,3.0,15,0
CUST-4935,55,One year,19.1,1001.5,No,Bank transfer (automatic),1,Medium,0,0,1,Ticket,0,0,0,27.2,31.6,0,0.0,4.1,20,0
CUST-4936,20,Month-to-month,20.35,442.6,No,Mailed check,0,High,0,0,2,Email,0,0,1,20.0,54.3,0,0.0,4.5,169,0
CUST-4937,62,One year,106.05,6703.5,Fiber optic,Credit card (automatic),0,Medium,1,2,0,Ticket,0,0,0,13.5,16.3,0,4.7,5.0,57,0
CUST-4938,43,Two year,19.65,779.25,No,Bank transfer (automatic),1,Medium,0,0,1,Email,0,0,1,2.6,10.1,0,0.0,3.9,10,0
CUST-4939,60,Two year,59.85,3483.45,DSL,Bank transfer (automatic),0,Medium,0,0,0,Call,0,0,0,78.8,114.8,1,0.0,3.7,60,0
CUST-4940,58,Two year,86.1,4890.5,DSL,Electronic check,1,Medium,0,0,2,Email,0,0,1,5.3,8.0,0,0.0,4.6,11,0
CUST-4941,7,One year,19.45,136.75,No,Mailed check,1,Low,0,0,2,Email,0,0,0,32.8,36.2,0,0.0,4.0,24,0
CUST-4942,2,Month-to-month,97.1,184.15,Fiber optic,Electronic check,1,Low,0,2,1,Ticket,0,0,1,1.4,9.2,0,3.6,4.1,5,0
CUST-4943,37,Month-to-month,36.65,1315.0,DSL,Electronic check,0,High,0,0,0,Call,0,0,1,3.8,5.1,0,0.0,3.3,87,0
CUST-4944,65,One year,103.9,6767.1,Fiber optic,Bank transfer (automatic),1,Medium,0,0,1,Ticket,1,0,1,20.9,21.9,0,0.0,3.6,26,0
CUST-4945,39,Two year,19.75,757.95,No,Mailed check,1,Medium,0,1,1,Call,0,0,1,0.8,5.1,0,1.7,3.6,25,0
CUST-4946,68,Two year,24.55,1657.4,No,Mailed check,1,Low,0,0,2,Chat,0,0,1,0.1,2.0,0,0.0,4.0,5,0
CUST-4947,62,Two year,48.7,3008.55,DSL,Bank transfer (automatic),3,Low,0,1,3,Call,0,1,1,17.2,23.9,0,2.9,3.8,27,0
CUST-4948,72,Two year,109.55,8165.1,Fiber optic,Electronic check,2,Medium,0,0,2,Call,0,0,1,20.2,21.5,0,0.0,4.2,11,0
CUST-4949,41,Two year,20.65,875.55,No,Credit card (automatic),2,Low,0,0,2,Call,0,0,1,22.2,32.9,0,0.0,3.1,8,0
CUST-4950,4,Month-to-month,55.2,220.65,DSL,Electronic check,3,Low,1,1,3,Call,0,0,1,35.9,44.0,0,1.2,3.2,13,0
CUST-4951,53,One year,24.05,1301.9,No,Bank transfer (automatic),0,Low,0,0,0,Email,0,1,1,6.9,17.6,0,0.0,3.8,129,0
CUST-4952,39,Two year,20.45,790.0,No,Bank transfer (automatic),0,Medium,0,0,1,Ticket,0,0,0,1.6,29.4,0,0.0,2.3,179,0
CUST-4953,63,Two year,19.25,1237.65,No,Mailed check,1,Medium,0,1,1,Call,1,0,1,9.1,14.2,0,3.5,3.7,8,0
CUST-4954,15,Month-to-month,26.35,378.6,No,Electronic check,3,High,1,1,3,Email,1,0,1,5.3,9.0,0,9.3,3.6,7,0
CUST-4955,13,One year,43.8,592.65,DSL,Electronic check,2,Medium,0,0,2,Ticket,1,0,0,57.2,67.4,1,0.0,3.3,1,0
CUST-4956,1,Month-to-month,50.15,50.15,DSL,Mailed check,0,High,0,0,0,Email,0,0,0,4.0,7.4,0,0.0,4.1,137,0
CUST-4957,1,Two year,20.45,20.45,No,Mailed check,1,Medium,0,1,3,Call,0,0,1,21.7,22.5,0,0.4,3.1,18,0
CUST-4958,60,Two year,61.4,3638.25,DSL,Electronic check,4,Medium,0,0,4,Ticket,0,1,1,46.0,46.7,0,0.0,4.6,5,0
CUST-4959,40,One year,70.75,2921.75,DSL,Credit card (automatic),2,Low,0,0,2,Call,1,0,1,19.9,20.7,0,0.0,3.8,17,0
CUST-4960,66,Two year,61.15,4017.45,DSL,Bank transfer (automatic),1,Low,0,1,1,Chat,0,0,0,1.2,4.5,0,1.5,3.6,24,0
CUST-4961,42,One year,20.25,854.9,No,Mailed check,0,Medium,1,1,0,Email,0,0,0,46.9,62.6,0,1.0,2.0,154,0
CUST-4962,66,One year,63.85,4174.35,DSL,Credit card (automatic),0,Low,0,1,1,Call,0,0,1,2.9,4.9,0,0.4,4.7,65,0
CUST-4963,49,Month-to-month,98.7,4920.55,Fiber optic,Electronic check,0,Medium,0,1,0,Ticket,0,0,0,4.0,7.6,0,3.1,3.3,94,0
CUST-4964,41,Two year,20.0,810.3,No,Mailed check,1,Medium,1,0,3,Ticket,0,0,1,23.5,47.1,0,0.0,3.6,3,0
CUST-4965,41,Two year,19.3,772.4,No,Bank transfer (automatic),0,High,0,0,0,Email,0,0,0,12.2,19.1,0,0.0,5.0,104,0
CUST-4966,23,Month-to-month,84.4,1936.85,Fiber optic,Mailed check,3,High,0,0,4,Chat,0,0,0,27.1,27.6,0,0.0,3.4,19,0
CUST-4967,3,Month-to-month,25.1,79.8,DSL,Electronic check,1,Low,0,0,2,Call,0,0,1,3.2,6.6,0,0.0,4.1,10,0
CUST-4968,4,Month-to-month,48.25,202.25,DSL,Mailed check,0,Low,0,0,0,Ticket,0,1,1,35.0,39.3,0,0.0,4.2,102,0
CUST-4969,52,Two year,19.85,1070.5,No,Mailed check,0,Medium,0,0,0,Chat,0,0,0,6.5,9.0,0,0.0,4.1,143,0
CUST-4970,11,Month-to-month,94.2,999.9,Fiber optic,Electronic check,1,Low,0,0,1,Ticket,0,0,0,13.3,54.2,0,0.0,3.9,22,0
CUST-4971,2,Month-to-month,62.15,113.1,DSL,Mailed check,0,Low,1,0,1,Email,0,0,1,2.2,8.4,0,0.0,1.6,112,0
CUST-4972,26,Month-to-month,79.3,2015.8,Fiber optic,Bank transfer (automatic),0,Medium,0,3,1,Ticket,1,0,0,7.8,13.8,0,6.4,2.9,90,0
CUST-4973,24,One year,56.25,1454.25,DSL,Credit card (automatic),0,High,0,1,1,Chat,0,0,0,8.0,53.7,0,0.5,3.6,171,0
CUST-4974,12,Month-to-month,20.3,246.7,No,Mailed check,1,Medium,0,0,2,Ticket,0,0,1,61.3,70.9,1,0.0,3.2,17,0
CUST-4975,60,Month-to-month,99.0,6017.9,Fiber optic,Electronic check,1,Medium,0,0,1,Chat,1,0,0,32.0,33.0,0,0.0,4.2,21,0
CUST-4976,64,Two year,90.6,5817.45,DSL,Mailed check,0,Low,0,0,0,Email,0,0,1,1.1,8.1,0,0.0,2.7,94,0
CUST-4977,66,Two year,85.9,5595.3,DSL,Bank transfer (automatic),0,Medium,0,0,0,Email,0,0,0,6.1,18.8,0,0.0,4.2,124,0
CUST-4978,60,One year,79.2,4765.0,Fiber optic,Bank transfer (automatic),1,Low,0,1,1,Email,0,0,0,4.2,14.3,0,2.3,2.0,24,0
CUST-4979,17,One year,70.35,1201.65,DSL,Bank transfer (automatic),2,Medium,0,0,3,Ticket,0,0,0,6.9,29.3,0,0.0,4.4,27,0
CUST-4980,42,Two year,19.35,867.3,No,Mailed check,1,Low,0,0,1,Email,0,0,0,0.2,39.7,0,0.0,3.5,25,0
CUST-4981,1,Month-to-month,50.15,50.15,DSL,Electronic check,0,High,0,0,0,Email,0,0,0,27.4,28.2,0,0.0,5.0,116,0
CUST-4982,47,Two year,63.8,3007.25,DSL,Bank transfer (automatic),1,Medium,0,0,1,Email,0,0,1,2.7,6.2,0,0.0,3.5,24,0
CUST-4983,10,Month-to-month,20.55,252.75,No,Mailed check,1,Medium,0,0,2,Chat,1,0,0,4.1,31.7,0,0.0,4.6,20,0
CUST-4984,70,Two year,88.55,6306.5,DSL,Credit card (automatic),2,High,0,0,2,Email,0,0,1,19.2,43.9,0,0.0,4.5,29,0
CUST-4985,67,Month-to-month,101.4,6841.05,Fiber optic,Credit card (automatic),1,Low,0,0,1,Ticket,0,0,1,17.9,18.1,0,0.0,3.7,23,0
CUST-4986,1,Month-to-month,44.6,44.6,DSL,Mailed check,1,Low,0,0,1,Ticket,0,0,1,31.5,41.8,0,0.0,3.4,2,0
CUST-4987,4,Month-to-month,63.75,226.2,DSL,Bank transfer (automatic),0,Medium,1,2,0,Email,0,0,0,2.7,7.3,0,0.6,3.8,38,0
CUST-4988,66,Two year,109.25,7082.5,Fiber optic,Bank transfer (automatic),2,High,1,0,2,Ticket,1,1,0,4.5,13.5,0,0.0,3.8,1,0
CUST-4989,12,Month-to-month,84.6,1017.35,Fiber optic,Electronic check,0,Medium,0,0,0,Email,0,0,1,37.6,40.6,0,0.0,5.0,159,0
CUST-4990,24,One year,20.45,527.35,No,Credit card (automatic),2,Low,0,0,4,Email,0,1,1,19.7,34.4,0,0.0,3.3,25,0
CUST-4991,26,Month-to-month,85.75,2146.5,Fiber optic,Electronic check,1,Medium,0,0,2,Ticket,0,0,1,1.5,6.3,0,0.0,4.0,1,0
CUST-4992,57,Two year,107.95,5969.85,Fiber optic,Electronic check,2,Low,0,0,2,Call,0,0,1,1.8,14.1,0,0.0,2.3,16,0
CUST-4993,42,Two year,22.95,1014.25,No,Electronic check,0,Medium,0,1,0,Ticket,1,0,1,13.7,14.7,0,1.3,3.2,158,0
CUST-4994,64,Two year,19.45,1225.65,No,Credit card (automatic),1,Low,0,1,2,Chat,0,0,1,25.0,64.5,0,1.2,5.0,21,0
CUST-4995,19,One year,19.7,386.5,No,Credit card (automatic),3,High,0,0,3,Chat,0,0,1,18.6,22.1,0,0.0,3.9,29,0
CUST-4996,22,Month-to-month,87.0,1850.65,Fiber optic,Bank transfer (automatic),0,Low,1,0,0,Call,0,0,0,20.4,26.7,0,0.0,3.5,177,0
CUST-4997,12,Month-to-month,79.95,1043.4,Fiber optic,Bank transfer (automatic),0,High,0,0,1,Chat,0,1,1,15.3,21.0,0,0.0,4.5,48,0
CUST-4998,31,One year,64.0,1910.75,DSL,Electronic check,2,Low,0,0,3,Ticket,0,1,0,38.4,49.2,0,0.0,4.8,21,0
CUST-4999,11,Month-to-month,64.9,716.1,DSL,Electronic check,1,Low,1,1,1,Ticket,0,0,1,40.9,42.2,0,3.7,2.5,19,0
CUST-5000,68,Two year,25.75,1686.15,No,Mailed check,0,High,0,0,0,Chat,0,1,1,16.7,21.6,0,0.0,4.1,78,0
CUST-5001,72,Two year,90.15,6716.45,DSL,Bank transfer (automatic),1,Low,0,1,1,Email,0,0,1,23.7,49.2,0,2.5,3.1,4,0
CUST-5002,67,Two year,116.1,7839.85,Fiber optic,Credit card (automatic),0,Medium,1,0,0,Chat,1,0,0,11.2,17.3,0,0.0,3.6,113,0
CUST-5003,60,Month-to-month,104.95,6236.75,Fiber optic,Bank transfer (automatic),3,Low,1,0,3,Call,0,0,1,5.6,8.9,0,0.0,4.0,10,0
CUST-5004,58,One year,50.0,2919.85,DSL,Mailed check,1,Medium,0,0,2,Chat,0,0,1,18.2,46.2,0,0.0,2.1,18,0
CUST-5005,1,Month-to-month,20.45,20.45,No,Mailed check,0,Low,1,0,0,Call,0,0,1,30.4,40.9,0,0.0,4.1,84,0
CUST-5006,37,One year,19.85,717.5,No,Bank transfer (automatic),2,Low,0,0,4,Call,0,0,1,5.5,11.9,0,0.0,5.0,7,0
CUST-5007,13,One year,19.95,253.8,No,Electronic check,4,Medium,0,0,4,Ticket,1,0,1,17.7,51.1,0,0.0,2.9,28,0
CUST-5008,43,Two year,26.45,1110.05,No,Bank transfer (automatic),1,Low,1,0,1,Chat,0,0,1,17.5,31.9,0,0.0,1.2,13,0
CUST-5009,6,Two year,63.4,348.8,DSL,Mailed check,1,Low,0,1,1,Email,1,0,0,45.2,58.5,0,5.4,3.9,29,0
CUST-5010,71,Two year,53.95,3888.65,DSL,Bank transfer (automatic),0,Medium,0,0,0,Call,0,0,1,25.6,30.4,0,0.0,5.0,126,0
CUST-5011,72,Two year,95.1,6843.15,Fiber optic,Electronic check,1,Medium,1,0,1,Chat,0,0,0,30.0,39.9,0,0.0,3.3,18,0
CUST-5012,6,Month-to-month,74.1,450.9,Fiber optic,Electronic check,1,Low,0,0,1,Chat,0,0,0,15.2,22.8,0,0.0,3.3,3,0
CUST-5013,12,Month-to-month,35.5,432.25,DSL,Mailed check,2,Medium,0,0,4,Ticket,1,0,0,23.4,29.5,0,0.0,2.3,1,0
CUST-5014,21,One year,79.2,1742.45,Fiber optic,Electronic check,0,High,0,0,0,Email,1,0,0,5.1,5.1,0,0.0,3.9,160,0
CUST-5015,6,Month-to-month,48.8,297.35,DSL,Mailed check,1,Low,1,1,2,Email,1,0,1,15.6,19.8,0,2.9,4.1,26,0
CUST-5016,43,One year,55.45,2444.25,DSL,Electronic check,1,Medium,1,0,1,Chat,0,0,1,19.5,66.1,0,0.0,4.0,7,0
CUST-5017,35,Two year,25.4,949.8,No,Credit card (automatic),0,Medium,0,1,1,Email,0,0,0,32.3,50.5,0,1.7,3.7,142,0
CUST-5018,32,Month-to-month,93.5,2970.8,Fiber optic,Electronic check,0,Low,1,1,0,Call,1,0,1,3.3,14.7,0,0.4,2.8,80,0
CUST-5019,52,Two year,63.9,3334.95,DSL,Credit card (automatic),0,Low,0,1,2,Ticket,0,0,0,7.1,13.6,0,0.1,3.6,156,0
CUST-5020,32,One year,64.85,2010.95,DSL,Bank transfer (automatic),0,Low,1,1,1,Chat,0,0,1,28.2,29.2,0,4.9,4.1,45,0
CUST-5021,72,Two year,63.8,4684.3,DSL,Bank transfer (automatic),1,Medium,0,0,2,Email,0,1,0,10.3,21.5,0,0.0,4.8,27,0
CUST-5022,51,Month-to-month,44.45,2181.55,DSL,Credit card (automatic),1,Low,1,0,3,Chat,0,0,1,11.9,15.7,0,0.0,5.0,2,0
CUST-5023,68,Two year,19.95,1303.25,No,Bank transfer (automatic),0,Medium,0,1,2,Email,0,0,1,17.4,27.7,0,0.2,2.3,61,0
CUST-5024,8,Month-to-month,43.35,371.4,DSL,Mailed check,1,Medium,0,0,3,Call,0,1,1,23.4,58.6,0,0.0,3.7,22,0
CUST-5025,49,Two year,49.65,2409.9,DSL,Credit card (automatic),1,Low,0,1,1,Chat,0,0,1,6.1,24.6,0,2.7,4.0,11,0
CUST-5026,72,Two year,85.1,6155.4,DSL,Mailed check,0,Medium,0,0,0,Ticket,0,0,1,35.9,74.7,0,0.0,3.6,126,0
CUST-5027,54,Month-to-month,89.8,4667.0,Fiber optic,Mailed check,2,High,0,1,2,Email,1,0,0,8.2,30.0,0,3.0,2.6,15,0
CUST-5028,50,One year,103.05,5153.5,Fiber optic,Mailed check,3,Low,0,1,3,Ticket,0,0,1,5.4,6.5,0,0.8,3.8,22,0
CUST-5029,69,Two year,116.0,8182.85,Fiber optic,Electronic check,1,Low,1,0,1,Ticket,0,0,1,21.6,22.9,0,0.0,5.0,19,0
CUST-5030,1,Month-to-month,69.9,69.9,Fiber optic,Electronic check,0,Medium,0,0,2,Call,0,0,0,8.0,21.6,0,0.0,3.6,175,0
CUST-5031,68,Two year,95.1,6683.4,Fiber optic,Bank transfer (automatic),0,Low,1,1,1,Call,0,0,1,12.7,25.5,0,1.1,3.7,64,0
CUST-5032,40,One year,40.25,1564.05,DSL,Mailed check,1,Low,0,0,2,Email,0,0,1,7.2,13.0,0,0.0,3.8,9,0
CUST-5033,31,Two year,25.75,755.6,No,Mailed check,0,Low,0,0,0,Chat,0,0,0,34.6,35.2,0,0.0,4.6,95,0
CUST-5034,33,Month-to-month,105.35,3465.05,Fiber optic,Bank transfer (automatic),1,Low,0,0,1,Email,1,0,0,12.5,27.5,0,0.0,3.9,29,0
CUST-5035,55,Two year,113.6,6292.7,Fiber optic,Electronic check,0,Low,0,1,0,Email,0,0,1,1.2,2.5,0,1.6,4.8,141,0
CUST-5036,68,Two year,24.0,1664.3,No,Bank transfer (automatic),1,Medium,0,0,1,Call,1,0,1,1.1,13.2,0,0.0,5.0,9,0
CUST-5037,12,Month-to-month,19.4,198.1,No,Bank transfer (automatic),1,High,0,1,1,Email,0,0,1,8.2,8.8,0,0.4,3.9,5,0
CUST-5038,71,Two year,86.1,6045.9,DSL,Bank transfer (automatic),1,Low,0,0,2,Email,0,0,1,9.4,11.8,0,0.0,5.0,19,0
CUST-5039,40,Month-to-month,102.65,4108.15,Fiber optic,Mailed check,1,Low,2,1,1,Chat,0,0,1,0.7,10.4,0,2.3,3.1,22,0
CUST-5040,64,One year,92.85,5980.75,Fiber optic,Electronic check,1,Low,0,1,2,Email,0,0,0,34.4,45.4,0,1.0,4.2,7,0
CUST-5041,53,One year,97.75,5043.2,Fiber optic,Bank transfer (automatic),0,Low,0,0,1,Chat,1,0,1,12.7,26.1,0,0.0,3.8,80,0
CUST-5042,72,Two year,97.95,7114.25,Fiber optic,Credit card (automatic),0,Low,0,1,0,Email,0,0,0,14.3,15.7,0,1.0,4.6,150,0
CUST-5043,46,Two year,19.95,907.05,No,Electronic check,1,Low,1,0,1,Call,1,0,1,19.0,26.0,0,0.0,5.0,8,0
CUST-5044,40,Two year,24.6,973.95,No,Mailed check,1,High,0,0,1,Email,0,0,1,4.4,6.1,0,0.0,3.1,22,0
CUST-5045,12,Month-to-month,50.95,605.75,DSL,Bank transfer (automatic),1,Low,1,0,1,Chat,3,0,1,13.3,46.4,0,0.0,2.4,21,0
CUST-5046,9,Month-to-month,75.6,661.55,Fiber optic,Electronic check,1,Low,0,0,1,Ticket,0,0,1,4.5,26.1,0,0.0,4.2,27,0
CUST-5047,51,Month-to-month,80.75,4116.9,Fiber optic,Electronic check,2,Low,0,1,3,Chat,0,0,1,9.7,19.6,0,2.5,4.3,10,0
CUST-5048,49,Month-to-month,90.4,4494.65,Fiber optic,Credit card (automatic),1,Low,1,0,1,Email,0,0,1,17.7,24.5,0,0.0,2.5,4,0
CUST-5049,56,One year,60.25,3282.75,DSL,Credit card (automatic),1,High,0,0,2,Email,0,0,0,4.8,9.6,0,0.0,2.5,11,0
CUST-5050,4,Month-to-month,20.2,55.7,No,Electronic check,0,Low,0,0,0,Email,0,0,1,38.7,57.2,0,0.0,2.3,94,0
CUST-5051,20,One year,64.15,1274.45,DSL,Mailed check,0,High,1,0,0,Chat,0,1,0,6.3,14.8,0,0.0,4.8,178,0
CUST-5052,26,Month-to-month,20.25,493.95,No,Credit card (automatic),0,Low,0,1,0,Chat,1,0,0,6.5,6.7,0,1.3,5.0,55,0
CUST-5053,51,Month-to-month,99.0,5038.15,Fiber optic,Electronic check,2,Medium,0,0,3,Call,0,0,1,45.7,55.9,0,0.0,4.7,12,0
CUST-5054,4,Month-to-month,80.3,324.2,Fiber optic,Mailed check,0,High,1,1,0,Email,1,1,1,8.9,32.2,0,2.1,2.8,90,0
CUST-5055,1,Month-to-month,19.55,19.55,No,Credit card (automatic),1,Low,0,0,2,Ticket,0,0,1,2.6,13.8,0,0.0,3.6,8,0
CUST-5056,27,Month-to-month,100.75,2793.55,Fiber optic,Electronic check,1,Low,0,0,1,Chat,0,0,0,10.0,10.9,0,0.0,4.5,14,0
CUST-5057,12,Month-to-month,53.75,648.65,DSL,Mailed check,1,Medium,0,0,2,Chat,0,1,1,7.5,18.2,0,0.0,5.0,13,0
CUST-5058,34,One year,25.6,917.15,No,Credit card (automatic),2,Low,0,0,3,Chat,0,0,0,12.3,28.9,0,0.0,3.5,23,0
CUST-5059,24,One year,58.35,1346.9,DSL,Electronic check,0,Medium,0,1,0,Chat,1,0,1,17.1,33.2,0,2.5,2.9,79,0
CUST-5060,14,Month-to-month,46.35,672.7,DSL,Electronic check,0,Low,1,0,1,Ticket,1,0,0,7.2,16.6,0,0.0,2.7,41,0
CUST-5061,59,Two year,113.75,6561.25,Fiber optic,Electronic check,0,Low,0,0,1,Call,0,0,1,22.4,39.1,0,0.0,2.4,59,0
CUST-5062,3,Month-to-month,90.4,268.45,Fiber optic,Electronic check,0,Low,2,0,0,Ticket,0,1,1,6.5,8.0,0,0.0,4.6,96,0
CUST-5063,65,Two year,109.3,7337.55,Fiber optic,Electronic check,0,High,0,1,2,Ticket,0,0,1,32.8,36.5,0,0.0,4.8,32,0
CUST-5064,59,Two year,90.3,5194.05,DSL,Credit card (automatic),2,Low,0,0,4,Chat,0,0,0,58.9,62.0,1,0.0,3.0,28,0
CUST-5065,72,Two year,65.25,4478.85,DSL,Credit card (automatic),0,Low,0,0,0,Chat,1,1,1,0.2,5.4,0,0.0,4.8,55,0
CUST-5066,3,Month-to-month,60.65,196.9,DSL,Mailed check,1,Medium,0,1,2,Email,0,0,1,2.2,14.4,0,0.3,2.7,29,0
CUST-5067,19,Month-to-month,24.1,439.2,No,Credit card (automatic),4,Low,0,0,4,Call,0,1,1,12.8,21.5,0,0.0,4.2,24,0
CUST-5068,1,Month-to-month,19.5,19.5,No,Mailed check,0,Low,1,0,1,Call,0,0,1,17.6,25.1,0,0.0,2.6,101,0
CUST-5069,24,Month-to-month,85.95,2107.15,Fiber optic,Electronic check,0,Low,0,1,0,Call,0,0,1,43.5,53.4,0,0.5,4.2,133,0
CUST-5070,57,One year,53.5,3035.8,DSL,Electronic check,0,Medium,0,0,0,Email,0,1,0,17.9,24.1,0,0.0,5.0,121,0
CUST-5071,72,Two year,25.45,1866.45,No,Credit card (automatic),0,Medium,0,0,0,Call,1,0,1,36.0,76.1,0,0.0,2.9,124,0
CUST-5072,67,Two year,20.5,1430.95,No,Bank transfer (automatic),1,Low,0,0,2,Ticket,0,0,0,13.3,13.5,0,0.0,4.2,25,0
CUST-5073,52,One year,20.85,1071.6,No,Credit card (automatic),1,Low,0,0,1,Chat,0,0,0,21.1,25.5,0,0.0,4.8,18,0
CUST-5074,71,Two year,89.9,6457.15,DSL,Credit card (automatic),2,Medium,0,0,2,Ticket,0,0,0,46.3,97.1,0,0.0,4.0,29,0
CUST-5075,26,One year,26.0,684.05,No,Mailed check,2,Medium,0,1,4,Ticket,0,0,1,20.4,51.3,0,2.9,3.2,14,0
CUST-5076,35,Two year,113.2,3914.05,Fiber optic,Mailed check,1,Low,1,1,1,Call,0,0,1,11.9,33.4,0,1.1,3.1,5,0
CUST-5077,55,Two year,69.05,3842.6,Fiber optic,Credit card (automatic),2,Low,1,1,3,Chat,0,0,1,16.2,18.2,0,1.2,4.1,28,0
CUST-5078,33,Two year,20.1,670.35,No,Mailed check,1,Low,1,0,1,Call,0,0,1,10.1,29.9,0,0.0,4.8,7,0
CUST-5079,72,Two year,109.65,7880.25,Fiber optic,Electronic check,4,Medium,1,0,4,Call,0,1,0,2.9,4.1,0,0.0,2.8,15,0
CUST-5080,1,Month-to-month,19.2,19.2,No,Mailed check,1,High,0,0,1,Chat,0,1,0,26.5,27.4,0,0.0,3.0,25,0
CUST-5081,37,Month-to-month,90.0,3371.75,Fiber optic,Electronic check,1,Low,0,0,1,Email,0,0,0,9.6,10.6,0,0.0,3.5,4,0
CUST-5082,12,Month-to-month,34.0,442.45,DSL,Mailed check,3,Low,0,0,3,Email,0,1,1,1.8,12.3,0,0.0,4.2,4,0
CUST-5083,1,One year,20.4,20.4,No,Mailed check,2,Low,0,0,2,Email,0,0,0,21.9,36.0,0,0.0,3.8,13,0
CUST-5084,62,Two year,38.6,2345.55,DSL,Credit card (automatic),0,Low,1,0,1,Chat,0,1,0,26.0,29.5,0,0.0,3.3,170,0
CUST-5085,1,Month-to-month,25.25,25.25,DSL,Bank transfer (automatic),1,Low,0,0,2,Ticket,0,0,1,2.0,14.7,0,0.0,5.0,27,0
CUST-5086,18,Month-to-month,60.6,1156.35,DSL,Mailed check,1,High,0,5,1,Ticket,0,0,0,11.0,18.3,0,10.4,3.2,6,0
CUST-5087,2,Month-to-month,74.75,144.8,Fiber optic,Electronic check,0,Low,0,1,0,Chat,0,0,1,11.8,55.4,0,0.4,3.6,79,0
CUST-5088,19,Month-to-month,20.6,414.95,No,Mailed check,0,Medium,0,1,0,Call,0,0,0,4.8,9.9,0,2.5,3.3,161,0
CUST-5089,9,Month-to-month,20.4,181.8,No,Mailed check,0,Low,0,0,2,Call,0,0,1,28.9,42.7,0,0.0,5.0,151,0
CUST-5090,27,One year,81.7,2212.55,DSL,Electronic check,0,Medium,1,1,0,Chat,0,0,0,13.6,15.3,0,0.0,2.2,43,0
CUST-5091,24,Month-to-month,20.3,459.95,No,Mailed check,2,Medium,1,0,2,Call,0,0,0,15.3,16.0,0,0.0,3.1,27,0
CUST-5092,11,One year,20.0,211.95,No,Mailed check,1,Low,1,0,1,Call,1,0,1,8.0,19.8,0,0.0,2.9,6,0
CUST-5093,1,Month-to-month,25.0,25.0,No,Mailed check,1,High,1,0,2,Email,0,0,1,5.1,8.6,0,0.0,3.1,28,0
CUST-5094,38,Month-to-month,80.45,3162.65,Fiber optic,Mailed check,0,Low,0,1,0,Chat,0,1,0,29.2,58.7,0,5.5,4.4,142,0
CUST-5095,9,Two year,19.75,210.65,No,Mailed check,1,Medium,0,0,1,Email,0,0,1,13.7,13.9,0,0.0,2.5,23,0
CUST-5096,54,Two year,65.65,3566.7,DSL,Credit card (automatic),0,High,0,1,0,Ticket,0,2,1,5.0,39.0,0,4.2,2.5,175,0
CUST-5097,29,One year,71.0,2080.1,DSL,Credit card (automatic),0,Low,0,0,1,Ticket,0,0,1,10.0,10.2,0,0.0,4.2,134,0
CUST-5098,44,Month-to-month,89.2,4040.2,Fiber optic,Electronic check,0,Medium,0,1,0,Ticket,0,0,0,14.6,27.1,0,5.9,3.6,139,0
CUST-5099,59,Two year,86.75,5186.0,DSL,Electronic check,1,Medium,0,0,2,Ticket,0,1,1,14.6,36.9,0,0.0,1.6,12,0
CUST-5100,18,One year,61.5,1087.45,DSL,Mailed check,3,High,0,2,3,Call,0,0,1,14.7,21.4,0,2.6,3.7,19,0
CUST-5101,67,Two year,25.1,1672.15,No,Credit card (automatic),0,Medium,1,0,0,Call,0,0,1,3.3,16.3,0,0.0,3.3,88,0
CUST-5102,33,One year,34.05,1113.95,DSL,Credit card (automatic),1,Low,0,0,4,Email,0,1,0,14.6,18.7,0,0.0,3.5,27,0
CUST-5103,5,Month-to-month,19.95,107.05,No,Mailed check,1,Medium,0,2,1,Chat,0,0,1,7.6,15.1,0,2.7,4.7,23,0
CUST-5104,2,Month-to-month,19.95,38.15,No,Mailed check,2,Medium,0,0,2,Call,1,0,0,15.1,17.4,0,0.0,3.8,14,0
CUST-5105,72,Two year,89.7,6339.3,DSL,Credit card (automatic),1,Medium,5,0,2,Chat,0,0,1,19.8,22.9,0,0.0,4.3,4,0
CUST-5106,9,Month-to-month,20.4,184.1,No,Mailed check,0,High,1,1,0,Email,1,0,1,4.7,31.7,0,0.1,2.4,33,0
CUST-5107,67,Two year,26.3,1688.9,No,Mailed check,0,Low,0,0,1,Ticket,0,0,0,2.3,17.2,0,0.0,2.8,99,0
CUST-5108,8,Month-to-month,20.7,137.6,No,Mailed check,0,Low,0,0,0,Call,0,0,1,16.7,38.8,0,0.0,5.0,134,0
CUST-5109,17,Two year,19.45,369.05,No,Credit card (automatic),1,Medium,0,0,2,Ticket,1,1,1,21.3,27.5,0,0.0,2.8,2,0
CUST-5110,68,Two year,110.8,7553.6,Fiber optic,Bank transfer (automatic),2,High,1,0,2,Email,0,0,1,36.2,37.8,0,0.0,3.3,24,0
CUST-5111,25,Month-to-month,69.3,1813.1,Fiber optic,Electronic check,1,Low,0,0,1,Chat,0,0,1,5.1,34.3,0,0.0,3.8,23,0
CUST-5112,67,One year,49.35,3321.35,DSL,Bank transfer (automatic),0,High,1,0,0,Call,0,0,1,2.4,42.9,0,0.0,4.8,60,0
CUST-5113,32,One year,20.35,707.5,No,Credit card (automatic),2,High,1,1,2,Chat,0,0,0,65.3,88.2,1,1.8,2.9,7,0
CUST-5114,67,One year,105.6,7112.15,Fiber optic,Electronic check,0,High,1,0,0,Chat,0,0,1,0.7,10.7,0,0.0,5.0,73,0
CUST-5115,72,Two year,64.45,4641.1,DSL,Credit card (automatic),0,High,1,0,1,Ticket,0,0,1,9.7,18.0,0,0.0,3.0,98,0
CUST-5116,1,Month-to-month,49.9,49.9,DSL,Electronic check,0,High,0,0,1,Call,0,0,1,12.2,39.3,0,0.0,3.9,156,0
CUST-5117,48,One year,65.65,3094.65,DSL,Electronic check,0,Medium,0,0,0,Email,0,0,1,22.3,28.7,0,0.0,4.4,59,0
CUST-5118,61,One year,103.3,6518.35,Fiber optic,Bank transfer (automatic),1,Medium,0,0,1,Call,0,0,1,30.0,40.6,0,0.0,3.1,2,0
CUST-5119,2,Month-to-month,44.45,82.7,DSL,Electronic check,1,Low,1,2,1,Chat,0,0,1,14.7,21.1,0,1.4,3.4,7,0
CUST-5120,71,Two year,89.9,6342.7,DSL,Bank transfer (automatic),1,Low,1,0,3,Ticket,0,0,1,0.5,1.5,0,0.0,4.3,25,0
CUST-5121,37,Month-to-month,55.05,2030.75,DSL,Mailed check,1,Low,0,1,2,Chat,0,0,1,113.2,139.3,1,1.0,3.3,25,0
CUST-5122,65,Two year,104.1,6700.05,Fiber optic,Bank transfer (automatic),1,Low,0,0,2,Chat,1,0,1,18.4,33.7,0,0.0,3.5,6,0
CUST-5123,67,One year,106.6,7244.7,Fiber optic,Bank transfer (automatic),1,Low,0,0,2,Call,0,0,1,32.1,39.6,0,0.0,4.6,26,0
CUST-5124,50,Two year,70.5,3486.65,DSL,Credit card (automatic),0,High,1,0,1,Chat,0,1,0,9.6,11.8,0,0.0,3.7,120,0
CUST-5125,25,One year,19.6,411.15,No,Electronic check,0,Medium,0,0,0,Call,0,0,0,1.0,3.3,0,0.0,4.3,38,0
CUST-5126,64,Two year,24.05,1559.15,No,Mailed check,0,Low,1,1,0,Call,0,0,0,1.6,14.6,0,0.4,3.4,79,0
CUST-5127,25,One year,38.1,970.4,DSL,Credit card (automatic),2,Medium,0,0,2,Chat,0,1,1,26.5,59.8,0,0.0,3.0,8,0
CUST-5128,24,Month-to-month,34.25,828.2,DSL,Mailed check,2,Low,0,0,2,Ticket,0,1,0,4.3,11.0,0,0.0,3.0,20,0
CUST-5129,37,Month-to-month,100.05,3810.55,Fiber optic,Electronic check,0,Low,0,0,0,Chat,0,0,0,34.9,42.0,0,0.0,4.2,31,0
CUST-5130,21,Month-to-month,68.65,1493.2,Fiber optic,Electronic check,1,High,1,1,1,Ticket,0,0,0,5.2,19.1,0,4.4,3.7,5,0
CUST-5131,1,Month-to-month,45.8,45.8,DSL,Mailed check,1,Low,0,0,2,Chat,0,0,1,5.4,28.6,0,0.0,4.0,7,0
CUST-5132,10,Month-to-month,75.75,777.3,Fiber optic,Mailed check,3,Medium,0,0,3,Email,0,0,1,1.9,21.4,0,0.0,1.8,8,0
CUST-5133,51,One year,96.4,4911.05,Fiber optic,Credit card (automatic),1,Low,0,1,2,Email,0,0,1,2.7,17.8,0,0.4,3.0,24,0
CUST-5134,10,Month-to-month,20.55,187.35,No,Mailed check,0,Medium,0,1,0,Email,0,0,1,2.4,6.0,0,1.5,4.9,147,0
CUST-5135,6,Month-to-month,50.95,307.6,DSL,Credit card (automatic),1,Medium,0,0,2,Chat,0,0,0,0.8,3.0,0,0.0,4.9,8,0
CUST-5136,47,Two year,90.5,4318.35,DSL,Mailed check,1,Low,1,0,1,Chat,0,0,1,4.9,5.0,0,0.0,2.9,29,0
CUST-5137,61,One year,79.4,4820.55,DSL,Electronic check,1,High,0,0,1,Ticket,0,1,1,0.4,42.3,0,0.0,5.0,26,0
CUST-5138,52,Two year,58.75,3038.55,DSL,Bank transfer (automatic),0,Low,0,0,0,Email,0,0,1,21.9,28.7,0,0.0,2.8,177,0
CUST-5139,35,Month-to-month,59.45,2136.9,DSL,Credit card (automatic),1,Medium,0,0,1,Call,0,0,0,17.2,19.9,0,0.0,3.9,28,0
CUST-5140,71,One year,105.7,7472.15,Fiber optic,Bank transfer (automatic),2,High,1,0,2,Email,0,0,1,3.4,5.0,0,0.0,4.3,4,0
CUST-5141,45,Two year,53.3,2296.25,DSL,Credit card (automatic),1,High,0,0,1,Email,0,0,1,35.7,37.6,0,0.0,3.8,11,0
CUST-5142,2,Month-to-month,24.3,38.45,DSL,Mailed check,1,Low,0,0,2,Call,1,0,1,6.1,11.0,0,0.0,4.2,2,0
CUST-5143,51,One year,59.9,3043.6,DSL,Credit card (automatic),0,Low,2,0,0,Email,0,0,1,13.8,37.3,0,0.0,3.7,161,0
CUST-5144,60,One year,23.95,1506.4,No,Credit card (automatic),0,Medium,0,1,0,Email,0,0,1,30.0,72.2,0,0.6,4.8,42,0
CUST-5145,9,One year,20.15,163.7,No,Mailed check,1,Low,0,0,1,Ticket,0,0,1,8.3,16.8,0,0.0,4.1,7,0
CUST-5146,17,Month-to-month,95.65,1640.0,Fiber optic,Bank transfer (automatic),2,Low,1,0,2,Email,2,0,0,5.2,9.8,0,0.0,4.0,11,0
CUST-5147,46,Two year,81.0,3846.35,DSL,Mailed check,2,Medium,0,0,2,Call,1,0,1,35.5,37.8,0,0.0,4.8,17,0
CUST-5148,68,Two year,82.45,5646.6,DSL,Credit card (automatic),1,Medium,0,0,2,Call,0,0,0,1.4,5.5,0,0.0,5.0,28,0
CUST-5149,4,One year,20.5,79.05,No,Bank transfer (automatic),1,Low,0,0,1,Email,0,0,1,18.9,30.5,0,0.0,2.9,6,0
CUST-5150,28,One year,54.4,1516.6,DSL,Credit card (automatic),1,Low,0,2,2,Chat,0,0,1,32.8,67.7,0,6.2,3.5,5,0
CUST-5151,39,One year,58.6,2224.5,DSL,Credit card (automatic),2,High,0,0,3,Email,0,0,1,22.3,30.4,0,0.0,2.3,19,0
CUST-5152,11,Month-to-month,84.8,888.75,Fiber optic,Electronic check,1,Medium,0,0,3,Call,1,0,1,8.4,10.2,0,0.0,4.7,22,0
CUST-5153,71,Two year,61.4,4310.35,DSL,Credit card (automatic),2,Medium,0,0,2,Call,0,0,1,54.2,89.3,1,0.0,3.0,4,0
CUST-5154,2,Month-to-month,20.4,42.9,No,Mailed check,1,Low,0,0,1,Call,0,0,1,2.6,42.1,0,0.0,3.0,28,0
CUST-5155,17,One year,20.15,353.65,No,Mailed check,2,Low,0,1,3,Chat,1,0,0,22.4,49.4,0,0.5,4.7,11,0
CUST-5156,55,Month-to-month,94.45,5073.1,Fiber optic,Credit card (automatic),1,Low,0,0,3,Chat,0,0,1,22.8,46.3,0,0.0,2.5,21,0
CUST-5157,58,Month-to-month,79.8,4526.85,Fiber optic,Bank transfer (automatic),2,Medium,1,0,3,Chat,0,0,1,17.1,35.1,0,0.0,3.1,13,0
CUST-5158,9,Month-to-month,74.05,678.45,Fiber optic,Electronic check,2,Low,0,1,2,Email,0,0,1,12.0,13.6,0,3.4,3.0,3,0
CUST-5159,26,Month-to-month,49.15,1237.3,DSL,Bank transfer (automatic),2,Medium,1,0,2,Call,1,0,1,54.8,59.5,1,0.0,3.2,27,0
CUST-5160,50,Two year,19.4,1023.95,No,Credit card (automatic),0,Medium,0,0,0,Email,1,0,1,11.3,28.1,0,0.0,3.3,109,0
CUST-5161,72,Two year,113.65,8182.75,Fiber optic,Bank transfer (automatic),0,Medium,0,0,0,Email,0,0,0,7.3,31.4,0,0.0,4.0,115,0
CUST-5162,43,One year,106.0,4532.3,Fiber optic,Credit card (automatic),2,Low,0,0,2,Chat,0,1,0,13.0,16.1,0,0.0,3.4,23,0
CUST-5163,56,Two year,25.95,1444.05,No,Bank transfer (automatic),0,Medium,0,0,0,Email,0,0,0,29.1,40.7,0,0.0,3.9,77,0
CUST-5164,1,Month-to-month,19.1,19.1,No,Mailed check,0,Medium,0,0,2,Ticket,3,0,0,3.2,3.9,0,0.0,2.3,57,0
CUST-5165,72,Two year,100.55,7325.1,Fiber optic,Bank transfer (automatic),3,Low,1,1,4,Chat,0,0,1,8.3,31.6,0,0.4,3.5,26,0
CUST-5166,36,Month-to-month,95.4,3474.2,Fiber optic,Electronic check,1,Low,0,0,1,Chat,0,0,1,15.0,20.1,0,0.0,3.7,6,0
CUST-5167,5,Month-to-month,75.15,392.65,DSL,Bank transfer (automatic),2,Medium,1,0,2,Call,2,0,1,33.3,36.0,0,0.0,2.9,7,0
CUST-5168,44,One year,89.15,3990.75,Fiber optic,Credit card (automatic),5,Low,0,0,5,Ticket,0,0,0,9.2,31.0,0,0.0,1.3,29,0
CUST-5169,70,One year,107.9,7475.85,Fiber optic,Electronic check,0,Low,0,1,0,Ticket,2,0,0,14.4,16.6,0,3.5,3.1,84,0
CUST-5170,44,One year,19.5,835.5,No,Credit card (automatic),1,Low,0,0,1,Ticket,0,0,1,2.4,9.8,0,0.0,2.4,7,0
CUST-5171,69,Two year,24.95,1718.35,No,Credit card (automatic),0,Low,0,0,1,Call,0,0,0,1.8,3.0,0,0.0,4.4,94,0
CUST-5172,68,One year,19.5,1193.55,No,Bank transfer (automatic),0,High,0,1,0,Email,0,0,0,4.3,11.4,0,1.2,3.8,91,0
CUST-5173,16,Month-to-month,69.95,1205.5,Fiber optic,Credit card (automatic),0,Medium,0,0,1,Email,0,0,1,20.8,51.8,0,0.0,2.6,95,0
CUST-5174,68,Two year,82.85,5776.45,DSL,Bank transfer (automatic),1,Medium,0,0,1,Call,0,0,1,4.3,18.5,0,0.0,3.0,5,0
CUST-5175,4,Month-to-month,19.0,78.9,No,Mailed check,0,High,0,0,1,Email,0,1,0,37.8,87.7,0,0.0,3.2,48,0
CUST-5176,26,Month-to-month,38.85,1025.15,DSL,Credit card (automatic),0,Medium,0,1,2,Ticket,0,0,0,41.2,48.4,0,0.2,3.6,39,0
CUST-5177,5,Month-to-month,20.35,122.0,No,Credit card (automatic),1,Medium,0,0,1,Call,0,1,1,5.6,32.0,0,0.0,3.4,9,0
CUST-5178,70,One year,95.0,6602.9,Fiber optic,Bank transfer (automatic),0,Low,0,0,2,Ticket,0,1,1,2.0,31.1,0,0.0,3.4,141,0
CUST-5179,24,One year,74.4,1712.9,DSL,Bank transfer (automatic),1,Medium,1,0,1,Ticket,0,1,0,9.5,10.7,0,0.0,3.3,14,0
CUST-5180,72,Two year,78.45,5682.25,DSL,Bank transfer (automatic),0,Low,1,0,0,Call,0,0,1,28.4,74.8,0,0.0,3.0,61,0
CUST-5181,1,Month-to-month,74.3,74.3,Fiber optic,Mailed check,1,Low,0,1,2,Chat,1,0,0,2.1,28.8,0,3.1,3.9,19,0
CUST-5182,70,One year,51.05,3635.15,DSL,Bank transfer (automatic),1,Low,0,0,1,Call,0,0,0,1.9,13.7,0,0.0,2.8,13,0
CUST-5183,36,Month-to-month,19.2,702.9,No,Bank transfer (automatic),0,Low,0,0,0,Call,0,0,0,5.1,14.3,0,0.0,3.9,71,0
CUST-5184,41,One year,109.1,4454.25,Fiber optic,Bank transfer (automatic),2,Low,1,1,2,Chat,0,0,1,21.2,27.1,0,2.5,4.2,8,0
CUST-5185,14,Month-to-month,76.45,1117.55,Fiber optic,Electronic check,0,Low,0,0,2,Chat,0,0,1,8.4,19.0,0,0.0,2.7,99,0
CUST-5186,13,Month-to-month,72.8,930.05,DSL,Electronic check,2,Medium,0,1,2,Ticket,0,0,1,24.0,40.0,0,0.7,3.4,28,0
CUST-5187,6,Month-to-month,18.95,110.15,No,Mailed check,1,Low,0,0,1,Chat,0,0,1,9.3,24.1,0,0.0,4.3,18,0
CUST-5188,15,Month-to-month,101.75,1669.4,Fiber optic,Electronic check,1,Medium,0,0,1,Chat,0,0,1,1.5,5.8,0,0.0,2.6,12,0
CUST-5189,47,Month-to-month,75.45,3545.1,Fiber optic,Credit card (automatic),0,Medium,0,0,0,Ticket,0,0,0,117.8,131.2,1,0.0,5.0,157,0
CUST-5190,8,Month-to-month,64.1,504.05,DSL,Mailed check,0,Medium,0,0,0,Ticket,0,0,1,20.6,20.6,0,0.0,4.4,121,0
CUST-5191,17,Month-to-month,25.65,440.2,DSL,Mailed check,1,Low,2,1,1,Ticket,0,0,1,18.0,20.2,0,1.1,2.9,14,0
CUST-5192,15,Month-to-month,75.1,1151.55,Fiber optic,Mailed check,1,High,1,0,1,Ticket,0,1,0,12.2,14.2,0,0.0,4.5,1,0
CUST-5193,26,One year,95.85,2475.35,Fiber optic,Bank transfer (automatic),0,Low,1,0,0,Call,0,1,1,1.6,17.8,0,0.0,4.2,78,0
CUST-5194,23,Month-to-month,54.4,1249.25,DSL,Electronic check,1,Medium,1,0,1,Ticket,0,0,0,75.8,103.1,1,0.0,3.4,17,0
CUST-5195,4,Month-to-month,72.75,317.75,Fiber optic,Electronic check,1,Medium,0,1,2,Call,0,0,0,11.3,12.4,0,4.0,2.8,13,0
CUST-5196,29,One year,19.85,535.05,No,Mailed check,1,Low,0,2,1,Ticket,0,1,0,0.8,29.9,0,1.6,2.6,29,0
CUST-5197,25,Month-to-month,19.05,461.3,No,Mailed check,1,Low,0,0,3,Call,1,0,1,7.6,12.0,0,0.0,3.3,26,0
CUST-5198,3,Month-to-month,94.85,335.75,Fiber optic,Electronic check,0,Low,2,0,0,Call,0,0,1,0.6,12.3,0,0.0,3.8,175,0
CUST-5199,69,Two year,46.25,3121.4,DSL,Bank transfer (automatic),3,High,0,0,3,Call,0,0,0,12.7,14.9,0,0.0,5.0,11,0
CUST-5200,14,One year,19.35,324.8,No,Mailed check,1,Medium,1,0,1,Call,0,0,1,25.3,31.4,0,0.0,3.6,18,0
CUST-5201,19,Month-to-month,69.6,1394.55,DSL,Mailed check,1,High,1,0,2,Chat,0,0,1,56.7,64.2,1,0.0,5.0,15,0
CUST-5202,39,Month-to-month,90.7,3413.25,Fiber optic,Electronic check,2,Low,0,0,2,Call,0,0,1,33.4,39.0,0,0.0,3.5,23,0
CUST-5203,31,Month-to-month,101.4,3143.65,Fiber optic,Electronic check,1,Low,1,1,3,Chat,0,0,0,5.7,26.4,0,6.2,3.6,25,0
CUST-5204,24,One year,20.25,439.75,No,Mailed check,1,Low,0,0,1,Chat,0,0,1,7.7,18.2,0,0.0,4.1,3,0
CUST-5205,14,Month-to-month,48.8,664.4,DSL,Bank transfer (automatic),0,High,3,0,0,Call,0,0,1,13.2,21.4,0,0.0,4.0,49,0
CUST-5206,64,Two year,74.35,4759.55,DSL,Mailed check,0,Low,0,0,1,Ticket,0,0,1,20.8,39.2,0,0.0,4.8,95,0
CUST-5207,50,One year,19.35,1033.0,No,Mailed check,1,Low,0,0,1,Chat,0,0,1,24.0,38.8,0,0.0,4.5,17,0
CUST-5208,52,One year,68.75,3482.85,DSL,Electronic check,0,High,0,0,0,Call,0,0,0,34.1,35.4,0,0.0,4.4,42,0
CUST-5209,28,One year,100.2,2688.45,Fiber optic,Electronic check,1,Medium,0,0,1,Email,1,0,1,4.6,13.3,0,0.0,3.0,4,0
CUST-5210,21,Two year,20.85,435.25,No,Credit card (automatic),0,Medium,0,0,0,Chat,0,0,0,2.1,21.3,0,0.0,2.7,77,0
CUST-5211,17,One year,19.35,307.0,No,Mailed check,2,Low,0,0,4,Ticket,0,0,1,3.5,15.7,0,0.0,3.5,17,0
CUST-5212,58,One year,45.0,2689.35,DSL,Credit card (automatic),1,Low,2,0,1,Email,0,0,1,51.7,66.7,1,0.0,3.1,8,0
CUST-5213,51,Two year,25.5,1281.25,No,Mailed check,1,High,0,0,1,Chat,0,1,1,2.6,12.8,0,0.0,3.8,7,0
CUST-5214,72,Two year,48.9,3527.0,DSL,Mailed check,0,Medium,1,0,0,Call,0,0,1,6.9,38.5,0,0.0,4.0,148,0
CUST-5215,27,Two year,19.6,561.15,No,Mailed check,2,Low,1,0,2,Call,0,0,1,3.9,12.6,0,0.0,2.6,10,0
CUST-5216,3,Month-to-month,20.0,63.6,No,Mailed check,1,Low,0,0,1,Call,0,0,0,2.1,12.1,0,0.0,3.2,19,0
CUST-5217,64,Two year,81.3,5129.3,DSL,Mailed check,1,Low,0,0,2,Call,0,0,1,13.5,38.8,0,0.0,1.9,6,0
CUST-5218,45,Two year,95.2,4285.8,Fiber optic,Credit card (automatic),2,Medium,0,1,3,Ticket,0,0,1,8.6,20.0,0,0.4,1.6,8,0
CUST-5219,71,Two year,83.3,5894.5,DSL,Credit card (automatic),3,Low,0,0,3,Ticket,0,0,1,23.3,30.2,0,0.0,3.8,5,0
CUST-5220,58,Two year,20.3,1160.75,No,Credit card (automatic),1,Medium,0,1,3,Chat,0,0,1,9.0,12.5,0,0.2,2.9,13,0
CUST-5221,34,Month-to-month,89.85,3091.75,Fiber optic,Electronic check,1,Medium,1,0,1,Call,0,0,1,14.6,55.0,0,0.0,5.0,18,0
CUST-5222,15,Month-to-month,19.8,272.95,No,Mailed check,0,Medium,0,1,0,Email,0,0,1,30.9,48.6,0,0.1,2.8,113,0
CUST-5223,66,Two year,54.65,3632.0,DSL,Bank transfer (automatic),2,Low,1,1,3,Chat,1,0,1,13.5,14.5,0,0.1,3.4,29,0
CUST-5224,12,Month-to-month,29.35,381.2,DSL,Credit card (automatic),1,Medium,1,0,1,Email,0,0,0,10.4,12.0,0,0.0,3.9,5,0
CUST-5225,58,Two year,19.15,1035.5,No,Bank transfer (automatic),1,Medium,0,0,1,Call,0,0,0,2.6,5.3,0,0.0,4.8,18,0
CUST-5226,3,Two year,19.1,52.0,No,Mailed check,1,Low,0,0,2,Call,0,0,0,14.8,18.0,0,0.0,3.5,12,0
CUST-5227,9,Month-to-month,80.55,653.9,Fiber optic,Electronic check,1,High,0,0,1,Call,0,0,0,1.9,14.3,0,0.0,2.9,17,0
CUST-5228,3,One year,20.25,71.2,No,Mailed check,1,Low,0,1,2,Chat,0,0,0,2.0,11.1,0,1.2,4.7,13,0
CUST-5229,40,One year,106.0,4178.65,Fiber optic,Bank transfer (automatic),2,Medium,1,1,2,Email,1,0,0,10.8,14.0,0,0.2,3.0,5,0
CUST-5230,68,Two year,25.5,1821.8,No,Bank transfer (automatic),3,Low,1,1,5,Call,0,0,0,13.2,15.1,0,1.4,4.7,23,0
CUST-5231,50,Two year,79.6,4024.2,DSL,Mailed check,0,Medium,0,0,1,Call,0,0,1,24.7,38.8,0,0.0,4.0,67,0
CUST-5232,1,Month-to-month,55.25,55.25,DSL,Electronic check,1,Medium,0,0,3,Call,1,0,0,11.0,11.6,0,0.0,3.7,7,0
CUST-5233,72,Two year,88.05,6520.8,DSL,Bank transfer (automatic),0,Low,1,0,0,Chat,1,0,0,17.5,20.5,0,0.0,5.0,107,0
CUST-5234,40,One year,20.4,854.9,No,Bank transfer (automatic),1,Medium,0,0,2,Chat,0,0,1,45.4,49.6,0,0.0,3.7,25,0
CUST-5235,72,Two year,117.6,8308.9,Fiber optic,Bank transfer (automatic),3,Medium,1,0,3,Call,0,0,1,50.6,53.0,1,0.0,3.3,20,0
CUST-5236,6,Month-to-month,20.0,109.2,No,Mailed check,0,Medium,0,0,0,Email,0,0,1,5.5,15.8,0,0.0,3.7,159,0
CUST-5237,5,Month-to-month,19.65,92.05,No,Credit card (automatic),0,Low,0,0,0,Call,0,0,1,11.0,26.1,0,0.0,4.7,177,0
CUST-5238,48,One year,70.55,3420.5,DSL,Credit card (automatic),1,Low,0,0,1,Chat,0,0,0,13.6,19.9,0,0.0,4.9,25,0
CUST-5239,64,One year,65.8,4068.0,DSL,Mailed check,2,Medium,0,0,2,Call,0,0,1,10.7,12.8,0,0.0,3.8,11,0
CUST-5240,17,One year,20.05,337.9,No,Credit card (automatic),1,Low,2,0,1,Ticket,1,0,1,59.5,65.7,1,0.0,4.3,1,0
CUST-5241,40,Month-to-month,80.0,3168.75,Fiber optic,Electronic check,0,Medium,0,0,1,Email,0,0,0,6.2,13.7,0,0.0,3.4,138,0
CUST-5242,41,One year,35.4,1412.4,DSL,Credit card (automatic),2,Low,0,1,2,Ticket,0,0,1,13.2,38.6,0,3.5,3.6,14,0
CUST-5243,51,One year,79.6,3974.7,Fiber optic,Bank transfer (automatic),0,Low,0,2,0,Chat,0,0,0,2.4,11.5,0,0.6,4.1,80,0
CUST-5244,41,Month-to-month,80.25,3439.0,Fiber optic,Electronic check,0,Medium,0,1,0,Ticket,0,0,0,17.9,18.6,0,2.5,3.3,152,0
CUST-5245,2,Month-to-month,20.45,42.45,No,Mailed check,0,Medium,0,1,1,Email,0,0,0,7.2,53.1,0,0.1,4.4,116,0
CUST-5246,68,One year,79.6,5461.45,Fiber optic,Credit card (automatic),0,Medium,0,0,0,Email,0,1,1,29.5,32.0,0,0.0,4.7,134,0
CUST-5247,24,Two year,24.7,571.75,No,Mailed check,0,High,0,0,1,Ticket,0,0,1,2.5,11.5,0,0.0,4.9,129,0
CUST-5248,70,Two year,77.3,5498.2,DSL,Credit card (automatic),2,Medium,1,1,2,Call,3,1,0,38.1,43.1,0,1.3,3.2,16,0
CUST-5249,3,Month-to-month,29.75,96.85,DSL,Electronic check,0,Medium,0,0,0,Ticket,0,0,1,10.1,24.5,0,0.0,4.9,111,0
CUST-5250,2,Month-to-month,44.9,111.05,DSL,Bank transfer (automatic),3,High,0,0,3,Chat,1,0,1,9.4,12.0,0,0.0,3.5,11,0
CUST-5251,3,Month-to-month,29.8,94.4,DSL,Credit card (automatic),0,Medium,0,1,1,Ticket,0,0,1,25.9,34.6,0,3.6,3.9,122,0
CUST-5252,13,Month-to-month,71.95,923.85,DSL,Electronic check,1,Medium,0,0,1,Ticket,0,0,1,6.5,15.1,0,0.0,2.9,6,0
CUST-5253,7,Month-to-month,20.75,141.1,No,Mailed check,1,Low,0,0,1,Chat,0,0,1,35.1,47.7,0,0.0,3.2,23,0
CUST-5254,12,Month-to-month,56.3,628.65,DSL,Mailed check,0,High,0,0,0,Ticket,0,0,0,5.8,16.3,0,0.0,3.3,62,0
CUST-5255,53,One year,105.25,5576.3,Fiber optic,Electronic check,1,Low,0,0,1,Ticket,1,0,1,23.7,25.3,0,0.0,3.5,28,0
CUST-5256,63,Two year,19.55,1245.6,No,Mailed check,1,Low,0,1,1,Chat,0,0,1,1.0,15.3,0,5.4,4.0,17,0
CUST-5257,15,Month-to-month,84.45,1287.85,DSL,Mailed check,1,Low,1,0,1,Ticket,0,0,1,21.7,29.2,0,0.0,4.3,28,0
CUST-5258,36,One year,53.65,1939.35,DSL,Mailed check,0,Low,0,2,1,Ticket,0,0,1,5.5,8.0,0,7.0,2.0,153,0
CUST-5259,4,Month-to-month,29.9,118.25,DSL,Electronic check,1,Low,1,1,1,Email,0,0,0,23.4,29.5,0,0.8,3.7,9,0
CUST-5260,24,Two year,19.7,452.55,No,Mailed check,2,Medium,0,0,3,Chat,0,0,0,31.6,37.1,0,0.0,4.2,29,0
CUST-5261,61,One year,43.7,2696.55,DSL,Credit card (automatic),0,Medium,1,0,1,Email,0,0,1,3.4,10.4,0,0.0,3.7,131,0
CUST-5262,16,Month-to-month,55.3,875.35,DSL,Electronic check,1,Low,0,1,4,Chat,0,1,0,3.3,30.3,0,0.4,3.6,25,0
CUST-5263,65,Two year,19.85,1267.05,No,Credit card (automatic),0,Medium,0,0,0,Call,1,0,1,24.6,49.2,0,0.0,4.6,81,0
CUST-5264,26,Two year,19.65,494.9,No,Credit card (automatic),0,Medium,0,1,0,Email,0,0,1,3.4,3.6,0,3.9,3.7,122,0
CUST-5265,16,Month-to-month,49.45,799.0,DSL,Mailed check,1,Medium,0,0,2,Call,0,0,1,0.4,9.0,0,0.0,2.2,12,0
CUST-5266,5,Two year,20.45,106.9,No,Mailed check,1,Low,0,0,1,Ticket,1,0,1,1.1,2.1,0,0.0,2.5,28,0
CUST-5267,19,Month-to-month,39.7,710.05,DSL,Electronic check,0,High,0,1,0,Call,0,0,1,0.5,0.9,0,1.3,4.3,138,0
CUST-5268,10,Month-to-month,54.5,568.2,DSL,Credit card (automatic),0,Low,0,0,0,Ticket,0,1,1,42.8,45.7,0,0.0,3.8,83,0
CUST-5269,72,Two year,111.6,8012.75,Fiber optic,Bank transfer (automatic),2,Low,0,0,2,Call,0,0,0,36.1,76.5,0,0.0,3.4,27,0
CUST-5270,10,Month-to-month,55.55,551.3,DSL,Mailed check,0,Low,0,1,2,Ticket,0,0,0,14.6,46.7,0,0.1,3.6,137,0
CUST-5271,11,One year,20.55,184.95,No,Mailed check,2,Medium,0,1,2,Ticket,0,0,1,12.9,27.9,0,2.3,1.8,24,0
CUST-5272,17,One year,62.1,1096.65,DSL,Mailed check,1,Medium,0,0,1,Call,0,0,0,5.0,9.5,0,0.0,2.7,29,0
CUST-5273,36,Month-to-month,104.5,3684.95,Fiber optic,Credit card (automatic),0,Low,0,0,0,Email,0,0,0,12.5,15.3,0,0.0,3.8,98,0
CUST-5274,17,Month-to-month,101.8,1752.45,Fiber optic,Electronic check,0,Low,0,1,1,Chat,0,0,1,48.2,50.4,1,0.4,2.5,89,0
CUST-5275,66,One year,110.6,7210.85,Fiber optic,Credit card (automatic),1,Medium,1,0,1,Email,0,0,1,15.2,15.5,0,0.0,3.1,19,0
CUST-5276,61,One year,84.9,5264.5,DSL,Bank transfer (automatic),3,Medium,0,0,3,Call,0,0,1,1.1,8.0,0,0.0,3.9,23,0
CUST-5277,22,Month-to-month,93.2,2157.3,Fiber optic,Mailed check,0,Low,0,1,0,Ticket,0,0,1,0.7,11.9,0,1.7,3.6,103,0
CUST-5278,1,Month-to-month,24.4,24.4,DSL,Electronic check,3,Medium,0,0,3,Call,1,0,1,36.9,47.7,0,0.0,3.4,15,0
CUST-5279,6,Month-to-month,70.55,433.95,Fiber optic,Credit card (automatic),0,High,0,0,0,Chat,0,0,1,4.4,18.9,0,0.0,3.0,69,0
CUST-5280,68,Two year,85.0,5607.75,DSL,Credit card (automatic),1,Low,0,0,2,Call,0,0,1,0.1,8.7,0,0.0,3.3,1,0
CUST-5281,52,Month-to-month,85.8,4433.3,Fiber optic,Bank transfer (automatic),1,Medium,0,0,1,Email,0,0,0,24.5,33.7,0,0.0,2.4,23,0
CUST-5282,10,Month-to-month,91.1,964.35,Fiber optic,Electronic check,0,Low,0,0,2,Ticket,0,0,0,30.8,69.2,0,0.0,4.1,178,0
CUST-5283,72,Two year,20.1,1460.85,No,Bank transfer (automatic),0,Medium,1,0,1,Email,0,0,1,6.1,16.0,0,0.0,1.8,160,0
CUST-5284,47,One year,20.05,951.55,No,Mailed check,0,Low,1,0,1,Ticket,0,0,1,32.1,56.9,0,0.0,4.8,169,0
CUST-5285,24,One year,74.8,1821.2,DSL,Mailed check,0,Low,0,0,0,Email,0,0,1,29.4,31.0,0,0.0,5.0,55,0
CUST-5286,65,One year,24.8,1600.95,No,Credit card (automatic),1,Medium,0,0,1,Email,0,0,1,12.0,33.0,0,0.0,5.0,12,0
CUST-5287,4,Month-to-month,100.85,399.25,Fiber optic,Mailed check,0,Medium,1,1,1,Call,0,0,1,50.2,64.2,1,1.1,5.0,39,0
CUST-5288,34,Month-to-month,105.1,3634.8,Fiber optic,Electronic check,2,Low,0,0,2,Chat,0,0,1,33.5,33.6,0,0.0,4.9,3,0
CUST-5289,14,Two year,20.4,292.4,No,Mailed check,2,Low,0,1,2,Email,0,1,0,0.5,3.4,0,1.4,2.4,17,0
CUST-5290,13,One year,20.0,218.55,No,Mailed check,1,Low,0,0,1,Call,1,0,0,41.4,44.3,0,0.0,3.2,2,0
CUST-5291,65,Two year,79.4,5071.9,DSL,Bank transfer (automatic),0,Medium,0,0,0,Ticket,0,0,1,14.0,20.1,0,0.0,4.0,93,0
CUST-5292,23,One year,57.2,1423.35,DSL,Credit card (automatic),3,Medium,0,0,3,Ticket,0,0,1,11.4,17.3,0,0.0,3.1,3,0
CUST-5293,55,Two year,58.6,3068.6,DSL,Electronic check,0,Medium,1,0,0,Email,0,0,1,56.8,61.9,1,0.0,3.5,133,0
CUST-5294,49,Two year,94.8,4690.65,Fiber optic,Electronic check,2,Medium,0,1,3,Ticket,1,0,1,6.0,12.9,0,0.0,4.0,23,0
CUST-5295,60,One year,102.5,6157.6,Fiber optic,Bank transfer (automatic),1,Medium,0,0,2,Chat,0,0,1,10.4,31.5,0,0.0,3.1,15,0
CUST-5296,69,One year,20.35,1442.65,No,Credit card (automatic),0,Medium,1,1,0,Call,0,0,0,3.7,4.3,0,0.2,4.0,85,0
CUST-5297,40,Month-to-month,84.9,3369.05,Fiber optic,Electronic check,1,Medium,0,0,2,Email,0,0,1,37.0,59.5,0,0.0,3.5,25,0
CUST-5298,67,Two year,69.2,4671.65,DSL,Credit card (automatic),0,Medium,1,0,0,Chat,1,0,1,1.3,31.4,0,0.0,4.4,159,0
CUST-5299,13,Two year,20.85,272.35,No,Mailed check,0,High,1,1,1,Call,0,0,1,0.3,2.5,0,0.5,1.7,118,0
CUST-5300,41,Month-to-month,88.5,3645.05,Fiber optic,Bank transfer (automatic),1,Low,0,0,1,Call,0,0,0,3.0,8.4,0,0.0,3.6,22,0
CUST-5301,4,Month-to-month,35.0,135.75,DSL,Mailed check,1,Low,0,0,1,Email,0,0,0,18.1,30.7,0,0.0,2.2,21,0
CUST-5302,24,Month-to-month,55.15,1319.85,DSL,Electronic check,1,Low,0,0,1,Ticket,0,0,1,2.2,48.4,0,0.0,4.4,14,0
CUST-5303,5,Month-to-month,50.95,229.4,DSL,Credit card (automatic),1,Medium,0,0,1,Call,0,0,1,45.6,69.7,0,0.0,3.6,7,0
CUST-5304,5,Month-to-month,64.0,370.25,DSL,Electronic check,1,Low,0,0,1,Call,0,0,1,20.4,36.6,0,0.0,4.2,16,0
CUST-5305,72,Two year,80.2,5714.2,DSL,Bank transfer (automatic),0,Low,0,0,0,Ticket,0,2,1,20.7,54.3,0,0.0,1.7,169,0
CUST-5306,24,Month-to-month,49.3,1233.25,DSL,Credit card (automatic),1,High,1,2,2,Ticket,0,0,0,64.8,113.2,1,6.5,4.3,28,0
CUST-5307,42,Two year,84.35,3571.6,DSL,Credit card (automatic),0,High,0,0,0,Email,0,0,1,1.1,28.5,0,0.0,4.0,131,0
CUST-5308,4,Month-to-month,20.05,83.3,No,Mailed check,0,High,1,0,1,Email,0,0,0,19.0,21.5,0,0.0,5.0,102,0
CUST-5309,68,One year,117.2,8035.95,Fiber optic,Credit card (automatic),1,Low,0,0,1,Call,1,0,1,41.3,56.3,0,0.0,3.9,7,0
CUST-5310,33,One year,20.1,579.4,No,Mailed check,0,High,1,0,1,Ticket,0,0,0,17.3,23.4,0,0.0,5.0,46,0
CUST-5311,69,Two year,109.95,7634.25,Fiber optic,Electronic check,0,Low,0,0,0,Email,0,0,1,11.1,31.5,0,0.0,3.2,115,0
CUST-5312,38,Month-to-month,94.75,3653.0,Fiber optic,Electronic check,1,Low,0,0,1,Email,0,0,0,0.4,1.1,0,0.0,4.4,2,0
CUST-5313,3,Month-to-month,80.0,241.3,Fiber optic,Electronic check,0,Low,0,0,1,Ticket,0,0,0,3.4,24.6,0,0.0,4.3,68,0
CUST-5314,48,Two year,79.65,3870.3,DSL,Electronic check,0,Medium,2,0,0,Ticket,0,1,1,45.7,49.8,0,0.0,3.8,112,0
CUST-5315,15,Two year,25.2,387.9,No,Mailed check,1,Low,1,0,1,Call,1,0,0,69.2,86.9,1,0.0,3.1,4,0
CUST-5316,25,One year,19.9,527.5,No,Credit card (automatic),2,Medium,0,0,2,Ticket,0,0,1,12.2,14.4,0,0.0,3.1,11,0
CUST-5317,48,Month-to-month,44.8,2104.55,DSL,Electronic check,1,Medium,2,1,1,Email,0,0,1,41.2,41.8,0,2.3,4.1,1,0
CUST-5318,1,Month-to-month,20.3,20.3,No,Mailed check,1,Low,0,2,1,Ticket,0,0,1,11.7,24.3,0,0.0,3.8,13,0
CUST-5319,1,Month-to-month,19.2,19.2,No,Electronic check,1,Low,0,1,3,Chat,1,0,0,3.1,10.2,0,1.1,4.6,4,0
CUST-5320,37,One year,80.05,3019.1,Fiber optic,Electronic check,0,Low,0,0,1,Call,0,0,0,1.6,24.1,0,0.0,3.3,115,0
CUST-5321,66,One year,107.35,7051.95,Fiber optic,Bank transfer (automatic),3,High,0,1,4,Ticket,0,0,1,32.2,61.5,0,4.4,3.0,12,0
CUST-5322,26,One year,47.85,1190.5,DSL,Bank transfer (automatic),1,Low,0,0,1,Call,0,0,1,50.0,56.3,1,0.0,2.9,19,0
CUST-5323,63,One year,70.8,4448.8,DSL,Credit card (automatic),2,Low,0,0,2,Ticket,0,0,1,9.5,21.0,0,0.0,2.2,6,0
CUST-5324,18,Month-to-month,59.1,1011.05,DSL,Credit card (automatic),1,Low,1,0,1,Chat,0,0,0,2.4,6.4,0,0.0,4.0,14,0
CUST-5325,64,Two year,25.55,1714.95,No,Mailed check,1,High,0,1,3,Email,0,0,1,33.8,37.4,0,6.4,3.7,22,0
CUST-5326,28,Month-to-month,20.25,535.35,No,Mailed check,0,Low,1,0,1,Email,0,1,0,7.6,31.1,0,0.0,4.3,124,0
CUST-5327,1,Month-to-month,75.55,75.55,Fiber optic,Electronic check,0,Low,1,1,1,Email,0,0,1,12.0,13.9,0,0.9,3.8,153,0
CUST-5328,66,One year,95.3,6273.4,Fiber optic,Electronic check,1,Low,0,3,1,Call,0,0,1,89.8,96.9,1,0.6,4.0,5,0
CUST-5329,1,Month-to-month,70.25,70.25,Fiber optic,Electronic check,0,High,0,1,1,Email,0,0,1,20.4,27.7,0,1.5,3.6,152,0
CUST-5330,18,Month-to-month,50.3,908.75,DSL,Mailed check,0,Low,0,0,1,Email,0,0,0,23.0,33.6,0,0.0,4.1,131,0
CUST-5331,0,Two year,19.85,1397.475,No,Mailed check,1,Medium,0,0,2,Call,0,0,0,5.9,17.9,0,0.0,3.6,4,0
CUST-5332,12,Two year,19.35,212.3,No,Bank transfer (automatic),0,Low,0,0,0,Call,1,0,1,5.3,12.1,0,0.0,3.5,121,0
CUST-5333,12,Month-to-month,25.0,316.2,No,Electronic check,2,High,0,0,2,Email,0,0,0,6.3,13.3,0,0.0,3.6,8,0
CUST-5334,55,Two year,20.3,1079.05,No,Mailed check,2,Medium,0,0,2,Ticket,0,0,1,16.4,28.1,0,0.0,3.1,7,0
CUST-5335,7,Month-to-month,75.35,564.65,Fiber optic,Electronic check,0,Medium,0,0,0,Chat,0,0,1,49.9,64.4,1,0.0,3.1,67,0
CUST-5336,68,Two year,88.0,6161.9,DSL,Credit card (automatic),1,Low,3,0,1,Call,0,1,1,20.8,39.7,0,0.0,4.0,21,0
CUST-5337,49,Month-to-month,43.8,2106.05,DSL,Mailed check,0,Low,0,1,1,Chat,0,1,1,6.1,19.9,0,0.4,4.6,43,0
CUST-5338,40,One year,62.05,2511.55,DSL,Credit card (automatic),1,Low,0,0,1,Chat,0,0,0,18.5,18.6,0,0.0,3.6,2,0
CUST-5339,16,One year,20.1,318.6,No,Bank transfer (automatic),1,Medium,1,0,3,Call,0,0,0,2.7,5.8,0,0.0,3.6,26,0
CUST-5340,72,One year,101.35,7323.15,Fiber optic,Electronic check,1,High,0,0,1,Chat,0,2,1,10.0,11.8,0,0.0,5.0,9,0
CUST-5341,2,Month-to-month,84.05,186.05,Fiber optic,Electronic check,2,Low,0,0,2,Ticket,1,0,0,39.5,59.5,0,0.0,4.3,6,0
CUST-5342,23,Two year,20.9,454.0,No,Mailed check,0,High,0,0,0,Email,0,0,1,5.2,13.0,0,0.0,4.2,87,0
CUST-5343,71,One year,105.9,7521.95,Fiber optic,Electronic check,3,Low,0,1,3,Ticket,0,0,1,14.7,20.5,0,1.8,2.9,6,0
CUST-5344,12,Month-to-month,85.05,999.8,Fiber optic,Credit card (automatic),1,High,1,0,2,Chat,0,0,1,1.4,18.1,0,0.0,4.4,13,0
CUST-5345,54,One year,44.1,2369.7,DSL,Bank transfer (automatic),2,Low,0,1,2,Email,0,0,1,1.6,2.6,0,1.9,3.5,29,0
CUST-5346,68,Two year,90.2,6297.65,Fiber optic,Credit card (automatic),0,Low,0,0,0,Call,0,0,1,1.3,15.9,0,0.0,4.7,48,0
CUST-5347,27,Month-to-month,53.45,1461.45,DSL,Mailed check,0,Low,0,1,0,Ticket,0,0,1,4.2,13.1,0,1.9,4.6,69,0
CUST-5348,21,Month-to-month,19.95,416.4,No,Mailed check,1,Medium,0,0,3,Email,0,0,0,10.9,17.5,0,0.0,4.4,12,0
CUST-5349,64,Month-to-month,74.65,4869.35,DSL,Credit card (automatic),2,Medium,1,1,2,Call,0,0,0,44.3,57.3,0,0.7,2.5,1,0
CUST-5350,57,Two year,57.5,3265.95,DSL,Bank transfer (automatic),1,Low,0,0,2,Ticket,0,0,0,7.7,8.0,0,0.0,4.2,6,0
CUST-5351,19,Two year,19.65,358.15,No,Mailed check,1,Medium,0,0,1,Ticket,1,0,0,18.0,19.3,0,0.0,1.3,29,0
CUST-5352,31,One year,93.8,2939.8,Fiber optic,Electronic check,0,Low,0,0,1,Ticket,2,0,1,14.6,20.7,0,0.0,5.0,118,0
CUST-5353,52,Two year,89.25,4652.4,DSL,Mailed check,2,Low,0,0,3,Ticket,1,0,1,2.8,4.0,0,0.0,4.5,26,0
CUST-5354,46,One year,94.15,4408.45,Fiber optic,Electronic check,0,Low,1,0,0,Chat,0,0,0,11.6,19.5,0,0.0,4.3,124,0
CUST-5355,11,Month-to-month,55.6,580.8,DSL,Electronic check,0,Medium,2,1,0,Call,0,0,1,2.7,13.6,0,0.6,3.9,108,0
CUST-5356,53,Month-to-month,48.7,2495.2,DSL,Bank transfer (automatic),1,Medium,1,0,2,Email,2,1,1,6.7,19.1,0,0.0,3.7,5,0
CUST-5357,57,Month-to-month,104.9,5913.95,Fiber optic,Bank transfer (automatic),1,Medium,0,0,1,Call,0,0,0,1.9,5.2,0,0.0,4.4,4,0
CUST-5358,71,Two year,19.9,1389.35,No,Bank transfer (automatic),2,Medium,0,0,3,Chat,0,0,1,4.4,21.7,0,0.0,4.1,11,0
CUST-5359,1,Month-to-month,19.4,19.4,No,Mailed check,0,Low,0,1,0,Chat,0,0,1,8.4,9.5,0,0.1,3.5,105,0
CUST-5360,68,Two year,25.05,1629.2,No,Credit card (automatic),1,Medium,1,0,1,Email,0,0,1,17.6,49.3,0,0.0,2.8,27,0
CUST-5361,72,Two year,84.45,6033.1,DSL,Mailed check,0,Low,0,0,1,Email,0,0,0,2.7,4.4,0,0.0,5.0,91,0
CUST-5362,2,Month-to-month,19.3,44.4,No,Mailed check,0,Medium,1,0,1,Call,0,0,0,16.3,23.1,0,0.0,3.9,151,0
CUST-5363,41,One year,79.85,3320.75,DSL,Bank transfer (automatic),2,Low,0,0,2,Ticket,2,0,1,5.0,5.5,0,0.0,5.0,6,0
CUST-5364,72,Two year,25.55,1867.7,No,Credit card (automatic),1,Medium,0,0,1,Email,0,0,1,1.2,9.2,0,0.0,3.1,11,0
CUST-5365,58,One year,68.4,3972.25,DSL,Electronic check,3,Medium,1,0,3,Call,0,0,1,45.0,76.3,0,0.0,1.7,21,0
CUST-5366,7,Month-to-month,20.65,155.9,No,Mailed check,3,Low,1,0,3,Email,1,0,1,0.9,3.8,0,0.0,3.0,19,0
CUST-5367,65,Month-to-month,55.15,3673.15,DSL,Mailed check,1,Medium,1,1,1,Chat,0,0,0,33.2,61.6,0,0.4,2.7,3,0
CUST-5368,1,Month-to-month,70.6,70.6,Fiber optic,Mailed check,0,Low,0,0,1,Chat,1,0,1,22.9,31.3,0,0.0,3.7,68,0
CUST-5369,56,One year,19.95,1126.75,No,Credit card (automatic),0,Low,0,0,0,Ticket,0,1,0,6.2,7.6,0,0.0,4.2,42,0
CUST-5370,4,Month-to-month,19.0,73.45,No,Mailed check,1,Medium,0,0,1,Ticket,0,0,0,22.8,40.5,0,0.0,2.8,23,0
CUST-5371,58,One year,44.1,2413.05,DSL,Mailed check,1,Medium,0,0,2,Ticket,1,0,1,5.5,12.4,0,0.0,4.3,24,0
CUST-5372,62,Two year,107.6,6912.7,Fiber optic,Bank transfer (automatic),1,Low,0,0,2,Ticket,0,0,1,28.4,36.3,0,0.0,3.6,26,0
CUST-5373,26,One year,61.55,1581.95,DSL,Electronic check,0,Low,0,1,0,Email,0,0,1,1.9,13.3,0,1.2,5.0,140,0
CUST-5374,62,Month-to-month,90.7,5586.45,Fiber optic,Bank transfer (automatic),0,Medium,1,0,1,Call,0,0,0,0.6,21.8,0,0.0,2.7,111,0
CUST-5375,58,One year,99.25,5846.65,Fiber optic,Credit card (automatic),2,Medium,2,0,2,Chat,0,0,1,2.7,9.0,0,0.0,4.5,29,0
CUST-5376,68,Two year,91.7,6424.7,DSL,Electronic check,1,Low,0,0,1,Call,0,0,1,22.8,39.6,0,0.0,4.4,28,0
CUST-5377,61,One year,100.7,6018.65,Fiber optic,Credit card (automatic),1,High,0,0,2,Chat,0,1,1,61.7,63.8,1,0.0,3.5,19,0
CUST-5378,42,Two year,78.45,3373.4,DSL,Credit card (automatic),0,Medium,1,1,0,Email,0,0,0,19.0,19.6,0,0.8,1.9,123,0
CUST-5379,18,Month-to-month,84.3,1537.9,Fiber optic,Bank transfer (automatic),1,Low,0,1,2,Email,0,0,1,37.7,38.3,0,4.0,4.1,13,0
CUST-5380,56,Two year,19.55,1080.55,No,Bank transfer (automatic),2,Low,0,1,2,Ticket,0,0,1,0.5,1.0,0,11.7,3.9,6,0
CUST-5381,4,Month-to-month,20.45,82.85,No,Credit card (automatic),0,Low,0,0,0,Email,1,0,0,9.5,18.5,0,0.0,3.0,76,0
CUST-5382,35,One year,55.6,2016.45,DSL,Credit card (automatic),1,Medium,1,1,1,Chat,0,0,0,15.4,21.4,0,6.0,3.0,25,0
CUST-5383,64,Month-to-month,86.8,5327.25,Fiber optic,Bank transfer (automatic),0,Low,1,0,0,Ticket,0,1,1,9.4,27.8,0,0.0,4.8,116,0
CUST-5384,31,One year,20.95,683.25,No,Mailed check,1,High,0,0,2,Email,0,0,0,22.6,22.6,0,0.0,2.2,8,0
CUST-5385,67,Two year,20.05,1263.05,No,Bank transfer (automatic),1,Low,2,0,1,Email,1,1,0,4.5,17.9,0,0.0,4.2,20,0
CUST-5386,70,Two year,113.65,7714.65,Fiber optic,Electronic check,0,Medium,0,1,0,Email,0,0,1,5.5,11.1,0,0.9,4.8,74,0
CUST-5387,2,Two year,59.5,130.5,DSL,Mailed check,1,Low,0,0,2,Call,0,0,0,12.7,20.4,0,0.0,5.0,12,0
CUST-5388,29,Month-to-month,87.8,2621.75,Fiber optic,Credit card (automatic),1,High,1,0,1,Email,0,0,1,19.7,21.4,0,0.0,4.0,23,0
CUST-5389,47,Two year,41.9,1875.25,DSL,Mailed check,1,Medium,0,0,3,Call,0,0,1,2.5,19.9,0,0.0,1.7,3,0
CUST-5390,12,Month-to-month,69.85,837.5,DSL,Mailed check,1,Low,0,2,1,Ticket,0,0,1,6.4,30.9,0,0.5,3.8,7,0
CUST-5391,8,Month-to-month,56.3,401.5,DSL,Bank transfer (automatic),1,High,0,0,1,Call,0,0,1,5.9,6.4,0,0.0,4.0,8,0
CUST-5392,54,Month-to-month,109.55,6118.95,Fiber optic,Electronic check,1,Low,0,0,1,Chat,0,0,0,11.9,16.9,0,0.0,2.5,12,0
CUST-5393,69,Two year,92.15,6480.9,Fiber optic,Mailed check,1,Medium,0,0,1,Email,0,1,1,60.0,66.4,1,0.0,4.8,4,0
CUST-5394,26,Month-to-month,69.5,1800.05,DSL,Bank transfer (automatic),0,Medium,1,0,0,Ticket,0,0,1,8.9,32.2,0,0.0,4.2,54,0
CUST-5395,72,Two year,97.0,7104.2,Fiber optic,Bank transfer (automatic),1,Medium,0,0,1,Chat,0,0,0,35.2,54.3,0,0.0,3.8,2,0
CUST-5396,70,Two year,58.35,4214.25,DSL,Bank transfer (automatic),1,High,0,1,1,Email,0,0,1,9.2,18.8,0,0.4,5.0,21,0
CUST-5397,28,One year,70.4,1992.2,Fiber optic,Bank transfer (automatic),2,High,0,0,4,Call,0,0,0,7.0,9.4,0,0.0,3.5,29,0
CUST-5398,21,Month-to-month,94.3,1948.35,Fiber optic,Electronic check,2,High,0,1,2,Chat,0,0,1,1.7,11.4,0,0.2,3.7,14,0
CUST-5399,53,One year,19.55,1007.9,No,Bank transfer (automatic),0,Low,0,0,1,Call,0,1,0,22.3,29.3,0,0.0,4.6,131,0
CUST-5400,53,One year,95.95,5036.9,Fiber optic,Electronic check,1,Low,0,0,1,Email,0,0,0,6.1,34.1,0,0.0,3.0,7,0
CUST-5401,70,Two year,94.8,6859.05,DSL,Credit card (automatic),1,Medium,2,0,2,Chat,0,0,1,21.7,25.5,0,0.0,5.0,25,0
CUST-5402,61,One year,107.75,6521.9,Fiber optic,Electronic check,0,Medium,3,0,0,Email,0,0,0,8.2,27.2,0,0.0,2.3,41,0
CUST-5403,11,One year,54.6,617.85,DSL,Mailed check,2,Medium,0,0,3,Chat,0,0,1,0.3,10.3,0,0.0,3.4,5,0
CUST-5404,2,Month-to-month,71.3,157.75,Fiber optic,Credit card (automatic),3,Low,0,0,3,Email,0,0,1,3.1,3.5,0,0.0,4.0,5,0
CUST-5405,25,One year,19.5,516.3,No,Bank transfer (automatic),0,Medium,0,1,1,Call,0,2,0,27.0,30.5,0,0.9,5.0,106,0
CUST-5406,41,One year,56.3,2364.0,DSL,Credit card (automatic),3,High,0,0,3,Ticket,0,0,0,4.4,6.1,0,0.0,4.8,23,0
CUST-5407,71,Two year,90.55,6239.05,DSL,Credit card (automatic),0,Low,0,0,1,Call,0,0,0,4.7,12.3,0,0.0,3.6,146,0
CUST-5408,34,One year,60.8,2042.05,DSL,Mailed check,1,Low,0,0,1,Ticket,1,0,1,7.3,26.2,0,0.0,2.1,21,0
CUST-5409,29,Month-to-month,98.8,2807.1,Fiber optic,Credit card (automatic),4,Low,1,0,4,Chat,0,0,1,3.7,14.3,0,0.0,4.9,24,0
CUST-5410,40,One year,98.15,4116.8,Fiber optic,Credit card (automatic),3,Low,0,0,3,Email,0,1,0,13.9,18.7,0,0.0,2.7,16,0
CUST-5411,36,One year,35.35,1317.95,DSL,Mailed check,2,Medium,0,0,4,Email,0,0,1,13.0,28.6,0,0.0,4.3,26,0
CUST-5412,46,One year,103.15,4594.65,Fiber optic,Electronic check,2,High,0,1,2,Call,0,0,1,18.0,29.6,0,5.0,3.8,4,0
CUST-5413,58,One year,107.75,6332.75,Fiber optic,Electronic check,2,Low,0,0,2,Ticket,0,1,1,61.3,62.2,1,0.0,4.1,15,0
CUST-5414,39,One year,81.4,3213.75,Fiber optic,Credit card (automatic),2,Medium,0,1,2,Ticket,0,0,1,2.3,3.7,0,1.2,2.3,11,0
CUST-5415,52,One year,95.7,4976.15,Fiber optic,Credit card (automatic),0,Medium,1,0,0,Chat,0,0,1,8.7,10.0,0,0.0,3.6,67,0
CUST-5416,70,One year,104.8,7308.95,Fiber optic,Electronic check,3,Low,0,1,3,Email,0,0,1,12.5,17.1,0,1.3,3.6,24,0
CUST-5417,65,One year,70.95,4555.2,Fiber optic,Bank transfer (automatic),0,Medium,0,0,1,Ticket,0,0,0,42.2,52.5,0,0.0,5.0,40,0
CUST-5418,1,Month-to-month,44.95,44.95,DSL,Mailed check,1,Medium,1,0,2,Ticket,0,0,1,18.0,50.1,0,0.0,5.0,11,0
CUST-5419,70,One year,97.65,6982.5,Fiber optic,Electronic check,3,Medium,0,0,4,Email,0,0,1,9.9,23.1,0,0.0,2.4,1,0
CUST-5420,29,Month-to-month,35.65,1025.15,DSL,Mailed check,2,Low,0,0,2,Call,0,0,0,1.0,15.7,0,0.0,3.3,28,0
CUST-5421,67,Two year,85.25,5714.2,DSL,Mailed check,1,Medium,0,0,1,Email,0,0,0,25.5,26.7,0,0.0,1.9,2,0
CUST-5422,1,Month-to-month,19.5,19.5,No,Mailed check,0,Low,1,0,0,Ticket,0,0,1,14.7,16.0,0,0.0,4.6,90,0
CUST-5423,30,Two year,25.1,789.55,No,Mailed check,4,Low,0,0,4,Call,0,0,1,20.3,22.1,0,0.0,2.7,23,0
CUST-5424,48,Month-to-month,100.05,4834.0,Fiber optic,Credit card (automatic),0,Low,0,1,0,Chat,0,0,1,6.9,17.4,0,2.2,2.9,72,0
CUST-5425,55,Month-to-month,55.7,3131.8,DSL,Electronic check,2,Low,0,0,2,Email,1,0,1,5.3,21.7,0,0.0,2.8,9,0
CUST-5426,37,Month-to-month,91.15,3369.25,Fiber optic,Electronic check,4,Low,0,1,4,Email,0,0,1,18.1,36.9,0,4.9,4.3,13,0
CUST-5427,31,Month-to-month,83.85,2674.15,Fiber optic,Bank transfer (automatic),2,Low,0,0,2,Call,0,0,1,9.9,12.7,0,0.0,3.9,21,0
CUST-5428,4,Month-to-month,45.9,199.75,DSL,Electronic check,0,Medium,0,0,0,Ticket,0,0,1,7.8,23.2,0,0.0,3.4,65,0
CUST-5429,72,Two year,25.1,1790.8,No,Credit card (automatic),1,Medium,0,1,2,Call,0,0,1,4.3,9.0,0,0.8,4.3,29,0
CUST-5430,1,Month-to-month,19.7,19.7,No,Mailed check,1,Low,0,1,1,Email,0,0,1,9.4,19.2,0,1.0,3.2,19,0
CUST-5431,15,Month-to-month,91.5,1400.3,Fiber optic,Electronic check,2,Low,1,0,2,Call,0,0,1,48.9,57.5,1,0.0,2.8,29,0
CUST-5432,8,Month-to-month,51.3,411.6,DSL,Credit card (automatic),0,Medium,1,0,0,Call,0,0,1,2.1,3.0,0,0.0,3.3,42,0
CUST-5433,35,One year,21.1,741.0,No,Mailed check,0,Low,0,1,0,Chat,0,0,1,3.2,25.3,0,2.2,3.3,169,0
CUST-5434,56,Month-to-month,104.75,5841.35,Fiber optic,Electronic check,0,Low,0,0,1,Ticket,0,0,0,16.7,32.7,0,0.0,4.2,45,0
CUST-5435,65,Month-to-month,85.75,5688.45,Fiber optic,Electronic check,0,Medium,1,0,0,Call,1,0,1,5.0,18.5,0,0.0,3.3,67,0
CUST-5436,2,One year,20.3,31.9,No,Mailed check,2,Low,0,0,2,Email,0,0,1,36.9,41.9,0,0.0,3.4,28,0
CUST-5437,65,One year,100.75,6674.65,Fiber optic,Electronic check,0,Low,0,0,0,Call,0,0,0,34.2,91.9,0,0.0,3.5,128,0
CUST-5438,18,Month-to-month,74.15,1345.75,Fiber optic,Electronic check,1,Low,0,0,1,Ticket,0,0,1,9.8,10.6,0,0.0,3.4,19,0
CUST-5439,23,One year,78.55,1843.05,DSL,Electronic check,0,Low,0,0,0,Ticket,0,0,1,20.5,24.8,0,0.0,4.2,145,0
CUST-5440,70,Two year,19.85,1433.8,No,Credit card (automatic),1,High,1,0,1,Email,0,0,1,26.9,28.6,0,0.0,4.9,13,0
CUST-5441,4,Month-to-month,50.7,214.55,DSL,Electronic check,0,Low,0,0,0,Ticket,1,0,1,7.2,10.4,0,0.0,4.4,123,0
CUST-5442,19,Month-to-month,45.0,865.85,DSL,Bank transfer (automatic),0,Medium,1,0,0,Email,0,1,0,6.9,14.0,0,0.0,4.0,50,0
CUST-5443,18,Month-to-month,77.8,1358.6,Fiber optic,Electronic check,1,Medium,0,0,1,Ticket,0,1,1,0.0,11.4,0,0.0,2.8,18,0
CUST-5444,38,Month-to-month,83.45,3147.15,Fiber optic,Electronic check,0,Low,0,0,0,Call,0,1,0,4.8,6.1,0,0.0,3.9,174,0
CUST-5445,47,One year,94.8,4535.85,Fiber optic,Bank transfer (automatic),0,Low,0,1,1,Email,0,0,1,20.6,31.0,0,3.2,3.9,117,0
CUST-5446,52,Two year,20.1,1078.75,No,Bank transfer (automatic),1,Medium,0,0,2,Ticket,0,0,0,10.5,28.6,0,0.0,4.5,6,0
CUST-5447,9,Month-to-month,59.9,542.4,DSL,Mailed check,0,High,0,0,0,Chat,0,0,1,17.9,48.2,0,0.0,3.6,123,0
CUST-5448,26,One year,90.1,2312.55,DSL,Credit card (automatic),1,Low,1,0,2,Chat,1,0,0,4.6,7.4,0,0.0,4.1,4,0
CUST-5449,44,One year,70.95,3250.45,DSL,Electronic check,1,Low,1,0,1,Email,0,0,0,16.9,43.6,0,0.0,2.6,22,0
CUST-5450,3,Month-to-month,29.2,98.5,DSL,Mailed check,0,Medium,0,1,1,Chat,0,0,0,5.0,29.6,0,1.3,4.7,96,0
CUST-5451,2,Month-to-month,46.6,87.9,DSL,Bank transfer (automatic),1,Low,0,1,1,Call,1,0,1,22.0,26.0,0,4.8,4.7,24,0
CUST-5452,25,Month-to-month,74.3,1952.25,Fiber optic,Bank transfer (automatic),0,Low,0,0,1,Call,0,0,1,3.1,17.0,0,0.0,4.1,82,0
CUST-5453,2,Month-to-month,69.3,153.8,Fiber optic,Electronic check,1,Low,0,0,1,Ticket,0,0,1,6.2,20.3,0,0.0,3.5,14,0
CUST-5454,58,One year,94.3,5610.15,Fiber optic,Electronic check,4,Low,0,0,4,Call,0,0,0,4.2,39.5,0,0.0,1.7,12,0
CUST-5455,59,Two year,76.45,4519.5,DSL,Mailed check,1,Low,2,0,2,Email,0,0,0,0.5,3.6,0,0.0,5.0,21,0
CUST-5456,44,One year,54.0,2440.25,DSL,Electronic check,0,Low,1,0,0,Call,0,0,1,43.8,44.9,0,0.0,4.1,167,0
CUST-5457,66,One year,104.25,6860.6,Fiber optic,Electronic check,2,Medium,0,0,4,Ticket,0,0,0,1.4,11.3,0,0.0,3.3,2,0
CUST-5458,68,Two year,19.95,1377.7,No,Bank transfer (automatic),1,Medium,0,0,1,Call,0,0,1,9.7,13.2,0,0.0,4.0,19,0
CUST-5459,9,Month-to-month,24.95,190.25,DSL,Electronic check,1,Low,1,0,2,Ticket,0,0,1,7.9,11.1,0,0.0,2.7,2,0
CUST-5460,19,Month-to-month,84.75,1651.95,Fiber optic,Electronic check,1,Low,1,0,1,Email,0,0,0,3.6,34.4,0,0.0,3.9,7,0
CUST-5461,4,Month-to-month,19.75,78.3,No,Mailed check,3,Medium,0,0,4,Chat,2,0,1,10.6,26.0,0,0.0,3.4,25,0
CUST-5462,70,Two year,113.65,7939.25,Fiber optic,Bank transfer (automatic),1,Low,0,0,2,Call,0,0,0,12.6,25.9,0,0.0,2.5,3,0
CUST-5463,1,Month-to-month,44.9,44.9,DSL,Mailed check,0,Low,1,1,2,Ticket,0,0,1,5.6,42.1,0,1.9,3.8,31,0
CUST-5464,8,Month-to-month,75.25,576.7,Fiber optic,Electronic check,1,Low,0,0,2,Email,3,0,1,13.4,14.3,0,0.0,2.6,26,0
CUST-5465,53,Two year,24.6,1279.0,No,Mailed check,0,Low,0,0,2,Chat,0,0,1,18.5,29.1,0,0.0,3.5,54,0
CUST-5466,51,One year,25.0,1260.7,No,Bank transfer (automatic),0,High,0,1,0,Chat,0,0,1,13.2,21.2,0,1.4,2.9,123,0
CUST-5467,11,Month-to-month,20.95,267.35,No,Bank transfer (automatic),1,Medium,0,1,1,Chat,0,0,1,41.1,45.4,0,0.2,4.0,19,0
CUST-5468,60,Two year,110.6,6586.85,Fiber optic,Electronic check,2,Low,0,0,2,Call,1,0,1,2.7,13.3,0,0.0,3.6,12,0
CUST-5469,17,Month-to-month,55.5,934.15,DSL,Credit card (automatic),1,Medium,0,0,1,Chat,0,0,0,32.9,52.2,0,0.0,3.1,4,0
CUST-5470,1,Month-to-month,19.45,19.45,No,Mailed check,0,Low,0,0,0,Chat,0,0,0,2.8,12.7,0,0.0,4.3,163,0
CUST-5471,43,Month-to-month,84.85,3645.6,Fiber optic,Electronic check,0,Low,0,1,0,Chat,0,1,1,10.1,12.4,0,0.3,4.7,149,0
CUST-5472,16,Month-to-month,19.6,314.45,No,Mailed check,1,Low,0,0,2,Call,0,0,0,3.0,12.9,0,0.0,4.8,1,0
CUST-5473,57,One year,53.45,3053.0,DSL,Electronic check,0,Medium,0,1,0,Email,0,0,1,16.7,19.3,0,3.4,3.9,99,0
CUST-5474,37,One year,19.8,677.05,No,Credit card (automatic),0,Low,0,0,1,Chat,0,0,1,7.6,9.6,0,0.0,4.9,30,0
CUST-5475,72,Two year,112.1,7965.95,Fiber optic,Credit card (automatic),2,Low,0,0,2,Email,0,0,1,10.8,20.3,0,0.0,2.0,5,0
CUST-5476,2,Month-to-month,74.2,140.1,Fiber optic,Electronic check,3,Low,0,0,3,Chat,0,0,1,3.2,4.6,0,0.0,4.8,28,0
CUST-5477,17,Month-to-month,69.0,1108.0,DSL,Mailed check,2,Low,0,0,2,Chat,0,0,1,11.5,17.2,0,0.0,3.6,22,0
CUST-5478,16,One year,19.35,295.55,No,Credit card (automatic),0,Medium,0,1,3,Call,0,1,1,24.0,36.6,0,4.1,3.7,56,0
CUST-5479,10,One year,19.8,198.25,No,Mailed check,2,Medium,0,0,2,Chat,0,1,0,49.1,59.6,1,0.0,3.3,6,0
CUST-5480,64,Two year,109.2,6741.15,Fiber optic,Credit card (automatic),0,Medium,0,0,1,Ticket,0,0,1,6.0,14.0,0,0.0,2.8,157,0
CUST-5481,1,Month-to-month,79.15,79.15,Fiber optic,Mailed check,2,Medium,0,0,3,Chat,0,0,1,10.2,13.6,0,0.0,3.9,4,0
CUST-5482,25,One year,53.65,1355.45,DSL,Mailed check,0,High,0,0,0,Email,0,0,0,27.5,31.8,0,0.0,4.9,51,0
CUST-5483,71,Two year,100.2,7209.0,Fiber optic,Credit card (automatic),1,Low,0,1,1,Ticket,0,0,1,14.7,17.7,0,1.1,4.8,14,0
CUST-5484,72,Two year,108.65,7726.35,Fiber optic,Bank transfer (automatic),1,Low,0,0,1,Call,0,0,0,24.2,33.2,0,0.0,3.8,23,0
CUST-5485,49,Month-to-month,40.65,2070.75,DSL,Bank transfer (automatic),0,Low,0,0,0,Ticket,1,0,1,27.7,53.9,0,0.0,3.1,166,0
CUST-5486,29,One year,55.35,1636.95,DSL,Credit card (automatic),0,Low,1,0,0,Ticket,0,0,1,23.8,46.0,0,0.0,2.6,142,0
CUST-5487,72,Two year,105.6,7581.5,Fiber optic,Bank transfer (automatic),0,Low,0,0,0,Ticket,0,0,1,54.7,74.0,1,0.0,2.8,119,0
CUST-5488,50,Month-to-month,95.7,4729.75,Fiber optic,Electronic check,0,Low,0,0,0,Ticket,0,0,1,23.7,27.7,0,0.0,3.6,114,0
CUST-5489,71,Two year,83.2,6126.1,DSL,Electronic check,0,Low,0,0,0,Ticket,0,0,1,2.3,9.9,0,0.0,4.2,110,0
CUST-5490,70,Two year,90.05,6333.4,DSL,Credit card (automatic),1,Medium,0,0,1,Email,0,0,1,29.1,35.0,0,0.0,3.8,1,0
CUST-5491,71,One year,97.65,6687.85,Fiber optic,Credit card (automatic),1,High,0,0,3,Ticket,0,1,1,1.7,10.7,0,0.0,4.0,15,0
CUST-5492,61,Two year,68.05,4158.25,DSL,Bank transfer (automatic),1,Low,0,1,2,Email,0,0,1,9.1,16.2,0,0.1,3.1,28,0
CUST-5493,68,Two year,102.1,7149.35,Fiber optic,Bank transfer (automatic),0,Low,1,0,0,Email,0,1,1,7.8,15.1,0,0.0,4.1,121,0
CUST-5494,62,Two year,23.4,1429.65,No,Bank transfer (automatic),1,Medium,0,0,1,Email,0,0,0,3.1,3.9,0,0.0,2.9,3,0
CUST-5495,7,Month-to-month,71.05,472.65,Fiber optic,Electronic check,2,Low,0,0,2,Call,0,0,1,2.0,4.7,0,0.0,3.1,16,0
CUST-5496,6,One year,19.45,113.5,No,Mailed check,1,Low,0,0,1,Ticket,0,0,0,6.1,11.8,0,0.0,3.7,1,0
CUST-5497,33,Month-to-month,59.45,1884.65,DSL,Bank transfer (automatic),3,Low,0,1,3,Chat,0,0,1,20.9,24.1,0,2.6,4.5,21,0
CUST-5498,28,One year,92.2,2568.15,Fiber optic,Bank transfer (automatic),0,Medium,0,0,0,Call,0,0,1,4.1,29.1,0,0.0,3.4,155,0
CUST-5499,27,Two year,19.85,470.0,No,Credit card (automatic),2,Medium,2,0,3,Chat,0,0,0,63.2,91.1,1,0.0,3.7,27,0
CUST-5500,7,Month-to-month,43.9,278.4,DSL,Mailed check,1,Medium,1,0,2,Ticket,0,0,0,0.1,14.2,0,0.0,2.5,21,0
CUST-5501,30,Month-to-month,90.5,2595.85,Fiber optic,Credit card (automatic),0,Low,0,0,0,Ticket,0,0,1,15.2,52.0,0,0.0,4.1,103,0
CUST-5502,63,One year,90.45,5825.5,Fiber optic,Credit card (automatic),0,Low,0,0,2,Chat,0,0,1,14.7,16.1,0,0.0,3.8,109,0
CUST-5503,53,One year,84.6,4449.75,DSL,Electronic check,1,Low,0,1,1,Email,0,0,0,5.8,10.9,0,0.2,3.9,14,0
CUST-5504,21,Month-to-month,99.15,1956.4,Fiber optic,Bank transfer (automatic),0,High,0,0,0,Ticket,0,0,1,16.3,66.3,0,0.0,4.2,111,0
CUST-5505,17,One year,19.95,310.6,No,Mailed check,1,Medium,0,0,1,Chat,0,0,1,14.8,27.5,0,0.0,4.2,9,0
CUST-5506,16,Two year,20.5,290.55,No,Mailed check,0,Low,1,0,0,Call,0,0,0,21.0,58.2,0,0.0,5.0,71,0
CUST-5507,35,Month-to-month,62.1,2096.1,DSL,Electronic check,1,Medium,0,0,1,Chat,0,1,1,37.2,40.0,0,0.0,4.5,28,0
CUST-5508,32,Month-to-month,79.5,2665.0,Fiber optic,Electronic check,3,Low,0,1,3,Call,0,0,0,1.9,9.1,0,2.7,5.0,26,0
CUST-5509,28,Month-to-month,19.55,543.8,No,Bank transfer (automatic),1,High,0,0,1,Call,0,0,1,32.5,36.0,0,0.0,2.3,20,0
CUST-5510,1,Month-to-month,20.35,20.35,No,Mailed check,2,Medium,0,2,2,Ticket,0,0,1,0.4,28.7,0,2.2,3.9,11,0
CUST-5511,59,Month-to-month,51.7,3005.8,DSL,Electronic check,0,Low,0,0,2,Call,0,1,0,1.1,13.4,0,0.0,3.7,122,0
CUST-5512,72,One year,23.3,1623.15,No,Bank transfer (automatic),2,Medium,0,2,2,Ticket,0,0,1,42.9,56.5,0,3.8,2.3,5,0
CUST-5513,40,Month-to-month,65.1,2586.0,DSL,Mailed check,0,Low,0,2,0,Chat,1,1,1,22.0,33.1,0,6.5,5.0,60,0
CUST-5514,40,Month-to-month,81.2,3292.3,Fiber optic,Electronic check,1,Low,0,0,1,Email,0,0,1,18.5,37.4,0,0.0,4.9,22,0
CUST-5515,63,Two year,74.5,4674.55,DSL,Credit card (automatic),0,Medium,1,0,0,Call,0,0,0,13.1,21.7,0,0.0,5.0,64,0
CUST-5516,3,Month-to-month,80.5,232.35,Fiber optic,Electronic check,0,Medium,1,0,1,Ticket,0,0,1,27.3,51.5,0,0.0,4.0,56,0
CUST-5517,40,One year,60.3,2448.5,DSL,Mailed check,0,Low,0,0,0,Email,2,3,0,23.5,24.0,0,0.0,3.1,54,0
CUST-5518,8,Month-to-month,75.0,658.1,Fiber optic,Mailed check,1,Medium,0,0,1,Call,0,0,0,7.6,26.8,0,0.0,4.4,27,0
CUST-5519,34,One year,90.15,3128.8,Fiber optic,Mailed check,0,Medium,0,0,0,Chat,1,0,0,12.3,12.5,0,0.0,3.9,114,0
CUST-5520,9,Month-to-month,69.05,653.95,DSL,Credit card (automatic),0,Low,0,0,0,Call,0,0,0,11.9,16.7,0,0.0,5.0,104,0
CUST-5521,31,Month-to-month,59.7,1825.5,DSL,Bank transfer (automatic),0,Low,0,0,1,Chat,0,0,0,10.2,17.5,0,0.0,5.0,149,0
CUST-5522,50,One year,19.85,943.1,No,Bank transfer (automatic),1,Medium,0,0,1,Chat,0,2,1,20.6,30.3,0,0.0,3.2,25,0
CUST-5523,9,Month-to-month,40.75,359.4,DSL,Electronic check,1,Low,0,0,1,Chat,0,0,0,30.0,58.1,0,0.0,3.9,25,0
CUST-5524,25,Month-to-month,95.7,2338.35,Fiber optic,Credit card (automatic),0,High,0,1,0,Chat,1,0,1,55.9,83.5,1,2.2,3.2,76,0
CUST-5525,1,Month-to-month,46.3,46.3,DSL,Electronic check,0,Low,0,0,0,Ticket,1,0,0,9.6,30.3,0,0.0,4.9,85,0
CUST-5526,45,Month-to-month,81.3,3541.1,DSL,Mailed check,0,Low,1,0,0,Ticket,1,0,0,21.6,71.0,0,0.0,4.0,57,0
CUST-5527,55,Month-to-month,20.0,1087.25,No,Credit card (automatic),1,Low,0,0,1,Ticket,0,0,1,14.9,19.2,0,0.0,2.7,13,0
CUST-5528,38,Month-to-month,66.15,2522.4,DSL,Bank transfer (automatic),1,Medium,0,1,3,Email,0,0,1,3.6,19.7,0,6.5,2.8,16,0
CUST-5529,38,Month-to-month,19.6,717.3,No,Electronic check,0,Medium,1,0,0,Chat,0,0,1,6.6,7.4,0,0.0,4.0,146,0
CUST-5530,34,Month-to-month,49.8,1734.2,DSL,Electronic check,0,Low,0,2,1,Call,0,0,1,34.0,38.7,0,0.1,3.1,134,0
CUST-5531,70,One year,101.75,7069.3,Fiber optic,Electronic check,1,Low,0,0,2,Email,0,0,1,29.7,34.4,0,0.0,3.5,8,0
CUST-5532,13,One year,55.15,742.9,DSL,Mailed check,1,Medium,0,0,1,Email,0,0,0,34.3,38.0,0,0.0,2.4,17,0
CUST-5533,61,One year,103.95,6423.0,Fiber optic,Electronic check,0,Low,0,0,0,Email,1,0,0,0.8,45.7,0,0.0,3.5,110,0
CUST-5534,41,Two year,99.65,4220.35,Fiber optic,Credit card (automatic),2,Low,0,2,2,Email,0,0,1,82.9,117.6,1,0.7,2.8,19,0
CUST-5535,21,Month-to-month,73.7,1558.7,Fiber optic,Electronic check,1,Low,0,1,1,Call,0,0,0,14.7,20.7,0,0.6,4.5,21,0
CUST-5536,55,One year,50.05,2743.45,DSL,Bank transfer (automatic),0,Low,1,0,0,Chat,0,1,1,12.7,18.3,0,0.0,3.4,73,0
CUST-5537,69,Two year,60.25,4055.5,DSL,Bank transfer (automatic),1,Low,0,0,1,Call,1,0,1,23.9,31.9,0,0.0,3.6,25,0
CUST-5538,69,One year,87.3,6055.55,Fiber optic,Credit card (automatic),1,Low,1,1,2,Chat,0,0,1,2.5,9.2,0,1.7,3.6,21,0
CUST-5539,47,Month-to-month,54.25,2538.2,DSL,Electronic check,2,Low,0,0,2,Email,0,0,0,4.7,9.0,0,0.0,4.2,16,0
CUST-5540,72,Two year,85.3,6129.2,DSL,Bank transfer (automatic),0,Medium,0,0,1,Email,0,0,1,51.3,54.9,1,0.0,5.0,165,0
CUST-5541,33,Month-to-month,50.0,1750.85,DSL,Electronic check,0,Low,1,0,0,Ticket,0,0,1,4.2,36.2,0,0.0,4.0,87,0
CUST-5542,72,Two year,90.95,6652.45,DSL,Credit card (automatic),0,Medium,0,1,1,Ticket,0,0,0,7.4,10.1,0,2.9,2.7,89,0
CUST-5543,37,Month-to-month,72.25,2575.45,Fiber optic,Bank transfer (automatic),2,Medium,1,0,3,Email,1,0,1,5.1,11.2,0,0.0,2.0,9,0
CUST-5544,62,Month-to-month,96.1,6019.35,Fiber optic,Credit card (automatic),0,Low,0,0,0,Email,0,0,1,11.9,26.0,0,0.0,4.3,81,0
CUST-5545,71,Two year,19.85,1379.6,No,Credit card (automatic),2,Medium,1,0,3,Chat,0,0,1,29.3,72.7,0,0.0,3.2,20,0
CUST-5546,23,Month-to-month,55.3,1284.2,DSL,Bank transfer (automatic),0,Low,0,0,0,Email,0,0,1,32.7,47.6,0,0.0,3.8,160,0
CUST-5547,16,One year,20.1,296.15,No,Mailed check,2,Low,1,1,2,Chat,0,0,0,7.1,16.5,0,0.4,4.4,25,0
CUST-5548,9,Month-to-month,69.5,653.25,DSL,Mailed check,2,High,1,0,2,Email,0,0,1,1.4,8.9,0,0.0,4.0,21,0
CUST-5549,17,Two year,25.15,412.6,No,Mailed check,1,Medium,0,0,1,Call,0,0,1,2.1,14.6,0,0.0,3.9,3,0
CUST-5550,24,Month-to-month,79.65,1928.7,Fiber optic,Mailed check,1,High,0,0,1,Email,0,0,1,30.5,44.4,0,0.0,2.3,20,0
CUST-5551,1,Month-to-month,71.25,71.25,Fiber optic,Electronic check,1,Medium,0,0,1,Chat,0,0,1,10.1,69.4,0,0.0,3.7,10,0
CUST-5552,72,Two year,113.8,7845.8,Fiber optic,Bank transfer (automatic),2,Low,0,0,2,Chat,0,0,0,31.0,36.1,0,0.0,3.5,3,0
CUST-5553,72,Two year,24.55,1750.7,No,Electronic check,0,Low,0,0,0,Call,1,0,1,0.3,3.1,0,0.0,2.5,157,0
CUST-5554,11,Month-to-month,19.7,216.2,No,Credit card (automatic),1,Low,0,0,1,Chat,0,0,1,0.6,7.3,0,0.0,3.8,22,0
CUST-5555,60,One year,100.5,6029.0,Fiber optic,Credit card (automatic),1,Medium,0,0,1,Ticket,0,0,1,6.8,10.2,0,0.0,4.1,2,0
CUST-5556,49,Two year,74.45,3721.9,DSL,Bank transfer (automatic),1,High,1,0,2,Call,1,0,1,4.1,4.7,0,0.0,3.3,10,0
CUST-5557,30,Month-to-month,104.1,3121.1,Fiber optic,Electronic check,0,Medium,0,0,0,Email,0,0,0,18.7,59.7,0,0.0,3.8,31,0
CUST-5558,53,One year,19.05,990.45,No,Credit card (automatic),0,Low,0,0,0,Email,0,0,1,15.8,16.6,0,0.0,3.5,43,0
CUST-5559,39,Two year,25.0,1004.35,No,Mailed check,1,Low,0,0,2,Email,1,0,1,40.4,48.3,0,0.0,5.0,27,0
CUST-5560,9,Month-to-month,19.05,157.65,No,Mailed check,0,Medium,0,0,1,Chat,0,0,1,28.0,35.8,0,0.0,3.2,91,0
CUST-5561,39,One year,81.9,3219.75,Fiber optic,Electronic check,2,High,0,0,2,Email,0,0,1,1.9,4.4,0,0.0,3.0,29,0
CUST-5562,8,Month-to-month,69.7,572.85,Fiber optic,Electronic check,2,Low,1,0,2,Email,0,0,1,39.3,49.6,0,0.0,2.8,20,0
CUST-5563,51,One year,90.15,4554.85,Fiber optic,Electronic check,0,Low,0,1,1,Email,0,0,1,2.3,23.2,0,1.9,4.3,120,0
CUST-5564,71,Two year,25.35,1847.55,No,Credit card (automatic),2,Low,1,0,2,Ticket,0,0,1,3.9,29.0,0,0.0,3.5,5,0
CUST-5565,71,Two year,24.65,1766.75,No,Mailed check,0,Low,0,0,1,Ticket,0,0,0,12.7,18.1,0,0.0,1.9,89,0
CUST-5566,70,Two year,19.55,1462.05,No,Credit card (automatic),0,Medium,0,0,1,Ticket,0,0,0,2.1,4.7,0,0.0,5.0,82,0
CUST-5567,38,Two year,60.0,2193.2,DSL,Bank transfer (automatic),1,Low,0,0,1,Email,0,0,1,4.6,13.1,0,0.0,2.3,4,0
CUST-5568,28,Month-to-month,89.9,2433.5,Fiber optic,Credit card (automatic),0,Medium,0,0,2,Email,0,0,0,10.7,12.2,0,0.0,2.6,168,0
CUST-5569,32,Month-to-month,19.4,641.15,No,Bank transfer (automatic),2,Low,0,1,3,Chat,0,0,0,5.1,27.9,0,0.6,3.7,27,0
CUST-5570,49,Two year,49.8,2398.4,DSL,Mailed check,0,Low,0,0,0,Chat,0,0,0,52.7,60.1,1,0.0,4.1,126,0
CUST-5571,37,Two year,24.1,861.85,No,Bank transfer (automatic),1,Low,0,0,2,Chat,1,0,1,3.2,29.6,0,0.0,3.2,6,0
CUST-5572,10,Month-to-month,54.25,583.0,DSL,Electronic check,2,Medium,0,0,2,Chat,0,0,1,15.3,15.8,0,0.0,2.7,9,0
CUST-5573,67,One year,109.9,7332.4,Fiber optic,Credit card (automatic),0,Medium,0,1,0,Email,0,0,0,12.4,34.8,0,3.3,4.3,169,0
CUST-5574,7,One year,35.5,249.55,DSL,Credit card (automatic),1,Low,0,0,2,Chat,0,0,0,10.8,14.5,0,0.0,4.3,2,0
CUST-5575,51,One year,87.55,4475.9,Fiber optic,Credit card (automatic),1,Low,0,0,1,Call,0,0,0,4.8,42.1,0,0.0,3.6,25,0
CUST-5576,9,Month-to-month,88.4,788.6,Fiber optic,Mailed check,1,Low,0,1,1,Email,0,0,1,3.8,4.8,0,0.5,3.0,24,0
CUST-5577,4,Month-to-month,50.8,202.3,DSL,Mailed check,4,Low,0,0,4,Email,0,0,1,6.5,28.4,0,0.0,4.3,20,0
CUST-5578,71,Two year,99.0,6994.6,Fiber optic,Electronic check,0,Medium,1,0,1,Call,0,0,1,16.2,25.3,0,0.0,3.9,47,0
CUST-5579,24,Two year,96.55,2263.45,Fiber optic,Electronic check,3,Medium,0,0,3,Chat,1,0,1,15.7,18.2,0,0.0,3.3,27,0
CUST-5580,22,One year,59.75,1374.35,DSL,Bank transfer (automatic),1,Low,1,0,1,Call,0,0,1,26.7,33.4,0,0.0,3.9,2,0
CUST-5581,44,Month-to-month,111.5,4915.15,Fiber optic,Electronic check,1,Medium,0,0,1,Chat,0,1,1,6.5,10.8,0,0.0,4.3,14,0
CUST-5582,33,Month-to-month,24.25,838.5,No,Bank transfer (automatic),0,Medium,0,1,2,Call,1,0,1,22.3,25.5,0,1.4,4.0,80,0
CUST-5583,1,Month-to-month,20.5,20.5,No,Mailed check,0,Low,0,0,0,Email,0,0,1,38.5,50.2,0,0.0,3.7,49,0
CUST-5584,30,One year,70.4,2044.75,DSL,Electronic check,1,Low,0,1,1,Chat,0,0,1,35.1,48.6,0,0.2,3.2,26,0
CUST-5585,1,Month-to-month,30.55,30.55,DSL,Mailed check,0,Medium,1,0,0,Chat,0,0,1,11.3,12.6,0,0.0,3.0,137,0
CUST-5586,16,Month-to-month,84.9,1398.25,DSL,Electronic check,0,Medium,1,0,1,Chat,1,0,1,19.5,35.0,0,0.0,3.5,157,0
CUST-5587,71,Two year,54.5,3778.2,DSL,Bank transfer (automatic),0,Low,0,1,0,Email,0,0,1,32.1,40.0,0,0.0,3.6,50,0
CUST-5588,43,Month-to-month,75.35,3161.4,Fiber optic,Credit card (automatic),1,Medium,0,0,1,Chat,0,0,1,3.0,12.1,0,0.0,3.9,28,0
CUST-5589,50,One year,44.45,2188.45,DSL,Bank transfer (automatic),0,Low,1,0,1,Call,0,0,0,56.8,73.1,1,0.0,5.0,137,0
CUST-5590,41,Month-to-month,98.05,3990.6,Fiber optic,Bank transfer (automatic),2,Medium,0,0,2,Chat,0,0,1,16.6,23.4,0,0.0,2.3,22,0
CUST-5591,40,One year,63.9,2635.0,DSL,Bank transfer (automatic),2,High,1,1,2,Chat,0,1,0,6.0,16.8,0,1.2,5.0,7,0
CUST-5592,3,Month-to-month,69.15,235.0,DSL,Bank transfer (automatic),3,Medium,0,0,3,Email,0,0,0,13.4,22.0,0,0.0,3.4,11,0
CUST-5593,37,One year,64.65,2347.85,DSL,Bank transfer (automatic),1,Medium,0,0,1,Call,0,0,0,24.0,25.5,0,0.0,4.2,5,0
CUST-5594,32,Month-to-month,98.85,3089.6,Fiber optic,Electronic check,0,Low,0,0,0,Call,1,0,0,31.0,37.7,0,0.0,4.5,175,0
CUST-5595,32,Month-to-month,89.6,2901.8,Fiber optic,Electronic check,2,Medium,1,1,2,Call,0,1,0,6.6,28.3,0,3.9,3.7,17,0
CUST-5596,59,Month-to-month,83.25,4949.1,Fiber optic,Electronic check,1,Medium,0,0,1,Chat,0,0,1,7.5,7.9,0,0.0,4.3,28,0
CUST-5597,30,One year,70.25,2198.9,DSL,Bank transfer (automatic),0,Low,0,0,1,Ticket,1,0,1,30.7,31.1,0,0.0,3.6,37,0
CUST-5598,27,Two year,24.5,761.95,No,Electronic check,2,Medium,0,0,2,Ticket,0,0,0,32.9,64.7,0,0.0,3.6,29,0
CUST-5599,9,One year,20.1,190.25,No,Mailed check,1,High,0,0,1,Chat,0,0,0,20.9,41.5,0,0.0,4.1,13,0
CUST-5600,68,One year,73.0,5163.0,DSL,Credit card (automatic),1,Low,0,1,1,Email,0,1,0,20.7,20.7,0,1.6,2.0,5,0
CUST-5601,69,Two year,61.4,4059.85,DSL,Credit card (automatic),1,Low,2,0,1,Email,0,1,1,5.2,37.9,0,0.0,4.5,29,0
CUST-5602,26,Month-to-month,84.3,2281.6,Fiber optic,Mailed check,0,Medium,0,0,0,Chat,0,0,1,56.3,60.5,1,0.0,5.0,149,0
CUST-5603,69,Two year,19.9,1356.7,No,Bank transfer (automatic),1,Medium,0,0,1,Call,0,0,1,34.2,41.4,0,0.0,4.9,14,0
CUST-5604,11,Two year,20.4,231.45,No,Mailed check,3,High,0,0,5,Call,1,0,1,37.0,40.2,0,0.0,4.2,3,0
CUST-5605,1,Month-to-month,50.75,50.75,DSL,Mailed check,0,Medium,0,0,0,Chat,1,0,1,3.9,6.3,0,0.0,5.0,94,0
CUST-5606,10,One year,20.45,242.4,No,Mailed check,0,Medium,0,0,1,Call,0,0,0,74.2,75.8,1,0.0,3.9,74,0
CUST-5607,55,One year,75.75,4264.25,DSL,Bank transfer (automatic),2,Medium,0,1,2,Call,0,0,1,10.6,24.9,0,2.7,4.6,5,0
CUST-5608,44,One year,65.4,2774.55,DSL,Electronic check,1,Low,0,0,2,Ticket,0,0,0,20.6,20.8,0,0.0,4.4,16,0
CUST-5609,69,Two year,59.75,4069.9,DSL,Bank transfer (automatic),5,Medium,1,0,5,Ticket,0,0,1,41.2,47.1,0,0.0,2.5,25,0
CUST-5610,11,Month-to-month,78.5,874.2,Fiber optic,Electronic check,3,Low,0,0,3,Chat,0,0,0,1.9,9.2,0,0.0,3.7,18,0
CUST-5611,29,Month-to-month,48.95,1323.7,DSL,Bank transfer (automatic),0,Low,0,2,0,Ticket,0,0,1,6.9,11.1,0,0.8,3.6,157,0
CUST-5612,57,Month-to-month,99.65,5497.05,Fiber optic,Electronic check,2,Low,0,1,2,Ticket,0,1,1,8.3,11.7,0,1.8,3.3,11,0
CUST-5613,28,One year,18.25,534.7,No,Credit card (automatic),0,Low,1,0,0,Email,2,2,1,26.8,38.2,0,0.0,3.3,79,0
CUST-5614,42,Month-to-month,54.55,2455.05,DSL,Credit card (automatic),1,Low,1,0,1,Chat,0,0,1,6.3,27.4,0,0.0,3.8,5,0
CUST-5615,23,One year,40.65,947.4,DSL,Bank transfer (automatic),0,Low,0,1,0,Email,0,0,0,8.9,17.4,0,1.5,4.6,175,0
CUST-5616,18,Month-to-month,20.45,357.0,No,Mailed check,0,Low,0,1,0,Ticket,0,0,1,8.6,23.5,0,0.5,2.6,164,0
CUST-5617,62,One year,24.8,1476.25,No,Bank transfer (automatic),2,Low,1,0,2,Ticket,0,1,1,43.7,59.5,0,0.0,3.1,29,0
CUST-5618,67,One year,88.8,5903.15,DSL,Bank transfer (automatic),2,Low,1,0,2,Call,0,0,1,0.1,28.6,0,0.0,3.1,15,0
CUST-5619,62,Two year,20.05,1201.65,No,Credit card (automatic),0,Medium,0,0,0,Email,1,0,1,2.7,18.6,0,0.0,4.1,178,0
CUST-5620,2,Month-to-month,69.8,146.65,Fiber optic,Electronic check,1,High,0,0,2,Email,0,1,0,47.4,51.2,0,0.0,4.9,28,0
CUST-5621,23,Two year,77.15,1759.4,DSL,Bank transfer (automatic),1,Medium,0,1,3,Chat,0,0,0,16.9,19.5,0,3.8,4.2,25,0
CUST-5622,25,Two year,35.05,844.45,DSL,Bank transfer (automatic),0,Low,0,0,0,Call,0,0,1,1.7,30.4,0,0.0,2.2,158,0
CUST-5623,72,Two year,108.1,7774.05,Fiber optic,Bank transfer (automatic),1,Medium,1,0,2,Call,1,0,0,11.6,29.0,0,0.0,4.3,11,0
CUST-5624,2,Month-to-month,84.05,134.05,Fiber optic,Electronic check,1,Low,0,1,2,Call,0,0,0,49.7,61.5,1,2.4,3.7,24,0
CUST-5625,8,One year,20.2,140.95,No,Bank transfer (automatic),0,Low,0,2,0,Ticket,0,0,1,25.4,60.9,0,4.4,4.4,176,0
CUST-5626,35,Month-to-month,49.2,1701.65,DSL,Electronic check,1,Medium,0,0,2,Ticket,0,1,0,5.3,18.7,0,0.0,2.8,14,0
CUST-5627,24,One year,24.6,592.65,No,Electronic check,1,Medium,0,0,1,Ticket,1,0,1,10.3,22.4,0,0.0,4.0,24,0
CUST-5628,2,Month-to-month,71.65,135.75,Fiber optic,Electronic check,1,Medium,0,0,1,Email,1,2,0,12.1,36.5,0,0.0,4.2,12,0
CUST-5629,72,Two year,104.9,7732.65,Fiber optic,Credit card (automatic),0,Medium,1,0,0,Email,0,1,1,26.0,44.7,0,0.0,5.0,124,0
CUST-5630,41,Month-to-month,106.5,4282.4,Fiber optic,Electronic check,1,Low,1,0,1,Chat,0,0,1,27.1,31.3,0,0.0,3.2,29,0
CUST-5631,26,One year,75.5,2018.1,Fiber optic,Bank transfer (automatic),0,High,0,1,0,Call,0,0,1,6.3,14.6,0,0.3,4.6,43,0
CUST-5632,4,Month-to-month,58.5,224.85,DSL,Mailed check,1,Medium,0,0,2,Ticket,0,0,1,23.3,36.2,0,0.0,2.9,11,0
CUST-5633,48,Two year,78.9,3771.5,DSL,Credit card (automatic),1,Medium,1,0,2,Ticket,0,0,1,65.5,68.7,1,0.0,3.3,28,0
CUST-5634,12,One year,79.2,943.85,DSL,Electronic check,2,Medium,0,0,2,Call,0,0,1,1.4,13.6,0,0.0,4.7,12,0
CUST-5635,60,Month-to-month,109.45,6572.85,Fiber optic,Bank transfer (automatic),0,Low,0,1,1,Ticket,0,0,0,30.4,46.4,0,1.0,5.0,132,0
CUST-5636,55,Two year,59.2,3175.85,DSL,Electronic check,2,Low,0,0,2,Ticket,1,0,1,16.2,19.9,0,0.0,5.0,5,0
CUST-5637,1,Month-to-month,29.15,29.15,DSL,Mailed check,0,Low,1,0,0,Email,1,0,1,8.6,12.4,0,0.0,2.7,112,0
CUST-5638,1,Month-to-month,20.05,20.05,No,Mailed check,0,Low,0,0,0,Email,0,0,1,28.1,88.3,0,0.0,4.1,90,0
CUST-5639,42,Two year,66.5,2762.75,DSL,Credit card (automatic),2,Low,0,0,2,Ticket,0,0,0,7.1,12.6,0,0.0,2.5,5,0
CUST-5640,1,Month-to-month,49.55,49.55,DSL,Bank transfer (automatic),1,Low,1,0,1,Ticket,1,1,1,7.3,7.7,0,0.0,5.0,22,0
CUST-5641,3,Month-to-month,73.6,232.5,Fiber optic,Credit card (automatic),1,High,0,0,1,Email,0,0,0,12.5,14.7,0,0.0,4.2,21,0
CUST-5642,72,Two year,82.65,5919.35,DSL,Credit card (automatic),0,High,0,0,0,Call,0,0,1,11.0,27.8,0,0.0,4.5,47,0
CUST-5643,15,Month-to-month,49.0,749.25,DSL,Electronic check,1,Medium,0,1,1,Call,0,0,1,2.6,16.0,0,1.0,3.7,2,0
CUST-5644,11,One year,25.2,245.15,No,Electronic check,0,Low,2,0,1,Ticket,0,0,1,0.5,22.1,0,0.0,4.6,106,0
CUST-5645,5,Month-to-month,25.45,134.75,No,Mailed check,3,Low,0,2,3,Chat,0,0,1,18.0,30.9,0,3.4,2.9,23,0
CUST-5646,72,Two year,110.9,8240.85,Fiber optic,Credit card (automatic),1,Medium,0,0,1,Chat,1,0,1,7.3,18.6,0,0.0,3.9,5,0
CUST-5647,55,Month-to-month,77.75,4266.4,Fiber optic,Credit card (automatic),0,Low,0,1,0,Ticket,1,0,0,13.3,28.4,0,1.3,4.8,130,0
CUST-5648,40,Month-to-month,26.2,1077.5,No,Electronic check,1,Medium,0,0,2,Call,0,0,1,4.1,31.9,0,0.0,3.0,11,0
CUST-5649,57,Two year,19.9,1115.6,No,Bank transfer (automatic),1,High,0,0,1,Chat,0,0,1,15.1,30.4,0,0.0,3.2,3,0
CUST-5650,52,One year,80.85,4079.55,DSL,Electronic check,1,Low,0,0,1,Email,1,0,1,7.2,8.6,0,0.0,3.5,3,0
CUST-5651,43,One year,56.35,2391.15,DSL,Mailed check,3,Medium,0,0,3,Chat,0,0,1,17.0,36.0,0,0.0,3.4,10,0
CUST-5652,47,Two year,19.3,890.5,No,Bank transfer (automatic),0,Low,0,0,1,Email,0,0,1,20.3,69.3,0,0.0,3.3,137,0
CUST-5653,3,Month-to-month,50.4,137.25,DSL,Bank transfer (automatic),0,Medium,0,1,0,Chat,0,2,1,0.1,0.1,0,1.0,3.6,57,0
CUST-5654,55,Two year,55.25,3119.9,DSL,Credit card (automatic),1,Low,2,0,1,Call,0,0,0,10.2,18.3,0,0.0,4.6,4,0
CUST-5655,29,One year,19.1,529.5,No,Mailed check,1,Low,0,0,1,Ticket,1,0,1,23.3,23.7,0,0.0,3.1,6,0
CUST-5656,12,Month-to-month,84.05,966.55,Fiber optic,Electronic check,2,Medium,0,0,3,Ticket,0,0,1,24.2,61.5,0,0.0,5.0,13,0
CUST-5657,66,Month-to-month,105.2,6936.85,Fiber optic,Electronic check,1,Medium,1,0,1,Ticket,0,0,0,8.6,46.8,0,0.0,4.3,15,0
CUST-5658,27,Month-to-month,75.75,1929.0,Fiber optic,Bank transfer (automatic),1,Medium,0,0,1,Email,0,0,0,31.0,42.9,0,0.0,4.3,12,0
CUST-5659,58,Month-to-month,95.3,5817.7,Fiber optic,Electronic check,2,Low,0,0,2,Ticket,0,0,1,18.9,27.4,0,0.0,3.5,17,0
CUST-5660,9,Month-to-month,19.85,178.8,No,Mailed check,1,Medium,0,0,1,Chat,0,0,0,81.5,81.9,1,0.0,4.1,15,0
CUST-5661,6,Month-to-month,69.1,435.0,Fiber optic,Electronic check,1,Medium,0,1,2,Call,0,1,1,12.9,53.7,0,0.7,5.0,25,0
CUST-5662,9,Month-to-month,20.25,186.15,No,Mailed check,0,High,0,0,1,Ticket,0,0,0,8.5,51.0,0,0.0,3.5,154,0
CUST-5663,8,Month-to-month,54.75,445.85,DSL,Mailed check,0,High,1,1,0,Email,1,0,1,45.3,61.6,0,2.5,3.1,75,0
CUST-5664,12,Month-to-month,81.45,912.0,Fiber optic,Electronic check,0,Medium,0,0,0,Email,0,0,0,9.3,9.7,0,0.0,3.9,88,0
CUST-5665,43,One year,80.2,3581.6,DSL,Electronic check,0,Medium,1,0,0,Call,0,0,0,18.4,37.5,0,0.0,3.2,77,0
CUST-5666,42,Month-to-month,100.3,4222.95,Fiber optic,Electronic check,2,Medium,1,0,2,Call,0,0,1,31.5,41.4,0,0.0,3.9,2,0
CUST-5667,66,Two year,90.95,5930.05,Fiber optic,Credit card (automatic),1,Low,1,0,2,Email,0,0,1,11.1,53.8,0,0.0,3.3,28,0
CUST-5668,1,Month-to-month,20.0,20.0,No,Mailed check,0,Low,1,0,0,Call,0,0,1,10.5,24.2,0,0.0,4.3,86,0
CUST-5669,10,Month-to-month,79.85,797.25,Fiber optic,Electronic check,1,Medium,0,0,1,Chat,1,0,1,6.1,43.6,0,0.0,2.7,11,0
CUST-5670,18,Month-to-month,73.55,1359.45,Fiber optic,Electronic check,0,Medium,0,1,0,Chat,0,1,0,58.9,60.2,1,1.5,3.7,58,0
CUST-5671,3,Month-to-month,19.3,54.7,No,Mailed check,0,Medium,0,0,0,Ticket,0,0,0,51.9,68.8,1,0.0,3.0,42,0
CUST-5672,50,One year,20.15,989.05,No,Credit card (automatic),1,Low,0,0,1,Ticket,0,0,0,11.3,37.0,0,0.0,2.9,6,0
CUST-5673,1,Month-to-month,44.55,44.55,DSL,Electronic check,1,Low,1,0,1,Email,0,0,1,7.1,19.3,0,0.0,3.4,18,0
CUST-5674,2,Month-to-month,54.45,87.3,DSL,Mailed check,0,Low,0,0,1,Email,0,0,1,2.5,11.8,0,0.0,4.2,177,0
CUST-5675,17,One year,19.65,351.55,No,Bank transfer (automatic),1,Low,0,0,1,Chat,0,0,0,11.7,29.6,0,0.0,3.1,19,0
CUST-5676,69,Two year,105.0,7297.75,Fiber optic,Electronic check,3,Low,1,0,3,Call,0,0,1,40.4,63.6,0,0.0,3.4,12,0
CUST-5677,72,Two year,88.7,6301.7,DSL,Credit card (automatic),1,High,1,0,1,Ticket,0,0,1,36.6,48.3,0,0.0,4.9,19,0
CUST-5678,50,Two year,75.15,3822.45,DSL,Bank transfer (automatic),1,Low,0,0,1,Call,0,0,1,2.2,18.2,0,0.0,3.4,6,0
CUST-5679,53,Two year,20.25,1048.45,No,Mailed check,1,Medium,0,0,1,Ticket,0,0,1,12.0,18.1,0,0.0,2.2,11,0
CUST-5680,58,Two year,109.1,6393.65,Fiber optic,Credit card (automatic),0,Low,0,0,1,Ticket,1,0,0,30.4,35.6,0,0.0,4.0,135,0
CUST-5681,46,One year,30.75,1489.3,DSL,Bank transfer (automatic),2,High,0,0,2,Email,0,1,1,32.4,35.2,0,0.0,4.8,2,0
CUST-5682,72,Month-to-month,112.9,8061.5,Fiber optic,Credit card (automatic),1,High,1,3,3,Call,0,1,1,49.0,60.8,1,3.7,1.8,10,0
CUST-5683,6,Month-to-month,94.05,518.75,Fiber optic,Mailed check,1,Low,0,0,1,Email,0,0,0,4.1,24.5,0,0.0,2.5,13,0
CUST-5684,72,Two year,78.85,5763.15,DSL,Bank transfer (automatic),1,High,1,0,2,Call,0,0,1,9.6,22.7,0,0.0,3.8,17,0
CUST-5685,4,Month-to-month,55.3,238.5,DSL,Mailed check,3,Medium,0,0,3,Call,0,0,1,55.6,61.6,1,0.0,3.6,16,0
CUST-5686,52,Two year,19.35,1031.7,No,Mailed check,0,Low,0,0,0,Ticket,1,0,1,5.7,58.0,0,0.0,4.0,155,0
CUST-5687,0,Two year,25.35,1397.475,No,Mailed check,0,Medium,0,0,0,Call,1,0,1,7.3,7.4,0,0.0,5.0,127,0
CUST-5688,2,One year,20.45,34.8,No,Mailed check,3,Low,0,0,3,Ticket,1,0,1,4.6,9.1,0,0.0,3.9,11,0
CUST-5689,65,Two year,19.35,1319.95,No,Bank transfer (automatic),1,Medium,0,0,1,Ticket,0,0,1,13.9,55.3,0,0.0,4.2,19,0
CUST-5690,51,One year,78.65,3950.85,DSL,Credit card (automatic),0,High,2,0,0,Ticket,0,0,1,13.6,19.4,0,0.0,3.4,173,0
CUST-5691,12,Month-to-month,74.75,827.05,DSL,Bank transfer (automatic),0,Medium,0,0,0,Chat,0,0,0,30.6,42.2,0,0.0,3.5,47,0
CUST-5692,24,One year,19.9,533.5,No,Mailed check,1,Low,0,1,1,Ticket,0,0,1,9.6,12.9,0,0.8,4.5,8,0
CUST-5693,64,One year,58.35,3756.45,DSL,Bank transfer (automatic),2,Low,1,1,2,Email,0,0,1,5.2,19.2,0,1.6,1.9,1,0
CUST-5694,26,Month-to-month,100.5,2599.95,Fiber optic,Bank transfer (automatic),0,Low,1,0,2,Call,0,1,1,32.0,44.5,0,0.0,4.2,79,0
CUST-5695,15,Month-to-month,20.05,284.3,No,Mailed check,0,Low,0,0,0,Call,0,0,0,18.9,30.4,0,0.0,2.9,131,0
CUST-5696,64,Two year,25.65,1740.8,No,Credit card (automatic),0,Low,0,0,0,Chat,0,1,0,3.1,8.7,0,0.0,4.5,165,0
CUST-5697,27,Month-to-month,95.0,2462.55,Fiber optic,Credit card (automatic),1,Low,0,1,2,Chat,0,0,1,15.2,52.8,0,2.0,5.0,15,0
CUST-5698,8,Month-to-month,45.45,411.75,DSL,Electronic check,2,Medium,1,0,4,Chat,0,0,1,11.1,23.5,0,0.0,2.4,28,0
CUST-5699,10,Month-to-month,20.0,198.6,No,Credit card (automatic),2,Medium,0,0,3,Email,0,1,0,33.6,34.8,0,0.0,4.1,18,0
CUST-5700,2,Month-to-month,49.2,103.7,DSL,Mailed check,0,Low,0,0,2,Ticket,0,0,0,16.6,32.6,0,0.0,4.8,120,0
CUST-5701,51,Two year,83.25,4089.45,DSL,Credit card (automatic),0,Low,1,1,1,Chat,0,0,0,28.2,32.8,0,11.2,3.9,150,0
CUST-5702,46,Two year,19.25,864.2,No,Mailed check,0,Low,0,0,0,Chat,0,0,1,11.2,16.0,0,0.0,4.1,50,0
CUST-5703,1,Month-to-month,19.65,19.65,No,Bank transfer (automatic),0,Low,0,0,1,Call,0,0,1,70.8,73.9,1,0.0,5.0,106,0
CUST-5704,46,Month-to-month,72.8,3249.4,Fiber optic,Bank transfer (automatic),3,Low,1,0,4,Call,1,0,1,29.0,41.5,0,0.0,4.4,18,0
CUST-5705,50,Month-to-month,109.65,5405.8,Fiber optic,Bank transfer (automatic),0,Low,1,0,0,Chat,0,0,1,16.4,53.9,0,0.0,5.0,170,0
CUST-5706,53,Month-to-month,65.0,3363.8,DSL,Credit card (automatic),1,Medium,2,0,1,Call,0,0,1,30.2,50.6,0,0.0,3.9,13,0
CUST-5707,61,Month-to-month,114.1,7132.15,Fiber optic,Electronic check,0,High,0,0,0,Call,0,1,1,7.0,37.9,0,0.0,4.6,96,0
CUST-5708,5,Month-to-month,20.65,93.55,No,Bank transfer (automatic),1,Low,0,0,1,Ticket,1,0,0,68.3,100.3,1,0.0,3.7,24,0
CUST-5709,47,One year,86.95,4138.9,DSL,Bank transfer (automatic),1,Medium,0,0,1,Chat,2,0,1,9.7,9.7,0,0.0,3.9,13,0
CUST-5710,54,One year,94.75,5121.75,Fiber optic,Bank transfer (automatic),2,Low,0,0,3,Chat,0,1,1,8.3,20.1,0,0.0,2.6,13,0
CUST-5711,19,Month-to-month,25.35,566.1,DSL,Credit card (automatic),3,High,0,0,3,Ticket,0,0,0,27.9,59.8,0,0.0,2.1,16,0
CUST-5712,26,Two year,105.45,2715.3,Fiber optic,Electronic check,1,Low,0,0,2,Chat,0,0,1,17.9,27.5,0,0.0,3.8,27,0
CUST-5713,70,Two year,25.4,1782.05,No,Mailed check,2,Low,0,0,3,Chat,0,0,1,26.3,40.0,0,0.0,3.6,29,0
CUST-5714,17,Month-to-month,102.55,1742.5,Fiber optic,Electronic check,1,Low,0,0,2,Ticket,1,0,1,27.2,34.1,0,0.0,3.7,27,0
CUST-5715,1,Month-to-month,24.0,24.0,No,Mailed check,0,Low,1,0,1,Ticket,0,0,0,18.2,41.1,0,0.0,3.5,155,0
CUST-5716,19,Two year,25.6,485.9,No,Mailed check,1,Medium,1,0,2,Chat,1,0,0,33.5,35.6,0,0.0,2.9,5,0
CUST-5717,26,Two year,73.5,1905.7,DSL,Credit card (automatic),1,High,0,0,1,Call,0,1,0,23.3,24.5,0,0.0,2.7,20,0
CUST-5718,50,One year,98.25,4858.7,Fiber optic,Electronic check,2,Medium,0,1,3,Ticket,0,0,1,15.5,21.1,0,0.7,2.4,13,0
CUST-5719,68,One year,54.4,3723.65,DSL,Electronic check,0,Low,0,0,0,Ticket,1,0,1,25.8,26.8,0,0.0,4.4,68,0
CUST-5720,9,Month-to-month,103.1,970.45,Fiber optic,Electronic check,3,Medium,0,0,3,Email,0,0,1,12.4,14.2,0,0.0,5.0,22,0
CUST-5721,51,Two year,34.2,1782.0,DSL,Bank transfer (automatic),2,Medium,0,0,2,Call,0,0,0,12.0,14.0,0,0.0,5.0,13,0
CUST-5722,9,Month-to-month,43.75,405.7,DSL,Electronic check,1,Medium,0,0,2,Chat,0,0,0,7.5,7.5,0,0.0,1.3,7,0
CUST-5723,22,Month-to-month,100.65,2415.95,Fiber optic,Electronic check,1,Medium,0,2,1,Email,0,0,1,33.8,54.0,0,0.4,2.4,5,0
CUST-5724,71,Two year,116.05,8297.5,Fiber optic,Bank transfer (automatic),3,Medium,1,0,4,Email,0,0,1,6.4,33.2,0,0.0,4.0,6,0
CUST-5725,26,One year,82.0,2083.1,DSL,Credit card (automatic),0,Medium,0,0,0,Email,0,1,0,5.2,5.7,0,0.0,4.1,53,0
CUST-5726,71,Two year,65.15,4681.75,DSL,Bank transfer (automatic),2,Medium,0,0,2,Call,0,0,1,4.5,7.6,0,0.0,4.8,20,0
CUST-5727,4,Month-to-month,44.8,176.2,DSL,Credit card (automatic),1,Low,0,0,1,Ticket,0,0,0,19.4,24.5,0,0.0,3.1,25,0
CUST-5728,12,Month-to-month,79.8,1001.2,Fiber optic,Electronic check,1,Low,2,1,1,Chat,0,0,1,4.0,23.2,0,0.4,3.3,9,0
CUST-5729,18,Month-to-month,88.85,1594.75,Fiber optic,Electronic check,0,Medium,0,0,0,Call,0,1,0,36.4,39.6,0,0.0,4.0,130,0
CUST-5730,3,Month-to-month,74.95,212.4,Fiber optic,Electronic check,3,High,0,0,3,Email,0,0,1,21.6,27.7,0,0.0,4.9,19,0
CUST-5731,72,One year,106.85,7677.4,Fiber optic,Bank transfer (automatic),2,Low,0,0,2,Call,0,0,0,28.1,71.8,0,0.0,4.0,22,0
CUST-5732,13,One year,19.3,259.65,No,Credit card (automatic),1,High,1,0,1,Chat,0,0,0,2.7,23.8,0,0.0,3.4,4,0
CUST-5733,42,One year,56.1,2386.85,DSL,Credit card (automatic),1,Low,0,1,3,Call,0,0,0,0.3,1.5,0,0.2,2.8,23,0
CUST-5734,17,Month-to-month,19.7,340.35,No,Credit card (automatic),1,Low,0,0,1,Email,0,1,1,1.5,6.1,0,0.0,4.8,15,0
CUST-5735,7,Month-to-month,51.3,419.35,DSL,Mailed check,1,Low,1,0,2,Email,1,0,1,20.3,30.7,0,0.0,2.9,20,0
CUST-5736,68,Two year,118.6,7990.05,Fiber optic,Mailed check,3,High,0,1,3,Ticket,0,1,0,2.0,15.7,0,0.8,2.8,22,0
CUST-5737,56,Two year,24.15,1402.25,No,Bank transfer (automatic),2,Low,0,0,2,Call,0,0,0,11.5,23.9,0,0.0,3.5,1,0
CUST-5738,38,One year,20.3,749.35,No,Mailed check,0,Low,0,0,0,Chat,0,1,1,29.2,30.3,0,0.0,4.4,61,0
CUST-5739,72,Two year,115.5,8425.15,Fiber optic,Electronic check,3,Low,0,0,5,Ticket,0,0,1,8.0,67.9,0,0.0,3.2,13,0
CUST-5740,48,One year,25.05,1171.5,No,Credit card (automatic),1,Medium,0,1,1,Ticket,1,0,0,0.9,3.3,0,0.4,3.1,11,0
CUST-5741,52,Month-to-month,109.1,5647.95,Fiber optic,Electronic check,2,High,0,0,2,Chat,0,1,1,38.7,41.0,0,0.0,2.4,27,0
CUST-5742,35,One year,19.65,708.8,No,Mailed check,0,Low,0,0,1,Chat,0,0,0,22.2,25.5,0,0.0,3.2,118,0
CUST-5743,67,Two year,111.3,7567.2,Fiber optic,Bank transfer (automatic),0,Medium,0,0,0,Call,0,0,0,0.6,7.0,0,0.0,4.6,85,0
CUST-5744,1,Month-to-month,29.9,29.9,DSL,Mailed check,1,High,0,0,1,Email,0,0,0,7.1,11.7,0,0.0,2.9,11,0
CUST-5745,53,Month-to-month,80.6,4348.1,Fiber optic,Mailed check,1,Low,0,0,1,Ticket,0,0,1,8.4,17.0,0,0.0,4.6,8,0
CUST-5746,34,Month-to-month,20.8,635.9,No,Mailed check,1,Medium,0,0,3,Ticket,1,0,0,36.5,65.5,0,0.0,5.0,3,0
CUST-5747,19,Month-to-month,89.95,1682.4,Fiber optic,Mailed check,1,Low,0,0,1,Call,0,1,1,1.6,2.1,0,0.0,2.4,23,0
CUST-5748,60,Two year,116.05,6925.9,Fiber optic,Bank transfer (automatic),1,Low,0,0,1,Email,1,0,0,26.5,32.3,0,0.0,5.0,21,0
CUST-5749,11,Two year,19.55,223.15,No,Credit card (automatic),1,Medium,1,0,2,Call,0,0,0,65.8,116.9,1,0.0,2.9,10,0
CUST-5750,60,Two year,115.25,6758.45,Fiber optic,Credit card (automatic),0,Medium,0,1,0,Email,0,0,0,8.8,12.2,0,0.3,2.4,130,0
CUST-5751,72,Two year,24.8,1874.3,No,Credit card (automatic),1,Low,0,0,1,Chat,0,0,1,0.4,20.9,0,0.0,3.3,11,0
CUST-5752,39,One year,19.9,791.15,No,Mailed check,1,Low,0,1,1,Call,0,0,1,4.9,10.9,0,1.6,3.5,5,0
CUST-5753,59,One year,81.25,4639.45,Fiber optic,Credit card (automatic),1,High,1,0,2,Chat,1,0,1,2.4,31.4,0,0.0,3.3,22,0
CUST-5754,2,Month-to-month,69.95,143.9,Fiber optic,Mailed check,0,Medium,0,0,0,Call,0,0,1,28.0,40.2,0,0.0,3.2,120,0
CUST-5755,71,Two year,86.4,6172.0,Fiber optic,Credit card (automatic),0,Low,0,1,1,Chat,0,0,1,7.8,34.6,0,0.6,4.4,75,0
CUST-5756,24,Month-to-month,66.3,1559.45,DSL,Mailed check,2,Low,0,2,2,Email,0,0,1,41.1,53.2,0,1.7,3.4,19,0
CUST-5757,67,Month-to-month,94.65,6079.0,Fiber optic,Credit card (automatic),4,Low,1,0,4,Email,0,0,0,44.1,70.7,0,0.0,3.3,12,0
CUST-5758,37,One year,72.1,2658.4,DSL,Mailed check,1,Low,0,0,2,Email,0,0,1,8.3,36.4,0,0.0,5.0,25,0
CUST-5759,11,Month-to-month,34.7,383.55,DSL,Mailed check,0,Medium,0,2,0,Ticket,0,0,1,16.7,21.0,0,8.2,3.0,120,0
CUST-5760,18,Month-to-month,95.95,1745.5,Fiber optic,Credit card (automatic),0,Medium,0,0,0,Email,0,0,1,51.9,73.8,1,0.0,4.3,34,0
CUST-5761,50,One year,44.8,2230.85,DSL,Bank transfer (automatic),5,Low,0,0,5,Call,0,1,0,1.6,23.6,0,0.0,4.4,25,0
CUST-5762,67,One year,109.4,7281.6,Fiber optic,Electronic check,0,Medium,0,1,0,Email,0,0,1,26.7,41.3,0,1.1,4.1,102,0
CUST-5763,25,Month-to-month,71.05,1837.7,DSL,Mailed check,0,Low,0,0,0,Ticket,0,0,0,0.9,4.2,0,0.0,4.3,138,0
CUST-5764,9,Month-to-month,19.7,180.7,No,Credit card (automatic),0,Medium,1,0,0,Chat,0,0,0,10.6,11.9,0,0.0,3.4,158,0
CUST-5765,10,One year,40.25,411.45,DSL,Mailed check,0,Low,0,0,1,Ticket,0,0,0,12.9,24.5,0,0.0,2.7,109,0
CUST-5766,70,Two year,19.85,1328.35,No,Credit card (automatic),2,Low,0,1,2,Ticket,1,0,0,14.3,27.1,0,4.8,3.4,21,0
CUST-5767,9,Month-to-month,68.25,576.95,DSL,Bank transfer (automatic),2,Low,0,0,3,Chat,0,1,1,34.0,76.2,0,0.0,4.0,25,0
CUST-5768,4,Month-to-month,20.15,68.45,No,Credit card (automatic),1,Medium,0,0,2,Call,0,1,1,4.2,10.3,0,0.0,3.3,21,0
CUST-5769,2,Month-to-month,50.95,123.05,DSL,Mailed check,0,Low,2,0,0,Call,0,0,1,10.5,25.9,0,0.0,4.6,174,0
CUST-5770,19,Month-to-month,25.15,468.35,DSL,Bank transfer (automatic),1,Low,0,0,1,Email,0,0,1,5.8,31.1,0,0.0,3.8,24,0
CUST-5771,7,Month-to-month,20.25,174.7,No,Bank transfer (automatic),1,Low,0,1,2,Ticket,0,1,0,16.1,35.3,0,0.1,3.3,24,0
CUST-5772,1,Month-to-month,44.0,44.0,DSL,Electronic check,2,Low,0,0,3,Call,0,0,0,14.7,20.9,0,0.0,4.2,1,0
CUST-5773,9,One year,20.25,172.35,No,Mailed check,1,Low,0,0,1,Email,0,0,1,27.9,31.2,0,0.0,4.7,5,0
CUST-5774,5,Month-to-month,55.8,300.4,DSL,Credit card (automatic),0,Medium,0,1,0,Ticket,0,0,0,3.5,3.9,0,1.5,3.1,172,0
CUST-5775,56,One year,88.9,4968.0,Fiber optic,Bank transfer (automatic),0,Low,0,0,2,Ticket,0,0,0,30.5,47.5,0,0.0,4.2,161,0
CUST-5776,18,Month-to-month,57.65,992.7,DSL,Mailed check,1,Medium,0,0,1,Call,0,0,1,7.7,13.5,0,0.0,2.7,7,0
CUST-5777,70,Two year,79.15,5536.5,DSL,Mailed check,1,High,0,2,2,Email,0,0,0,15.1,23.5,0,4.3,2.2,4,0
CUST-5778,72,Two year,108.05,7806.6,Fiber optic,Credit card (automatic),0,Medium,0,1,1,Chat,0,0,1,4.7,53.1,0,0.6,3.1,84,0
CUST-5779,17,Month-to-month,94.8,1563.9,Fiber optic,Electronic check,1,Medium,1,0,1,Ticket,1,0,1,11.7,11.7,0,0.0,3.9,24,0
CUST-5780,29,Month-to-month,45.9,1332.4,DSL,Electronic check,0,Medium,1,1,0,Email,0,0,0,3.3,7.1,0,0.8,4.4,70,0
CUST-5781,63,Two year,102.6,6296.75,Fiber optic,Electronic check,0,High,0,1,0,Chat,0,1,1,20.8,68.4,0,1.2,3.8,157,0
CUST-5782,59,One year,61.35,3645.5,DSL,Bank transfer (automatic),1,Low,0,0,1,Chat,1,0,1,0.8,8.9,0,0.0,2.7,8,0
CUST-5783,3,Month-to-month,57.55,161.45,DSL,Electronic check,0,Medium,1,0,0,Call,1,0,0,16.5,49.8,0,0.0,4.6,168,0
CUST-5784,8,Month-to-month,29.25,226.95,DSL,Mailed check,0,High,0,0,0,Chat,0,0,1,25.0,47.9,0,0.0,4.5,145,0
CUST-5785,68,Two year,19.6,1441.65,No,Credit card (automatic),1,Low,0,0,1,Ticket,0,0,1,38.4,53.3,0,0.0,3.1,8,0
CUST-5786,68,Two year,111.75,7511.3,Fiber optic,Credit card (automatic),3,Low,2,0,4,Ticket,0,0,1,30.6,45.6,0,0.0,3.9,21,0
CUST-5787,52,One year,106.5,5621.85,Fiber optic,Electronic check,2,High,1,0,2,Email,0,0,0,40.5,40.5,0,0.0,3.6,27,0
CUST-5788,72,Two year,107.7,7919.8,Fiber optic,Credit card (automatic),2,Medium,0,1,3,Ticket,0,0,1,17.2,21.4,0,2.2,4.3,17,0
CUST-5789,32,One year,19.3,593.2,No,Mailed check,0,Low,0,1,1,Call,1,0,1,1.0,7.9,0,0.6,2.9,65,0
CUST-5790,72,Two year,20.05,1423.65,No,Bank transfer (automatic),1,Medium,0,0,2,Call,1,0,1,63.5,72.3,1,0.0,4.6,5,0
CUST-5791,1,Month-to-month,69.95,69.95,Fiber optic,Credit card (automatic),3,Low,0,0,4,Ticket,0,0,0,27.1,34.1,0,0.0,3.9,28,0
CUST-5792,42,One year,63.7,2763.35,DSL,Credit card (automatic),0,Low,1,0,1,Email,1,0,1,16.2,23.1,0,0.0,5.0,139,0
CUST-5793,45,Month-to-month,50.9,2298.55,DSL,Bank transfer (automatic),0,Medium,1,2,2,Call,0,0,0,11.1,34.9,0,0.8,3.9,155,0
CUST-5794,43,One year,60.4,2640.55,DSL,Credit card (automatic),3,Medium,0,0,3,Email,0,0,0,1.8,43.8,0,0.0,3.4,17,0
CUST-5795,37,One year,79.25,2911.8,DSL,Mailed check,2,Medium,0,0,3,Ticket,0,0,1,0.2,22.7,0,0.0,2.3,10,0
CUST-5796,63,Two year,110.1,6705.7,Fiber optic,Credit card (automatic),2,Low,1,2,2,Chat,1,0,1,10.3,24.4,0,0.7,4.7,18,0
CUST-5797,3,Month-to-month,90.7,237.65,Fiber optic,Mailed check,1,Medium,0,0,1,Call,2,0,0,65.3,81.3,1,0.0,4.6,2,0
CUST-5798,66,Two year,25.3,1672.35,No,Credit card (automatic),1,Low,0,0,1,Chat,1,0,0,13.4,29.5,0,0.0,4.0,28,0
CUST-5799,8,Month-to-month,85.2,695.75,Fiber optic,Electronic check,3,Medium,1,1,3,Call,1,0,1,9.0,28.3,0,0.9,1.5,8,0
CUST-5800,71,Two year,24.35,1654.6,No,Mailed check,1,Low,0,1,1,Ticket,0,0,1,10.9,11.6,0,2.7,5.0,4,0
CUST-5801,72,Two year,25.1,1857.85,No,Bank transfer (automatic),1,Low,0,0,1,Email,1,1,1,6.4,7.3,0,0.0,2.5,10,0
CUST-5802,16,Month-to-month,54.55,825.1,DSL,Bank transfer (automatic),2,High,0,0,4,Email,0,0,0,67.7,68.9,1,0.0,4.7,23,0
CUST-5803,66,Two year,96.6,6424.25,Fiber optic,Mailed check,0,Low,0,0,0,Email,0,0,0,2.6,31.6,0,0.0,2.0,32,0
CUST-5804,51,One year,81.15,4126.2,DSL,Credit card (automatic),3,Medium,0,0,4,Ticket,0,0,0,21.4,33.1,0,0.0,4.8,18,0
CUST-5805,8,Month-to-month,38.5,330.8,DSL,Electronic check,0,Low,1,0,0,Email,0,0,0,10.8,18.1,0,0.0,3.4,74,0
CUST-5806,14,Month-to-month,92.9,1337.45,Fiber optic,Electronic check,1,Low,0,0,1,Call,0,0,1,3.0,20.6,0,0.0,3.3,12,0
CUST-5807,70,Two year,84.7,5991.05,DSL,Mailed check,0,Low,0,0,0,Chat,0,0,1,16.0,18.9,0,0.0,2.5,153,0
CUST-5808,70,Two year,66.0,4891.5,DSL,Electronic check,0,Medium,1,0,0,Ticket,0,1,0,16.3,35.9,0,0.0,3.8,66,0
CUST-5809,24,Two year,20.75,487.05,No,Mailed check,0,Low,1,1,2,Chat,0,1,1,3.6,8.7,0,1.1,4.6,63,0
CUST-5810,69,Two year,61.45,4131.2,DSL,Credit card (automatic),0,Medium,0,0,0,Call,1,0,1,11.1,23.2,0,0.0,4.1,140,0
CUST-5811,42,Month-to-month,54.5,2301.15,DSL,Mailed check,1,Medium,0,1,1,Call,0,0,1,41.2,93.7,0,3.1,4.7,20,0
CUST-5812,39,Month-to-month,99.75,4036.0,Fiber optic,Electronic check,1,Low,0,0,1,Chat,0,1,1,2.2,3.1,0,0.0,3.6,23,0
CUST-5813,45,Two year,109.75,4900.65,Fiber optic,Bank transfer (automatic),2,Low,0,2,3,Chat,0,0,1,66.8,104.7,1,0.1,3.7,5,0
CUST-5814,72,Two year,80.85,5727.45,DSL,Bank transfer (automatic),4,Low,1,0,5,Call,0,0,1,0.1,17.7,0,0.0,3.9,3,0
CUST-5815,38,Two year,20.3,743.05,No,Mailed check,0,High,0,1,0,Call,0,1,0,17.6,24.6,0,1.0,5.0,118,0
CUST-5816,72,Two year,67.8,4804.65,DSL,Bank transfer (automatic),3,Low,0,0,4,Call,0,0,1,14.8,16.1,0,0.0,4.1,10,0
CUST-5817,72,Two year,19.8,1414.65,No,Credit card (automatic),0,Low,0,0,1,Call,1,0,1,0.2,1.6,0,0.0,4.2,43,0
CUST-5818,55,Two year,25.7,1443.65,No,Bank transfer (automatic),1,Low,0,1,1,Call,0,0,1,17.4,27.9,0,0.8,2.8,1,0
CUST-5819,51,One year,56.15,2898.95,DSL,Electronic check,4,Medium,0,0,5,Chat,1,0,1,28.7,37.6,0,0.0,2.0,1,0
CUST-5820,63,Two year,86.7,5309.5,DSL,Bank transfer (automatic),4,Medium,0,0,5,Chat,0,0,1,1.1,10.3,0,0.0,3.6,28,0
CUST-5821,1,Month-to-month,20.4,20.4,No,Mailed check,1,High,0,0,1,Ticket,1,0,0,12.5,16.4,0,0.0,4.6,27,0
CUST-5822,23,Two year,19.65,451.55,No,Mailed check,0,High,0,0,1,Email,0,0,0,23.6,24.7,0,0.0,4.5,66,0
CUST-5823,2,Month-to-month,54.35,117.05,DSL,Mailed check,1,Low,0,0,1,Email,0,1,1,28.4,47.6,0,0.0,2.6,2,0
CUST-5824,52,Month-to-month,108.1,5839.3,Fiber optic,Credit card (automatic),1,Low,1,0,1,Chat,0,0,1,31.1,34.2,0,0.0,3.8,7,0
CUST-5825,36,One year,54.45,1893.5,DSL,Mailed check,1,Medium,1,1,1,Chat,0,0,1,1.5,14.0,0,0.6,3.7,9,0
CUST-5826,1,Month-to-month,45.35,45.35,DSL,Mailed check,1,High,0,0,1,Email,0,0,1,19.6,25.1,0,0.0,3.4,10,0
CUST-5827,28,One year,59.0,1654.45,DSL,Mailed check,1,Low,0,0,1,Email,0,0,0,23.0,35.0,0,0.0,5.0,27,0
CUST-5828,7,One year,69.45,477.05,DSL,Electronic check,0,Low,0,0,1,Email,0,0,1,5.8,23.4,0,0.0,4.2,173,0
CUST-5829,72,Two year,64.95,4546.0,DSL,Credit card (automatic),1,High,0,0,2,Ticket,2,0,1,66.5,69.1,1,0.0,2.7,4,0
CUST-5830,10,Month-to-month,18.85,163.2,No,Mailed check,0,Low,1,0,0,Call,0,0,0,22.8,23.0,0,0.0,3.4,158,0
CUST-5831,42,One year,19.8,849.9,No,Bank transfer (automatic),1,Low,0,0,2,Email,1,0,1,44.8,48.7,0,0.0,3.8,23,0
CUST-5832,7,Month-to-month,25.05,189.95,DSL,Bank transfer (automatic),1,High,0,0,1,Call,0,0,0,21.3,60.3,0,0.0,1.9,22,0
CUST-5833,72,Two year,114.3,8058.55,Fiber optic,Credit card (automatic),0,Medium,0,1,0,Ticket,0,0,0,2.5,4.9,0,0.9,4.9,44,0
CUST-5834,63,Two year,109.2,7049.75,Fiber optic,Credit card (automatic),1,Low,0,0,2,Call,0,0,1,5.4,13.1,0,0.0,5.0,26,0
CUST-5835,56,Two year,45.05,2560.1,DSL,Bank transfer (automatic),2,Low,0,2,3,Email,0,0,1,9.9,15.5,0,0.2,2.1,20,0
CUST-5836,5,Month-to-month,51.0,286.8,DSL,Mailed check,1,Low,0,0,1,Chat,1,0,0,10.1,14.5,0,0.0,3.9,12,0
CUST-5837,72,Two year,110.45,7982.5,Fiber optic,Bank transfer (automatic),0,High,0,2,1,Ticket,0,0,1,18.7,34.4,0,3.6,5.0,39,0
CUST-5838,68,Month-to-month,84.65,5683.6,Fiber optic,Electronic check,0,High,0,0,1,Email,1,0,0,15.6,30.9,0,0.0,4.4,101,0
CUST-5839,67,One year,60.05,3994.05,DSL,Mailed check,1,Medium,0,0,1,Email,0,0,0,1.6,19.8,0,0.0,5.0,15,0
CUST-5840,8,Month-to-month,44.65,369.15,DSL,Bank transfer (automatic),0,Low,0,0,0,Email,0,0,1,33.0,38.0,0,0.0,5.0,36,0
CUST-5841,52,Month-to-month,93.25,4631.7,Fiber optic,Bank transfer (automatic),2,Low,0,0,3,Email,0,0,1,34.6,39.9,0,0.0,3.9,29,0
CUST-5842,18,Month-to-month,20.25,401.95,No,Mailed check,2,Medium,1,0,2,Ticket,1,0,1,34.3,43.8,0,0.0,2.3,19,0
CUST-5843,59,Two year,25.45,1534.05,No,Mailed check,0,Low,0,0,0,Email,0,0,0,4.5,4.5,0,0.0,4.5,85,0
CUST-5844,60,Two year,20.6,1093.0,No,Mailed check,1,Medium,0,0,1,Call,0,0,1,6.9,43.8,0,0.0,4.2,26,0
CUST-5845,7,Month-to-month,94.1,701.3,Fiber optic,Electronic check,1,Medium,1,0,1,Email,0,1,1,24.0,27.2,0,0.0,3.4,18,0
CUST-5846,59,One year,34.8,1980.3,DSL,Mailed check,2,Low,0,0,2,Ticket,2,0,1,9.4,11.6,0,0.0,4.6,24,0
CUST-5847,46,Two year,60.75,2893.4,DSL,Bank transfer (automatic),0,High,0,0,1,Chat,0,0,0,10.7,22.9,0,0.0,3.6,136,0
CUST-5848,5,Month-to-month,51.35,262.3,DSL,Electronic check,1,Low,0,1,2,Chat,0,0,0,16.4,39.0,0,1.7,4.1,21,0
CUST-5849,59,Two year,64.05,3886.85,DSL,Credit card (automatic),2,Medium,0,0,3,Call,0,0,1,0.6,12.9,0,0.0,2.8,23,0
CUST-5850,70,Two year,84.8,5917.55,DSL,Bank transfer (automatic),0,Low,0,0,0,Call,1,0,0,0.6,12.5,0,0.0,4.4,137,0
CUST-5851,44,Month-to-month,50.15,2139.1,DSL,Mailed check,1,Medium,0,1,1,Email,0,0,0,1.1,9.2,0,3.3,3.8,15,0
CUST-5852,64,Two year,94.6,5948.7,Fiber optic,Credit card (automatic),1,Medium,0,1,4,Email,0,1,0,4.5,31.1,0,7.3,4.0,24,0
CUST-5853,58,Two year,59.75,3624.35,DSL,Mailed check,0,Low,0,0,1,Call,0,0,0,71.7,112.7,1,0.0,4.5,136,0
CUST-5854,46,One year,100.25,4753.85,Fiber optic,Electronic check,1,Low,0,0,1,Chat,0,0,0,1.9,12.7,0,0.0,5.0,27,0
CUST-5855,58,Month-to-month,98.9,5780.7,Fiber optic,Electronic check,3,Low,0,0,3,Ticket,1,0,1,38.8,39.8,0,0.0,1.7,1,0
CUST-5856,72,Two year,97.7,6869.7,Fiber optic,Credit card (automatic),0,Low,0,0,1,Email,0,3,0,2.3,3.6,0,0.0,3.2,175,0
CUST-5857,11,Month-to-month,60.25,662.95,DSL,Bank transfer (automatic),1,Medium,0,1,2,Ticket,0,1,1,24.0,30.5,0,0.8,4.6,14,0
CUST-5858,34,Month-to-month,56.25,1765.95,DSL,Electronic check,2,Low,1,0,2,Chat,0,0,0,18.2,26.4,0,0.0,3.0,18,0
CUST-5859,54,Two year,46.2,2431.95,DSL,Bank transfer (automatic),1,Low,0,1,2,Call,0,0,0,23.4,35.7,0,1.4,4.2,26,0
CUST-5860,72,Two year,24.9,1859.2,No,Mailed check,0,Low,0,0,0,Chat,0,0,0,1.6,61.8,0,0.0,3.5,63,0
CUST-5861,54,Two year,63.35,3409.1,DSL,Credit card (automatic),0,Medium,0,0,1,Ticket,0,0,1,25.1,39.8,0,0.0,3.4,161,0
CUST-5862,14,Month-to-month,50.1,709.5,DSL,Bank transfer (automatic),1,Medium,0,0,1,Chat,0,0,0,7.1,31.9,0,0.0,5.0,25,0
CUST-5863,1,Month-to-month,50.15,50.15,DSL,Electronic check,0,Low,0,0,0,Chat,0,0,1,5.2,39.5,0,0.0,4.9,100,0
CUST-5864,56,One year,64.65,3665.55,DSL,Bank transfer (automatic),1,Medium,2,0,1,Email,0,1,1,17.6,20.2,0,0.0,4.2,1,0
CUST-5865,68,Two year,79.6,5515.8,DSL,Bank transfer (automatic),2,Medium,1,0,2,Call,0,1,1,1.9,6.8,0,0.0,3.5,25,0
CUST-5866,14,One year,19.5,272.0,No,Mailed check,0,Low,1,2,1,Ticket,0,0,1,5.0,18.9,0,0.4,4.3,143,0
CUST-5867,68,Two year,99.55,6668.0,Fiber optic,Electronic check,3,Medium,1,0,4,Ticket,0,0,1,14.5,27.2,0,0.0,2.6,13,0
CUST-5868,55,Month-to-month,74.0,4052.4,Fiber optic,Electronic check,1,Low,1,0,2,Email,1,0,1,27.2,33.8,0,0.0,4.3,24,0
CUST-5869,16,Month-to-month,38.9,664.4,DSL,Electronic check,0,Low,0,0,0,Chat,0,0,1,36.6,59.7,0,0.0,5.0,54,0
CUST-5870,9,Month-to-month,79.55,718.55,Fiber optic,Electronic check,1,Medium,0,1,1,Ticket,1,2,0,10.0,57.5,0,1.2,3.3,18,0
CUST-5871,53,Month-to-month,46.3,2546.85,DSL,Bank transfer (automatic),2,Low,0,1,2,Email,0,1,0,67.2,73.2,1,0.2,4.4,15,0
CUST-5872,70,Two year,99.35,6944.5,Fiber optic,Credit card (automatic),2,Medium,0,0,2,Ticket,0,0,1,26.7,31.9,0,0.0,3.5,11,0
CUST-5873,14,Month-to-month,95.8,1346.3,Fiber optic,Electronic check,1,Low,1,0,1,Email,1,0,0,9.3,13.3,0,0.0,3.8,11,0
CUST-5874,10,Month-to-month,78.15,765.15,Fiber optic,Credit card (automatic),2,Low,2,1,4,Email,0,0,1,8.9,18.8,0,1.6,3.3,11,0
CUST-5875,29,Two year,26.1,692.55,No,Mailed check,1,Medium,0,0,1,Call,0,0,0,10.4,21.8,0,0.0,3.4,29,0
CUST-5876,30,One year,40.35,1187.05,DSL,Credit card (automatic),1,Medium,0,0,1,Call,0,0,0,24.8,27.2,0,0.0,4.9,20,0
CUST-5877,72,Two year,79.2,5401.9,DSL,Credit card (automatic),2,Medium,0,1,2,Chat,0,0,0,6.9,10.9,0,2.5,2.8,10,0
CUST-5878,10,Month-to-month,20.9,247.0,No,Mailed check,1,Low,0,0,1,Email,0,0,0,1.9,3.5,0,0.0,3.0,17,0
CUST-5879,1,Month-to-month,49.9,49.9,DSL,Mailed check,1,Medium,0,0,1,Ticket,0,0,0,14.9,43.1,0,0.0,5.0,9,0
CUST-5880,20,Month-to-month,68.9,1370.35,DSL,Credit card (automatic),0,High,0,0,0,Chat,0,0,1,17.3,29.8,0,0.0,3.2,118,0
CUST-5881,1,Month-to-month,20.25,20.25,No,Mailed check,0,Low,0,0,1,Email,0,1,0,50.7,60.5,1,0.0,4.2,126,0
CUST-5882,29,Month-to-month,76.0,2215.25,Fiber optic,Credit card (automatic),1,Medium,0,0,1,Chat,0,0,1,2.6,33.5,0,0.0,2.6,26,0
CUST-5883,1,Month-to-month,74.0,74.0,Fiber optic,Electronic check,1,Medium,0,0,2,Ticket,1,0,0,13.7,62.4,0,0.0,3.9,6,0
CUST-5884,3,Month-to-month,82.3,214.4,Fiber optic,Mailed check,2,Low,1,0,3,Ticket,1,1,1,4.4,4.7,0,0.0,2.3,23,0
CUST-5885,20,Month-to-month,89.4,1871.15,Fiber optic,Bank transfer (automatic),2,Low,0,0,3,Call,0,1,1,25.4,44.1,0,0.0,3.2,12,0
CUST-5886,64,Month-to-month,99.15,6171.2,Fiber optic,Credit card (automatic),0,Low,0,0,0,Chat,1,0,1,7.9,17.1,0,0.0,4.2,68,0
CUST-5887,6,Month-to-month,29.45,161.45,DSL,Bank transfer (automatic),0,High,1,2,0,Call,0,1,1,18.3,18.3,0,4.9,5.0,173,0
CUST-5888,50,Two year,19.8,1013.2,No,Electronic check,2,Low,0,0,2,Email,0,0,1,3.4,10.1,0,0.0,4.1,27,0
CUST-5889,6,Month-to-month,59.15,336.7,DSL,Bank transfer (automatic),0,Medium,0,0,1,Email,0,0,1,15.7,33.5,0,0.0,3.5,172,0
CUST-5890,7,Month-to-month,44.75,333.65,DSL,Electronic check,2,Low,2,0,3,Ticket,0,0,1,0.3,16.6,0,0.0,4.1,28,0
CUST-5891,72,Two year,90.8,6511.8,Fiber optic,Credit card (automatic),0,Medium,0,1,1,Email,0,0,1,33.1,64.5,0,0.9,4.2,118,0
CUST-5892,8,Month-to-month,49.55,393.45,DSL,Bank transfer (automatic),1,Low,0,0,2,Chat,0,0,0,16.1,27.7,0,0.0,2.9,11,0
CUST-5893,67,Two year,106.7,7009.5,Fiber optic,Credit card (automatic),0,Medium,0,0,1,Ticket,0,0,1,4.5,7.6,0,0.0,5.0,105,0
CUST-5894,72,Two year,94.45,6921.7,Fiber optic,Credit card (automatic),0,Low,0,0,0,Ticket,0,0,0,7.3,22.9,0,0.0,2.6,39,0
CUST-5895,33,One year,19.45,600.25,No,Bank transfer (automatic),2,High,0,0,3,Chat,0,0,0,2.9,50.6,0,0.0,2.9,29,0
CUST-5896,70,Two year,67.95,4664.15,DSL,Mailed check,0,Medium,2,1,1,Chat,1,0,0,20.1,46.1,0,2.1,3.2,100,0
CUST-5897,22,One year,65.25,1441.8,DSL,Bank transfer (automatic),0,Medium,0,0,0,Call,1,1,1,8.5,8.5,0,0.0,3.2,49,0
CUST-5898,59,Month-to-month,99.45,5623.7,Fiber optic,Bank transfer (automatic),0,Low,0,0,0,Email,1,0,1,55.6,62.3,1,0.0,4.8,63,0
CUST-5899,36,One year,20.35,695.85,No,Credit card (automatic),0,Low,0,0,1,Ticket,0,0,1,40.5,43.3,0,0.0,4.0,124,0
CUST-5900,51,Two year,19.95,1028.75,No,Mailed check,1,High,2,0,2,Email,0,0,0,30.3,38.5,0,0.0,4.2,27,0
CUST-5901,53,One year,77.4,4155.95,DSL,Bank transfer (automatic),0,Low,0,0,0,Call,1,0,0,5.5,11.5,0,0.0,3.4,71,0
CUST-5902,20,One year,19.7,395.6,No,Bank transfer (automatic),0,Low,1,1,1,Call,0,0,0,6.2,16.1,0,0.0,5.0,33,0
CUST-5903,63,Two year,99.7,6330.4,Fiber optic,Credit card (automatic),0,Medium,1,0,0,Ticket,0,0,1,9.5,30.4,0,0.0,2.0,173,0
CUST-5904,40,Month-to-month,74.8,2971.7,Fiber optic,Credit card (automatic),1,Low,0,0,1,Email,0,0,0,45.1,57.4,0,0.0,4.9,21,0
CUST-5905,35,One year,19.15,638.0,No,Mailed check,2,Low,0,0,2,Email,1,0,1,11.6,16.9,0,0.0,3.8,20,0
CUST-5906,26,One year,78.95,2034.25,Fiber optic,Bank transfer (automatic),0,Medium,0,0,0,Ticket,0,0,1,1.8,6.8,0,0.0,3.8,96,0
CUST-5907,53,One year,62.85,3419.5,DSL,Credit card (automatic),2,Low,0,0,2,Ticket,0,0,1,4.8,7.6,0,0.0,2.5,5,0
CUST-5908,34,Month-to-month,71.55,2427.35,Fiber optic,Credit card (automatic),0,Low,0,1,0,Call,0,0,0,0.9,9.6,0,0.7,4.5,149,0
CUST-5909,19,Month-to-month,94.95,1760.25,Fiber optic,Electronic check,0,Medium,1,0,0,Ticket,0,0,1,1.1,21.1,0,0.0,4.9,80,0
CUST-5910,43,Month-to-month,86.1,3551.65,Fiber optic,Credit card (automatic),0,Low,0,0,1,Call,0,0,0,46.1,46.1,0,0.0,2.6,122,0
CUST-5911,6,Month-to-month,19.55,122.9,No,Mailed check,0,Medium,1,0,1,Email,1,0,1,17.3,32.1,0,0.0,3.1,42,0
CUST-5912,56,Two year,24.8,1424.2,No,Mailed check,0,Low,0,0,2,Email,1,0,0,1.9,10.4,0,0.0,4.5,93,0
CUST-5913,34,Month-to-month,84.05,2909.95,Fiber optic,Mailed check,1,Medium,2,0,2,Call,0,0,1,15.8,39.4,0,0.0,3.6,17,0
CUST-5914,10,Month-to-month,36.25,374.0,DSL,Electronic check,0,Low,0,0,0,Email,0,0,1,64.0,72.5,1,0.0,2.4,104,0
CUST-5915,56,Month-to-month,98.6,5581.05,Fiber optic,Electronic check,3,Low,0,0,3,Ticket,0,0,1,0.3,25.6,0,0.0,4.6,18,0
CUST-5916,55,Month-to-month,103.65,5676.65,Fiber optic,Credit card (automatic),1,Low,0,0,1,Call,0,0,1,24.6,40.7,0,0.0,4.5,4,0
CUST-5917,36,Two year,92.9,3379.25,DSL,Credit card (automatic),1,Low,0,2,2,Email,0,0,0,3.5,11.5,0,0.5,2.5,28,0
CUST-5918,47,One year,19.9,942.95,No,Bank transfer (automatic),0,Medium,0,2,0,Chat,1,0,1,8.5,12.8,0,0.3,4.3,76,0
CUST-5919,12,Month-to-month,20.1,232.4,No,Credit card (automatic),3,Low,1,0,3,Chat,0,0,1,2.2,46.2,0,0.0,3.1,25,0
CUST-5920,24,Month-to-month,80.5,2088.45,Fiber optic,Electronic check,0,Medium,0,0,1,Email,0,0,1,0.1,2.9,0,0.0,3.9,131,0
CUST-5921,35,Month-to-month,39.85,1434.6,DSL,Electronic check,0,High,0,0,1,Ticket,0,0,0,1.9,20.0,0,0.0,3.6,119,0
CUST-5922,67,One year,60.5,3870.0,DSL,Credit card (automatic),1,Medium,0,0,2,Call,0,0,1,15.3,29.1,0,0.0,3.7,4,0
CUST-5923,21,Month-to-month,103.85,2215.0,Fiber optic,Mailed check,1,Low,0,0,1,Chat,0,0,1,41.6,48.0,0,0.0,3.3,2,0
CUST-5924,13,Month-to-month,67.8,842.25,DSL,Bank transfer (automatic),1,Low,0,0,1,Ticket,0,0,0,0.4,15.6,0,0.0,4.8,8,0
CUST-5925,71,Two year,24.85,1901.0,No,Bank transfer (automatic),0,High,0,0,0,Call,0,0,1,1.2,2.8,0,0.0,3.4,143,0
CUST-5926,29,Month-to-month,19.35,601.6,No,Credit card (automatic),1,Medium,1,0,1,Chat,0,0,1,3.2,6.5,0,0.0,3.4,4,0
CUST-5927,7,Month-to-month,89.0,605.45,Fiber optic,Electronic check,0,Medium,1,0,0,Chat,0,0,1,65.1,80.3,1,0.0,3.6,82,0
CUST-5928,57,Month-to-month,55.0,3094.05,DSL,Electronic check,0,Low,1,1,0,Chat,0,2,1,3.4,5.0,0,4.7,4.6,162,0
CUST-5929,65,Two year,76.15,4929.55,DSL,Bank transfer (automatic),1,Medium,0,0,1,Email,0,0,1,11.4,39.8,0,0.0,3.3,9,0
CUST-5930,27,One year,20.3,595.05,No,Mailed check,0,Medium,1,0,0,Email,0,0,0,0.8,11.7,0,0.0,4.2,107,0
CUST-5931,72,Two year,117.35,8436.25,Fiber optic,Credit card (automatic),0,Low,0,0,0,Ticket,0,0,1,34.2,35.1,0,0.0,3.9,110,0
CUST-5932,1,Month-to-month,19.75,19.75,No,Mailed check,0,Medium,0,2,0,Call,0,0,0,53.1,70.6,1,2.3,4.2,68,0
CUST-5933,11,Month-to-month,45.2,492.0,DSL,Credit card (automatic),4,Low,0,0,6,Email,0,0,1,25.4,32.3,0,0.0,3.9,9,0
CUST-5934,39,Two year,25.2,987.95,No,Mailed check,0,Low,1,0,0,Call,0,0,1,14.9,19.1,0,0.0,4.2,169,0
CUST-5935,59,Month-to-month,89.75,5496.9,Fiber optic,Electronic check,0,Medium,0,2,0,Chat,0,0,1,5.2,14.2,0,0.0,5.0,109,0
CUST-5936,26,One year,75.0,1908.35,DSL,Bank transfer (automatic),4,Low,1,0,4,Email,0,0,1,3.5,20.2,0,0.0,3.4,19,0
CUST-5937,2,Month-to-month,49.95,107.1,DSL,Mailed check,0,Medium,0,0,2,Chat,0,0,0,13.0,42.1,0,0.0,4.3,32,0
CUST-5938,72,Two year,65.7,4575.35,DSL,Bank transfer (automatic),0,Low,0,1,1,Call,1,0,0,6.2,10.8,0,2.1,3.9,69,0
CUST-5939,65,One year,67.05,4309.55,DSL,Credit card (automatic),0,Low,0,0,0,Email,0,0,0,20.0,34.2,0,0.0,4.7,152,0
CUST-5940,72,Two year,110.9,7922.75,Fiber optic,Credit card (automatic),0,Low,0,0,1,Email,0,0,1,5.5,10.6,0,0.0,4.1,98,0
CUST-5941,6,Month-to-month,87.95,522.35,Fiber optic,Bank transfer (automatic),1,High,0,1,1,Chat,0,0,0,3.4,3.5,0,4.8,1.0,22,0
CUST-5942,32,One year,19.8,587.7,No,Credit card (automatic),0,Low,1,0,0,Ticket,0,0,1,15.7,55.2,0,0.0,3.4,46,0
CUST-5943,50,One year,75.7,3876.2,DSL,Bank transfer (automatic),1,Low,0,0,1,Email,0,0,1,25.8,30.0,0,0.0,4.7,2,0
CUST-5944,61,Two year,62.15,3778.85,DSL,Mailed check,1,Medium,0,0,2,Call,0,0,1,1.4,8.9,0,0.0,3.9,22,0
CUST-5945,72,Two year,115.15,8349.45,Fiber optic,Bank transfer (automatic),2,Low,0,0,2,Email,0,0,0,17.4,29.9,0,0.0,3.6,20,0
CUST-5946,1,Month-to-month,19.5,19.5,No,Mailed check,0,Low,0,0,0,Chat,0,0,1,30.4,44.1,0,0.0,3.6,77,0
CUST-5947,12,Month-to-month,86.55,1066.9,Fiber optic,Electronic check,2,Low,0,0,2,Call,0,1,1,0.1,20.9,0,0.0,3.6,2,0
CUST-5948,61,One year,20.4,1226.45,No,Mailed check,0,Low,0,2,1,Email,0,0,1,4.6,10.3,0,2.2,4.2,45,0
CUST-5949,18,One year,19.8,342.3,No,Bank transfer (automatic),3,Low,0,1,5,Chat,0,0,1,6.4,21.1,0,0.4,3.3,15,0
CUST-5950,21,Month-to-month,45.65,985.05,DSL,Mailed check,3,Low,1,0,3,Chat,0,0,1,0.3,11.7,0,0.0,2.4,6,0
CUST-5951,68,Two year,56.4,3948.45,DSL,Mailed check,1,Low,0,0,1,Ticket,0,1,1,20.4,71.0,0,0.0,4.2,2,0
CUST-5952,12,Month-to-month,73.3,828.05,Fiber optic,Credit card (automatic),0,Medium,0,0,0,Chat,0,0,1,9.8,25.9,0,0.0,3.8,56,0
CUST-5953,62,Month-to-month,101.35,6164.7,Fiber optic,Electronic check,1,Low,0,2,1,Chat,0,0,1,18.8,53.5,0,5.0,3.5,17,0
CUST-5954,1,Month-to-month,33.6,33.6,DSL,Mailed check,1,High,1,0,2,Ticket,0,0,0,9.3,13.3,0,0.0,2.4,16,0
CUST-5955,1,Month-to-month,20.7,20.7,No,Electronic check,0,Medium,0,0,0,Ticket,0,0,1,3.4,10.7,0,0.0,2.7,127,0
CUST-5956,62,Two year,104.05,6590.5,Fiber optic,Electronic check,2,Low,0,1,2,Ticket,1,0,1,13.1,22.1,0,0.0,3.9,20,0
CUST-5957,36,Two year,20.25,717.95,No,Bank transfer (automatic),1,High,1,0,2,Ticket,1,0,1,23.1,45.7,0,0.0,2.5,5,0
CUST-5958,69,One year,73.7,4885.85,DSL,Credit card (automatic),1,Low,0,1,2,Chat,0,0,1,3.0,9.7,0,0.5,4.1,24,0
CUST-5959,63,Month-to-month,108.75,6871.7,Fiber optic,Electronic check,0,Low,0,0,1,Call,0,0,0,7.9,17.6,0,0.0,4.6,85,0
CUST-5960,23,One year,20.15,405.6,No,Bank transfer (automatic),0,Low,0,1,0,Chat,0,0,1,23.9,25.6,0,1.8,1.6,62,0
CUST-5961,10,Month-to-month,19.75,208.25,No,Credit card (automatic),2,Medium,1,0,2,Chat,0,0,1,19.2,21.8,0,0.0,3.3,1,0
CUST-5962,71,Two year,25.95,1801.9,No,Credit card (automatic),0,Low,0,1,1,Email,0,0,0,138.4,144.4,1,0.5,3.4,34,0
CUST-5963,45,Month-to-month,70.05,3062.45,DSL,Electronic check,1,Low,0,0,1,Call,0,0,1,3.4,4.1,0,0.0,2.0,19,0
CUST-5964,70,Two year,24.05,1764.75,No,Mailed check,0,Low,0,0,0,Chat,2,1,0,7.6,8.5,0,0.0,5.0,32,0
CUST-5965,22,Month-to-month,84.75,1816.75,Fiber optic,Electronic check,1,Medium,0,1,1,Email,0,0,1,4.0,18.6,0,1.8,5.0,22,0
CUST-5966,52,Two year,23.05,1255.1,No,Mailed check,0,Low,0,0,2,Call,0,0,0,5.0,5.9,0,0.0,4.0,76,0
CUST-5967,65,Two year,59.95,3921.1,DSL,Credit card (automatic),2,Low,1,0,2,Call,1,0,1,3.9,3.9,0,0.0,4.5,9,0
CUST-5968,72,Two year,19.55,1463.45,No,Bank transfer (automatic),0,Low,0,0,0,Chat,0,1,1,81.3,82.1,1,0.0,4.7,46,0
CUST-5969,10,One year,19.6,189.45,No,Bank transfer (automatic),0,Medium,2,0,0,Call,0,0,0,18.7,30.9,0,0.0,4.8,82,0
CUST-5970,7,One year,20.05,96.8,No,Mailed check,4,Low,0,0,6,Email,0,1,1,1.6,11.5,0,0.0,3.2,26,0
CUST-5971,5,Month-to-month,85.55,408.5,Fiber optic,Electronic check,1,Low,0,0,1,Call,0,0,1,13.2,33.5,0,0.0,3.3,3,0
CUST-5972,24,Two year,78.6,1846.65,DSL,Credit card (automatic),0,Medium,1,0,2,Chat,0,0,1,1.6,4.3,0,0.0,5.0,101,0
CUST-5973,72,Two year,116.8,8456.75,Fiber optic,Credit card (automatic),1,Low,1,0,2,Ticket,1,1,1,8.9,19.6,0,0.0,2.1,2,0
CUST-5974,21,Month-to-month,43.55,1011.5,DSL,Mailed check,1,Medium,0,1,1,Chat,0,0,1,18.4,38.1,0,0.6,2.7,6,0
CUST-5975,69,One year,60.8,4263.4,DSL,Credit card (automatic),1,High,0,0,2,Ticket,0,0,0,0.9,16.1,0,0.0,5.0,4,0
CUST-5976,44,Month-to-month,54.9,2549.1,DSL,Bank transfer (automatic),0,Medium,0,1,1,Email,0,0,0,0.9,5.4,0,4.4,3.9,59,0
CUST-5977,61,One year,65.2,3965.05,DSL,Electronic check,4,Low,1,0,5,Call,0,0,1,5.2,16.7,0,0.0,2.3,18,0
CUST-5978,72,Two year,108.2,7840.6,Fiber optic,Electronic check,1,Low,0,0,2,Email,0,1,0,19.4,35.2,0,0.0,3.1,20,0
CUST-5979,72,Two year,92.0,6632.75,DSL,Bank transfer (automatic),0,Low,0,0,0,Call,0,0,1,46.5,67.0,0,0.0,5.0,62,0
CUST-5980,14,Month-to-month,75.1,1013.35,Fiber optic,Electronic check,0,High,0,1,0,Call,0,0,0,5.7,59.4,0,0.5,3.3,32,0
CUST-5981,7,Month-to-month,25.05,152.95,No,Bank transfer (automatic),1,High,0,0,1,Call,2,0,0,56.4,62.5,1,0.0,3.8,25,0
CUST-5982,48,One year,75.15,3772.65,Fiber optic,Electronic check,2,Low,1,0,3,Ticket,0,0,0,14.3,14.7,0,0.0,2.7,21,0
CUST-5983,55,One year,19.5,1026.35,No,Mailed check,0,Medium,0,1,0,Call,0,1,1,12.6,21.5,0,1.4,3.4,164,0
CUST-5984,1,Month-to-month,19.3,19.3,No,Credit card (automatic),0,Medium,0,0,0,Ticket,0,0,1,2.0,6.6,0,0.0,1.7,75,0
CUST-5985,45,One year,112.2,5031.85,Fiber optic,Credit card (automatic),1,Low,0,1,1,Chat,0,0,1,56.0,60.3,1,0.7,4.8,10,0
CUST-5986,3,Month-to-month,70.3,220.4,Fiber optic,Mailed check,0,Low,0,0,0,Ticket,0,0,0,28.2,42.0,0,0.0,3.6,89,0
CUST-5987,71,Two year,19.6,1416.5,No,Mailed check,0,Low,1,0,1,Chat,1,0,1,0.1,0.6,0,0.0,4.0,39,0
CUST-5988,8,Month-to-month,20.25,158.35,No,Mailed check,0,Low,0,0,1,Ticket,0,0,0,28.3,37.7,0,0.0,3.9,113,0
CUST-5989,69,Two year,80.65,5542.55,DSL,Bank transfer (automatic),0,High,0,0,0,Email,0,0,1,14.5,26.6,0,0.0,3.5,127,0
CUST-5990,72,Two year,115.75,8443.7,Fiber optic,Credit card (automatic),1,High,0,0,3,Call,1,0,1,1.9,17.4,0,0.0,4.0,19,0
CUST-5991,71,Two year,80.6,5708.2,DSL,Bank transfer (automatic),1,Low,1,2,2,Email,0,0,1,21.7,61.2,0,0.1,2.4,17,0
CUST-5992,33,Two year,59.55,2016.3,DSL,Bank transfer (automatic),2,Low,0,0,2,Email,0,1,1,19.7,19.8,0,0.0,2.6,13,0
CUST-5993,16,One year,19.05,326.65,No,Mailed check,0,Low,0,1,0,Ticket,0,0,0,20.6,29.5,0,1.4,5.0,135,0
CUST-5994,56,One year,95.65,5471.75,Fiber optic,Electronic check,0,Medium,0,0,0,Ticket,1,0,0,37.5,62.4,0,0.0,3.7,133,0
CUST-5995,1,Month-to-month,19.95,19.95,No,Credit card (automatic),3,Medium,0,0,3,Chat,2,0,1,25.7,28.4,0,0.0,4.1,20,0
CUST-5996,57,One year,19.4,1061.6,No,Mailed check,1,Medium,0,1,2,Email,0,0,0,43.5,88.4,0,1.0,2.5,25,0
CUST-5997,56,One year,36.1,1971.5,DSL,Credit card (automatic),0,Medium,1,0,0,Email,0,0,1,8.7,11.2,0,0.0,3.4,153,0
CUST-5998,1,Month-to-month,19.75,19.75,No,Mailed check,1,Low,0,1,2,Ticket,0,0,0,14.9,27.0,0,2.0,3.4,10,0
CUST-5999,40,Month-to-month,64.1,2460.35,DSL,Credit card (automatic),1,Low,0,0,1,Email,0,0,0,76.6,77.5,1,0.0,1.5,24,0
CUST-6000,46,Two year,19.75,856.5,No,Credit card (automatic),1,High,0,0,3,Call,0,0,1,16.1,24.8,0,0.0,5.0,2,0
CUST-6001,63,Two year,19.7,1275.85,No,Mailed check,5,Low,0,1,5,Call,0,0,1,9.9,13.3,0,0.4,3.9,18,0
CUST-6002,68,Two year,110.2,7467.5,Fiber optic,Electronic check,0,Medium,0,0,1,Ticket,1,1,1,11.3,15.8,0,0.0,1.7,95,0
CUST-6003,69,Two year,106.35,7261.75,Fiber optic,Credit card (automatic),3,Low,1,0,3,Email,0,0,1,24.2,29.7,0,0.0,5.0,25,0
CUST-6004,56,Month-to-month,90.55,5116.6,Fiber optic,Electronic check,0,Medium,0,0,0,Email,0,0,1,8.2,11.4,0,0.0,3.9,50,0
CUST-6005,10,One year,65.9,660.05,DSL,Mailed check,2,Medium,1,1,3,Call,1,0,1,0.9,25.1,0,0.5,3.6,15,0
CUST-6006,63,One year,104.5,6590.8,Fiber optic,Credit card (automatic),0,Medium,0,0,0,Ticket,0,0,1,44.3,46.3,0,0.0,4.9,46,0
CUST-6007,24,Two year,52.5,1208.15,DSL,Mailed check,1,High,0,0,1,Call,0,0,0,11.8,18.6,0,0.0,3.4,21,0
CUST-6008,19,Month-to-month,56.1,1033.9,DSL,Mailed check,0,Low,0,0,0,Email,0,0,1,13.2,60.9,0,0.0,4.1,153,0
CUST-6009,22,Month-to-month,88.75,1885.15,Fiber optic,Electronic check,0,Medium,0,1,0,Ticket,0,1,1,8.1,18.7,0,0.5,3.9,68,0
CUST-6010,70,Two year,26.0,2006.95,No,Bank transfer (automatic),1,Low,0,1,1,Email,0,0,1,45.5,57.5,0,5.6,4.2,2,0
CUST-6011,49,Month-to-month,99.4,5025.0,Fiber optic,Electronic check,1,Medium,0,0,3,Ticket,0,0,1,3.7,19.3,0,0.0,4.1,9,0
CUST-6012,42,One year,73.15,3088.25,DSL,Electronic check,2,Low,1,1,2,Call,0,0,1,8.9,33.1,0,0.6,4.2,2,0
CUST-6013,57,One year,54.65,3134.7,DSL,Mailed check,1,Medium,0,0,1,Call,0,0,0,8.6,29.2,0,0.0,4.0,27,0
CUST-6014,72,Two year,115.55,8312.4,Fiber optic,Credit card (automatic),2,Low,0,1,2,Ticket,1,0,0,12.6,18.0,0,3.1,4.3,16,0
CUST-6015,46,Month-to-month,104.45,4863.85,Fiber optic,Electronic check,1,Low,1,0,1,Ticket,0,1,1,62.6,84.4,1,0.0,4.8,15,0
CUST-6016,72,Two year,91.15,6637.9,DSL,Bank transfer (automatic),1,Low,1,0,2,Call,0,0,1,4.0,6.8,0,0.0,3.1,8,0
CUST-6017,35,One year,89.7,3165.6,Fiber optic,Electronic check,1,High,0,1,4,Call,0,0,1,18.1,24.4,0,5.8,2.8,23,0
CUST-6018,72,Two year,92.4,6786.1,DSL,Electronic check,0,Low,1,0,0,Email,0,0,0,14.7,27.9,0,0.0,3.1,85,0
CUST-6019,28,One year,19.9,543.0,No,Mailed check,3,Low,2,1,3,Ticket,1,0,1,5.5,8.8,0,4.4,2.9,29,0
CUST-6020,45,One year,18.85,867.3,No,Bank transfer (automatic),0,Low,1,0,0,Ticket,0,0,1,9.6,14.9,0,0.0,4.8,54,0
CUST-6021,1,Month-to-month,25.75,25.75,No,Mailed check,1,Low,0,0,2,Ticket,0,0,1,9.9,18.5,0,0.0,5.0,7,0
CUST-6022,6,Month-to-month,20.95,109.5,No,Mailed check,0,Low,0,2,0,Call,0,0,0,4.7,8.1,0,1.3,3.4,102,0
CUST-6023,48,One year,97.05,4692.95,Fiber optic,Electronic check,1,Medium,0,0,1,Call,0,0,1,11.9,29.1,0,0.0,3.7,19,0
CUST-6024,25,Month-to-month,25.4,546.85,No,Bank transfer (automatic),0,Low,0,0,1,Call,1,0,1,3.7,19.3,0,0.0,3.7,73,0
CUST-6025,64,Two year,19.7,1274.05,No,Bank transfer (automatic),0,Medium,0,0,1,Chat,0,0,1,4.2,34.8,0,0.0,4.8,30,0
CUST-6026,50,Month-to-month,35.0,1782.4,DSL,Mailed check,2,Low,0,0,3,Chat,0,0,0,34.0,34.8,0,0.0,4.1,20,0
CUST-6027,52,One year,101.25,5301.1,Fiber optic,Bank transfer (automatic),1,Low,0,0,1,Call,1,0,0,48.9,76.5,1,0.0,5.0,23,0
CUST-6028,4,Month-to-month,70.2,280.35,Fiber optic,Electronic check,3,Medium,1,1,4,Ticket,0,0,1,8.9,9.1,0,0.6,4.1,4,0
CUST-6029,32,Month-to-month,90.95,2897.95,Fiber optic,Electronic check,1,Low,1,1,1,Ticket,0,0,1,0.2,21.0,0,0.7,3.7,20,0
CUST-6030,45,Two year,73.85,3371.0,DSL,Credit card (automatic),3,Low,0,0,4,Ticket,0,0,1,39.8,43.3,0,0.0,3.7,26,0
CUST-6031,9,Month-to-month,88.05,801.3,Fiber optic,Electronic check,3,Low,1,0,4,Email,0,0,1,28.2,40.9,0,0.0,3.2,17,0
CUST-6032,54,Two year,20.1,1079.45,No,Mailed check,0,Low,1,1,0,Call,0,0,1,9.7,23.0,0,0.1,5.0,86,0
CUST-6033,64,Two year,110.3,6997.3,Fiber optic,Bank transfer (automatic),1,Medium,1,0,1,Ticket,1,0,1,17.4,23.2,0,0.0,2.0,21,0
CUST-6034,12,One year,85.15,979.05,Fiber optic,Credit card (automatic),0,Medium,0,0,0,Ticket,1,0,0,44.2,47.0,0,0.0,4.5,77,0
CUST-6035,67,One year,60.95,4119.4,DSL,Bank transfer (automatic),1,Medium,0,1,1,Call,1,0,1,79.0,79.4,1,3.2,4.4,2,0
CUST-6036,45,Two year,73.55,3349.1,DSL,Mailed check,0,Low,1,0,0,Call,0,0,1,11.3,21.7,0,0.0,5.0,43,0
CUST-6037,10,Month-to-month,46.0,492.1,DSL,Mailed check,0,Low,0,0,0,Call,0,1,1,11.4,26.0,0,0.0,4.7,74,0
CUST-6038,29,Month-to-month,58.55,1718.95,DSL,Bank transfer (automatic),0,Low,0,1,0,Chat,0,0,1,36.9,42.5,0,3.7,4.4,65,0
CUST-6039,24,One year,24.6,605.25,No,Bank transfer (automatic),1,Medium,0,0,1,Call,0,0,1,24.7,27.2,0,0.0,3.4,9,0
CUST-6040,66,Two year,19.75,1344.5,No,Mailed check,0,Low,0,0,1,Call,0,1,1,28.6,30.7,0,0.0,3.9,151,0
CUST-6041,51,One year,86.35,4267.15,Fiber optic,Mailed check,2,Low,0,0,2,Chat,0,0,1,17.4,21.1,0,0.0,3.1,11,0
CUST-6042,45,Two year,25.5,1121.05,No,Mailed check,2,Medium,0,0,2,Call,0,0,1,8.2,27.5,0,0.0,3.2,18,0
CUST-6043,49,One year,19.0,918.7,No,Credit card (automatic),2,Low,0,0,2,Ticket,0,0,0,3.8,5.8,0,0.0,4.3,7,0
CUST-6044,29,Two year,19.55,521.8,No,Mailed check,0,High,1,0,2,Ticket,1,0,1,55.0,61.8,1,0.0,4.5,120,0
CUST-6045,40,Month-to-month,110.1,4469.1,Fiber optic,Credit card (automatic),0,Low,0,0,1,Ticket,1,0,1,3.0,15.6,0,0.0,3.5,171,0
CUST-6046,25,Month-to-month,69.75,1729.35,Fiber optic,Electronic check,2,Medium,0,1,2,Ticket,0,0,0,10.7,33.2,0,0.0,2.9,16,0
CUST-6047,22,Month-to-month,50.6,1073.3,DSL,Electronic check,0,Low,1,0,0,Ticket,0,1,1,11.7,20.3,0,0.0,3.1,99,0
CUST-6048,72,Two year,65.6,4566.5,DSL,Bank transfer (automatic),1,High,0,0,1,Email,0,0,0,39.8,53.5,0,0.0,4.3,28,0
CUST-6049,33,Two year,82.1,2603.1,DSL,Credit card (automatic),2,Low,0,0,3,Chat,0,1,0,22.3,30.9,0,0.0,2.5,20,0
CUST-6050,23,Month-to-month,79.1,1783.75,Fiber optic,Mailed check,2,Low,0,0,3,Call,0,0,0,5.0,21.9,0,0.0,2.3,4,0
CUST-6051,69,Two year,90.65,6322.1,DSL,Mailed check,0,Low,1,0,0,Ticket,0,1,0,4.0,22.5,0,0.0,4.5,145,0
CUST-6052,3,One year,20.55,57.4,No,Credit card (automatic),4,High,0,0,4,Ticket,0,0,1,52.9,71.2,1,0.0,2.5,2,0
CUST-6053,56,One year,75.75,4284.65,DSL,Bank transfer (automatic),2,High,0,2,2,Ticket,0,0,1,0.8,16.8,0,1.7,4.5,15,0
CUST-6054,65,One year,110.0,7138.65,Fiber optic,Credit card (automatic),1,Low,0,0,1,Email,0,0,0,40.5,60.4,0,0.0,3.0,6,0
CUST-6055,71,One year,20.85,1539.75,No,Electronic check,0,Medium,0,1,1,Call,1,0,1,4.4,23.8,0,0.1,3.1,129,0
CUST-6056,14,Month-to-month,80.35,1058.1,Fiber optic,Bank transfer (automatic),4,Medium,0,0,6,Call,1,0,0,1.7,25.6,0,0.0,3.3,2,0
CUST-6057,2,Month-to-month,70.15,123.8,Fiber optic,Electronic check,1,Low,0,1,2,Ticket,0,0,1,6.0,13.6,0,1.1,3.0,6,0
CUST-6058,40,Month-to-month,67.45,2731.0,DSL,Electronic check,0,Low,0,0,0,Email,0,0,1,14.5,40.7,0,0.0,2.7,108,0
CUST-6059,1,Month-to-month,20.75,20.75,No,Credit card (automatic),0,High,0,0,2,Email,1,0,1,35.5,36.4,0,0.0,3.6,84,0
CUST-6060,7,Month-to-month,69.9,497.3,Fiber optic,Mailed check,3,Low,0,1,3,Ticket,1,0,1,20.3,25.6,0,0.6,5.0,4,0
CUST-6061,15,Month-to-month,51.1,711.15,DSL,Electronic check,0,Low,0,0,0,Ticket,0,0,1,26.7,57.6,0,0.0,3.6,33,0
CUST-6062,71,Two year,25.55,1898.1,No,Bank transfer (automatic),0,Low,0,0,0,Email,0,0,1,44.1,50.5,0,0.0,4.0,169,0
CUST-6063,54,Two year,60.0,3273.95,DSL,Bank transfer (automatic),0,Low,0,0,1,Call,0,1,1,0.1,24.0,0,0.0,3.8,75,0
CUST-6064,31,Month-to-month,90.55,2929.75,Fiber optic,Credit card (automatic),1,Medium,0,0,3,Email,0,0,1,19.0,28.6,0,0.0,4.0,20,0
CUST-6065,11,Month-to-month,76.4,838.7,Fiber optic,Electronic check,5,Low,0,0,5,Email,0,0,0,8.8,12.3,0,0.0,3.5,15,0
CUST-6066,18,Month-to-month,84.95,1443.65,Fiber optic,Electronic check,0,Low,2,0,1,Call,0,0,0,17.1,18.3,0,0.0,4.0,143,0
CUST-6067,72,Two year,110.1,7746.7,Fiber optic,Bank transfer (automatic),0,Low,0,2,0,Call,0,0,0,1.0,15.3,0,5.6,5.0,147,0
CUST-6068,71,Month-to-month,99.65,6951.15,Fiber optic,Credit card (automatic),1,Low,2,0,1,Call,0,0,1,2.9,6.0,0,0.0,4.4,12,0
CUST-6069,5,Month-to-month,45.4,214.75,DSL,Credit card (automatic),1,Low,0,0,2,Call,0,0,0,22.8,33.1,0,0.0,3.8,7,0
CUST-6070,38,One year,69.0,2669.45,DSL,Credit card (automatic),0,High,1,0,0,Chat,0,1,0,38.4,44.4,0,0.0,4.0,168,0
CUST-6071,5,Month-to-month,48.65,235.2,DSL,Bank transfer (automatic),0,Low,1,0,2,Call,0,0,1,12.4,25.7,0,0.0,5.0,169,0
CUST-6072,52,Two year,59.85,3103.25,DSL,Bank transfer (automatic),3,Medium,1,0,3,Email,0,0,1,3.9,15.5,0,0.0,4.0,5,0
CUST-6073,68,Two year,80.65,5330.2,DSL,Electronic check,2,Low,0,2,2,Email,0,0,1,24.0,35.3,0,6.8,4.9,24,0
CUST-6074,69,One year,20.55,1403.1,No,Credit card (automatic),1,Low,1,0,1,Call,0,0,1,1.0,9.7,0,0.0,5.0,19,0
CUST-6075,42,Month-to-month,66.4,2727.8,DSL,Credit card (automatic),3,Low,0,1,3,Email,0,0,1,23.5,37.5,0,3.7,2.4,15,0
CUST-6076,50,Two year,100.2,5038.45,Fiber optic,Mailed check,0,Medium,1,0,0,Email,0,0,1,29.8,44.8,0,0.0,3.9,44,0
CUST-6077,33,Month-to-month,44.55,1462.6,DSL,Credit card (automatic),1,Medium,0,0,2,Chat,0,0,1,1.1,4.0,0,0.0,3.0,2,0
CUST-6078,7,Month-to-month,20.35,150.6,No,Mailed check,1,Low,0,1,1,Chat,0,2,1,9.3,20.2,0,0.2,2.3,23,0
CUST-6079,64,Month-to-month,91.8,5960.5,Fiber optic,Electronic check,1,Low,0,0,2,Ticket,0,0,0,2.4,2.5,0,0.0,2.6,1,0
CUST-6080,59,Two year,20.2,1192.3,No,Bank transfer (automatic),0,Medium,0,0,0,Ticket,0,0,1,30.9,39.6,0,0.0,3.4,149,0
CUST-6081,6,Month-to-month,50.35,314.55,DSL,Electronic check,0,Low,1,0,0,Call,1,0,0,30.9,49.9,0,0.0,4.7,138,0
CUST-6082,3,Month-to-month,18.8,56.0,No,Mailed check,0,Medium,0,0,1,Chat,0,0,1,46.0,46.7,0,0.0,4.0,105,0
CUST-6083,15,Month-to-month,20.45,330.8,No,Credit card (automatic),4,Low,0,0,6,Ticket,0,0,0,2.6,7.2,0,0.0,3.8,5,0
CUST-6084,13,One year,64.75,877.35,DSL,Electronic check,0,Medium,1,3,2,Email,0,0,1,22.9,23.4,0,13.0,4.2,128,0
CUST-6085,23,Month-to-month,98.7,2249.1,Fiber optic,Credit card (automatic),0,Medium,2,0,0,Ticket,0,1,1,39.6,49.6,0,0.0,5.0,146,0
CUST-6086,31,Month-to-month,89.45,2807.65,Fiber optic,Electronic check,3,Low,0,0,4,Call,0,0,1,10.4,41.7,0,0.0,2.3,14,0
CUST-6087,29,One year,58.75,1696.2,DSL,Electronic check,0,Medium,0,1,0,Ticket,0,1,1,7.2,11.9,0,0.8,4.9,60,0
CUST-6088,49,One year,20.7,1032.05,No,Credit card (automatic),1,Low,0,0,2,Call,1,0,1,22.6,28.0,0,0.0,3.3,18,0
CUST-6089,56,Month-to-month,85.6,4902.8,Fiber optic,Bank transfer (automatic),1,Low,0,0,1,Ticket,0,0,1,9.4,12.3,0,0.0,4.4,28,0
CUST-6090,63,Two year,80.3,4995.35,DSL,Credit card (automatic),0,Low,1,0,0,Ticket,0,0,0,10.6,26.6,0,0.0,4.5,91,0
CUST-6091,63,Two year,79.8,5034.05,DSL,Credit card (automatic),1,Low,0,0,2,Email,0,0,0,23.0,31.5,0,0.0,4.1,2,0
CUST-6092,24,Month-to-month,79.85,1857.75,Fiber optic,Electronic check,2,Low,0,0,2,Email,0,0,1,10.8,14.7,0,0.0,3.3,4,0
CUST-6093,36,One year,54.1,1992.85,DSL,Credit card (automatic),2,High,1,0,2,Email,0,1,1,31.3,31.8,0,0.0,1.9,19,0
CUST-6094,21,One year,80.9,1714.95,DSL,Mailed check,2,Medium,0,0,2,Email,0,0,1,22.0,45.0,0,0.0,3.4,11,0
CUST-6095,13,One year,24.5,343.6,No,Bank transfer (automatic),3,Low,0,0,3,Chat,1,0,1,52.8,66.9,1,0.0,3.2,9,0
CUST-6096,1,Month-to-month,20.15,20.15,No,Bank transfer (automatic),1,Medium,1,0,2,Ticket,0,0,1,13.9,59.1,0,0.0,2.8,8,0
CUST-6097,25,One year,20.05,520.1,No,Mailed check,1,Low,1,0,3,Email,0,0,1,19.3,29.2,0,0.0,3.3,23,0
CUST-6098,71,Two year,19.6,1387.45,No,Bank transfer (automatic),2,Medium,2,1,2,Call,0,1,1,1.1,39.4,0,2.0,2.1,20,0
CUST-6099,66,One year,114.3,7383.7,Fiber optic,Bank transfer (automatic),2,Low,0,0,3,Chat,0,0,0,26.7,41.0,0,0.0,3.5,4,0
CUST-6100,45,One year,100.3,4483.95,Fiber optic,Electronic check,2,Medium,0,0,2,Call,0,0,1,17.5,24.3,0,0.0,3.4,16,0
CUST-6101,22,Month-to-month,80.0,1706.45,Fiber optic,Credit card (automatic),0,Medium,1,0,0,Email,0,0,1,11.8,15.0,0,0.0,4.1,121,0
CUST-6102,67,One year,20.85,1327.4,No,Bank transfer (automatic),1,Medium,0,1,2,Ticket,1,0,1,64.3,65.1,1,2.7,3.3,9,0
CUST-6103,68,Two year,89.95,5974.3,Fiber optic,Bank transfer (automatic),2,Low,0,1,2,Ticket,0,0,0,9.1,9.1,0,2.8,4.6,24,0
CUST-6104,0,Two year,20.0,1397.475,No,Mailed check,0,Low,0,0,2,Ticket,0,0,1,2.6,24.0,0,0.0,5.0,139,0
CUST-6105,4,Month-to-month,48.75,179.85,DSL,Mailed check,0,Low,0,1,0,Email,0,0,1,5.9,17.6,0,1.3,3.2,42,0
CUST-6106,63,One year,80.0,5040.2,DSL,Credit card (automatic),0,Low,0,2,2,Call,0,0,1,43.5,46.0,0,7.4,3.7,58,0
CUST-6107,21,One year,20.35,422.7,No,Mailed check,1,Low,0,0,1,Ticket,0,1,0,4.2,18.1,0,0.0,4.0,5,0
CUST-6108,1,Month-to-month,20.25,20.25,No,Mailed check,1,Medium,0,0,1,Call,1,1,1,60.7,90.6,1,0.0,3.5,12,0
CUST-6109,17,Two year,19.4,358.05,No,Mailed check,1,Medium,0,0,1,Email,1,0,1,20.5,21.2,0,0.0,2.9,7,0
CUST-6110,30,Month-to-month,100.4,2936.25,Fiber optic,Bank transfer (automatic),1,Low,1,0,2,Ticket,0,1,0,4.1,23.6,0,0.0,5.0,22,0
CUST-6111,22,Month-to-month,57.95,1271.8,DSL,Mailed check,0,Low,0,0,0,Chat,0,0,1,1.2,22.9,0,0.0,5.0,158,0
CUST-6112,9,Month-to-month,59.5,530.05,DSL,Bank transfer (automatic),1,Medium,0,0,1,Email,0,0,0,11.5,24.2,0,0.0,2.9,7,0
CUST-6113,1,Month-to-month,19.2,19.2,No,Mailed check,2,High,1,0,3,Chat,1,0,1,12.6,45.6,0,0.0,3.4,15,0
CUST-6114,19,Month-to-month,59.55,1144.6,DSL,Electronic check,1,Low,1,0,1,Email,0,0,0,7.7,48.4,0,0.0,5.0,10,0
CUST-6115,72,Two year,103.95,7556.9,Fiber optic,Bank transfer (automatic),1,Low,0,1,1,Chat,0,0,1,0.8,18.6,0,0.8,3.0,12,0
CUST-6116,70,Two year,68.95,4858.7,DSL,Credit card (automatic),0,Medium,0,0,1,Email,1,1,0,46.5,48.8,0,0.0,4.5,147,0
CUST-6117,66,Month-to-month,103.1,6595.0,Fiber optic,Bank transfer (automatic),1,Medium,0,1,1,Call,1,0,1,16.4,17.5,0,1.2,3.4,2,0
CUST-6118,7,Month-to-month,24.7,149.05,DSL,Electronic check,2,Low,1,0,2,Call,0,0,1,11.9,18.5,0,0.0,3.4,7,0
CUST-6119,46,Month-to-month,110.2,4972.1,Fiber optic,Electronic check,0,Medium,0,1,0,Ticket,0,0,0,7.9,14.1,0,4.7,5.0,160,0
CUST-6120,32,Month-to-month,62.45,2045.55,DSL,Bank transfer (automatic),1,Medium,0,0,1,Ticket,0,0,1,20.3,22.2,0,0.0,4.1,12,0
CUST-6121,24,Month-to-month,89.55,2187.15,Fiber optic,Electronic check,1,Low,0,0,3,Ticket,1,0,1,13.5,14.0,0,0.0,1.7,15,0
CUST-6122,37,Month-to-month,78.9,2976.95,DSL,Credit card (automatic),0,Medium,1,1,0,Email,0,1,1,33.9,37.3,0,1.1,4.3,122,0
CUST-6123,8,Month-to-month,20.35,178.7,No,Mailed check,2,Low,0,1,2,Ticket,0,0,1,14.6,18.7,0,0.7,3.8,8,0
CUST-6124,72,Two year,71.45,5025.85,DSL,Bank transfer (automatic),1,Medium,0,0,1,Email,1,0,1,13.3,44.1,0,0.0,2.5,9,0
CUST-6125,71,Two year,46.35,3353.4,DSL,Credit card (automatic),0,Medium,1,0,0,Chat,0,0,1,4.0,50.9,0,0.0,4.0,151,0
CUST-6126,16,Month-to-month,94.65,1461.15,Fiber optic,Bank transfer (automatic),0,Low,0,0,0,Chat,0,1,1,1.4,52.0,0,0.0,2.9,142,0
CUST-6127,57,Month-to-month,49.9,2782.4,DSL,Bank transfer (automatic),1,Medium,0,0,2,Email,0,0,1,4.3,24.3,0,0.0,3.1,20,0
CUST-6128,66,One year,25.45,1699.15,No,Bank transfer (automatic),1,Medium,1,0,1,Chat,0,1,1,3.2,20.9,0,0.0,4.2,20,0
CUST-6129,21,Month-to-month,20.75,452.2,No,Mailed check,0,High,0,0,0,Call,0,1,1,23.2,56.6,0,0.0,5.0,99,0
CUST-6130,66,Two year,66.1,4428.45,DSL,Credit card (automatic),0,Low,0,0,2,Call,0,0,0,5.3,10.3,0,0.0,4.3,125,0
CUST-6131,17,Month-to-month,75.4,1322.55,DSL,Bank transfer (automatic),1,Low,0,0,1,Email,0,0,0,20.3,29.5,0,0.0,2.4,6,0
CUST-6132,8,Month-to-month,21.05,139.75,No,Credit card (automatic),0,High,0,1,0,Call,1,0,0,15.7,26.3,0,0.3,5.0,173,0
CUST-6133,27,One year,69.35,1927.3,DSL,Credit card (automatic),1,Medium,0,1,1,Chat,1,0,0,5.2,15.5,0,2.1,4.3,24,0
CUST-6134,34,Month-to-month,88.85,3000.25,Fiber optic,Mailed check,0,High,0,0,0,Ticket,0,1,1,17.0,23.8,0,0.0,3.7,167,0
CUST-6135,30,One year,97.0,3021.3,Fiber optic,Bank transfer (automatic),0,Low,0,0,0,Ticket,0,0,1,21.4,66.0,0,0.0,4.0,33,0
CUST-6136,33,Month-to-month,66.4,2245.4,DSL,Credit card (automatic),0,Low,0,1,1,Email,0,0,0,0.3,5.0,0,1.9,4.0,43,0
CUST-6137,14,Month-to-month,69.2,944.65,DSL,Mailed check,0,Low,0,0,1,Call,0,0,1,14.7,17.7,0,0.0,2.9,132,0
CUST-6138,16,One year,79.5,1264.2,Fiber optic,Credit card (automatic),0,Medium,1,0,1,Ticket,1,1,1,26.6,42.7,0,0.0,2.1,116,0
CUST-6139,49,Two year,100.65,4917.75,Fiber optic,Credit card (automatic),2,High,0,0,2,Ticket,0,0,0,2.2,32.2,0,0.0,2.5,29,0
CUST-6140,70,Two year,79.7,5743.3,DSL,Bank transfer (automatic),1,Medium,0,0,2,Ticket,0,0,0,9.0,50.3,0,0.0,4.7,10,0
CUST-6141,32,Month-to-month,61.4,1864.65,DSL,Bank transfer (automatic),1,Low,0,0,1,Email,0,1,1,6.3,25.8,0,0.0,5.0,29,0
CUST-6142,18,Month-to-month,69.8,1221.65,Fiber optic,Electronic check,0,Low,1,1,0,Call,0,0,1,18.3,24.1,0,1.3,3.1,84,0
CUST-6143,37,Two year,40.55,1390.85,DSL,Mailed check,0,Medium,0,0,0,Call,1,0,0,25.8,46.0,0,0.0,2.9,157,0
CUST-6144,4,Month-to-month,75.65,302.35,Fiber optic,Electronic check,0,Medium,1,0,0,Ticket,0,0,1,60.1,77.4,1,0.0,2.9,129,0
CUST-6145,16,Month-to-month,90.7,1374.9,Fiber optic,Electronic check,1,Medium,1,1,2,Call,0,1,0,12.4,18.6,0,2.1,1.7,1,0
CUST-6146,17,Month-to-month,80.5,1336.9,Fiber optic,Bank transfer (automatic),0,Low,0,0,1,Call,0,1,1,22.8,24.1,0,0.0,5.0,110,0
CUST-6147,19,Month-to-month,60.6,1297.8,DSL,Electronic check,0,Low,2,0,0,Ticket,0,0,0,13.4,36.5,0,0.0,2.4,57,0
CUST-6148,60,Two year,101.15,6067.4,Fiber optic,Credit card (automatic),0,Low,1,0,0,Email,0,1,0,8.0,12.4,0,0.0,3.3,67,0
CUST-6149,51,Two year,24.95,1222.25,No,Mailed check,0,Medium,0,0,2,Ticket,0,0,1,4.1,5.6,0,0.0,4.3,83,0
CUST-6150,28,Two year,20.3,487.95,No,Credit card (automatic),0,Low,0,1,1,Call,0,1,1,39.4,91.3,0,0.9,3.7,68,0
CUST-6151,43,Two year,60.0,2548.55,DSL,Electronic check,0,High,0,0,1,Call,0,0,0,15.8,47.0,0,0.0,4.3,82,0
CUST-6152,42,Two year,20.25,835.5,No,Electronic check,1,Medium,0,0,1,Call,1,0,1,18.4,35.4,0,0.0,4.8,16,0
CUST-6153,1,Month-to-month,44.75,44.75,DSL,Mailed check,0,Low,0,0,0,Email,0,0,1,17.3,18.1,0,0.0,4.0,173,0
CUST-6154,63,Two year,98.0,6218.45,Fiber optic,Credit card (automatic),2,Low,0,0,3,Call,0,0,1,4.9,20.3,0,0.0,4.7,17,0
CUST-6155,68,Month-to-month,107.7,7320.9,Fiber optic,Electronic check,0,High,0,0,0,Call,0,0,0,7.0,20.0,0,0.0,3.8,63,0
CUST-6156,60,Two year,104.7,6333.8,Fiber optic,Electronic check,1,Low,0,0,2,Call,0,0,1,33.5,36.9,0,0.0,2.9,24,0
CUST-6157,45,Month-to-month,93.9,4200.25,Fiber optic,Bank transfer (automatic),1,Low,1,1,1,Email,1,0,1,10.7,18.1,0,1.0,4.6,1,0
CUST-6158,70,Two year,86.45,5950.2,DSL,Credit card (automatic),3,High,1,1,4,Ticket,0,0,1,0.3,40.3,0,0.4,4.4,26,0
CUST-6159,4,Month-to-month,19.4,93.4,No,Mailed check,0,Medium,1,1,1,Call,1,0,0,10.3,10.5,0,1.0,4.6,125,0
CUST-6160,68,Two year,24.95,1614.9,No,Credit card (automatic),0,Medium,1,0,0,Call,0,0,1,4.8,12.4,0,0.0,3.5,109,0
CUST-6161,22,Month-to-month,75.0,1573.95,Fiber optic,Bank transfer (automatic),2,Low,0,1,3,Email,0,1,1,35.7,46.2,0,2.7,2.6,13,0
CUST-6162,18,Month-to-month,78.2,1468.75,Fiber optic,Electronic check,1,Medium,0,0,1,Chat,0,1,0,12.9,37.2,0,0.0,4.3,2,0
CUST-6163,29,Month-to-month,94.2,2607.6,Fiber optic,Electronic check,1,Low,2,0,1,Email,1,1,1,92.5,107.1,1,0.0,4.7,25,0
CUST-6164,31,One year,50.05,1523.4,DSL,Electronic check,0,Low,0,0,1,Chat,0,0,0,0.6,1.9,0,0.0,4.3,136,0
CUST-6165,48,One year,69.55,3435.6,DSL,Mailed check,0,Low,2,0,1,Chat,0,0,1,14.5,20.1,0,0.0,3.4,108,0
CUST-6166,50,One year,90.1,4549.45,Fiber optic,Credit card (automatic),0,Low,1,0,1,Chat,0,0,1,1.0,2.6,0,0.0,3.3,96,0
CUST-6167,7,Month-to-month,44.65,322.5,DSL,Bank transfer (automatic),4,High,1,0,4,Chat,0,0,0,6.0,38.1,0,0.0,2.6,29,0
CUST-6168,68,Two year,80.35,5375.15,Fiber optic,Credit card (automatic),0,Medium,0,0,0,Chat,0,0,1,4.7,18.8,0,0.0,5.0,56,0
CUST-6169,26,Month-to-month,98.1,2510.7,Fiber optic,Bank transfer (automatic),2,Medium,0,2,3,Email,0,0,1,6.0,9.4,0,1.5,2.9,3,0
CUST-6170,57,Two year,53.35,3090.05,DSL,Credit card (automatic),2,High,0,0,2,Call,0,0,0,71.1,72.9,1,0.0,3.3,18,0
CUST-6171,3,Month-to-month,19.55,61.05,No,Electronic check,0,Low,0,0,1,Email,0,0,0,5.9,7.5,0,0.0,3.9,92,0
CUST-6172,19,One year,48.95,955.6,DSL,Bank transfer (automatic),3,Low,1,0,5,Ticket,0,0,1,3.2,11.8,0,0.0,2.9,27,0
CUST-6173,3,Month-to-month,54.2,140.4,DSL,Electronic check,0,Medium,0,0,0,Email,0,0,1,54.4,58.1,1,0.0,3.6,104,0
CUST-6174,59,Two year,24.45,1493.1,No,Electronic check,2,Medium,1,0,2,Call,0,0,0,17.7,58.8,0,0.0,1.2,18,0
CUST-6175,42,Month-to-month,40.15,1626.05,DSL,Bank transfer (automatic),0,Low,1,1,0,Call,1,0,1,6.1,12.1,0,0.9,2.8,156,0
CUST-6176,67,Two year,25.6,1784.9,No,Credit card (automatic),2,Low,1,0,2,Ticket,0,0,0,19.4,78.7,0,0.0,4.4,10,0
CUST-6177,1,Month-to-month,70.35,70.35,Fiber optic,Electronic check,0,Low,0,0,0,Ticket,0,0,1,28.0,51.7,0,0.0,3.9,91,0
CUST-6178,66,Two year,91.7,6075.9,DSL,Bank transfer (automatic),0,Low,0,0,0,Email,0,0,1,0.3,28.6,0,0.0,3.9,112,0
CUST-6179,61,Month-to-month,89.2,5500.6,Fiber optic,Mailed check,1,Low,0,0,1,Email,0,0,1,4.8,10.7,0,0.0,3.5,9,0
CUST-6180,4,One year,24.1,73.1,No,Credit card (automatic),1,Low,0,0,1,Ticket,0,0,1,15.2,16.8,0,0.0,3.9,14,0
CUST-6181,64,One year,53.85,3399.85,DSL,Bank transfer (automatic),1,Low,1,0,1,Ticket,0,0,1,12.9,34.8,0,0.0,3.6,9,0
CUST-6182,54,One year,115.6,6431.05,Fiber optic,Bank transfer (automatic),0,Low,0,0,1,Email,0,0,1,9.8,9.9,0,0.0,4.4,75,0
CUST-6183,1,Month-to-month,19.75,19.75,No,Credit card (automatic),2,Low,0,0,3,Ticket,0,0,1,0.6,7.7,0,0.0,5.0,23,0
CUST-6184,54,Two year,24.05,1230.9,No,Bank transfer (automatic),0,High,0,1,1,Ticket,0,0,1,54.3,56.2,1,1.2,4.2,74,0
CUST-6185,18,Two year,25.3,454.65,No,Credit card (automatic),1,High,0,0,1,Email,0,0,0,22.6,50.5,0,0.0,4.5,18,0
CUST-6186,3,Month-to-month,84.3,235.05,Fiber optic,Electronic check,1,Medium,0,1,1,Call,0,0,0,96.4,120.7,1,0.1,4.4,17,0
CUST-6187,72,Two year,89.75,6595.9,DSL,Credit card (automatic),2,High,0,1,3,Ticket,0,0,1,37.4,39.2,0,2.7,4.6,20,0
CUST-6188,60,One year,97.95,5867.0,Fiber optic,Electronic check,0,High,0,0,0,Chat,1,0,1,15.3,25.0,0,0.0,5.0,47,0
CUST-6189,11,One year,20.0,196.35,No,Mailed check,1,Low,0,1,1,Ticket,0,0,1,7.8,11.0,0,0.2,3.2,17,0
CUST-6190,61,One year,103.9,6449.15,Fiber optic,Credit card (automatic),2,Low,0,1,2,Email,0,0,1,3.2,11.9,0,0.6,3.8,16,0
CUST-6191,39,Two year,20.7,762.45,No,Credit card (automatic),0,High,1,0,0,Chat,0,0,0,4.3,49.3,0,0.0,2.9,57,0
CUST-6192,37,One year,20.15,785.75,No,Credit card (automatic),1,Medium,0,0,1,Chat,0,0,0,36.4,39.6,0,0.0,3.9,2,0
CUST-6193,72,Two year,26.0,1776.0,No,Mailed check,0,Low,0,0,1,Ticket,0,0,0,35.5,36.3,0,0.0,3.8,107,0
CUST-6194,72,Two year,77.35,5396.25,DSL,Credit card (automatic),0,Medium,1,0,0,Email,0,0,1,35.5,39.0,0,0.0,4.4,58,0
CUST-6195,8,Month-to-month,66.05,574.5,DSL,Bank transfer (automatic),0,Low,0,0,0,Email,0,0,1,35.5,85.3,0,0.0,4.6,157,0
CUST-6196,22,Month-to-month,19.9,400.3,No,Mailed check,0,Low,0,0,0,Ticket,0,1,1,3.7,4.7,0,0.0,3.2,82,0
CUST-6197,38,Month-to-month,68.15,2656.3,DSL,Credit card (automatic),0,Low,2,0,1,Call,0,0,1,34.6,35.1,0,0.0,4.3,108,0
CUST-6198,17,One year,80.85,1445.95,DSL,Electronic check,1,Low,0,1,1,Chat,0,0,0,2.4,4.4,0,1.8,3.4,8,0
CUST-6199,70,Two year,75.5,5212.65,DSL,Bank transfer (automatic),1,Low,0,0,1,Email,1,0,1,9.6,29.3,0,0.0,3.3,21,0
CUST-6200,28,Month-to-month,80.6,2244.95,Fiber optic,Electronic check,1,High,2,0,3,Email,0,0,1,88.5,96.2,1,0.0,4.4,16,0
CUST-6201,15,Month-to-month,83.2,1130.0,Fiber optic,Bank transfer (automatic),2,Low,1,0,3,Ticket,1,0,1,21.5,26.5,0,0.0,3.4,21,0
CUST-6202,72,Two year,87.55,6463.15,DSL,Bank transfer (automatic),1,Low,0,1,1,Ticket,1,0,0,18.7,31.6,0,2.5,3.7,20,0
CUST-6203,57,One year,109.4,6252.7,Fiber optic,Bank transfer (automatic),1,Low,0,3,2,Call,0,0,1,4.6,5.8,0,3.4,3.0,13,0
CUST-6204,46,Month-to-month,45.55,2062.15,DSL,Electronic check,0,Medium,0,0,0,Ticket,0,0,1,24.0,38.3,0,0.0,3.4,157,0
CUST-6205,30,One year,20.7,587.1,No,Credit card (automatic),0,High,0,1,0,Email,1,0,1,14.3,18.6,0,2.0,4.0,122,0
CUST-6206,10,Month-to-month,75.3,720.45,Fiber optic,Electronic check,1,Low,1,0,1,Chat,0,2,1,11.8,35.1,0,0.0,4.3,10,0
CUST-6207,32,Month-to-month,93.4,2979.3,Fiber optic,Credit card (automatic),1,Low,0,0,1,Email,0,0,0,4.8,20.3,0,0.0,2.0,2,0
CUST-6208,13,Month-to-month,73.75,956.65,Fiber optic,Credit card (automatic),0,Low,0,0,0,Email,0,1,1,2.4,27.6,0,0.0,1.8,120,0
CUST-6209,44,Month-to-month,88.15,3973.2,Fiber optic,Credit card (automatic),3,Medium,0,1,3,Ticket,0,0,0,4.7,7.1,0,0.8,2.3,20,0
CUST-6210,9,Month-to-month,49.2,447.9,DSL,Mailed check,2,Low,0,1,2,Call,0,0,0,12.7,14.6,0,0.1,4.2,19,0
CUST-6211,67,Two year,19.65,1335.2,No,Mailed check,0,Low,0,0,0,Chat,0,0,1,60.1,75.1,1,0.0,4.1,38,0
CUST-6212,71,Two year,105.15,7555.0,Fiber optic,Bank transfer (automatic),0,Low,0,3,0,Ticket,1,0,0,5.2,35.7,0,3.0,5.0,132,0
CUST-6213,1,Month-to-month,49.0,49.0,DSL,Credit card (automatic),0,Low,0,0,1,Chat,0,0,0,20.4,40.0,0,0.0,4.7,74,0
CUST-6214,17,Month-to-month,49.8,836.35,DSL,Mailed check,2,High,0,0,2,Ticket,1,0,1,3.5,37.3,0,0.0,5.0,20,0
CUST-6215,1,Month-to-month,20.95,20.95,No,Bank transfer (automatic),2,Low,0,0,2,Chat,0,0,1,9.4,9.6,0,0.0,3.8,18,0
CUST-6216,32,Month-to-month,79.3,2570.0,Fiber optic,Mailed check,0,Low,0,0,1,Email,0,0,1,5.8,8.2,0,0.0,2.4,127,0
CUST-6217,41,One year,19.5,798.2,No,Bank transfer (automatic),1,Medium,0,0,1,Email,0,0,1,7.6,19.2,0,0.0,3.7,23,0
CUST-6218,1,Month-to-month,44.15,44.15,DSL,Bank transfer (automatic),1,Medium,0,0,1,Ticket,0,0,0,4.5,11.1,0,0.0,4.1,17,0
CUST-6219,62,Month-to-month,105.5,6487.2,Fiber optic,Electronic check,1,Low,0,0,1,Ticket,0,0,1,65.1,82.5,1,0.0,4.6,5,0
CUST-6220,17,Month-to-month,92.7,1556.85,Fiber optic,Credit card (automatic),2,High,0,0,2,Email,1,0,1,7.3,8.1,0,0.0,2.7,3,0
CUST-6221,72,Two year,26.25,1988.05,No,Bank transfer (automatic),0,Medium,1,0,0,Ticket,0,1,1,37.0,49.0,0,0.0,3.5,84,0
CUST-6222,56,Month-to-month,96.95,5432.2,Fiber optic,Credit card (automatic),0,Low,0,0,0,Chat,0,0,0,7.4,39.2,0,0.0,5.0,155,0
CUST-6223,9,Month-to-month,20.45,147.55,No,Credit card (automatic),0,Low,1,1,0,Chat,0,0,0,12.9,16.1,0,4.6,2.6,49,0
CUST-6224,72,Two year,115.8,8424.9,Fiber optic,Bank transfer (automatic),1,Low,0,0,3,Ticket,0,0,1,44.2,57.9,0,0.0,4.3,3,0
CUST-6225,20,Month-to-month,108.2,2203.7,Fiber optic,Bank transfer (automatic),1,Low,1,1,3,Chat,0,0,1,4.4,9.5,0,2.7,3.7,13,0
CUST-6226,19,Two year,20.2,387.4,No,Mailed check,3,Low,0,1,3,Chat,0,1,0,11.1,16.7,0,0.4,5.0,27,0
CUST-6227,53,One year,54.9,3045.75,DSL,Credit card (automatic),0,Medium,1,0,0,Email,0,0,1,53.3,61.9,1,0.0,4.1,53,0
CUST-6228,6,Month-to-month,20.15,130.5,No,Bank transfer (automatic),1,Medium,1,0,2,Call,0,0,0,34.3,38.6,0,0.0,3.5,17,0
CUST-6229,9,One year,90.35,767.9,Fiber optic,Electronic check,0,Low,1,1,1,Chat,0,0,0,14.0,54.8,0,0.7,3.6,153,0
CUST-6230,8,Month-to-month,55.75,446.8,DSL,Electronic check,0,Low,1,0,0,Ticket,1,1,1,5.0,5.5,0,0.0,4.6,61,0
CUST-6231,71,Two year,114.6,8100.25,Fiber optic,Bank transfer (automatic),2,Low,0,1,4,Call,0,1,1,14.2,30.1,0,0.7,4.8,27,0
CUST-6232,71,One year,66.8,4689.15,DSL,Bank transfer (automatic),1,Medium,0,0,2,Chat,0,1,1,32.5,33.5,0,0.0,3.2,1,0
CUST-6233,68,One year,100.3,6754.35,Fiber optic,Electronic check,2,Medium,0,1,2,Call,0,1,0,20.6,43.6,0,3.0,3.7,7,0
CUST-6234,34,Month-to-month,105.35,3540.65,Fiber optic,Electronic check,1,Low,0,0,1,Call,1,0,0,12.8,20.6,0,0.0,4.8,5,0
CUST-6235,26,One year,85.2,2184.6,Fiber optic,Electronic check,0,Medium,0,0,0,Call,0,1,1,5.1,8.1,0,0.0,4.0,113,0
CUST-6236,7,Month-to-month,18.95,130.55,No,Mailed check,0,Low,0,1,0,Email,0,0,1,18.2,26.3,0,0.2,3.8,63,0
CUST-6237,20,Month-to-month,69.8,1540.35,Fiber optic,Bank transfer (automatic),0,Medium,0,0,0,Call,1,0,0,6.4,43.7,0,0.0,4.9,174,0
CUST-6238,60,Month-to-month,106.15,6411.25,Fiber optic,Electronic check,0,Low,0,0,0,Email,0,0,0,0.2,2.4,0,0.0,5.0,160,0
CUST-6239,72,Two year,20.55,1432.55,No,Electronic check,2,Low,0,0,2,Ticket,0,0,1,8.6,19.7,0,0.0,2.9,14,0
CUST-6240,72,One year,105.75,7629.85,Fiber optic,Credit card (automatic),2,Low,0,0,2,Ticket,2,0,1,4.1,11.8,0,0.0,3.9,10,0
CUST-6241,4,Month-to-month,25.25,101.9,No,Mailed check,2,High,0,1,3,Call,0,0,1,40.4,54.7,0,1.3,4.2,9,0
CUST-6242,16,Month-to-month,19.75,313.4,No,Electronic check,0,Medium,1,0,0,Email,0,0,1,2.3,4.6,0,0.0,3.2,166,0
CUST-6243,62,One year,104.85,6312.9,Fiber optic,Electronic check,1,High,0,0,1,Chat,0,1,0,7.5,18.3,0,0.0,4.4,25,0
CUST-6244,10,Month-to-month,60.95,629.55,DSL,Mailed check,0,Low,1,0,0,Ticket,0,0,1,4.4,27.2,0,0.0,3.3,165,0
CUST-6245,31,Month-to-month,81.15,2640.55,Fiber optic,Electronic check,1,Low,0,0,2,Chat,1,0,0,3.3,3.6,0,0.0,4.6,17,0
CUST-6246,71,Two year,19.1,1372.45,No,Credit card (automatic),1,Low,1,0,1,Call,0,0,1,12.3,31.8,0,0.0,4.5,8,0
CUST-6247,58,Two year,20.8,1212.25,No,Mailed check,2,Medium,2,0,2,Email,0,0,0,71.4,79.2,1,0.0,5.0,1,0
CUST-6248,70,Two year,90.15,6237.05,DSL,Credit card (automatic),0,Medium,0,0,0,Chat,0,0,1,8.7,11.2,0,0.0,2.1,118,0
CUST-6249,71,Two year,90.1,6310.9,DSL,Electronic check,0,Medium,0,0,0,Email,1,0,1,12.1,23.3,0,0.0,5.0,146,0
CUST-6250,69,Two year,74.1,5031.0,DSL,Credit card (automatic),0,Medium,0,0,1,Ticket,0,1,1,18.2,22.5,0,0.0,3.6,166,0
CUST-6251,72,Two year,118.75,8672.45,Fiber optic,Bank transfer (automatic),1,Medium,1,0,2,Ticket,0,0,1,21.3,71.8,0,0.0,3.6,28,0
CUST-6252,26,Month-to-month,85.9,2196.45,Fiber optic,Credit card (automatic),1,High,1,1,1,Email,0,0,1,10.8,14.6,0,1.1,2.8,17,0
CUST-6253,33,Month-to-month,95.0,3008.15,Fiber optic,Credit card (automatic),0,Low,0,0,0,Ticket,0,0,1,1.5,16.5,0,0.0,3.3,44,0
CUST-6254,10,Two year,20.15,220.8,No,Mailed check,3,Medium,0,1,3,Ticket,0,0,0,32.9,41.3,0,0.4,4.0,21,0
CUST-6255,57,Two year,101.3,5779.6,Fiber optic,Credit card (automatic),1,High,0,0,1,Ticket,0,1,1,14.5,20.5,0,0.0,2.2,12,0
CUST-6256,10,Month-to-month,21.2,222.65,No,Electronic check,1,Low,1,0,1,Chat,0,0,1,11.4,20.3,0,0.0,3.3,26,0
CUST-6257,39,One year,24.2,914.6,No,Mailed check,1,Medium,0,0,3,Ticket,0,1,1,33.1,37.5,0,0.0,3.2,19,0
CUST-6258,11,Month-to-month,20.3,246.3,No,Bank transfer (automatic),2,Low,1,1,2,Email,0,0,0,16.4,23.8,0,0.7,3.5,3,0
CUST-6259,68,Two year,85.3,5560.0,DSL,Bank transfer (automatic),2,Low,1,0,2,Ticket,0,0,1,4.3,9.9,0,0.0,1.4,2,0
CUST-6260,18,One year,89.6,1633.0,Fiber optic,Credit card (automatic),1,Medium,1,0,1,Email,0,1,0,9.9,22.4,0,0.0,3.2,16,0
CUST-6261,18,Month-to-month,56.25,969.85,DSL,Mailed check,1,Low,0,0,1,Email,0,0,0,21.0,36.3,0,0.0,3.2,20,0
CUST-6262,52,One year,50.95,2610.65,DSL,Bank transfer (automatic),0,Low,0,1,0,Chat,1,0,1,76.4,93.9,1,0.5,3.5,47,0
CUST-6263,56,Two year,115.85,6567.9,Fiber optic,Mailed check,0,High,1,0,0,Email,1,0,0,17.1,35.6,0,0.0,3.8,93,0
CUST-6264,45,Month-to-month,103.65,4747.85,Fiber optic,Bank transfer (automatic),0,Low,0,1,0,Chat,1,0,1,3.9,9.1,0,1.8,3.2,96,0
CUST-6265,67,Two year,26.1,1759.55,No,Mailed check,0,Low,1,1,0,Email,0,0,0,0.3,11.8,0,0.5,5.0,89,0
CUST-6266,3,Month-to-month,35.1,101.1,DSL,Mailed check,1,Medium,1,0,2,Email,0,0,0,6.5,15.0,0,0.0,4.6,9,0
CUST-6267,65,Month-to-month,99.1,6496.15,Fiber optic,Bank transfer (automatic),0,Low,0,1,0,Chat,0,0,0,10.1,22.3,0,1.2,3.9,179,0
CUST-6268,63,Two year,67.25,4234.15,DSL,Mailed check,2,Low,0,0,2,Chat,0,0,0,17.5,22.8,0,0.0,4.1,14,0
CUST-6269,11,Two year,25.0,300.7,No,Mailed check,2,Low,0,1,2,Email,0,0,1,3.9,6.4,0,2.1,5.0,3,0
CUST-6270,1,Month-to-month,59.55,59.55,DSL,Mailed check,0,Low,0,0,1,Email,2,0,1,1.6,17.1,0,0.0,5.0,97,0
CUST-6271,55,Two year,77.8,4323.35,DSL,Bank transfer (automatic),2,Low,0,0,3,Call,0,0,1,4.6,10.3,0,0.0,3.1,5,0
CUST-6272,25,One year,55.1,1466.1,DSL,Mailed check,0,High,0,0,0,Email,0,0,1,13.8,29.6,0,0.0,5.0,50,0
CUST-6273,72,Two year,24.15,1776.45,No,Credit card (automatic),1,Low,0,0,2,Chat,1,0,1,2.5,17.3,0,0.0,3.7,26,0
CUST-6274,65,Two year,45.25,2933.95,DSL,Mailed check,1,Low,0,0,3,Email,1,0,1,3.0,63.0,0,0.0,4.1,21,0
CUST-6275,7,Month-to-month,20.25,144.35,No,Mailed check,0,High,0,0,0,Call,1,0,0,40.8,46.2,0,0.0,4.2,62,0
CUST-6276,72,Two year,64.75,4804.75,DSL,Bank transfer (automatic),1,Medium,0,0,1,Email,0,0,1,1.7,15.5,0,0.0,3.2,28,0
CUST-6277,21,Month-to-month,54.6,1125.2,DSL,Bank transfer (automatic),0,Low,1,0,0,Ticket,0,1,1,21.6,35.8,0,0.0,5.0,161,0
CUST-6278,2,Month-to-month,20.7,39.85,No,Bank transfer (automatic),0,Medium,0,0,1,Call,1,0,1,0.4,33.9,0,0.0,4.2,98,0
CUST-6279,4,Month-to-month,94.75,422.4,Fiber optic,Electronic check,0,Medium,0,0,0,Chat,0,0,1,15.9,24.2,0,0.0,5.0,138,0
CUST-6280,72,Two year,115.8,8332.15,Fiber optic,Credit card (automatic),2,Medium,1,0,2,Ticket,0,0,1,31.4,44.5,0,0.0,3.8,16,0
CUST-6281,6,Month-to-month,49.45,314.6,DSL,Electronic check,1,Medium,0,0,1,Chat,0,0,1,13.8,30.6,0,0.0,1.8,17,0
CUST-6282,52,Month-to-month,83.8,4331.4,Fiber optic,Credit card (automatic),1,Low,1,0,1,Email,0,0,1,5.3,59.9,0,0.0,2.9,8,0
CUST-6283,69,Month-to-month,95.35,6382.0,Fiber optic,Bank transfer (automatic),0,Low,0,0,2,Call,1,0,0,0.4,7.7,0,0.0,3.4,99,0
CUST-6284,8,Month-to-month,74.05,600.15,Fiber optic,Bank transfer (automatic),1,Low,1,0,2,Chat,0,0,1,0.2,3.7,0,0.0,2.8,27,0
CUST-6285,63,Month-to-month,89.6,5538.8,Fiber optic,Bank transfer (automatic),0,Medium,0,0,0,Email,0,0,0,31.0,42.2,0,0.0,3.9,37,0
CUST-6286,60,One year,116.6,7049.5,Fiber optic,Credit card (automatic),2,Medium,0,1,2,Chat,0,0,1,17.8,24.6,0,1.2,3.1,11,0
CUST-6287,12,Month-to-month,54.2,690.5,DSL,Bank transfer (automatic),1,Low,0,1,2,Ticket,0,0,0,10.9,12.2,0,7.4,2.9,7,0
CUST-6288,13,Month-to-month,19.3,279.3,No,Mailed check,1,Low,0,1,2,Email,1,0,1,12.7,19.8,0,0.2,3.6,21,0
CUST-6289,22,Month-to-month,65.05,1427.55,DSL,Mailed check,1,High,0,0,2,Call,0,0,0,13.6,27.8,0,0.0,4.6,5,0
CUST-6290,72,Two year,24.05,1709.15,No,Bank transfer (automatic),2,Low,0,1,2,Email,0,0,0,8.0,15.4,0,0.6,3.7,2,0
CUST-6291,2,Month-to-month,18.75,53.15,No,Bank transfer (automatic),1,Low,0,0,2,Chat,0,0,1,31.9,42.1,0,0.0,3.2,19,0
CUST-6292,40,Two year,20.15,777.35,No,Bank transfer (automatic),1,Medium,2,0,2,Email,0,0,1,91.0,105.9,1,0.0,3.8,12,0
CUST-6293,44,One year,20.0,860.85,No,Bank transfer (automatic),3,Low,0,0,3,Chat,1,0,1,12.9,21.4,0,0.0,4.2,22,0
CUST-6294,71,One year,71.0,5012.1,DSL,Bank transfer (automatic),3,Low,0,1,3,Call,0,0,0,12.2,13.5,0,4.0,3.3,17,0
CUST-6295,26,Month-to-month,93.6,2404.1,Fiber optic,Electronic check,0,Low,0,0,0,Chat,1,0,0,47.0,61.2,0,0.0,2.1,87,0
CUST-6296,1,Month-to-month,24.4,24.4,DSL,Mailed check,2,Medium,2,0,4,Ticket,3,0,0,19.5,22.1,0,0.0,2.6,11,0
CUST-6297,3,Month-to-month,65.25,209.9,DSL,Mailed check,0,Low,0,0,1,Chat,0,0,0,18.3,33.4,0,0.0,3.2,87,0
CUST-6298,13,Month-to-month,50.55,610.75,DSL,Mailed check,1,High,1,0,3,Call,0,0,1,1.1,5.5,0,0.0,3.4,22,0
CUST-6299,1,Month-to-month,70.7,70.7,Fiber optic,Mailed check,0,Low,0,0,0,Ticket,0,1,1,12.1,21.3,0,0.0,4.2,103,0
CUST-6300,4,Month-to-month,45.25,155.35,DSL,Mailed check,3,Medium,0,0,3,Call,0,1,1,16.6,17.4,0,0.0,4.0,13,0
CUST-6301,2,Month-to-month,70.3,144.0,Fiber optic,Electronic check,0,Low,0,0,0,Email,0,0,0,30.7,34.7,0,0.0,2.0,109,0
CUST-6302,72,Two year,108.95,7875.0,Fiber optic,Credit card (automatic),0,Low,1,0,1,Call,0,1,1,23.8,54.8,0,0.0,2.4,88,0
CUST-6303,37,Month-to-month,26.45,911.6,No,Mailed check,0,Medium,1,0,0,Ticket,0,1,0,83.7,92.7,1,0.0,5.0,97,0
CUST-6304,23,One year,19.65,478.1,No,Credit card (automatic),0,Low,1,1,2,Chat,0,0,0,1.5,30.1,0,0.3,4.0,59,0
CUST-6305,42,One year,19.05,761.85,No,Electronic check,1,Medium,0,0,1,Email,0,1,1,14.2,48.0,0,0.0,4.1,4,0
CUST-6306,32,One year,74.75,2282.95,DSL,Mailed check,2,Low,0,0,2,Call,0,0,0,2.1,6.0,0,0.0,3.7,24,0
CUST-6307,22,Month-to-month,75.8,1615.1,Fiber optic,Bank transfer (automatic),2,Low,0,1,2,Chat,0,0,1,29.3,57.7,0,1.9,4.9,16,0
CUST-6308,42,Month-to-month,25.1,1097.15,DSL,Credit card (automatic),0,Medium,0,0,1,Call,0,0,1,15.4,28.3,0,0.0,3.3,91,0
CUST-6309,8,Month-to-month,44.45,369.3,DSL,Mailed check,1,Medium,0,1,1,Chat,0,0,1,5.8,15.2,0,5.5,2.2,10,0
CUST-6310,65,Two year,104.3,6725.3,Fiber optic,Credit card (automatic),1,Low,0,0,2,Call,0,0,0,10.4,16.7,0,0.0,2.2,19,0
CUST-6311,70,Two year,89.0,6293.2,DSL,Bank transfer (automatic),1,High,0,0,1,Email,0,0,0,48.2,51.6,1,0.0,3.3,27,0
CUST-6312,22,Month-to-month,20.15,432.5,No,Credit card (automatic),0,Low,0,0,1,Email,0,0,1,27.2,33.3,0,0.0,3.5,109,0
CUST-6313,67,Two year,36.15,2434.45,DSL,Bank transfer (automatic),1,Low,0,0,2,Email,0,0,1,13.7,26.4,0,0.0,2.8,20,0
CUST-6314,25,Month-to-month,19.2,532.1,No,Credit card (automatic),1,Low,0,0,1,Chat,0,0,1,29.1,34.5,0,0.0,3.6,2,0
CUST-6315,20,Month-to-month,19.25,375.25,No,Bank transfer (automatic),2,Low,0,0,2,Email,0,0,0,0.6,5.8,0,0.0,2.8,18,0
CUST-6316,2,Month-to-month,61.2,125.95,DSL,Credit card (automatic),1,Low,0,0,1,Email,0,0,0,40.9,50.4,0,0.0,3.7,1,0
CUST-6317,51,Two year,20.45,1042.65,No,Mailed check,0,Medium,0,1,3,Email,0,0,0,25.1,25.7,0,1.4,3.4,30,0
CUST-6318,46,Month-to-month,35.05,1620.25,DSL,Bank transfer (automatic),2,Low,0,0,2,Chat,0,0,0,28.7,40.0,0,0.0,5.0,21,0
CUST-6319,13,Month-to-month,44.0,659.35,DSL,Mailed check,0,Low,0,1,0,Email,0,0,0,13.8,18.0,0,3.2,3.6,82,0
CUST-6320,26,One year,50.35,1285.8,DSL,Mailed check,1,High,0,1,1,Ticket,0,0,1,21.4,29.5,0,2.0,4.2,1,0
CUST-6321,19,Month-to-month,20.0,377.55,No,Electronic check,1,Low,0,1,1,Email,2,0,0,18.5,39.7,0,3.4,3.0,5,0
CUST-6322,72,Two year,86.4,6058.95,DSL,Bank transfer (automatic),1,Low,0,0,1,Call,0,1,0,30.2,49.1,0,0.0,3.7,14,0
CUST-6323,18,Month-to-month,58.4,964.9,DSL,Credit card (automatic),0,Low,0,0,0,Chat,0,0,0,21.9,26.1,0,0.0,2.1,142,0
CUST-6324,24,Month-to-month,94.1,2322.85,Fiber optic,Electronic check,2,Low,1,0,2,Email,0,0,1,12.6,13.2,0,0.0,5.0,3,0
CUST-6325,46,Two year,108.9,4854.3,Fiber optic,Credit card (automatic),1,Low,0,0,3,Email,0,0,1,1.6,7.3,0,0.0,1.8,24,0
CUST-6326,72,Two year,107.4,7748.75,Fiber optic,Bank transfer (automatic),0,Low,0,1,0,Email,0,0,0,92.3,93.8,1,0.8,3.6,31,0
CUST-6327,70,Month-to-month,90.85,6470.1,Fiber optic,Electronic check,2,Medium,1,1,2,Call,1,0,1,7.8,14.6,0,3.1,3.7,12,0
CUST-6328,2,Month-to-month,19.9,57.4,No,Electronic check,1,Medium,1,0,1,Call,0,0,1,25.7,46.8,0,0.0,1.2,19,0
CUST-6329,31,Month-to-month,66.4,2019.8,DSL,Credit card (automatic),2,Medium,1,0,2,Call,0,0,1,17.0,21.7,0,0.0,3.5,8,0
CUST-6330,16,Month-to-month,100.7,1522.7,Fiber optic,Bank transfer (automatic),1,Medium,0,0,1,Email,0,0,0,68.5,88.6,1,0.0,4.2,1,0
CUST-6331,52,Two year,25.6,1334.5,No,Credit card (automatic),0,Low,0,0,1,Chat,0,0,0,59.8,101.4,1,0.0,4.6,174,0
CUST-6332,13,Month-to-month,19.85,252.0,No,Mailed check,2,Low,2,1,2,Chat,0,1,1,10.3,23.9,0,0.5,4.4,3,0
CUST-6333,35,One year,20.75,700.45,No,Mailed check,1,Medium,0,0,1,Call,0,0,1,34.4,57.2,0,0.0,3.9,17,0
CUST-6334,59,Two year,95.8,5655.45,Fiber optic,Electronic check,0,Low,1,1,0,Email,0,0,1,2.3,24.5,0,1.9,3.2,95,0
CUST-6335,72,Month-to-month,94.65,6747.35,Fiber optic,Electronic check,3,Low,0,0,5,Chat,0,0,1,4.3,4.5,0,0.0,5.0,29,0
CUST-6336,49,Two year,106.65,5174.35,Fiber optic,Credit card (automatic),2,Medium,0,1,3,Email,0,0,1,15.3,28.4,0,0.4,3.2,27,0
CUST-6337,2,Month-to-month,45.85,105.6,DSL,Mailed check,0,Low,0,1,0,Ticket,0,0,1,4.3,22.0,0,1.5,5.0,114,0
CUST-6338,21,Month-to-month,104.35,2271.85,Fiber optic,Electronic check,1,Medium,0,0,2,Call,0,0,0,2.3,9.3,0,0.0,3.9,8,0
CUST-6339,54,One year,55.45,2966.95,DSL,Electronic check,0,Low,1,0,0,Call,0,0,0,4.1,26.5,0,0.0,4.0,66,0
CUST-6340,1,Month-to-month,61.15,61.15,DSL,Electronic check,3,High,2,0,3,Ticket,1,1,1,7.3,20.4,0,0.0,4.3,19,0
CUST-6341,6,Month-to-month,78.95,494.95,Fiber optic,Electronic check,2,Medium,1,0,2,Email,0,0,1,72.9,86.7,1,0.0,4.0,28,0
CUST-6342,49,One year,109.2,5290.45,Fiber optic,Credit card (automatic),0,Low,0,0,2,Chat,0,1,1,1.7,7.9,0,0.0,3.6,161,0
CUST-6343,56,Two year,61.3,3346.8,DSL,Credit card (automatic),0,Medium,1,0,0,Chat,0,0,1,1.6,27.4,0,0.0,2.2,133,0
CUST-6344,56,Month-to-month,96.85,5219.65,Fiber optic,Electronic check,0,Medium,0,1,1,Ticket,0,1,0,0.8,6.5,0,4.2,5.0,87,0
CUST-6345,6,Two year,40.55,217.5,DSL,Mailed check,0,Medium,0,1,0,Call,0,0,0,4.9,6.8,0,1.9,3.4,91,0
CUST-6346,32,One year,19.8,607.7,No,Mailed check,0,Low,0,0,0,Email,0,1,1,2.1,6.7,0,0.0,3.7,42,0
CUST-6347,50,One year,108.25,5431.4,Fiber optic,Electronic check,0,Low,1,2,0,Ticket,0,1,1,0.8,7.0,0,5.2,3.1,176,0
CUST-6348,58,One year,105.05,6004.85,Fiber optic,Bank transfer (automatic),0,Low,1,0,0,Ticket,0,0,0,10.6,27.4,0,0.0,2.7,114,0
CUST-6349,65,Two year,90.45,5957.9,DSL,Mailed check,1,Low,0,0,1,Call,2,0,1,29.4,30.5,0,0.0,3.6,17,0
CUST-6350,64,Two year,86.4,5442.05,DSL,Credit card (automatic),1,High,0,0,1,Chat,0,0,1,1.9,14.8,0,0.0,3.0,25,0
CUST-6351,66,Two year,66.9,4370.25,DSL,Bank transfer (automatic),4,Low,1,1,4,Email,1,0,1,2.0,10.6,0,3.0,3.8,8,0
CUST-6352,38,One year,110.7,4428.6,Fiber optic,Electronic check,0,Low,2,0,0,Email,0,1,0,30.0,34.6,0,0.0,3.8,47,0
CUST-6353,20,One year,20.0,416.45,No,Mailed check,3,Low,1,0,3,Call,0,0,1,7.1,13.2,0,0.0,5.0,13,0
CUST-6354,64,One year,102.1,6688.1,Fiber optic,Electronic check,1,High,0,0,1,Email,0,0,0,12.5,26.9,0,0.0,3.4,11,0
CUST-6355,60,One year,70.15,4224.7,DSL,Credit card (automatic),2,Medium,0,1,2,Email,0,0,0,27.3,38.4,0,6.4,4.0,22,0
CUST-6356,50,One year,80.05,4042.2,DSL,Bank transfer (automatic),0,Medium,0,2,1,Email,0,1,0,9.5,10.3,0,0.4,5.0,63,0
CUST-6357,72,Two year,49.2,3580.95,DSL,Electronic check,1,Medium,0,1,2,Email,1,0,1,0.4,1.6,0,0.0,3.3,11,0
CUST-6358,60,Two year,20.5,1198.8,No,Bank transfer (automatic),0,Medium,0,0,0,Call,2,1,1,9.7,24.3,0,0.0,2.2,95,0
CUST-6359,46,Two year,38.25,1755.35,DSL,Mailed check,0,Medium,1,0,1,Email,0,0,0,39.2,64.6,0,0.0,3.7,124,0
CUST-6360,69,Two year,54.95,3772.5,DSL,Credit card (automatic),0,Low,0,1,0,Chat,0,0,1,2.4,4.5,0,1.3,3.8,126,0
CUST-6361,31,Month-to-month,96.6,2877.95,Fiber optic,Bank transfer (automatic),1,Low,0,0,1,Call,0,0,1,20.3,31.2,0,0.0,4.3,12,0
CUST-6362,19,One year,19.9,357.7,No,Mailed check,3,Medium,0,0,6,Email,0,1,1,12.4,15.1,0,0.0,4.9,13,0
CUST-6363,71,Two year,19.9,1397.3,No,Credit card (automatic),1,Low,0,0,2,Ticket,0,0,1,13.7,63.7,0,0.0,3.5,17,0
CUST-6364,12,Month-to-month,84.6,959.9,Fiber optic,Electronic check,3,Medium,0,1,5,Call,0,0,0,31.9,43.8,0,0.2,3.7,20,0
CUST-6365,44,One year,85.25,3704.15,DSL,Bank transfer (automatic),0,Low,1,0,0,Chat,0,0,0,27.7,48.1,0,0.0,1.9,37,0
CUST-6366,56,Two year,81.25,4620.4,DSL,Credit card (automatic),0,Medium,0,0,0,Email,0,0,0,75.5,79.6,1,0.0,4.5,161,0
CUST-6367,72,Two year,115.5,8312.75,Fiber optic,Bank transfer (automatic),1,Low,0,0,1,Email,0,0,1,3.3,8.3,0,0.0,4.0,18,0
CUST-6368,11,Month-to-month,79.0,929.3,Fiber optic,Bank transfer (automatic),0,Low,0,0,1,Ticket,2,0,0,5.3,7.2,0,0.0,2.8,88,0
CUST-6369,15,Month-to-month,94.65,1285.05,Fiber optic,Electronic check,1,Medium,2,1,1,Ticket,0,0,1,24.7,38.4,0,3.2,5.0,26,0
CUST-6370,72,Two year,20.8,1521.2,No,Mailed check,2,Low,0,1,2,Call,1,0,1,32.9,80.8,0,1.8,3.8,29,0
CUST-6371,56,Two year,59.5,3389.25,DSL,Credit card (automatic),0,Medium,0,0,2,Call,0,0,0,31.1,39.2,0,0.0,3.7,58,0
CUST-6372,64,Two year,20.05,1198.05,No,Bank transfer (automatic),0,Medium,0,0,0,Call,1,0,1,11.0,12.2,0,0.0,3.3,73,0
CUST-6373,34,Month-to-month,100.45,3414.65,Fiber optic,Electronic check,0,High,0,0,0,Ticket,0,0,0,2.1,2.2,0,0.0,5.0,67,0
CUST-6374,35,One year,20.6,754.0,No,Bank transfer (automatic),0,Medium,0,0,0,Call,0,0,1,8.2,23.0,0,0.0,3.7,175,0
CUST-6375,22,One year,20.3,467.15,No,Credit card (automatic),0,Low,0,0,0,Call,0,0,1,5.9,8.3,0,0.0,4.3,168,0
CUST-6376,9,One year,39.55,373.0,DSL,Mailed check,1,Medium,0,0,2,Email,0,0,1,12.9,45.5,0,0.0,3.4,15,0
CUST-6377,23,One year,20.45,481.1,No,Mailed check,3,Low,0,0,3,Call,0,0,0,3.2,19.1,0,0.0,3.4,14,0
CUST-6378,68,Two year,25.25,1728.2,No,Bank transfer (automatic),0,Low,0,0,1,Call,0,0,1,18.3,20.8,0,0.0,3.9,66,0
CUST-6379,33,Month-to-month,91.25,2964.05,Fiber optic,Electronic check,1,Medium,1,0,1,Ticket,1,0,1,60.5,88.5,1,0.0,3.7,18,0
CUST-6380,31,Month-to-month,72.45,2156.25,DSL,Bank transfer (automatic),0,Medium,0,0,0,Call,0,0,1,23.9,26.9,0,0.0,4.1,89,0
CUST-6381,56,Two year,19.7,1051.9,No,Bank transfer (automatic),1,Low,0,1,2,Chat,0,0,1,74.6,111.9,1,0.5,3.1,20,0
CUST-6382,66,One year,75.1,5013.0,DSL,Electronic check,0,Low,0,0,1,Ticket,1,0,0,22.4,26.4,0,0.0,5.0,132,0
CUST-6383,72,Two year,25.0,1738.9,No,Bank transfer (automatic),2,Medium,0,0,4,Email,0,0,0,24.4,26.0,0,0.0,3.7,19,0
CUST-6384,34,Month-to-month,69.15,2275.1,Fiber optic,Credit card (automatic),0,Low,0,0,0,Call,0,0,0,13.7,23.8,0,0.0,4.8,32,0
CUST-6385,58,Month-to-month,91.55,5511.65,Fiber optic,Electronic check,2,Medium,0,0,2,Email,0,0,1,53.2,64.1,1,0.0,4.1,6,0
CUST-6386,37,Two year,35.8,1316.9,DSL,Credit card (automatic),2,Medium,0,0,2,Email,0,0,1,8.0,19.9,0,0.0,2.4,28,0
CUST-6387,71,Two year,113.15,7993.3,Fiber optic,Credit card (automatic),2,Low,0,1,3,Call,0,0,0,26.0,29.8,0,0.7,5.0,8,0
CUST-6388,1,One year,19.85,19.85,No,Credit card (automatic),1,Low,1,0,1,Chat,0,0,1,0.0,5.6,0,0.0,4.0,28,0
CUST-6389,71,Two year,19.8,1388.45,No,Credit card (automatic),2,Low,0,0,4,Chat,0,0,0,29.8,87.2,0,0.0,2.6,26,0
CUST-6390,35,One year,19.9,666.0,No,Electronic check,2,High,0,0,3,Email,0,0,1,6.3,12.4,0,0.0,5.0,4,0
CUST-6391,6,One year,19.7,94.45,No,Mailed check,0,Medium,0,0,0,Call,0,1,0,1.6,2.9,0,0.0,2.4,85,0
CUST-6392,69,One year,59.1,4134.7,DSL,Bank transfer (automatic),0,Medium,0,1,0,Email,0,0,1,23.1,29.8,0,3.3,5.0,152,0
CUST-6393,53,One year,91.15,4862.5,Fiber optic,Electronic check,3,Low,0,1,3,Ticket,0,0,0,13.3,15.8,0,4.9,3.3,16,0
CUST-6394,5,Month-to-month,68.95,351.5,Fiber optic,Electronic check,1,Medium,1,0,1,Email,0,1,0,6.1,8.0,0,0.0,4.5,20,0
CUST-6395,2,Month-to-month,51.55,106.2,DSL,Mailed check,0,Low,0,1,0,Ticket,0,0,1,25.3,31.0,0,4.5,4.3,75,0
CUST-6396,62,Two year,24.4,1413.0,No,Mailed check,1,Medium,0,0,1,Call,0,0,0,10.0,15.0,0,0.0,2.6,28,0
CUST-6397,19,Month-to-month,96.8,1743.05,Fiber optic,Electronic check,2,Low,0,0,2,Chat,0,0,1,18.9,20.4,0,0.0,3.0,25,0
CUST-6398,9,Month-to-month,70.05,657.5,Fiber optic,Mailed check,1,Medium,1,0,1,Email,1,1,1,111.7,111.9,1,0.0,3.8,17,0
CUST-6399,53,Two year,19.5,1050.5,No,Credit card (automatic),3,Medium,0,0,5,Email,1,0,1,0.1,12.1,0,0.0,3.6,15,0
CUST-6400,5,Month-to-month,78.75,426.35,Fiber optic,Mailed check,1,Low,1,1,1,Email,0,0,1,33.9,37.2,0,0.1,4.0,28,0
CUST-6401,71,One year,69.2,4982.5,DSL,Electronic check,0,Medium,0,0,1,Email,0,0,1,14.7,38.0,0,0.0,4.8,110,0
CUST-6402,1,Month-to-month,19.55,19.55,No,Mailed check,2,Low,0,0,3,Email,0,0,0,8.4,12.8,0,0.0,2.2,19,0
CUST-6403,72,Two year,103.65,7634.8,Fiber optic,Electronic check,0,Low,0,0,0,Call,0,0,0,54.4,63.9,1,0.0,5.0,30,0
CUST-6404,4,Month-to-month,54.7,235.05,DSL,Mailed check,1,Low,1,0,2,Chat,0,0,1,50.3,53.4,1,0.0,3.2,12,0
CUST-6405,59,Two year,54.15,3116.15,DSL,Credit card (automatic),2,Medium,0,0,2,Ticket,0,0,1,1.1,3.6,0,0.0,3.5,18,0
CUST-6406,31,Month-to-month,84.85,2633.4,Fiber optic,Electronic check,2,High,0,0,4,Call,0,0,1,21.4,56.2,0,0.0,4.9,12,0
CUST-6407,3,Month-to-month,20.0,49.65,No,Bank transfer (automatic),2,Medium,0,0,4,Ticket,0,0,0,16.6,30.2,0,0.0,3.1,27,0
CUST-6408,49,One year,99.25,4920.8,Fiber optic,Credit card (automatic),0,Medium,0,0,0,Call,1,0,1,20.4,56.2,0,0.0,5.0,148,0
CUST-6409,2,Month-to-month,19.35,46.35,No,Mailed check,0,Low,0,1,0,Call,0,0,0,53.4,56.0,1,2.6,2.9,52,0
CUST-6410,55,One year,94.75,5276.1,Fiber optic,Electronic check,1,Low,0,0,1,Ticket,0,0,1,83.7,100.3,1,0.0,4.8,26,0
CUST-6411,72,Two year,114.05,8289.2,Fiber optic,Credit card (automatic),1,Low,0,2,2,Chat,1,0,1,5.1,8.1,0,0.8,3.8,5,0
CUST-6412,36,Month-to-month,74.9,2659.45,Fiber optic,Bank transfer (automatic),0,High,0,0,0,Call,0,0,0,6.3,22.9,0,0.0,3.8,148,0
CUST-6413,10,Month-to-month,19.8,196.75,No,Bank transfer (automatic),0,High,0,0,0,Ticket,1,0,0,23.9,45.2,0,0.0,3.9,151,0
CUST-6414,72,Two year,80.85,5824.75,DSL,Bank transfer (automatic),1,Low,1,0,1,Chat,1,0,0,21.8,24.7,0,0.0,3.3,21,0
CUST-6415,28,Month-to-month,54.65,1517.5,DSL,Bank transfer (automatic),1,Medium,1,0,1,Email,0,0,1,2.8,8.3,0,0.0,2.3,28,0
CUST-6416,38,Month-to-month,91.7,3479.05,Fiber optic,Bank transfer (automatic),3,Medium,0,0,3,Email,0,0,0,53.3,64.5,1,0.0,5.0,7,0
CUST-6417,61,One year,118.6,7365.7,Fiber optic,Electronic check,2,Low,1,0,4,Ticket,0,0,0,29.5,58.5,0,0.0,4.2,27,0
CUST-6418,52,Two year,24.55,1331.05,No,Mailed check,0,Medium,0,1,2,Call,0,0,1,7.2,7.6,0,0.3,3.1,64,0
CUST-6419,67,One year,19.45,1195.95,No,Mailed check,0,Medium,0,2,1,Email,0,0,1,15.6,25.4,0,2.0,4.8,128,0
CUST-6420,34,Two year,116.15,3946.9,Fiber optic,Credit card (automatic),1,Low,0,0,1,Email,0,0,1,23.2,24.9,0,0.0,3.0,10,0
CUST-6421,54,Two year,80.6,4299.95,DSL,Electronic check,1,High,1,0,1,Ticket,0,0,1,38.5,45.2,0,0.0,3.3,3,0
CUST-6422,1,Month-to-month,20.3,20.3,No,Bank transfer (automatic),0,Low,1,0,0,Ticket,1,0,1,81.6,90.8,1,0.0,3.8,136,0
CUST-6423,46,Month-to-month,99.8,4391.25,Fiber optic,Electronic check,1,Low,0,0,1,Email,0,0,0,22.1,40.8,0,0.0,5.0,25,0
CUST-6424,55,One year,75.0,4213.9,DSL,Credit card (automatic),2,Low,0,0,2,Call,0,0,0,15.8,91.1,0,0.0,2.8,29,0
CUST-6425,1,Month-to-month,19.9,19.9,No,Mailed check,1,Medium,2,1,1,Ticket,1,0,0,56.5,66.4,1,3.3,3.8,1,0
CUST-6426,64,One year,80.3,5017.7,Fiber optic,Credit card (automatic),1,Low,0,0,2,Ticket,0,0,0,13.1,19.8,0,0.0,3.7,6,0
CUST-6427,58,Two year,84.3,4916.4,DSL,Electronic check,0,Medium,0,1,1,Call,0,0,0,4.7,13.2,0,2.5,4.6,126,0
CUST-6428,56,One year,54.05,2959.8,DSL,Bank transfer (automatic),0,Medium,0,0,0,Chat,0,1,1,1.8,12.8,0,0.0,4.1,59,0
CUST-6429,72,Two year,104.9,7559.55,Fiber optic,Credit card (automatic),0,Low,0,0,0,Ticket,0,0,1,3.1,4.2,0,0.0,2.2,171,0
CUST-6430,72,One year,97.25,7133.1,Fiber optic,Credit card (automatic),3,Medium,1,0,5,Email,1,0,0,16.1,17.0,0,0.0,2.7,8,0
CUST-6431,22,Month-to-month,83.05,1799.3,Fiber optic,Electronic check,0,Low,0,0,2,Call,0,0,1,20.1,25.1,0,0.0,4.3,124,0
CUST-6432,39,Month-to-month,41.1,1597.05,DSL,Bank transfer (automatic),0,Medium,0,0,0,Email,0,0,0,26.8,27.5,0,0.0,4.7,96,0
CUST-6433,12,Month-to-month,45.0,524.35,DSL,Bank transfer (automatic),0,Low,0,0,1,Call,0,0,0,6.5,14.7,0,0.0,4.6,136,0
CUST-6434,54,Two year,74.55,4191.45,DSL,Bank transfer (automatic),0,Medium,0,1,0,Chat,0,0,0,8.3,11.9,0,2.2,3.6,80,0
CUST-6435,18,One year,40.2,711.95,DSL,Mailed check,1,Medium,2,1,1,Ticket,1,0,0,28.7,29.3,0,1.6,4.1,19,0
CUST-6436,32,One year,70.5,2201.75,DSL,Mailed check,0,High,0,1,0,Chat,0,0,1,2.8,3.5,0,2.9,3.7,73,0
CUST-6437,41,One year,19.75,806.95,No,Mailed check,0,Low,0,1,0,Ticket,0,1,0,35.5,41.8,0,0.6,3.6,87,0
CUST-6438,67,Two year,24.65,1620.45,No,Bank transfer (automatic),0,Medium,0,0,0,Call,0,0,1,6.0,10.8,0,0.0,5.0,83,0
CUST-6439,65,Month-to-month,104.25,6812.95,Fiber optic,Electronic check,0,Low,0,0,1,Email,0,0,1,11.1,31.3,0,0.0,4.7,63,0
CUST-6440,25,Month-to-month,78.35,1837.9,DSL,Bank transfer (automatic),0,Low,0,0,0,Chat,1,0,1,4.6,6.3,0,0.0,3.6,171,0
CUST-6441,67,One year,109.7,7344.45,Fiber optic,Credit card (automatic),1,Low,1,0,1,Call,0,0,0,2.8,3.2,0,0.0,5.0,4,0
CUST-6442,43,Month-to-month,33.45,1500.25,DSL,Credit card (automatic),1,Low,1,1,1,Chat,0,0,0,25.4,26.1,0,0.5,3.7,10,0
CUST-6443,24,Month-to-month,94.6,2283.15,Fiber optic,Electronic check,0,Medium,1,1,1,Call,0,0,1,28.4,33.3,0,0.3,2.9,93,0
CUST-6444,69,Two year,20.2,1376.5,No,Bank transfer (automatic),2,Medium,0,1,2,Chat,2,0,1,7.1,18.3,0,2.6,4.0,22,0
CUST-6445,37,One year,20.3,755.4,No,Bank transfer (automatic),1,Low,0,0,1,Call,0,0,0,41.7,50.1,0,0.0,4.0,17,0
CUST-6446,20,Two year,39.4,825.4,DSL,Credit card (automatic),0,Medium,1,0,0,Chat,0,0,1,20.4,30.6,0,0.0,4.6,83,0
CUST-6447,7,Month-to-month,69.15,488.65,Fiber optic,Bank transfer (automatic),2,Low,0,0,2,Chat,0,0,0,13.3,25.2,0,0.0,2.6,5,0
CUST-6448,41,One year,51.35,2075.1,DSL,Electronic check,0,Medium,1,0,1,Call,0,0,1,34.0,38.4,0,0.0,2.6,66,0
CUST-6449,54,One year,100.05,5299.65,Fiber optic,Credit card (automatic),1,High,0,0,1,Chat,1,0,0,37.8,66.6,0,0.0,4.2,26,0
CUST-6450,69,Two year,20.3,1356.3,No,Credit card (automatic),0,Medium,0,0,1,Call,0,0,0,16.5,16.6,0,0.0,2.6,151,0
CUST-6451,53,One year,94.45,5042.75,Fiber optic,Credit card (automatic),2,Low,0,0,2,Chat,0,0,1,15.8,18.2,0,0.0,3.2,5,0
CUST-6452,18,One year,46.4,812.4,DSL,Credit card (automatic),2,Medium,0,0,2,Ticket,0,0,1,20.8,33.2,0,0.0,2.6,14,0
CUST-6453,64,Two year,104.05,6605.55,Fiber optic,Credit card (automatic),2,Low,0,0,2,Ticket,0,0,0,15.2,58.5,0,0.0,3.0,20,0
CUST-6454,20,Month-to-month,24.9,505.95,DSL,Credit card (automatic),0,Medium,0,0,2,Chat,1,1,0,15.6,17.6,0,0.0,4.3,129,0
CUST-6455,57,One year,59.6,3509.4,DSL,Mailed check,2,Medium,0,0,2,Call,0,0,1,16.4,31.1,0,0.0,4.5,9,0
CUST-6456,63,Two year,108.5,6991.9,Fiber optic,Credit card (automatic),2,Medium,0,0,3,Ticket,0,0,1,7.0,10.4,0,0.0,1.9,14,0
CUST-6457,13,Two year,40.55,590.35,DSL,Mailed check,1,Low,0,1,1,Chat,0,0,1,25.2,27.9,0,1.3,4.2,19,0
CUST-6458,48,One year,58.95,2789.7,DSL,Bank transfer (automatic),0,Medium,1,1,1,Chat,1,0,1,8.0,12.3,0,3.3,2.8,174,0
CUST-6459,57,Two year,20.75,1123.15,No,Mailed check,1,Medium,1,0,1,Call,0,0,1,18.8,21.0,0,0.0,2.2,16,0
CUST-6460,71,One year,113.15,7953.25,Fiber optic,Bank transfer (automatic),1,Medium,0,1,1,Email,0,0,0,23.3,32.3,0,3.0,3.6,2,0
CUST-6461,7,Month-to-month,48.8,349.8,DSL,Electronic check,0,Medium,0,1,0,Call,0,0,1,14.7,50.1,0,1.7,4.7,73,0
CUST-6462,16,Month-to-month,63.05,1067.05,DSL,Bank transfer (automatic),1,High,0,0,1,Email,0,0,1,4.8,35.5,0,0.0,4.4,4,0
CUST-6463,34,Month-to-month,100.85,3527.3,Fiber optic,Electronic check,1,Medium,0,1,1,Chat,0,0,1,15.6,24.7,0,1.5,4.4,3,0
CUST-6464,16,Month-to-month,80.55,1248.9,Fiber optic,Mailed check,0,Low,0,0,0,Email,1,0,1,30.6,46.7,0,0.0,4.4,117,0
CUST-6465,48,One year,64.4,3035.35,DSL,Bank transfer (automatic),1,Medium,1,0,1,Email,0,0,0,1.5,4.2,0,0.0,4.8,10,0
CUST-6466,58,One year,75.2,4300.8,DSL,Credit card (automatic),1,Low,0,0,1,Call,0,0,1,19.3,29.1,0,0.0,4.8,5,0
CUST-6467,72,Two year,84.9,6065.3,DSL,Bank transfer (automatic),1,Medium,1,0,1,Email,1,0,1,2.1,20.0,0,0.0,5.0,17,0
CUST-6468,7,Month-to-month,19.3,144.95,No,Mailed check,1,High,0,0,2,Email,0,0,1,18.8,23.5,0,0.0,2.4,23,0
CUST-6469,30,One year,74.65,2308.6,DSL,Credit card (automatic),1,Low,0,0,1,Chat,0,0,1,5.9,8.7,0,0.0,3.9,28,0
CUST-6470,31,Month-to-month,59.05,1882.8,DSL,Credit card (automatic),0,Medium,0,0,0,Ticket,0,0,1,39.8,44.0,0,0.0,5.0,80,0
CUST-6471,46,One year,69.1,3255.35,DSL,Credit card (automatic),1,Medium,0,0,1,Call,0,0,0,9.1,13.0,0,0.0,4.4,7,0
CUST-6472,50,Two year,20.55,1067.65,No,Mailed check,2,Medium,0,0,3,Call,0,0,1,8.7,12.5,0,0.0,3.9,2,0
CUST-6473,28,Month-to-month,76.55,2065.4,Fiber optic,Bank transfer (automatic),1,Low,0,1,1,Ticket,0,0,0,34.6,35.4,0,1.7,2.3,4,0
CUST-6474,66,Two year,62.5,4136.4,DSL,Bank transfer (automatic),1,Low,1,0,1,Ticket,0,0,1,59.4,67.7,1,0.0,1.9,27,0
CUST-6475,41,Month-to-month,94.9,3848.0,Fiber optic,Bank transfer (automatic),2,High,0,0,2,Ticket,0,0,0,0.5,2.6,0,0.0,3.0,10,0
CUST-6476,72,Two year,111.65,8022.85,Fiber optic,Bank transfer (automatic),1,Low,0,0,2,Email,0,0,0,12.1,39.6,0,0.0,4.7,24,0
CUST-6477,7,One year,19.9,173.15,No,Mailed check,0,Medium,1,0,0,Chat,0,0,0,15.0,34.4,0,0.0,3.7,86,0
CUST-6478,38,Month-to-month,20.45,781.25,No,Mailed check,0,Low,0,0,2,Call,0,0,1,46.9,75.9,0,0.0,3.3,122,0
CUST-6479,44,One year,106.05,4510.8,Fiber optic,Electronic check,1,Low,0,0,2,Chat,0,0,1,16.2,41.0,0,0.0,2.1,29,0
CUST-6480,47,One year,113.45,5317.8,Fiber optic,Bank transfer (automatic),3,Medium,0,0,3,Email,0,0,0,15.5,20.8,0,0.0,3.6,28,0
CUST-6481,53,Month-to-month,92.55,4779.45,Fiber optic,Electronic check,2,Low,0,0,3,Ticket,0,0,0,24.2,42.0,0,0.0,4.0,16,0
CUST-6482,4,Month-to-month,65.6,250.1,DSL,Electronic check,1,High,0,0,1,Email,0,0,0,28.2,36.5,0,0.0,5.0,13,0
CUST-6483,20,Month-to-month,84.35,1745.2,Fiber optic,Electronic check,1,Medium,0,1,1,Ticket,0,0,1,11.4,14.9,0,1.0,3.0,20,0
CUST-6484,57,One year,71.1,4140.1,DSL,Credit card (automatic),1,Medium,1,2,1,Call,1,0,0,3.2,8.5,0,1.6,3.3,19,0
CUST-6485,44,Month-to-month,85.15,3670.5,Fiber optic,Electronic check,0,Low,1,1,0,Email,2,0,0,34.8,45.0,0,0.0,2.6,137,0
CUST-6486,24,Month-to-month,49.7,1167.8,DSL,Mailed check,3,High,0,0,3,Chat,0,0,1,3.2,25.7,0,0.0,2.5,12,0
CUST-6487,15,Month-to-month,30.2,469.65,DSL,Bank transfer (automatic),1,Low,2,1,1,Chat,0,1,1,70.4,70.6,1,0.1,4.6,26,0
CUST-6488,24,Month-to-month,56.35,1381.2,DSL,Credit card (automatic),1,Medium,0,0,1,Email,1,0,1,8.1,15.1,0,0.0,3.4,8,0
CUST-6489,33,Month-to-month,107.55,3645.5,Fiber optic,Electronic check,0,Low,1,0,0,Email,1,0,0,54.5,54.5,1,0.0,5.0,166,0
CUST-6490,58,Two year,19.85,1158.85,No,Mailed check,1,Low,0,0,2,Chat,0,1,1,21.8,25.8,0,0.0,2.7,15,0
CUST-6491,72,Two year,95.9,6954.15,Fiber optic,Bank transfer (automatic),0,Medium,0,0,0,Email,0,0,0,36.1,42.4,0,0.0,5.0,106,0
CUST-6492,71,Two year,23.85,1672.1,No,Mailed check,1,Medium,0,0,1,Email,0,0,1,51.4,59.0,1,0.0,5.0,8,0
CUST-6493,51,Two year,83.85,4307.1,DSL,Credit card (automatic),0,Low,0,1,0,Email,1,0,1,19.9,36.1,0,0.2,4.0,75,0
CUST-6494,72,Two year,84.8,6141.65,Fiber optic,Credit card (automatic),0,Low,1,0,0,Ticket,0,1,1,27.3,43.1,0,0.0,4.5,166,0
CUST-6495,14,Two year,76.1,1054.8,DSL,Bank transfer (automatic),0,Medium,1,0,1,Chat,0,0,0,4.1,8.6,0,0.0,4.4,52,0
CUST-6496,72,Two year,74.55,5430.65,DSL,Mailed check,0,Low,0,0,0,Email,1,0,0,8.7,14.1,0,0.0,4.0,117,0
CUST-6497,22,Month-to-month,39.2,849.9,DSL,Electronic check,1,Low,0,0,1,Chat,2,0,1,9.2,12.8,0,0.0,2.7,24,0
CUST-6498,2,Month-to-month,79.55,151.75,Fiber optic,Electronic check,1,Low,1,0,2,Call,1,0,0,3.4,9.3,0,0.0,4.5,6,0
CUST-6499,15,Month-to-month,19.6,299.4,No,Mailed check,1,Low,0,1,1,Email,0,0,0,14.8,19.8,0,1.9,3.8,14,0
CUST-6500,51,Two year,19.55,1086.75,No,Credit card (automatic),1,Low,2,0,2,Ticket,0,0,1,24.7,37.8,0,0.0,4.9,26,0
CUST-6501,70,Two year,39.15,2692.75,DSL,Credit card (automatic),1,Low,1,1,2,Ticket,0,0,1,5.2,6.9,0,5.2,5.0,19,0
CUST-6502,71,Two year,20.1,1389.6,No,Bank transfer (automatic),2,Medium,0,0,2,Email,1,0,1,23.3,23.7,0,0.0,2.5,7,0
CUST-6503,39,Month-to-month,99.95,3767.4,Fiber optic,Credit card (automatic),0,Low,0,1,0,Email,0,1,0,31.4,31.6,0,0.5,4.3,168,0
CUST-6504,61,Month-to-month,59.8,3641.5,DSL,Electronic check,0,Medium,0,0,0,Call,1,0,1,0.3,40.6,0,0.0,5.0,114,0
CUST-6505,52,Month-to-month,49.75,2535.55,DSL,Bank transfer (automatic),1,High,0,0,2,Email,0,0,0,33.0,36.4,0,0.0,3.1,17,0
CUST-6506,64,One year,108.5,6880.85,Fiber optic,Mailed check,0,High,0,0,1,Chat,0,0,1,4.4,20.2,0,0.0,4.1,154,0
CUST-6507,62,Two year,60.15,3753.2,DSL,Credit card (automatic),1,Medium,0,0,1,Email,0,0,0,0.3,15.6,0,0.0,4.0,8,0
CUST-6508,30,Two year,19.05,637.55,No,Mailed check,0,Low,1,0,0,Chat,0,1,0,29.1,50.8,0,0.0,4.8,177,0
CUST-6509,63,One year,84.0,5329.55,DSL,Bank transfer (automatic),0,Low,0,0,2,Chat,0,0,0,28.0,33.9,0,0.0,4.1,134,0
CUST-6510,1,Month-to-month,44.55,44.55,DSL,Credit card (automatic),2,Medium,2,0,2,Chat,0,0,1,0.3,12.8,0,0.0,3.8,22,0
CUST-6511,15,Month-to-month,103.45,1539.8,Fiber optic,Electronic check,1,Low,2,0,2,Chat,0,0,0,1.3,6.7,0,0.0,2.8,29,0
CUST-6512,27,One year,80.65,2209.75,Fiber optic,Credit card (automatic),0,Low,1,1,0,Chat,1,0,0,45.8,49.0,0,1.0,4.8,70,0
CUST-6513,4,Month-to-month,57.2,223.75,DSL,Mailed check,1,Medium,0,0,1,Email,0,0,1,42.4,93.9,0,0.0,3.1,20,0
CUST-6514,72,Two year,110.75,7751.7,Fiber optic,Electronic check,1,Low,1,0,1,Email,0,0,1,13.3,41.3,0,0.0,4.8,3,0
CUST-6515,45,One year,24.7,1174.35,No,Credit card (automatic),1,Medium,0,0,1,Email,0,1,0,34.7,42.1,0,0.0,4.9,22,0
CUST-6516,45,Month-to-month,97.05,4385.05,Fiber optic,Electronic check,0,Medium,0,0,0,Ticket,0,1,0,6.4,17.6,0,0.0,2.8,109,0
CUST-6517,36,One year,76.35,2606.35,DSL,Mailed check,0,Medium,0,0,0,Chat,0,0,1,3.0,44.9,0,0.0,3.8,129,0
CUST-6518,1,Month-to-month,18.9,18.9,No,Mailed check,0,Medium,0,0,0,Call,0,1,0,67.2,72.2,1,0.0,4.7,172,0
CUST-6519,16,Month-to-month,74.45,1261.35,Fiber optic,Bank transfer (automatic),0,Low,0,1,0,Email,0,0,1,15.5,37.6,0,1.5,2.6,33,0
CUST-6520,71,Two year,84.4,5969.3,DSL,Credit card (automatic),1,Medium,0,0,1,Email,0,0,0,6.3,12.4,0,0.0,4.0,6,0
CUST-6521,10,Month-to-month,24.4,253.9,No,Mailed check,0,Low,1,0,0,Ticket,0,1,0,13.1,37.9,0,0.0,2.8,107,0
CUST-6522,20,Two year,20.05,400.0,No,Mailed check,0,Medium,0,1,0,Email,0,0,0,16.5,24.5,0,1.4,4.9,157,0
CUST-6523,4,Month-to-month,55.5,227.35,DSL,Credit card (automatic),4,Low,0,1,4,Chat,1,0,1,7.2,16.4,0,1.1,4.4,23,0
CUST-6524,29,Month-to-month,84.3,2357.75,Fiber optic,Electronic check,0,Medium,0,1,1,Email,0,0,1,26.2,43.2,0,1.0,3.8,179,0
CUST-6525,2,Month-to-month,100.2,198.5,Fiber optic,Electronic check,0,High,0,0,0,Chat,1,0,0,0.7,26.3,0,0.0,3.8,95,0
CUST-6526,29,Two year,19.4,554.25,No,Mailed check,0,Low,0,1,0,Email,0,0,0,5.0,8.7,0,2.5,2.2,49,0
CUST-6527,13,Month-to-month,20.4,251.65,No,Electronic check,1,Low,0,0,2,Email,1,0,1,6.7,23.5,0,0.0,4.8,12,0
CUST-6528,59,Month-to-month,94.75,5597.65,Fiber optic,Electronic check,0,Low,0,1,0,Chat,0,0,1,23.1,58.9,0,0.7,4.4,111,0
CUST-6529,18,Month-to-month,44.35,768.05,DSL,Bank transfer (automatic),1,Low,0,0,2,Chat,0,0,1,28.7,28.9,0,0.0,4.2,16,0
CUST-6530,17,Month-to-month,74.55,1215.8,DSL,Mailed check,1,Low,0,0,3,Email,0,0,1,17.7,19.7,0,0.0,3.7,10,0
CUST-6531,47,Two year,73.6,3522.65,DSL,Electronic check,2,Medium,0,0,2,Chat,0,0,1,7.3,12.5,0,0.0,3.8,14,0
CUST-6532,19,Month-to-month,50.1,910.45,DSL,Credit card (automatic),2,Low,0,0,2,Ticket,0,0,1,5.5,24.0,0,0.0,3.3,18,0
CUST-6533,68,Two year,53.0,3656.25,DSL,Electronic check,0,Low,1,0,1,Chat,0,1,0,9.1,19.7,0,0.0,2.7,83,0
CUST-6534,2,Month-to-month,19.85,52.0,No,Bank transfer (automatic),1,Medium,1,0,1,Chat,0,0,0,10.4,41.0,0,0.0,5.0,12,0
CUST-6535,7,One year,24.35,150.85,DSL,Credit card (automatic),1,Low,0,0,1,Call,0,0,1,16.2,23.7,0,0.0,3.0,13,0
CUST-6536,18,Month-to-month,19.55,389.25,No,Mailed check,2,Low,0,0,2,Chat,0,1,0,20.4,28.7,0,0.0,2.3,1,0
CUST-6537,71,Two year,25.05,1873.7,No,Credit card (automatic),0,Medium,1,0,0,Chat,0,0,1,8.5,18.4,0,0.0,4.8,173,0
CUST-6538,13,Month-to-month,93.8,1261.0,Fiber optic,Credit card (automatic),0,Medium,0,0,0,Call,1,2,1,2.3,30.8,0,0.0,3.7,94,0
CUST-6539,72,Two year,103.75,7346.2,Fiber optic,Bank transfer (automatic),0,Low,0,0,0,Chat,0,0,1,10.4,11.2,0,0.0,3.3,42,0
CUST-6540,66,Two year,56.75,3708.4,DSL,Credit card (automatic),0,Low,0,0,0,Call,1,0,1,8.1,16.7,0,0.0,3.0,35,0
CUST-6541,24,One year,20.8,469.65,No,Credit card (automatic),0,Low,1,0,1,Email,0,0,0,1.1,6.8,0,0.0,4.7,123,0
CUST-6542,56,Two year,24.45,1385.85,No,Mailed check,1,Low,0,1,1,Email,0,0,1,4.1,8.5,0,1.0,1.0,24,0
CUST-6543,22,One year,25.6,548.8,No,Bank transfer (automatic),1,Low,0,0,2,Ticket,0,0,1,9.6,24.8,0,0.0,4.3,24,0
CUST-6544,42,Month-to-month,59.65,2536.55,DSL,Bank transfer (automatic),2,Medium,0,0,2,Email,1,0,0,14.5,19.4,0,0.0,3.4,4,0
CUST-6545,72,Two year,83.3,6042.7,DSL,Bank transfer (automatic),3,Medium,1,0,4,Chat,0,0,1,14.2,14.5,0,0.0,4.3,29,0
CUST-6546,12,Month-to-month,79.55,958.25,Fiber optic,Credit card (automatic),1,Low,1,0,1,Call,0,0,1,4.3,7.2,0,0.0,4.7,2,0
CUST-6547,71,Two year,24.45,1730.65,No,Bank transfer (automatic),0,Medium,0,1,1,Email,0,0,1,4.7,8.9,0,2.4,5.0,89,0
CUST-6548,26,One year,19.2,459.6,No,Mailed check,2,Low,0,0,3,Chat,0,0,0,22.3,24.7,0,0.0,5.0,24,0
CUST-6549,7,Month-to-month,29.8,201.95,DSL,Mailed check,0,Medium,1,0,1,Email,1,0,1,7.5,24.8,0,0.0,2.3,49,0
CUST-6550,6,Month-to-month,45.5,285.2,DSL,Mailed check,2,Medium,1,2,2,Ticket,0,0,0,3.8,14.9,0,0.1,1.8,16,0
CUST-6551,51,Month-to-month,30.05,1529.45,DSL,Credit card (automatic),0,High,0,1,1,Email,0,0,1,10.9,25.0,0,2.0,4.0,142,0
CUST-6552,72,Two year,65.65,4664.5,DSL,Bank transfer (automatic),0,Low,0,0,1,Email,0,1,0,12.2,21.6,0,0.0,4.5,162,0
CUST-6553,47,Two year,74.05,3496.3,DSL,Mailed check,2,Low,0,0,2,Chat,0,0,1,4.0,17.8,0,0.0,3.3,16,0
CUST-6554,62,One year,110.75,7053.35,Fiber optic,Bank transfer (automatic),0,Medium,0,1,1,Call,0,0,1,11.3,26.4,0,3.2,1.5,39,0
CUST-6555,16,Two year,19.7,301.55,No,Mailed check,3,Low,0,0,3,Ticket,0,0,0,24.8,41.9,0,0.0,3.3,28,0
CUST-6556,6,Month-to-month,49.5,312.7,DSL,Credit card (automatic),0,Low,0,0,0,Call,0,1,1,3.4,21.4,0,0.0,4.4,140,0
CUST-6557,69,Two year,43.95,2960.1,DSL,Credit card (automatic),1,Low,0,0,2,Call,0,0,1,8.0,11.8,0,0.0,2.8,5,0
CUST-6558,64,Month-to-month,111.15,6953.4,Fiber optic,Electronic check,1,Medium,0,0,2,Call,0,0,0,1.9,5.2,0,0.0,3.5,14,0
CUST-6559,25,Month-to-month,20.6,541.5,No,Mailed check,1,Low,0,0,1,Ticket,0,0,1,4.4,19.8,0,0.0,3.1,26,0
CUST-6560,6,Two year,19.65,116.85,No,Credit card (automatic),1,High,0,0,2,Ticket,0,0,0,10.2,58.9,0,0.0,2.3,24,0
CUST-6561,66,One year,115.8,7942.15,Fiber optic,Bank transfer (automatic),1,Low,0,0,1,Chat,0,0,1,66.0,81.5,1,0.0,2.8,4,0
CUST-6562,61,Two year,88.65,5321.25,DSL,Credit card (automatic),0,Low,0,0,0,Chat,0,0,1,21.6,30.1,0,0.0,4.1,55,0
CUST-6563,43,Month-to-month,94.5,4156.8,Fiber optic,Electronic check,2,Medium,0,0,2,Chat,0,0,1,48.3,52.6,1,0.0,4.3,19,0
CUST-6564,12,Month-to-month,20.1,223.6,No,Mailed check,2,Low,1,1,3,Ticket,0,1,1,2.0,3.7,0,0.1,3.5,21,0
CUST-6565,23,Month-to-month,34.65,768.45,DSL,Bank transfer (automatic),1,Low,0,1,1,Ticket,1,0,0,51.2,61.7,1,1.5,3.1,5,0
CUST-6566,71,Month-to-month,52.3,3765.05,DSL,Bank transfer (automatic),0,Low,0,1,0,Email,1,1,0,12.9,13.9,0,0.7,3.9,124,0
CUST-6567,34,Month-to-month,65.0,2157.5,DSL,Mailed check,1,Low,1,0,2,Call,0,0,1,6.0,37.3,0,0.0,4.3,18,0
CUST-6568,41,One year,35.45,1391.65,DSL,Mailed check,1,Medium,1,1,2,Chat,0,0,1,33.5,34.3,0,4.3,3.2,15,0
CUST-6569,72,Two year,19.7,1379.8,No,Credit card (automatic),0,Low,0,2,0,Email,0,0,1,16.6,18.3,0,0.1,4.6,35,0
CUST-6570,14,Month-to-month,95.6,1273.3,Fiber optic,Electronic check,3,High,0,0,3,Ticket,1,0,1,1.7,18.8,0,0.0,3.0,17,0
CUST-6571,41,Two year,19.85,810.45,No,Mailed check,0,Medium,0,0,0,Email,0,1,1,13.8,40.1,0,0.0,4.4,46,0
CUST-6572,23,One year,81.85,1810.85,Fiber optic,Credit card (automatic),0,Low,0,0,0,Email,0,0,1,18.5,20.9,0,0.0,2.3,109,0
CUST-6573,71,Two year,109.3,7782.85,Fiber optic,Credit card (automatic),0,Low,0,1,2,Ticket,0,0,1,0.3,1.0,0,2.6,5.0,39,0
CUST-6574,72,Two year,25.4,1797.1,No,Mailed check,1,Low,1,1,1,Call,0,1,0,14.4,16.1,0,0.0,4.6,8,0
CUST-6575,6,Month-to-month,69.8,377.85,Fiber optic,Electronic check,0,Low,0,0,0,Ticket,1,0,1,8.1,23.2,0,0.0,3.4,138,0
CUST-6576,23,One year,20.0,445.3,No,Credit card (automatic),2,Medium,1,0,2,Chat,0,0,0,11.0,37.4,0,0.0,4.2,14,0
CUST-6577,72,Two year,109.9,7624.2,Fiber optic,Electronic check,0,Low,0,0,1,Email,0,0,0,2.1,17.2,0,0.0,4.5,103,0
CUST-6578,7,Month-to-month,50.3,355.1,DSL,Bank transfer (automatic),2,High,0,0,2,Chat,0,0,1,12.6,18.1,0,0.0,2.2,5,0
CUST-6579,9,Month-to-month,101.5,906.85,Fiber optic,Electronic check,1,Low,0,0,3,Email,0,0,0,75.3,86.4,1,0.0,4.2,10,0
CUST-6580,12,Month-to-month,89.15,1057.55,Fiber optic,Electronic check,2,Low,0,0,2,Email,0,0,1,24.1,32.7,0,0.0,2.4,6,0
CUST-6581,1,Month-to-month,19.4,19.4,No,Mailed check,1,Low,0,1,2,Chat,0,1,1,47.3,56.2,0,0.5,4.0,17,0
CUST-6582,48,One year,29.9,1388.75,DSL,Bank transfer (automatic),0,Low,0,0,1,Email,0,0,1,5.9,26.8,0,0.0,2.7,127,0
CUST-6583,20,Month-to-month,78.8,1641.3,Fiber optic,Electronic check,1,Medium,0,0,1,Ticket,0,0,0,8.7,46.0,0,0.0,1.9,10,0
CUST-6584,10,One year,19.3,185.2,No,Mailed check,1,Medium,0,1,1,Ticket,1,0,1,18.8,45.0,0,1.4,3.0,29,0
CUST-6585,20,Month-to-month,96.8,1826.7,Fiber optic,Mailed check,1,Low,0,1,1,Email,1,0,0,24.2,41.3,0,0.0,3.2,16,0
CUST-6586,20,One year,20.65,417.5,No,Mailed check,1,High,0,0,2,Email,1,0,1,6.5,13.9,0,0.0,4.5,21,0
CUST-6587,19,One year,19.8,344.5,No,Mailed check,2,Medium,0,0,3,Ticket,0,0,1,7.7,11.0,0,0.0,2.4,15,0
CUST-6588,22,Month-to-month,104.6,2180.55,Fiber optic,Electronic check,0,Medium,0,0,0,Call,0,0,1,2.5,8.2,0,0.0,3.7,143,0
CUST-6589,35,Month-to-month,80.05,2835.9,Fiber optic,Credit card (automatic),2,Medium,0,0,2,Email,0,0,1,20.4,44.4,0,0.0,3.2,13,0
CUST-6590,1,Month-to-month,45.15,45.15,DSL,Mailed check,0,Medium,2,0,0,Ticket,0,0,1,7.7,7.8,0,0.0,5.0,76,0
CUST-6591,39,Month-to-month,73.15,2730.85,Fiber optic,Credit card (automatic),0,Medium,0,0,0,Call,1,0,1,2.7,7.3,0,0.0,2.9,70,0
CUST-6592,54,One year,99.1,5437.1,Fiber optic,Electronic check,1,Low,0,1,1,Call,0,1,1,18.1,26.1,0,0.4,4.1,22,0
CUST-6593,56,Month-to-month,105.35,5794.45,Fiber optic,Mailed check,0,Low,0,0,0,Chat,0,0,1,0.2,0.7,0,0.0,4.9,128,0
CUST-6594,18,Month-to-month,45.65,747.2,DSL,Credit card (automatic),2,Medium,0,0,3,Call,1,0,0,54.0,55.3,1,0.0,3.3,26,0
CUST-6595,16,Month-to-month,79.95,1267.95,Fiber optic,Credit card (automatic),2,High,0,1,2,Email,0,1,1,18.4,33.2,0,0.7,4.0,25,0
CUST-6596,68,One year,54.45,3674.95,DSL,Credit card (automatic),0,Medium,0,0,0,Call,1,0,1,16.8,51.3,0,0.0,3.4,138,0
CUST-6597,53,Two year,25.1,1275.6,No,Credit card (automatic),1,High,1,0,2,Chat,1,0,0,18.7,32.2,0,0.0,3.9,29,0
CUST-6598,72,Two year,84.7,5893.9,DSL,Credit card (automatic),0,Low,0,0,0,Ticket,0,0,0,6.9,10.1,0,0.0,5.0,158,0
CUST-6599,9,Month-to-month,75.85,724.65,Fiber optic,Electronic check,0,Medium,0,0,1,Chat,1,0,0,4.8,9.0,0,0.0,5.0,48,0
CUST-6600,30,Month-to-month,48.8,1536.75,DSL,Mailed check,2,Medium,0,0,2,Ticket,0,0,1,13.9,25.1,0,0.0,3.9,2,0
CUST-6601,18,Month-to-month,35.2,607.3,DSL,Electronic check,0,Medium,0,1,2,Email,0,0,1,51.9,103.0,1,0.8,3.3,163,0
CUST-6602,55,One year,76.25,4154.55,DSL,Electronic check,2,Medium,0,0,2,Ticket,0,0,1,5.9,18.6,0,0.0,3.1,27,0
CUST-6603,33,One year,24.9,847.8,No,Bank transfer (automatic),1,Low,2,0,1,Call,0,0,0,22.7,23.7,0,0.0,3.7,27,0
CUST-6604,44,Two year,54.3,2390.45,DSL,Bank transfer (automatic),1,Low,1,0,1,Ticket,0,0,0,65.2,67.5,1,0.0,5.0,15,0
CUST-6605,30,Month-to-month,66.3,1923.5,DSL,Bank transfer (automatic),3,High,0,0,3,Call,0,0,0,14.3,29.3,0,0.0,3.2,13,0
CUST-6606,71,Two year,20.9,1493.2,No,Bank transfer (automatic),1,Low,0,1,1,Chat,0,1,1,11.0,27.4,0,2.5,4.1,14,0
CUST-6607,1,Month-to-month,75.35,75.35,Fiber optic,Credit card (automatic),2,Low,0,1,3,Chat,0,0,1,24.8,25.8,0,0.6,5.0,10,0
CUST-6608,23,Month-to-month,104.45,2184.85,Fiber optic,Electronic check,0,Low,0,0,0,Ticket,0,0,0,2.7,13.1,0,0.0,3.2,128,0
CUST-6609,22,One year,49.45,1031.4,DSL,Credit card (automatic),2,Low,0,1,3,Chat,0,0,1,0.6,21.2,0,4.4,4.3,11,0
CUST-6610,49,One year,19.45,921.3,No,Credit card (automatic),0,Medium,0,0,0,Chat,0,0,1,7.8,10.4,0,0.0,3.4,120,0
CUST-6611,42,Month-to-month,92.15,3875.4,Fiber optic,Electronic check,0,Medium,0,0,1,Chat,0,0,0,32.7,47.3,0,0.0,3.0,99,0
CUST-6612,7,Two year,19.85,144.15,No,Mailed check,3,High,0,0,3,Call,1,0,1,1.5,7.8,0,0.0,3.3,18,0
CUST-6613,67,One year,100.25,6689.0,Fiber optic,Bank transfer (automatic),1,Low,0,0,2,Ticket,0,0,1,16.1,28.9,0,0.0,4.2,1,0
CUST-6614,15,Month-to-month,95.7,1451.1,Fiber optic,Electronic check,0,Medium,0,2,1,Call,0,0,1,1.0,10.8,0,0.7,2.6,174,0
CUST-6615,67,Two year,93.15,6368.2,Fiber optic,Electronic check,1,High,0,0,1,Ticket,0,0,1,12.5,45.8,0,0.0,4.8,22,0
CUST-6616,53,Two year,69.7,3729.6,DSL,Mailed check,0,High,0,1,0,Call,0,0,1,2.5,4.6,0,1.2,4.9,30,0
CUST-6617,21,One year,19.8,350.1,No,Mailed check,1,High,0,0,2,Email,0,0,1,16.8,19.7,0,0.0,4.2,18,0
CUST-6618,40,Month-to-month,71.35,2847.2,DSL,Mailed check,2,Medium,0,0,3,Email,0,0,0,6.7,9.0,0,0.0,3.0,20,0
CUST-6619,22,One year,20.75,452.35,No,Bank transfer (automatic),0,Low,0,0,0,Email,0,0,1,8.3,22.8,0,0.0,4.6,103,0
CUST-6620,39,Month-to-month,40.6,1494.5,DSL,Electronic check,0,Low,0,0,0,Call,0,1,1,1.2,3.6,0,0.0,4.8,103,0
CUST-6621,2,Month-to-month,20.35,41.85,No,Mailed check,0,Medium,1,0,0,Ticket,0,1,0,26.9,33.4,0,0.0,3.5,159,0
CUST-6622,57,Two year,19.75,1272.05,No,Bank transfer (automatic),1,Medium,0,0,1,Call,0,0,0,16.6,42.7,0,0.0,3.4,17,0
CUST-6623,8,Month-to-month,54.4,475.1,DSL,Electronic check,1,Medium,0,1,1,Ticket,0,0,1,15.7,19.6,0,0.5,3.4,1,0
CUST-6624,7,Month-to-month,20.45,150.75,No,Mailed check,1,Low,1,0,1,Email,0,0,0,19.3,21.3,0,0.0,3.3,5,0
CUST-6625,49,Two year,66.15,3199.0,DSL,Bank transfer (automatic),1,Medium,0,1,2,Call,0,0,1,19.6,28.8,0,3.1,4.2,26,0
CUST-6626,65,One year,89.85,5844.65,Fiber optic,Electronic check,2,Low,1,1,2,Ticket,0,1,1,7.8,20.6,0,4.9,4.5,3,0
CUST-6627,55,One year,45.05,2462.6,DSL,Bank transfer (automatic),0,Low,0,0,0,Ticket,0,0,0,5.8,14.0,0,0.0,4.6,64,0
CUST-6628,71,Two year,86.85,6263.8,DSL,Bank transfer (automatic),0,Low,0,0,0,Chat,0,0,1,6.4,15.8,0,0.0,4.3,60,0
CUST-6629,35,Month-to-month,96.75,3403.4,Fiber optic,Mailed check,1,High,2,0,1,Ticket,0,0,1,30.0,32.6,0,0.0,3.1,13,0
CUST-6630,17,Month-to-month,106.65,1672.1,Fiber optic,Bank transfer (automatic),3,Low,0,0,3,Email,0,0,0,3.3,7.5,0,0.0,3.4,6,0
CUST-6631,72,Two year,110.15,7881.2,Fiber optic,Credit card (automatic),0,Medium,0,0,0,Call,0,0,1,12.0,24.9,0,0.0,5.0,34,0
CUST-6632,28,One year,82.85,2320.8,Fiber optic,Bank transfer (automatic),0,Low,0,0,2,Chat,0,0,0,17.7,37.4,0,0.0,5.0,105,0
CUST-6633,18,Two year,20.1,370.5,No,Mailed check,0,Medium,0,0,0,Email,0,1,1,13.1,18.4,0,0.0,3.0,57,0
CUST-6634,52,Month-to-month,59.45,3043.7,DSL,Electronic check,1,Medium,0,0,1,Call,1,0,1,14.5,29.3,0,0.0,3.9,3,0
CUST-6635,47,Month-to-month,58.6,2723.4,DSL,Bank transfer (automatic),1,High,0,0,1,Call,0,0,1,32.9,35.5,0,0.0,5.0,3,0
CUST-6636,23,Month-to-month,49.7,1081.25,DSL,Credit card (automatic),1,Low,1,1,1,Chat,0,0,1,7.2,11.4,0,1.8,3.4,9,0
CUST-6637,66,Two year,65.85,4097.05,DSL,Mailed check,2,Low,0,1,2,Email,0,0,0,7.6,7.7,0,2.9,4.0,1,0
CUST-6638,8,Month-to-month,73.5,632.2,Fiber optic,Electronic check,2,Medium,1,0,3,Call,2,0,1,3.3,6.2,0,0.0,5.0,1,0
CUST-6639,71,Two year,113.65,8166.8,Fiber optic,Credit card (automatic),1,Low,1,0,1,Chat,0,0,0,25.0,42.2,0,0.0,4.4,4,0
CUST-6640,50,Month-to-month,83.4,4113.7,Fiber optic,Electronic check,2,Low,0,1,2,Call,0,0,0,4.2,5.2,0,1.5,4.3,15,0
CUST-6641,46,Two year,65.65,3047.15,DSL,Mailed check,0,Medium,1,0,0,Call,0,2,0,13.2,14.2,0,0.0,3.5,166,0
CUST-6642,66,Two year,61.35,4193.4,DSL,Bank transfer (automatic),2,Medium,0,0,2,Email,0,0,0,34.7,46.9,0,0.0,3.3,6,0
CUST-6643,42,Month-to-month,85.9,3729.75,Fiber optic,Credit card (automatic),1,Low,0,0,2,Email,2,0,1,1.9,10.2,0,0.0,2.5,10,0
CUST-6644,5,Month-to-month,75.65,399.45,Fiber optic,Mailed check,3,Low,0,0,3,Call,0,0,1,3.3,21.2,0,0.0,4.5,3,0
CUST-6645,29,One year,70.9,1964.6,DSL,Credit card (automatic),0,Medium,0,0,0,Ticket,0,0,0,3.6,9.6,0,0.0,3.9,40,0
CUST-6646,27,Month-to-month,49.85,1336.15,DSL,Mailed check,2,Medium,0,1,2,Call,2,0,0,2.6,12.5,0,4.7,3.3,27,0
CUST-6647,25,Two year,20.1,486.05,No,Mailed check,2,Low,1,0,2,Ticket,0,0,0,52.2,86.1,1,0.0,4.2,10,0
CUST-6648,57,Month-to-month,103.05,5925.75,Fiber optic,Electronic check,0,Low,1,1,0,Email,1,0,0,24.2,48.7,0,3.5,4.1,56,0
CUST-6649,47,Month-to-month,99.7,4747.2,Fiber optic,Electronic check,0,Medium,0,1,0,Call,0,0,0,10.9,22.0,0,1.7,2.9,163,0
CUST-6650,13,Month-to-month,81.9,1028.9,Fiber optic,Mailed check,0,Low,1,0,0,Call,0,0,1,6.4,14.2,0,0.0,3.7,126,0
CUST-6651,71,One year,66.2,4692.55,DSL,Electronic check,1,Medium,0,0,2,Call,1,0,0,2.2,2.8,0,0.0,5.0,8,0
CUST-6652,1,Month-to-month,19.75,19.75,No,Electronic check,1,Medium,0,2,4,Chat,0,0,1,0.4,9.4,0,1.6,3.4,29,0
CUST-6653,2,Month-to-month,72.6,154.3,Fiber optic,Mailed check,1,Low,0,0,2,Chat,1,0,1,18.9,26.5,0,0.0,3.4,29,0
CUST-6654,55,Month-to-month,116.5,6382.55,Fiber optic,Electronic check,0,High,0,2,0,Email,0,0,1,12.7,44.6,0,0.6,2.3,103,0
CUST-6655,71,Two year,106.8,7623.2,Fiber optic,Electronic check,1,Low,0,0,2,Call,0,0,1,16.2,22.4,0,0.0,3.9,5,0
CUST-6656,50,Two year,24.95,1261.45,No,Mailed check,0,Low,0,1,0,Call,0,0,1,3.3,15.0,0,0.6,4.1,94,0
CUST-6657,1,Month-to-month,89.25,89.25,Fiber optic,Electronic check,0,Medium,0,0,0,Ticket,0,0,0,16.0,45.5,0,0.0,5.0,44,0
CUST-6658,5,Month-to-month,19.25,86.05,No,Mailed check,0,Medium,1,1,0,Chat,0,0,1,4.1,6.7,0,0.6,4.3,116,0
CUST-6659,66,One year,104.55,6779.05,Fiber optic,Bank transfer (automatic),0,Low,0,1,1,Email,0,0,1,0.8,6.4,0,0.6,3.8,105,0
CUST-6660,49,One year,87.2,4345.0,DSL,Mailed check,1,Low,0,0,1,Email,0,0,0,37.0,42.5,0,0.0,4.7,9,0
CUST-6661,3,Month-to-month,30.75,82.85,DSL,Electronic check,1,Low,0,0,2,Call,0,1,0,31.6,35.6,0,0.0,4.0,5,0
CUST-6662,66,One year,25.7,1714.55,No,Credit card (automatic),0,Low,0,0,1,Call,0,0,1,16.0,39.8,0,0.0,4.0,120,0
CUST-6663,11,Month-to-month,86.2,893.2,Fiber optic,Electronic check,2,Medium,0,0,2,Chat,0,0,1,44.3,58.0,0,0.0,5.0,27,0
CUST-6664,28,Month-to-month,30.1,810.85,DSL,Credit card (automatic),3,Medium,0,0,3,Ticket,0,0,1,26.6,71.0,0,0.0,3.6,18,0
CUST-6665,65,Two year,99.35,6347.55,Fiber optic,Electronic check,1,Low,0,0,2,Chat,0,0,1,5.8,26.3,0,0.0,3.7,26,0
CUST-6666,62,Two year,19.2,1123.65,No,Credit card (automatic),1,Low,0,0,1,Email,0,0,1,44.3,70.0,0,0.0,4.1,26,0
CUST-6667,2,Month-to-month,20.1,43.15,No,Bank transfer (automatic),1,Low,1,1,1,Chat,0,1,1,8.8,9.3,0,2.0,3.2,10,0
CUST-6668,2,Month-to-month,20.35,35.1,No,Credit card (automatic),0,Low,0,0,0,Chat,0,0,1,73.7,73.9,1,0.0,5.0,122,0
CUST-6669,55,Two year,25.65,1388.0,No,Credit card (automatic),0,Low,1,0,0,Email,1,0,1,21.5,34.5,0,0.0,3.2,94,0
CUST-6670,41,Month-to-month,94.55,3851.45,Fiber optic,Electronic check,0,Low,0,0,0,Email,2,0,1,4.2,15.5,0,0.0,5.0,73,0
CUST-6671,30,One year,94.4,2638.1,Fiber optic,Bank transfer (automatic),1,Low,0,0,2,Email,0,0,1,9.1,9.4,0,0.0,4.4,7,0
CUST-6672,17,One year,56.1,946.95,DSL,Mailed check,0,Medium,0,1,0,Call,0,0,1,19.7,20.6,0,4.1,4.3,174,0
CUST-6673,16,Two year,68.25,1114.85,DSL,Bank transfer (automatic),2,Medium,0,0,2,Ticket,0,1,1,28.0,35.7,0,0.0,3.9,23,0
CUST-6674,72,Two year,24.75,1777.6,No,Bank transfer (automatic),0,Low,0,2,0,Call,0,0,0,15.5,34.8,0,1.8,4.3,105,0
CUST-6675,9,Month-to-month,76.25,684.85,Fiber optic,Electronic check,0,High,0,0,0,Chat,1,0,0,24.3,39.7,0,0.0,5.0,40,0
CUST-6676,1,Month-to-month,74.35,74.35,Fiber optic,Electronic check,0,Medium,1,2,0,Ticket,0,0,0,11.8,20.7,0,7.3,3.8,95,0
CUST-6677,23,Month-to-month,54.15,1312.45,DSL,Electronic check,0,High,0,0,1,Chat,1,0,1,6.0,13.2,0,0.0,5.0,86,0
CUST-6678,8,Month-to-month,19.45,159.2,No,Bank transfer (automatic),1,High,0,0,1,Chat,0,0,1,22.0,40.4,0,0.0,3.2,2,0
CUST-6679,19,Month-to-month,34.95,610.2,DSL,Mailed check,1,Medium,0,0,2,Call,0,0,0,31.3,35.8,0,0.0,2.9,11,0
CUST-6680,7,Month-to-month,53.65,404.35,DSL,Electronic check,0,Medium,0,2,0,Ticket,0,0,1,6.9,22.7,0,1.1,5.0,156,0
CUST-6681,61,One year,104.0,6363.45,Fiber optic,Electronic check,0,Low,1,0,0,Call,0,0,1,10.0,39.8,0,0.0,3.4,110,0
CUST-6682,57,Two year,70.35,4124.65,DSL,Credit card (automatic),1,Medium,1,1,3,Email,0,0,0,7.4,10.0,0,0.4,3.3,18,0
CUST-6683,15,One year,64.85,950.75,DSL,Mailed check,2,Medium,0,0,2,Email,0,0,1,2.8,9.2,0,0.0,3.3,7,0
CUST-6684,1,Month-to-month,19.65,19.65,No,Mailed check,0,Medium,0,0,0,Call,0,0,0,26.2,32.5,0,0.0,4.7,98,0
CUST-6685,12,Month-to-month,45.9,505.95,DSL,Bank transfer (automatic),0,Medium,0,0,0,Call,0,0,1,12.8,19.7,0,0.0,3.5,43,0
CUST-6686,54,Two year,20.0,1149.65,No,Mailed check,2,Low,0,0,2,Call,0,0,1,3.2,3.9,0,0.0,4.0,25,0
CUST-6687,4,Month-to-month,44.8,169.65,DSL,Electronic check,1,Medium,0,0,1,Chat,0,0,1,7.7,22.8,0,0.0,1.6,2,0
CUST-6688,20,One year,20.35,393.15,No,Mailed check,0,Low,0,0,0,Ticket,0,0,1,24.3,36.1,0,0.0,2.6,142,0
CUST-6689,26,Month-to-month,45.8,1147.0,DSL,Mailed check,3,Medium,0,2,4,Ticket,0,1,0,8.6,32.7,0,7.0,2.8,7,0
CUST-6690,53,One year,108.95,5718.2,Fiber optic,Bank transfer (automatic),0,High,0,0,1,Email,1,0,1,1.3,2.1,0,0.0,3.4,167,0
CUST-6691,68,Two year,64.35,4539.6,DSL,Credit card (automatic),1,Medium,0,0,1,Ticket,1,0,0,2.0,11.1,0,0.0,1.0,15,0
CUST-6692,72,Two year,90.8,6397.6,DSL,Credit card (automatic),1,Medium,0,0,1,Ticket,0,1,0,112.9,115.6,1,0.0,3.4,23,0
CUST-6693,12,One year,24.95,280.4,No,Credit card (automatic),0,Low,0,0,0,Ticket,1,0,0,10.1,23.7,0,0.0,3.8,75,0
CUST-6694,68,Two year,84.7,5711.05,Fiber optic,Bank transfer (automatic),1,High,0,0,2,Chat,0,0,1,18.2,36.6,0,0.0,5.0,25,0
CUST-6695,50,One year,70.8,3478.15,DSL,Credit card (automatic),2,Low,1,3,2,Email,1,0,1,17.4,25.2,0,3.7,3.4,2,0
CUST-6696,41,Month-to-month,104.4,4133.95,Fiber optic,Electronic check,0,High,2,0,1,Call,0,0,1,3.3,6.0,0,0.0,2.0,177,0
CUST-6697,30,Month-to-month,101.5,2917.65,Fiber optic,Electronic check,0,Low,0,0,0,Ticket,0,0,1,9.2,20.5,0,0.0,4.1,172,0
CUST-6698,1,Month-to-month,54.3,54.3,DSL,Electronic check,0,Low,1,0,0,Ticket,1,0,1,22.6,24.4,0,0.0,4.4,88,0
CUST-6699,29,Month-to-month,103.95,2964.8,Fiber optic,Electronic check,3,Medium,0,0,4,Chat,0,0,1,10.0,15.6,0,0.0,2.8,28,0
CUST-6700,23,Two year,91.1,2198.3,DSL,Credit card (automatic),1,Medium,2,0,1,Email,0,0,1,16.0,27.5,0,0.0,5.0,10,0
CUST-6701,60,Two year,19.95,1189.9,No,Mailed check,3,Low,1,0,3,Ticket,0,1,1,8.3,42.9,0,0.0,4.6,3,0
CUST-6702,72,Two year,26.45,1914.5,No,Credit card (automatic),1,Medium,0,0,1,Chat,0,0,0,5.5,18.6,0,0.0,3.1,27,0
CUST-6703,72,Two year,75.1,5336.35,DSL,Bank transfer (automatic),2,Medium,0,1,3,Call,0,0,1,0.3,12.4,0,0.4,5.0,4,0
CUST-6704,66,One year,108.1,7238.6,Fiber optic,Bank transfer (automatic),4,Low,0,0,4,Email,0,0,1,9.9,25.4,0,0.0,4.3,8,0
CUST-6705,72,Two year,110.15,7998.8,Fiber optic,Electronic check,1,Medium,1,0,2,Ticket,0,0,0,9.1,11.3,0,0.0,3.2,1,0
CUST-6706,51,One year,111.5,5703.25,Fiber optic,Electronic check,0,Low,0,0,0,Call,0,0,0,11.1,27.1,0,0.0,4.0,51,0
CUST-6707,70,One year,106.5,7397.0,Fiber optic,Electronic check,1,Medium,1,0,1,Ticket,2,0,0,0.1,3.5,0,0.0,1.7,12,0
CUST-6708,9,One year,19.9,164.6,No,Electronic check,0,Low,0,0,0,Email,0,0,1,13.1,29.4,0,0.0,4.1,48,0
CUST-6709,59,Two year,111.1,6555.2,Fiber optic,Mailed check,0,Medium,0,0,1,Chat,1,0,1,2.3,29.0,0,0.0,4.2,144,0
CUST-6710,3,Month-to-month,70.7,225.65,DSL,Mailed check,0,Low,0,0,0,Ticket,0,0,1,12.3,21.0,0,0.0,5.0,119,0
CUST-6711,38,Month-to-month,24.85,955.75,DSL,Electronic check,2,Low,1,0,3,Email,1,0,0,7.5,7.7,0,0.0,3.7,6,0
CUST-6712,37,Month-to-month,91.2,3382.3,Fiber optic,Bank transfer (automatic),1,Medium,0,0,2,Chat,0,0,1,0.8,11.8,0,0.0,3.7,9,0
CUST-6713,37,Two year,65.6,2313.8,DSL,Bank transfer (automatic),2,Medium,0,0,2,Call,0,0,1,3.3,8.3,0,0.0,4.3,24,0
CUST-6714,14,Month-to-month,59.45,780.85,DSL,Bank transfer (automatic),0,High,0,1,1,Ticket,1,0,1,5.4,15.0,0,2.7,4.2,70,0
CUST-6715,72,Two year,109.95,7852.4,Fiber optic,Credit card (automatic),3,Medium,0,0,4,Call,0,0,0,4.8,11.3,0,0.0,3.6,11,0
CUST-6716,72,Two year,38.5,2763.0,DSL,Credit card (automatic),0,Medium,0,0,0,Ticket,1,1,0,16.7,29.7,0,0.0,4.2,159,0
CUST-6717,17,Month-to-month,92.55,1614.7,Fiber optic,Electronic check,1,Low,0,0,2,Email,1,0,1,0.8,5.4,0,0.0,3.5,22,0
CUST-6718,10,Month-to-month,24.5,270.15,No,Mailed check,1,Low,0,1,2,Call,1,0,0,10.6,16.2,0,3.4,1.3,28,0
CUST-6719,0,One year,19.7,1397.475,No,Mailed check,1,Low,0,1,1,Ticket,0,0,0,30.5,31.0,0,0.5,4.1,4,0
CUST-6720,1,Month-to-month,20.6,20.6,No,Mailed check,0,Low,0,0,0,Email,0,0,1,6.1,7.9,0,0.0,2.9,162,0
CUST-6721,29,One year,58.0,1734.5,DSL,Credit card (automatic),0,Medium,0,0,1,Ticket,0,0,0,16.7,22.5,0,0.0,2.6,101,0
CUST-6722,65,One year,107.45,7047.5,Fiber optic,Electronic check,0,Low,1,0,1,Chat,0,0,0,46.0,46.0,0,0.0,4.0,152,0
CUST-6723,8,Month-to-month,65.5,573.15,DSL,Bank transfer (automatic),2,Low,0,0,2,Email,0,0,0,28.0,28.1,0,0.0,3.5,13,0
CUST-6724,61,Two year,25.45,1538.6,No,Bank transfer (automatic),1,Low,2,0,2,Email,0,0,0,32.0,44.0,0,0.0,3.4,7,0
CUST-6725,45,One year,100.15,4459.8,Fiber optic,Bank transfer (automatic),0,Low,0,1,1,Ticket,0,0,0,10.4,17.5,0,0.4,5.0,113,0
CUST-6726,72,One year,104.45,7459.0,Fiber optic,Credit card (automatic),0,Low,0,0,1,Email,0,0,1,1.6,1.6,0,0.0,5.0,86,0
CUST-6727,12,Month-to-month,21.15,306.05,No,Electronic check,0,Medium,1,0,0,Call,0,0,0,12.0,15.5,0,0.0,2.5,84,0
CUST-6728,7,Month-to-month,96.2,639.7,Fiber optic,Electronic check,1,Low,1,0,1,Ticket,0,0,0,1.4,13.4,0,0.0,3.9,13,0
CUST-6729,9,Month-to-month,44.4,348.15,DSL,Mailed check,0,Medium,0,0,0,Chat,0,0,1,12.4,15.0,0,0.0,4.1,71,0
CUST-6730,58,Two year,94.35,5563.65,Fiber optic,Bank transfer (automatic),2,Medium,1,1,2,Email,0,1,1,12.4,30.9,0,0.1,4.2,24,0
CUST-6731,2,Month-to-month,20.3,40.25,No,Mailed check,2,Medium,0,2,3,Chat,0,0,1,30.6,34.5,0,14.4,4.1,8,0
CUST-6732,40,One year,105.75,4228.55,Fiber optic,Bank transfer (automatic),2,Medium,1,0,3,Call,0,0,1,14.2,48.4,0,0.0,4.3,14,0
CUST-6733,9,Month-to-month,81.15,784.45,Fiber optic,Electronic check,0,Medium,0,1,0,Email,0,0,1,1.9,10.7,0,1.3,4.4,89,0
CUST-6734,41,One year,89.55,3729.75,Fiber optic,Electronic check,0,Low,0,0,0,Email,0,0,1,11.0,13.3,0,0.0,5.0,85,0
CUST-6735,26,Month-to-month,54.75,1406.9,DSL,Credit card (automatic),1,Low,0,1,1,Ticket,1,1,1,23.7,25.2,0,0.6,5.0,21,0
CUST-6736,33,One year,53.75,1857.3,DSL,Credit card (automatic),0,High,0,0,0,Chat,0,0,0,2.0,3.9,0,0.0,2.1,171,0
CUST-6737,68,One year,105.75,7322.5,Fiber optic,Credit card (automatic),0,Low,0,0,0,Ticket,0,0,1,12.1,26.7,0,0.0,3.5,48,0
CUST-6738,65,Two year,105.85,6725.5,Fiber optic,Credit card (automatic),2,Low,0,1,4,Chat,0,0,1,12.7,14.7,0,3.1,2.4,26,0
CUST-6739,55,One year,64.2,3627.3,DSL,Electronic check,2,Low,0,0,2,Ticket,0,0,0,48.1,81.7,1,0.0,5.0,15,0
CUST-6740,19,One year,87.7,1725.95,Fiber optic,Credit card (automatic),0,Medium,0,0,2,Chat,0,0,0,27.0,31.5,0,0.0,4.2,179,0
CUST-6741,45,Month-to-month,89.3,4192.15,Fiber optic,Credit card (automatic),0,Low,1,1,1,Ticket,0,0,1,5.0,5.8,0,1.1,4.3,137,0
CUST-6742,70,Two year,20.15,1411.2,No,Credit card (automatic),0,Medium,0,0,0,Email,0,0,1,29.7,31.8,0,0.0,4.2,129,0
CUST-6743,12,Two year,20.05,264.55,No,Electronic check,3,Medium,0,0,3,Email,0,0,1,10.1,15.1,0,0.0,4.4,8,0
CUST-6744,72,Two year,67.2,4671.7,DSL,Credit card (automatic),0,Low,0,0,1,Chat,0,0,1,12.4,14.0,0,0.0,2.3,48,0
CUST-6745,12,Month-to-month,94.55,1173.55,Fiber optic,Electronic check,2,Low,0,0,2,Ticket,1,0,1,8.3,30.9,0,0.0,1.5,14,0
CUST-6746,71,Month-to-month,107.5,7713.55,Fiber optic,Electronic check,1,Medium,0,1,3,Chat,0,0,0,1.7,39.7,0,0.0,4.5,1,0
CUST-6747,35,One year,73.0,2471.25,DSL,Electronic check,0,Low,0,1,0,Ticket,0,0,0,83.0,100.0,1,1.3,3.7,129,0
CUST-6748,70,Two year,114.75,7842.3,Fiber optic,Credit card (automatic),2,Low,1,0,3,Chat,0,0,0,1.6,13.1,0,0.0,3.4,20,0
CUST-6749,31,Month-to-month,76.05,2227.8,Fiber optic,Electronic check,2,Low,0,1,2,Call,0,0,1,1.6,20.8,0,2.6,2.7,5,0
CUST-6750,30,Month-to-month,77.9,2351.45,Fiber optic,Mailed check,0,Medium,0,0,0,Email,0,0,1,2.3,4.3,0,0.0,2.7,174,0
CUST-6751,33,Month-to-month,90.65,2989.6,Fiber optic,Electronic check,0,Medium,0,0,2,Chat,0,0,1,5.8,11.5,0,0.0,4.7,99,0
CUST-6752,54,Two year,110.45,6077.75,Fiber optic,Electronic check,0,Low,0,1,0,Call,1,1,1,14.2,17.1,0,2.0,3.3,143,0
CUST-6753,59,One year,68.7,4070.95,DSL,Bank transfer (automatic),2,Medium,0,2,3,Email,0,0,1,26.8,34.3,0,1.8,3.0,26,0
CUST-6754,55,Month-to-month,44.85,2479.05,DSL,Electronic check,2,Medium,0,1,2,Call,0,0,0,26.0,28.3,0,2.0,2.9,18,0
CUST-6755,69,One year,29.8,2134.3,DSL,Credit card (automatic),1,Low,0,0,1,Ticket,0,0,1,12.5,32.9,0,0.0,2.1,23,0
CUST-6756,66,One year,88.9,6000.1,Fiber optic,Bank transfer (automatic),0,Low,0,1,1,Ticket,0,0,0,33.6,53.0,0,2.3,3.9,134,0
CUST-6757,37,One year,58.75,2203.1,DSL,Mailed check,6,High,0,0,6,Ticket,0,0,0,0.4,5.9,0,0.0,3.2,18,0
CUST-6758,9,One year,19.85,183.15,No,Credit card (automatic),1,Medium,0,0,1,Chat,0,0,0,0.7,16.1,0,0.0,4.5,28,0
CUST-6759,69,Two year,86.9,6194.1,DSL,Bank transfer (automatic),0,Medium,1,0,1,Call,0,0,1,18.7,25.3,0,0.0,3.4,32,0
CUST-6760,10,Month-to-month,59.65,638.95,DSL,Mailed check,1,Low,0,0,1,Call,0,0,1,11.3,15.3,0,0.0,2.0,8,0
CUST-6761,13,Month-to-month,66.4,831.75,DSL,Credit card (automatic),1,Medium,1,0,1,Ticket,0,0,0,12.6,16.5,0,0.0,4.6,22,0
CUST-6762,69,Two year,20.15,1337.5,No,Bank transfer (automatic),0,Medium,0,0,0,Chat,1,0,1,4.4,12.5,0,0.0,3.7,130,0
CUST-6763,66,One year,108.1,7181.95,Fiber optic,Credit card (automatic),0,Low,0,2,0,Ticket,0,0,1,32.7,32.8,0,1.3,2.3,167,0
CUST-6764,46,One year,56.9,2560.1,DSL,Mailed check,0,High,0,0,0,Chat,0,0,0,12.6,27.5,0,0.0,5.0,117,0
CUST-6765,56,Month-to-month,109.6,5953.0,Fiber optic,Mailed check,0,Low,0,0,0,Email,0,0,1,4.3,10.2,0,0.0,1.9,131,0
CUST-6766,70,Two year,25.15,1790.15,No,Credit card (automatic),0,Low,0,1,1,Call,1,0,1,2.7,4.5,0,2.5,3.8,108,0
CUST-6767,33,One year,79.15,2531.4,DSL,Electronic check,1,Low,1,0,2,Chat,0,0,1,96.7,108.8,1,0.0,2.3,18,0
CUST-6768,72,Two year,66.75,4760.3,DSL,Credit card (automatic),0,Medium,0,1,0,Ticket,0,0,1,23.4,40.2,0,1.2,3.9,125,0
CUST-6769,19,Month-to-month,48.8,953.65,DSL,Mailed check,0,Medium,0,0,0,Chat,0,0,0,13.7,15.2,0,0.0,3.3,162,0
CUST-6770,71,Two year,80.7,5705.05,DSL,Credit card (automatic),2,Medium,0,0,2,Chat,1,0,1,15.0,16.4,0,0.0,3.1,17,0
CUST-6771,1,Month-to-month,20.55,20.55,No,Credit card (automatic),0,High,0,1,0,Email,0,0,1,2.1,8.0,0,0.8,3.0,106,0
CUST-6772,61,One year,115.1,6993.65,Fiber optic,Mailed check,0,Low,0,0,0,Ticket,0,0,0,23.0,35.6,0,0.0,3.9,168,0
CUST-6773,71,Two year,59.7,4122.65,DSL,Bank transfer (automatic),2,Medium,0,2,2,Call,0,0,0,45.3,55.7,0,1.1,5.0,21,0
CUST-6774,68,One year,86.45,5762.95,Fiber optic,Credit card (automatic),1,Medium,0,0,2,Chat,0,0,1,40.9,85.2,0,0.0,4.2,15,0
CUST-6775,46,One year,33.7,1537.85,DSL,Credit card (automatic),0,High,0,0,1,Ticket,0,0,1,27.9,34.8,0,0.0,4.1,102,0
CUST-6776,33,One year,80.1,2603.3,Fiber optic,Bank transfer (automatic),1,Low,0,0,1,Call,0,0,0,19.0,24.2,0,0.0,4.1,7,0
CUST-6777,53,Two year,104.05,5566.4,Fiber optic,Bank transfer (automatic),0,High,0,0,1,Chat,0,0,1,5.6,22.7,0,0.0,4.9,59,0
CUST-6778,50,Month-to-month,108.75,5431.9,Fiber optic,Bank transfer (automatic),0,Low,0,0,0,Chat,0,0,0,7.6,45.2,0,0.0,4.4,160,0
CUST-6779,57,One year,41.1,2258.25,DSL,Credit card (automatic),3,Medium,0,0,3,Ticket,0,0,1,32.1,58.9,0,0.0,3.9,15,0
CUST-6780,54,Two year,20.35,1092.35,No,Bank transfer (automatic),1,Medium,1,0,1,Call,0,0,0,22.7,29.1,0,0.0,1.8,10,0
CUST-6781,60,Month-to-month,105.9,6401.25,Fiber optic,Electronic check,0,Medium,1,0,0,Call,0,1,1,83.6,95.6,1,0.0,3.9,105,0
CUST-6782,10,Month-to-month,65.5,616.9,DSL,Electronic check,0,Low,0,0,0,Email,0,0,1,1.6,3.5,0,0.0,3.1,49,0
CUST-6783,43,Month-to-month,40.45,1912.85,DSL,Electronic check,1,Low,0,1,4,Email,1,0,0,7.7,22.7,0,5.7,4.4,5,0
CUST-6784,13,Month-to-month,70.45,849.1,Fiber optic,Bank transfer (automatic),1,Low,2,0,2,Ticket,0,0,1,38.1,43.3,0,0.0,3.6,21,0
CUST-6785,43,Two year,78.8,3460.3,DSL,Electronic check,0,Medium,0,0,0,Call,0,0,0,0.5,3.5,0,0.0,4.9,153,0
CUST-6786,1,Month-to-month,90.1,90.1,Fiber optic,Electronic check,0,Medium,1,0,0,Chat,0,0,1,7.4,9.1,0,0.0,2.9,56,0
CUST-6787,69,Two year,82.45,5555.3,DSL,Credit card (automatic),0,High,0,0,0,Ticket,1,0,0,65.8,69.4,1,0.0,4.9,117,0
CUST-6788,61,Two year,20.25,1278.8,No,Credit card (automatic),0,Low,0,0,1,Email,0,0,1,14.2,22.8,0,0.0,4.8,71,0
CUST-6789,43,Month-to-month,66.25,2907.35,DSL,Bank transfer (automatic),0,Low,0,0,0,Ticket,0,0,1,6.6,33.7,0,0.0,4.6,106,0
CUST-6790,56,Month-to-month,89.7,4952.95,Fiber optic,Mailed check,0,Low,0,0,0,Call,0,0,1,47.9,51.5,0,0.0,4.2,41,0
CUST-6791,70,Two year,64.55,4504.9,DSL,Bank transfer (automatic),1,Low,0,0,1,Ticket,0,0,0,7.7,8.4,0,0.0,4.7,25,0
CUST-6792,49,One year,93.65,4520.15,Fiber optic,Electronic check,0,Medium,2,0,1,Email,1,0,1,2.6,20.7,0,0.0,4.2,144,0
CUST-6793,32,Two year,73.6,2316.85,DSL,Mailed check,1,Medium,0,0,3,Call,0,0,1,15.6,33.8,0,0.0,4.4,25,0
CUST-6794,72,Two year,109.75,8075.35,Fiber optic,Mailed check,0,High,0,0,2,Chat,0,0,1,22.6,23.4,0,0.0,4.2,51,0
CUST-6795,37,Two year,61.45,2302.35,DSL,Credit card (automatic),2,Low,0,0,3,Email,0,0,0,1.5,3.9,0,0.0,3.3,14,0
CUST-6796,69,One year,106.4,7251.9,Fiber optic,Credit card (automatic),4,Low,0,0,5,Email,0,0,0,17.5,19.6,0,0.0,4.8,19,0
CUST-6797,26,Month-to-month,81.9,2078.55,DSL,Bank transfer (automatic),0,Low,0,0,1,Email,0,1,0,8.4,15.8,0,0.0,4.3,140,0
CUST-6798,58,One year,105.2,6225.4,Fiber optic,Credit card (automatic),3,Medium,0,0,4,Ticket,0,0,1,2.4,5.8,0,0.0,3.2,1,0
CUST-6799,24,One year,54.6,1242.25,DSL,Bank transfer (automatic),0,High,0,0,0,Email,0,0,1,18.2,34.7,0,0.0,4.9,86,0
CUST-6800,5,One year,20.55,99.45,No,Electronic check,1,Low,0,0,2,Ticket,0,0,0,5.6,17.2,0,0.0,5.0,2,0
CUST-6801,30,Two year,19.7,599.25,No,Mailed check,3,Low,0,0,4,Ticket,1,0,1,3.3,16.9,0,0.0,1.8,4,0
CUST-6802,55,One year,66.05,3462.1,DSL,Credit card (automatic),2,Medium,1,1,4,Call,0,1,1,1.8,7.5,0,0.2,3.9,19,0
CUST-6803,44,Two year,54.05,2375.2,DSL,Credit card (automatic),0,Medium,0,1,1,Call,0,0,1,9.2,17.5,0,0.1,3.4,172,0
CUST-6804,47,One year,58.9,2813.05,DSL,Mailed check,1,Low,1,0,2,Email,0,0,1,17.5,31.1,0,0.0,5.0,16,0
CUST-6805,64,One year,96.9,6314.35,Fiber optic,Mailed check,0,Medium,0,0,0,Ticket,0,0,0,66.7,75.7,1,0.0,5.0,165,0
CUST-6806,1,Month-to-month,19.1,19.1,No,Mailed check,1,Low,0,0,2,Chat,1,0,1,7.4,8.4,0,0.0,2.7,15,0
CUST-6807,20,Month-to-month,50.0,1003.05,DSL,Mailed check,0,High,0,0,1,Ticket,1,0,0,17.1,22.5,0,0.0,4.1,82,0
CUST-6808,37,Two year,45.4,1593.1,DSL,Electronic check,1,Low,0,0,1,Call,1,0,1,2.3,44.8,0,0.0,3.1,25,0
CUST-6809,30,Month-to-month,85.45,2509.95,Fiber optic,Electronic check,1,Low,1,0,1,Call,0,0,1,49.5,57.9,1,0.0,1.4,5,0
CUST-6810,38,One year,84.1,3187.65,DSL,Bank transfer (automatic),1,Low,0,0,1,Ticket,0,0,0,24.3,30.6,0,0.0,2.5,10,0
CUST-6811,52,Two year,66.25,3330.1,DSL,Credit card (automatic),0,Low,0,0,0,Ticket,0,0,1,22.4,48.8,0,0.0,3.9,137,0
CUST-6812,71,Two year,76.9,5522.7,DSL,Credit card (automatic),2,Medium,0,1,2,Ticket,0,0,1,14.3,27.4,0,4.9,2.9,28,0
CUST-6813,66,Two year,74.6,4798.4,DSL,Credit card (automatic),3,Medium,0,1,3,Chat,0,0,1,14.9,21.6,0,6.1,3.7,8,0
CUST-6814,72,Two year,116.95,8594.4,Fiber optic,Credit card (automatic),1,Low,0,0,1,Ticket,1,0,0,10.7,21.5,0,0.0,3.5,16,0
CUST-6815,25,One year,40.65,970.55,DSL,Credit card (automatic),0,Medium,0,1,1,Email,1,0,0,0.8,5.8,0,0.5,4.1,158,0
CUST-6816,69,Two year,114.35,7665.8,Fiber optic,Bank transfer (automatic),1,Low,0,0,1,Email,0,0,0,1.3,20.8,0,0.0,4.3,7,0
CUST-6817,53,Two year,69.7,3686.05,DSL,Bank transfer (automatic),0,Low,0,0,0,Call,0,0,0,3.8,19.0,0,0.0,3.9,123,0
CUST-6818,26,Month-to-month,98.65,2537.0,Fiber optic,Electronic check,0,High,0,2,0,Chat,0,0,1,3.8,6.7,0,4.3,5.0,87,0
CUST-6819,21,Month-to-month,61.65,1393.6,DSL,Mailed check,0,Medium,0,0,0,Chat,0,0,1,1.1,5.5,0,0.0,4.9,51,0
CUST-6820,1,Month-to-month,89.35,89.35,Fiber optic,Electronic check,2,Low,0,0,3,Call,0,0,1,12.4,12.4,0,0.0,3.2,25,0
CUST-6821,48,Month-to-month,95.4,4445.3,Fiber optic,Electronic check,3,Low,0,1,3,Email,0,0,1,12.8,31.6,0,4.1,5.0,18,0
CUST-6822,26,One year,35.4,978.6,DSL,Credit card (automatic),0,Medium,0,1,0,Email,0,0,1,16.5,17.6,0,1.1,3.4,36,0
CUST-6823,60,Two year,19.95,1258.15,No,Mailed check,0,Low,1,1,0,Chat,0,0,1,27.9,38.0,0,4.8,3.1,31,0
CUST-6824,18,Month-to-month,19.25,331.35,No,Mailed check,2,Medium,1,0,3,Ticket,0,0,0,49.5,72.0,1,0.0,4.6,25,0
CUST-6825,4,One year,20.4,84.75,No,Mailed check,0,Medium,1,0,0,Ticket,0,0,0,53.2,93.9,1,0.0,3.0,164,0
CUST-6826,65,Two year,24.75,1715.1,No,Credit card (automatic),1,Low,1,0,1,Chat,0,0,1,41.4,46.0,0,0.0,3.9,2,0
CUST-6827,70,Two year,25.35,1715.15,No,Mailed check,0,Low,0,0,1,Chat,0,0,0,24.4,26.8,0,0.0,3.9,122,0
CUST-6828,62,Two year,20.0,1250.1,No,Bank transfer (automatic),3,Medium,1,2,3,Chat,0,0,1,20.0,72.2,0,2.4,4.0,15,0
CUST-6829,66,Two year,59.75,3996.8,DSL,Electronic check,0,Low,0,0,0,Chat,1,0,1,2.3,4.7,0,0.0,3.8,107,0
CUST-6830,65,Two year,82.5,5215.1,DSL,Bank transfer (automatic),0,Low,0,0,1,Chat,0,0,1,19.2,21.2,0,0.0,4.2,138,0
CUST-6831,34,Month-to-month,20.35,673.2,No,Mailed check,1,Medium,0,0,1,Chat,0,0,0,3.1,34.1,0,0.0,2.0,20,0
CUST-6832,16,Month-to-month,90.8,1442.2,Fiber optic,Bank transfer (automatic),0,Medium,0,1,1,Chat,1,0,1,24.6,57.7,0,0.6,3.6,173,0
CUST-6833,50,Month-to-month,104.95,5222.35,Fiber optic,Electronic check,0,Low,2,0,1,Chat,0,0,1,3.2,11.0,0,0.0,4.5,53,0
CUST-6834,71,Two year,105.25,7291.75,Fiber optic,Electronic check,3,High,0,0,3,Ticket,0,0,1,20.6,32.9,0,0.0,3.9,28,0
CUST-6835,18,One year,23.75,424.5,No,Mailed check,0,Medium,0,0,1,Call,0,0,0,1.3,7.8,0,0.0,2.7,31,0
CUST-6836,4,Month-to-month,61.3,249.4,DSL,Electronic check,0,Low,0,0,1,Email,0,0,1,6.8,38.2,0,0.0,3.6,107,0
CUST-6837,58,Two year,75.8,4415.75,DSL,Mailed check,1,Low,0,0,1,Call,0,0,1,8.4,30.1,0,0.0,3.9,16,0
CUST-6838,56,One year,98.0,5270.6,Fiber optic,Electronic check,2,Medium,0,0,2,Call,0,0,1,6.8,15.4,0,0.0,2.0,13,0
CUST-6839,56,One year,52.0,2884.9,DSL,Mailed check,1,Low,0,0,1,Chat,0,0,1,6.7,13.8,0,0.0,4.3,6,0
CUST-6840,4,Month-to-month,64.4,253.0,DSL,Mailed check,2,Low,1,1,2,Chat,0,0,0,13.7,27.6,0,0.6,3.4,28,0
CUST-6841,10,Month-to-month,45.8,436.2,DSL,Credit card (automatic),0,Medium,0,1,0,Chat,1,0,1,31.2,44.3,0,2.5,3.5,126,0
CUST-6842,4,Month-to-month,30.5,118.4,DSL,Electronic check,2,Medium,0,0,3,Call,0,0,1,37.2,38.2,0,0.0,4.0,7,0
CUST-6843,51,Month-to-month,69.15,3649.6,Fiber optic,Mailed check,1,Medium,0,0,1,Ticket,0,0,1,1.4,5.3,0,0.0,2.3,19,0
CUST-6844,6,One year,49.25,255.6,DSL,Mailed check,0,Medium,0,2,0,Chat,0,1,1,3.8,10.8,0,8.2,4.6,146,0
CUST-6845,63,Two year,39.35,2395.05,DSL,Bank transfer (automatic),1,Low,0,0,1,Chat,0,0,1,6.7,16.5,0,0.0,4.1,18,0
CUST-6846,48,Month-to-month,105.1,5083.55,Fiber optic,Credit card (automatic),2,Low,0,1,3,Email,0,0,1,20.7,23.3,0,5.6,2.0,14,0
CUST-6847,35,One year,20.1,644.5,No,Credit card (automatic),3,Medium,1,0,3,Ticket,0,0,1,9.3,13.9,0,0.0,3.4,6,0
CUST-6848,2,Month-to-month,19.75,39.3,No,Mailed check,2,Medium,1,1,3,Chat,2,1,0,11.7,20.1,0,1.7,4.1,26,0
CUST-6849,50,One year,19.75,989.05,No,Bank transfer (automatic),1,Medium,0,0,2,Ticket,0,0,1,27.6,55.4,0,0.0,2.9,28,0
CUST-6850,33,Month-to-month,70.4,2406.1,Fiber optic,Bank transfer (automatic),0,Low,1,0,0,Email,1,0,0,18.5,24.4,0,0.0,3.1,36,0
CUST-6851,31,Two year,20.45,638.55,No,Mailed check,1,High,0,0,1,Call,0,0,1,15.9,20.1,0,0.0,3.3,24,0
CUST-6852,9,Two year,20.35,191.1,No,Mailed check,2,Low,0,1,2,Email,0,1,0,15.6,38.6,0,0.6,1.9,28,0
CUST-6853,54,Month-to-month,86.2,4524.05,DSL,Electronic check,1,Low,1,1,2,Ticket,0,0,0,4.0,7.2,0,0.3,3.4,15,0
CUST-6854,46,One year,95.65,4664.2,Fiber optic,Credit card (automatic),1,Low,0,0,1,Chat,1,1,1,2.1,13.2,0,0.0,4.4,7,0
CUST-6855,34,One year,103.8,3470.8,Fiber optic,Electronic check,0,Low,0,0,0,Chat,0,1,0,7.1,13.5,0,0.0,4.4,119,0
CUST-6856,71,Two year,97.2,6910.3,Fiber optic,Electronic check,0,Medium,0,0,0,Email,0,2,0,26.3,54.8,0,0.0,2.4,100,0
CUST-6857,63,Two year,63.55,4014.2,DSL,Mailed check,1,Low,1,1,1,Email,0,0,0,34.5,48.5,0,0.1,2.6,26,0
CUST-6858,51,Two year,24.95,1288.0,No,Bank transfer (automatic),0,Low,0,1,0,Ticket,0,1,0,28.7,55.0,0,0.2,5.0,123,0
CUST-6859,64,Two year,99.0,6375.8,Fiber optic,Bank transfer (automatic),1,Low,0,0,1,Ticket,0,0,1,3.1,16.1,0,0.0,3.3,11,0
CUST-6860,61,One year,85.55,5251.75,Fiber optic,Bank transfer (automatic),1,Medium,1,0,1,Ticket,1,1,1,45.2,55.1,0,0.0,3.3,3,0
CUST-6861,15,Month-to-month,94.0,1505.45,Fiber optic,Credit card (automatic),2,High,1,0,3,Chat,0,1,1,8.8,15.3,0,0.0,2.0,8,0
CUST-6862,18,Month-to-month,50.3,913.3,DSL,Electronic check,0,Medium,0,0,0,Email,0,1,0,32.7,44.1,0,0.0,4.1,137,0
CUST-6863,57,One year,95.0,5535.8,Fiber optic,Electronic check,1,Low,1,0,1,Ticket,0,0,1,17.7,36.3,0,0.0,3.9,21,0
CUST-6864,14,Two year,61.4,815.55,DSL,Bank transfer (automatic),3,Medium,0,1,5,Email,0,0,1,28.4,35.2,0,1.1,3.3,23,0
CUST-6865,18,Month-to-month,80.55,1411.65,Fiber optic,Credit card (automatic),2,Low,0,0,2,Chat,0,0,0,0.6,12.8,0,0.0,4.2,4,0
CUST-6866,72,Two year,78.5,5602.25,Fiber optic,Bank transfer (automatic),0,Low,0,0,2,Call,0,0,1,10.3,17.3,0,0.0,3.7,73,0
CUST-6867,70,Two year,114.3,8244.3,Fiber optic,Credit card (automatic),0,Medium,1,1,2,Ticket,0,0,1,16.8,18.0,0,1.4,3.6,87,0
CUST-6868,38,Two year,20.05,741.5,No,Mailed check,0,Low,0,0,0,Call,0,0,1,8.3,18.2,0,0.0,3.9,134,0
CUST-6869,68,Two year,62.65,4375.8,DSL,Credit card (automatic),2,Low,3,0,2,Chat,0,0,1,28.0,28.8,0,0.0,2.9,7,0
CUST-6870,65,Two year,92.7,5968.4,Fiber optic,Credit card (automatic),1,Low,0,0,1,Email,0,0,1,23.1,34.1,0,0.0,5.0,22,0
CUST-6871,30,Month-to-month,100.45,3096.9,Fiber optic,Electronic check,4,Low,0,0,4,Call,0,0,1,8.9,30.8,0,0.0,3.8,23,0
CUST-6872,51,Two year,75.2,3901.25,DSL,Bank transfer (automatic),1,Low,0,0,2,Email,0,0,1,10.4,12.4,0,0.0,5.0,14,0
CUST-6873,31,Month-to-month,84.75,2613.4,Fiber optic,Credit card (automatic),0,Low,0,1,0,Ticket,0,0,1,12.2,23.1,0,0.1,3.8,85,0
CUST-6874,72,Two year,79.5,5661.7,DSL,Bank transfer (automatic),1,Low,0,1,1,Ticket,0,0,0,14.2,14.9,0,1.8,2.7,12,0
CUST-6875,37,One year,19.8,695.05,No,Electronic check,2,High,0,2,2,Chat,1,0,1,6.4,10.2,0,4.7,3.6,8,0
CUST-6876,55,One year,100.9,5552.05,Fiber optic,Mailed check,1,Medium,1,0,2,Ticket,0,0,1,4.7,6.3,0,0.0,5.0,14,0
CUST-6877,33,Month-to-month,95.3,3275.15,Fiber optic,Bank transfer (automatic),2,Medium,0,1,2,Email,0,0,0,2.2,2.5,0,0.2,4.0,27,0
CUST-6878,46,One year,90.95,4236.6,Fiber optic,Bank transfer (automatic),1,Medium,0,0,1,Ticket,0,1,0,2.7,25.1,0,0.0,4.1,26,0
CUST-6879,1,Month-to-month,54.5,54.5,DSL,Electronic check,1,Medium,2,1,1,Call,1,0,1,11.3,17.7,0,2.3,3.5,17,0
CUST-6880,19,Month-to-month,49.6,962.9,DSL,Bank transfer (automatic),0,Low,1,0,1,Email,0,0,0,19.7,21.6,0,0.0,4.0,142,0
CUST-6881,61,Two year,25.0,1498.35,No,Credit card (automatic),3,Low,0,1,3,Ticket,0,1,0,19.7,31.8,0,1.3,2.3,1,0
CUST-6882,26,Month-to-month,45.45,1233.15,DSL,Electronic check,1,Medium,1,0,1,Call,0,0,1,11.0,38.8,0,0.0,2.5,4,0
CUST-6883,45,Month-to-month,107.75,4882.8,Fiber optic,Bank transfer (automatic),0,Low,0,0,0,Email,0,0,1,17.4,25.7,0,0.0,3.6,75,0
CUST-6884,62,Two year,89.1,5411.65,Fiber optic,Credit card (automatic),1,Low,0,0,1,Call,0,0,1,57.5,78.7,1,0.0,2.5,28,0
CUST-6885,3,Month-to-month,44.75,148.05,DSL,Mailed check,0,Low,0,0,0,Email,0,0,1,72.6,94.8,1,0.0,4.4,152,0
CUST-6886,41,One year,101.6,3930.55,Fiber optic,Bank transfer (automatic),1,Medium,0,0,1,Call,0,1,1,33.5,50.2,0,0.0,3.1,10,0
CUST-6887,67,Two year,103.15,6895.5,Fiber optic,Bank transfer (automatic),1,High,0,2,1,Call,0,0,1,44.2,48.1,0,0.0,3.8,26,0
CUST-6888,71,One year,95.65,6856.95,Fiber optic,Mailed check,0,Low,0,0,0,Ticket,0,1,0,2.6,10.2,0,0.0,3.6,163,0
CUST-6889,37,One year,75.1,2658.8,DSL,Bank transfer (automatic),2,Medium,0,0,2,Chat,0,0,1,5.9,7.8,0,0.0,3.7,27,0
CUST-6890,60,Two year,61.35,3766.2,DSL,Mailed check,1,High,0,2,1,Ticket,0,1,1,55.4,85.8,1,1.3,2.4,22,0
CUST-6891,6,Month-to-month,19.7,129.55,No,Credit card (automatic),1,Low,0,1,1,Email,0,0,1,2.5,15.4,0,9.4,4.3,11,0
CUST-6892,11,Month-to-month,51.0,581.7,DSL,Bank transfer (automatic),1,Low,1,0,1,Call,0,3,0,37.4,37.4,0,0.0,2.2,28,0
CUST-6893,10,Month-to-month,88.85,929.45,Fiber optic,Electronic check,2,Low,1,0,2,Email,0,0,1,10.4,29.7,0,0.0,3.3,11,0
CUST-6894,34,Two year,20.05,679.0,No,Credit card (automatic),1,High,0,0,2,Ticket,1,0,0,66.4,66.6,1,0.0,5.0,23,0
CUST-6895,62,Two year,65.1,3846.75,DSL,Mailed check,0,Low,0,0,0,Email,0,0,1,22.7,34.1,0,0.0,5.0,81,0
CUST-6896,64,One year,70.15,4480.7,DSL,Mailed check,1,Low,0,0,1,Ticket,0,0,0,7.4,14.4,0,0.0,3.2,12,0
CUST-6897,25,Two year,20.75,499.4,No,Mailed check,0,Low,0,0,1,Ticket,0,0,1,2.3,5.1,0,0.0,3.6,100,0
CUST-6898,26,One year,56.05,1553.2,DSL,Mailed check,2,Medium,0,0,2,Chat,1,0,1,4.9,21.8,0,0.0,3.7,11,0
CUST-6899,10,One year,19.95,219.5,No,Bank transfer (automatic),1,High,0,0,1,Ticket,0,1,0,21.9,100.9,0,0.0,4.2,16,0
CUST-6900,53,One year,98.6,5311.85,Fiber optic,Mailed check,4,Low,0,0,5,Call,0,0,0,7.0,21.5,0,0.0,1.3,17,0
CUST-6901,33,Month-to-month,79.0,2576.8,Fiber optic,Credit card (automatic),0,High,0,2,1,Ticket,0,0,1,53.6,73.4,1,2.1,2.8,35,0
CUST-6902,71,Two year,89.45,6435.25,Fiber optic,Credit card (automatic),3,Low,1,1,3,Ticket,0,0,1,13.8,43.1,0,3.2,3.1,4,0
CUST-6903,29,Month-to-month,74.2,1993.25,Fiber optic,Electronic check,1,Low,1,0,1,Call,0,0,1,13.4,20.4,0,0.0,4.0,13,0
CUST-6904,24,Month-to-month,81.0,1923.85,DSL,Bank transfer (automatic),2,High,0,0,2,Ticket,0,0,0,29.6,41.8,0,0.0,3.5,17,0
CUST-6905,20,Month-to-month,49.6,939.8,DSL,Electronic check,0,Medium,1,0,2,Email,0,0,0,28.7,37.8,0,0.0,3.2,85,0
CUST-6906,1,Month-to-month,84.6,84.6,Fiber optic,Electronic check,2,Low,0,0,3,Chat,0,0,1,20.9,25.5,0,0.0,4.6,1,0
CUST-6907,72,Two year,84.2,5986.55,DSL,Bank transfer (automatic),0,Low,0,0,0,Call,1,0,0,54.7,55.5,1,0.0,5.0,66,0
CUST-6908,52,Two year,106.3,5487.0,Fiber optic,Electronic check,2,Medium,0,1,2,Call,1,0,1,15.6,39.0,0,0.8,2.5,21,0
CUST-6909,9,Month-to-month,69.05,651.5,Fiber optic,Electronic check,0,Medium,1,0,0,Email,0,0,1,41.5,42.8,0,0.0,4.7,140,0
CUST-6910,1,Month-to-month,45.4,45.4,DSL,Mailed check,0,High,1,1,2,Call,0,1,1,11.4,21.4,0,0.4,4.7,177,0
CUST-6911,69,Two year,99.35,6856.45,Fiber optic,Electronic check,0,Medium,0,0,1,Email,0,0,1,25.8,26.2,0,0.0,3.2,48,0
CUST-6912,1,Month-to-month,50.75,50.75,DSL,Mailed check,1,High,0,0,1,Call,0,0,1,4.8,14.0,0,0.0,4.0,11,0
CUST-6913,54,Two year,87.1,4735.2,DSL,Bank transfer (automatic),2,Medium,1,0,2,Ticket,0,0,1,34.2,34.9,0,0.0,3.2,3,0
CUST-6914,33,One year,20.15,682.15,No,Mailed check,0,Medium,1,0,3,Call,3,0,0,7.8,22.6,0,0.0,4.5,165,0
CUST-6915,45,One year,98.7,4525.8,Fiber optic,Bank transfer (automatic),0,Medium,0,0,0,Chat,0,0,0,23.3,34.1,0,0.0,3.5,168,0
CUST-6916,11,Month-to-month,25.2,321.05,DSL,Electronic check,0,Low,0,0,1,Call,1,0,1,7.0,22.2,0,0.0,3.4,162,0
CUST-6917,6,Month-to-month,55.7,335.65,DSL,Bank transfer (automatic),0,Low,1,1,1,Call,1,1,1,55.1,65.1,1,2.4,3.9,83,0
CUST-6918,21,Month-to-month,65.35,1424.4,DSL,Bank transfer (automatic),2,Low,0,0,2,Chat,0,0,1,3.8,20.2,0,0.0,5.0,14,0
CUST-6919,65,Two year,25.3,1748.55,No,Bank transfer (automatic),2,Medium,0,0,2,Call,0,0,0,13.5,19.0,0,0.0,2.6,14,0
CUST-6920,43,Two year,24.25,1077.95,No,Mailed check,0,Low,0,1,0,Email,0,0,1,9.0,13.8,0,0.0,4.6,157,0
CUST-6921,60,Two year,60.5,3694.45,DSL,Bank transfer (automatic),1,Low,0,0,1,Email,0,0,1,13.8,22.0,0,0.0,2.9,28,0
CUST-6922,17,Month-to-month,25.1,382.8,DSL,Credit card (automatic),0,Low,1,0,1,Chat,1,0,0,4.7,13.2,0,0.0,4.9,137,0
CUST-6923,35,One year,20.05,746.75,No,Bank transfer (automatic),0,Low,1,0,0,Ticket,0,1,1,12.6,17.6,0,0.0,4.9,156,0
CUST-6924,12,One year,30.25,368.85,DSL,Credit card (automatic),4,Medium,0,0,5,Call,0,0,1,2.5,10.8,0,0.0,3.3,27,0
CUST-6925,1,Month-to-month,20.2,20.2,No,Mailed check,3,Low,0,0,3,Chat,0,0,0,4.7,7.6,0,0.0,2.4,27,0
CUST-6926,28,One year,59.9,1654.7,DSL,Electronic check,0,Low,0,1,0,Chat,2,0,1,20.1,32.7,0,1.4,3.2,72,0
CUST-6927,70,Two year,25.15,1940.85,No,Bank transfer (automatic),1,Medium,0,1,1,Call,0,1,0,11.4,54.2,0,0.2,4.2,18,0
CUST-6928,18,Month-to-month,101.3,1794.65,Fiber optic,Credit card (automatic),3,Medium,1,0,3,Ticket,0,0,1,12.4,23.5,0,0.0,4.2,28,0
CUST-6929,70,Two year,76.95,5289.8,DSL,Credit card (automatic),1,Low,1,0,2,Call,0,0,0,48.3,56.0,1,0.0,4.7,6,0
CUST-6930,9,Month-to-month,55.3,501.2,DSL,Mailed check,1,Low,1,0,2,Call,0,0,1,4.4,32.6,0,0.0,2.8,12,0
CUST-6931,67,Two year,92.45,6140.85,Fiber optic,Bank transfer (automatic),2,High,0,0,3,Chat,0,0,0,14.4,27.3,0,0.0,4.1,21,0
CUST-6932,1,Month-to-month,48.45,48.45,DSL,Bank transfer (automatic),1,Low,0,0,1,Ticket,0,0,1,13.6,17.9,0,0.0,3.1,2,0
CUST-6933,18,Two year,19.35,309.25,No,Mailed check,0,High,0,0,2,Chat,1,1,0,10.6,22.2,0,0.0,4.2,172,0
CUST-6934,71,One year,86.7,6179.35,Fiber optic,Bank transfer (automatic),0,Low,1,1,0,Ticket,0,0,1,31.9,48.3,0,2.3,3.7,171,0
CUST-6935,1,Month-to-month,55.7,55.7,DSL,Mailed check,1,Low,0,0,1,Ticket,0,0,0,15.1,32.7,0,0.0,4.0,10,0
CUST-6936,55,One year,84.25,4589.85,Fiber optic,Credit card (automatic),0,Low,0,1,0,Chat,0,0,1,30.9,31.0,0,0.2,3.4,136,0
CUST-6937,59,Month-to-month,64.65,3735.45,DSL,Electronic check,2,Low,0,0,3,Ticket,0,0,0,35.4,52.8,0,0.0,5.0,28,0
CUST-6938,7,Month-to-month,69.2,477.55,Fiber optic,Bank transfer (automatic),2,High,0,0,2,Call,0,0,0,1.3,20.6,0,0.0,5.0,16,0
CUST-6939,45,Two year,54.65,2553.7,DSL,Bank transfer (automatic),2,High,0,1,2,Chat,0,0,1,50.0,52.3,1,1.1,5.0,2,0
CUST-6940,54,One year,24.75,1342.15,No,Bank transfer (automatic),1,High,0,1,3,Chat,0,1,0,25.9,48.8,0,2.1,3.9,28,0
CUST-6941,51,One year,23.95,1216.35,No,Mailed check,0,High,0,0,1,Call,0,0,0,11.9,26.9,0,0.0,4.2,169,0
CUST-6942,72,One year,105.0,7578.05,Fiber optic,Credit card (automatic),1,Medium,0,0,1,Ticket,0,0,1,30.9,42.5,0,0.0,2.4,7,0
CUST-6943,44,One year,59.85,2603.95,DSL,Bank transfer (automatic),1,Medium,0,0,1,Ticket,1,0,0,4.7,22.3,0,0.0,2.8,9,0
CUST-6944,2,Month-to-month,20.05,42.7,No,Mailed check,1,Medium,1,1,2,Ticket,1,0,1,30.8,34.3,0,0.1,3.9,21,0
CUST-6945,66,One year,92.15,6056.9,Fiber optic,Bank transfer (automatic),1,Low,2,0,2,Call,0,0,0,14.6,16.6,0,0.0,4.7,25,0
CUST-6946,68,One year,44.8,2983.65,DSL,Mailed check,1,Low,0,0,2,Chat,0,1,0,10.6,11.4,0,0.0,4.5,25,0
CUST-6947,31,Two year,20.9,689.35,No,Credit card (automatic),1,Medium,0,1,1,Email,0,0,1,15.2,22.0,0,0.7,4.1,26,0
CUST-6948,21,Month-to-month,95.4,2025.1,Fiber optic,Bank transfer (automatic),0,High,1,0,1,Chat,2,0,1,22.7,31.2,0,0.0,4.5,80,0
CUST-6949,21,Month-to-month,80.35,1747.2,Fiber optic,Electronic check,2,Medium,0,1,2,Email,0,0,1,5.8,7.2,0,7.6,4.0,10,0
CUST-6950,55,Two year,85.1,4657.95,DSL,Bank transfer (automatic),0,Medium,0,0,0,Chat,1,1,1,1.8,8.0,0,0.0,2.7,61,0
CUST-6951,71,Two year,115.05,8016.6,Fiber optic,Bank transfer (automatic),0,Low,2,0,0,Email,0,0,1,42.7,46.3,0,0.0,3.0,115,0
CUST-6952,22,One year,19.95,433.5,No,Mailed check,1,Medium,2,0,1,Call,0,0,1,54.1,80.0,1,0.0,4.1,29,0
CUST-6953,67,Two year,86.15,5883.85,DSL,Bank transfer (automatic),1,High,2,1,2,Ticket,0,0,1,17.6,27.8,0,1.0,2.6,14,0
CUST-6954,14,Month-to-month,78.85,1043.8,Fiber optic,Electronic check,0,Low,0,1,0,Call,0,0,0,12.9,15.2,0,0.9,3.0,106,0
CUST-6955,21,Month-to-month,86.55,1857.25,Fiber optic,Bank transfer (automatic),0,High,0,0,0,Ticket,0,0,0,1.0,9.0,0,0.0,4.7,73,0
CUST-6956,4,Month-to-month,42.4,146.4,DSL,Mailed check,2,Medium,0,0,2,Chat,0,0,1,9.7,10.2,0,0.0,4.9,6,0
CUST-6957,70,Two year,24.25,1724.15,No,Bank transfer (automatic),1,Medium,1,1,3,Call,0,0,0,7.5,14.6,0,1.6,2.7,8,0
CUST-6958,21,One year,20.5,429.55,No,Bank transfer (automatic),1,High,0,1,1,Chat,0,0,0,8.7,36.5,0,1.2,3.5,10,0
CUST-6959,20,Month-to-month,19.6,356.15,No,Credit card (automatic),0,Low,2,3,0,Ticket,0,0,1,22.9,31.7,0,0.9,3.9,50,0
CUST-6960,22,One year,20.25,488.25,No,Bank transfer (automatic),2,Low,1,0,2,Chat,0,0,1,8.1,11.0,0,0.0,3.6,19,0
CUST-6961,63,Two year,20.6,1298.7,No,Mailed check,1,Medium,0,0,1,Call,0,0,0,28.2,58.1,0,0.0,4.5,7,0
CUST-6962,70,Two year,19.8,1378.75,No,Bank transfer (automatic),1,Low,1,0,1,Email,1,1,1,84.3,118.2,1,0.0,3.9,4,0
CUST-6963,5,Month-to-month,80.2,384.25,Fiber optic,Electronic check,1,Low,0,0,1,Ticket,0,0,0,14.2,18.1,0,0.0,4.8,20,0
CUST-6964,72,Two year,116.4,8543.25,Fiber optic,Credit card (automatic),0,Low,0,1,0,Chat,0,1,1,5.9,8.1,0,1.1,2.6,71,0
CUST-6965,13,Month-to-month,31.65,389.95,DSL,Electronic check,0,High,0,0,0,Email,0,0,1,57.0,58.1,1,0.0,4.6,45,0
CUST-6966,61,Month-to-month,94.15,5731.85,Fiber optic,Credit card (automatic),0,Low,1,1,0,Email,0,0,0,23.7,41.4,0,0.5,3.1,67,0
CUST-6967,1,Month-to-month,20.65,20.65,No,Electronic check,1,Low,0,2,1,Call,0,0,0,4.6,19.6,0,0.6,3.7,18,0
CUST-6968,56,Month-to-month,76.85,4275.75,Fiber optic,Bank transfer (automatic),1,High,1,0,2,Chat,0,0,1,93.3,110.8,1,0.0,3.5,12,0
CUST-6969,4,Month-to-month,20.15,84.5,No,Mailed check,2,High,0,1,2,Call,0,1,0,0.2,2.3,0,2.0,4.9,28,0
CUST-6970,35,Two year,55.25,1924.1,DSL,Mailed check,3,Medium,0,0,3,Chat,0,0,0,15.4,59.3,0,0.0,3.7,14,0
CUST-6971,72,Two year,82.15,5784.3,DSL,Bank transfer (automatic),2,Medium,2,1,2,Email,0,0,1,20.8,23.3,0,1.7,3.1,13,0
CUST-6972,49,One year,103.0,5166.2,Fiber optic,Bank transfer (automatic),1,Low,0,0,1,Chat,0,0,1,3.6,4.1,0,0.0,4.0,8,0
CUST-6973,44,Month-to-month,95.1,4060.55,Fiber optic,Credit card (automatic),1,Low,0,0,2,Ticket,0,0,1,0.9,6.9,0,0.0,3.0,27,0
CUST-6974,37,Month-to-month,95.15,3532.85,Fiber optic,Electronic check,1,Low,1,0,1,Email,0,0,1,0.1,9.8,0,0.0,2.9,24,0
CUST-6975,61,One year,79.8,4914.8,DSL,Electronic check,3,Medium,0,0,3,Ticket,1,0,0,46.9,53.3,0,0.0,3.7,15,0
CUST-6976,70,Two year,74.8,5315.8,DSL,Credit card (automatic),1,Low,0,1,1,Call,0,0,0,15.7,23.7,0,2.2,4.8,29,0
CUST-6977,41,Month-to-month,20.45,775.6,No,Electronic check,0,Medium,0,1,1,Ticket,0,0,0,3.4,13.3,0,1.2,3.5,172,0
CUST-6978,70,One year,78.35,5445.95,DSL,Bank transfer (automatic),0,Low,1,0,0,Call,1,0,1,17.2,20.1,0,0.0,3.9,31,0
CUST-6979,51,One year,19.1,1007.8,No,Electronic check,1,Low,1,1,1,Call,0,0,1,0.0,22.2,0,5.7,5.0,7,0
CUST-6980,42,Two year,20.0,833.55,No,Mailed check,1,Medium,0,0,1,Ticket,0,1,0,8.4,12.1,0,0.0,3.8,18,0
CUST-6981,48,One year,19.95,1004.5,No,Bank transfer (automatic),0,Medium,0,0,2,Chat,0,0,0,26.3,102.0,0,0.0,3.9,67,0
CUST-6982,48,Two year,24.0,1183.05,No,Credit card (automatic),1,Low,0,0,2,Ticket,0,0,1,1.9,46.1,0,0.0,4.1,15,0
CUST-6983,27,One year,19.15,501.35,No,Mailed check,0,Low,0,0,0,Chat,0,0,1,16.7,21.1,0,0.0,2.2,117,0
CUST-6984,46,One year,91.3,4126.35,Fiber optic,Bank transfer (automatic),0,Low,1,0,0,Call,0,0,1,6.8,15.9,0,0.0,4.4,125,0
CUST-6985,25,Month-to-month,19.15,477.6,No,Mailed check,0,Low,1,0,1,Ticket,0,0,1,1.9,33.3,0,0.0,4.1,51,0
CUST-6986,13,Two year,19.75,265.75,No,Mailed check,0,Medium,0,0,0,Ticket,1,1,0,31.3,41.1,0,0.0,5.0,169,0
CUST-6987,31,One year,75.5,2424.45,DSL,Credit card (automatic),0,Low,0,1,0,Chat,0,0,1,14.3,32.6,0,5.5,3.1,142,0
CUST-6988,23,Month-to-month,83.75,1849.95,Fiber optic,Electronic check,0,Low,1,1,1,Ticket,0,1,1,28.2,35.7,0,0.7,3.6,122,0
CUST-6989,2,Month-to-month,19.4,61.05,No,Mailed check,1,High,0,1,1,Ticket,0,0,1,62.2,69.9,1,0.8,3.9,23,0
CUST-6990,65,Two year,26.5,1698.55,No,Bank transfer (automatic),1,Medium,0,0,1,Chat,0,0,0,3.7,9.2,0,0.0,3.9,10,0
CUST-6991,55,One year,19.15,998.1,No,Credit card (automatic),1,Low,0,0,1,Chat,1,0,0,2.7,10.6,0,0.0,4.1,15,0
CUST-6992,35,One year,40.9,1383.6,DSL,Mailed check,1,Low,0,0,1,Email,0,0,1,71.2,71.9,1,0.0,3.5,29,0
CUST-6993,6,Two year,80.25,493.4,DSL,Mailed check,0,Low,0,1,0,Chat,0,1,1,4.8,46.2,0,2.7,5.0,169,0
CUST-6994,17,Month-to-month,70.8,1207.0,Fiber optic,Electronic check,2,Low,0,0,2,Call,0,0,1,10.0,32.8,0,0.0,3.9,7,0
CUST-6995,10,Month-to-month,60.2,563.5,DSL,Mailed check,2,Medium,0,1,2,Call,0,0,1,32.6,55.3,0,2.4,3.1,8,0
CUST-6996,15,One year,55.2,864.55,DSL,Credit card (automatic),0,Medium,1,0,1,Chat,0,0,0,4.7,18.3,0,0.0,4.1,167,0
CUST-6997,13,One year,54.15,701.05,DSL,Bank transfer (automatic),2,Low,0,0,2,Email,0,0,1,22.4,24.9,0,0.0,3.2,19,0
CUST-6998,58,Month-to-month,100.4,5749.8,Fiber optic,Bank transfer (automatic),1,Medium,0,0,1,Email,0,0,1,27.8,30.7,0,0.0,2.4,29,0
CUST-6999,45,One year,62.55,2796.45,DSL,Credit card (automatic),1,Low,0,0,1,Ticket,0,1,0,12.3,13.5,0,0.0,3.5,18,0
CUST-7000,72,Two year,70.45,5165.7,DSL,Bank transfer (automatic),1,Low,1,1,1,Email,0,0,0,12.0,30.3,0,0.5,3.0,28,0
CUST-7001,68,One year,85.5,5696.6,Fiber optic,Bank transfer (automatic),1,Medium,0,0,1,Call,0,0,1,4.7,31.9,0,0.0,3.8,18,0
CUST-7002,38,Month-to-month,54.5,2076.05,DSL,Electronic check,0,Low,4,1,1,Call,1,0,1,17.7,29.2,0,0.4,3.4,94,0
CUST-7003,2,Month-to-month,20.75,44.2,No,Mailed check,0,Low,0,0,1,Chat,1,0,1,4.0,26.8,0,0.0,2.9,89,0
CUST-7004,11,Month-to-month,20.35,215.25,No,Mailed check,1,High,0,0,1,Chat,0,0,1,5.5,33.8,0,0.0,4.7,13,0
CUST-7005,20,One year,91.0,1859.5,Fiber optic,Bank transfer (automatic),0,Low,2,0,1,Ticket,0,0,1,16.3,18.2,0,0.0,2.7,70,0
CUST-7006,72,Two year,104.8,7470.1,Fiber optic,Bank transfer (automatic),2,Low,0,1,2,Chat,0,1,1,5.9,11.7,0,1.9,3.5,13,0
CUST-7007,40,Month-to-month,51.1,2092.9,DSL,Electronic check,1,Medium,0,0,1,Email,0,0,0,11.2,13.0,0,0.0,3.5,7,0
CUST-7008,62,Month-to-month,89.8,5629.55,Fiber optic,Bank transfer (automatic),0,Medium,1,1,0,Ticket,0,0,1,54.1,60.1,1,0.9,2.7,108,0
CUST-7009,22,Month-to-month,20.55,469.85,No,Electronic check,0,Medium,0,1,1,Chat,0,0,1,16.3,23.9,0,0.1,3.2,79,0
CUST-7010,11,Month-to-month,64.05,733.95,DSL,Bank transfer (automatic),1,Low,0,2,1,Chat,0,0,0,25.0,39.9,0,6.3,1.6,13,0
CUST-7011,7,Month-to-month,74.85,485.25,Fiber optic,Electronic check,0,Low,1,0,1,Chat,0,0,1,21.9,35.2,0,0.0,3.2,101,0
CUST-7012,3,Month-to-month,25.0,78.25,DSL,Mailed check,1,Low,0,0,1,Chat,0,0,1,54.9,109.0,1,0.0,4.2,28,0
CUST-7013,58,Two year,20.3,1131.5,No,Credit card (automatic),0,Medium,0,1,1,Chat,0,0,0,2.0,5.1,0,1.6,3.5,39,0
CUST-7014,6,Month-to-month,26.35,184.05,No,Mailed check,2,Low,0,0,2,Call,0,1,1,3.7,5.7,0,0.0,4.3,1,0
CUST-7015,22,Month-to-month,54.7,1178.75,DSL,Mailed check,1,Medium,0,0,2,Ticket,0,0,1,20.8,36.4,0,0.0,4.3,10,0
CUST-7016,64,One year,90.25,5629.15,Fiber optic,Credit card (automatic),1,Low,0,0,2,Call,0,0,1,33.7,48.3,0,0.0,3.6,12,0
CUST-7017,6,Month-to-month,20.65,109.3,No,Mailed check,2,Low,0,0,3,Ticket,0,0,0,24.7,26.4,0,0.0,3.5,18,0
CUST-7018,39,One year,25.45,958.45,No,Bank transfer (automatic),1,Low,0,0,1,Email,1,0,1,2.9,23.3,0,0.0,4.2,1,0
CUST-7019,20,One year,19.5,403.15,No,Mailed check,1,High,0,1,1,Email,0,1,1,20.5,25.5,0,0.7,3.2,26,0
CUST-7020,64,One year,66.15,4392.5,DSL,Credit card (automatic),2,High,0,0,2,Email,1,0,0,17.8,25.5,0,0.0,3.2,17,0
CUST-7021,46,Month-to-month,69.1,3168.0,DSL,Credit card (automatic),0,High,1,0,0,Ticket,0,0,1,13.9,27.8,0,0.0,3.9,164,0
CUST-7022,28,One year,39.1,1096.6,DSL,Electronic check,1,Low,0,1,2,Call,0,0,1,14.9,26.2,0,0.9,2.7,7,0
CUST-7023,33,Month-to-month,20.05,669.45,No,Mailed check,0,Low,0,0,1,Call,0,0,0,16.8,30.0,0,0.0,3.0,64,0
CUST-7024,39,One year,59.8,2343.85,DSL,Electronic check,1,Low,0,0,3,Chat,2,0,1,3.6,5.1,0,0.0,5.0,25,0
CUST-7025,1,Month-to-month,48.6,48.6,DSL,Electronic check,1,Medium,0,0,1,Ticket,0,0,1,7.3,11.4,0,0.0,4.5,29,0
CUST-7026,70,Two year,105.35,7511.9,Fiber optic,Credit card (automatic),2,Low,0,2,3,Email,1,0,0,17.1,37.1,0,7.0,2.3,20,0
CUST-7027,65,Two year,25.1,1725.0,No,Bank transfer (automatic),3,Low,0,0,3,Ticket,0,1,0,1.5,33.4,0,0.0,4.1,17,0
CUST-7028,1,Month-to-month,49.75,49.75,DSL,Electronic check,0,Low,0,0,1,Chat,1,0,1,22.3,28.7,0,0.0,4.4,50,0
CUST-7029,18,Month-to-month,94.75,1691.9,Fiber optic,Electronic check,1,Low,0,0,1,Call,0,0,1,24.6,63.9,0,0.0,4.5,8,0
CUST-7030,24,Month-to-month,93.0,2248.05,Fiber optic,Electronic check,2,Low,1,0,2,Chat,1,0,0,2.8,35.0,0,0.0,3.6,12,0
CUST-7031,63,Two year,71.9,4479.2,DSL,Bank transfer (automatic),0,Low,1,1,0,Chat,0,0,1,6.0,28.9,0,2.8,4.5,158,0
CUST-7032,44,One year,77.55,3471.1,DSL,Mailed check,0,Low,0,0,0,Chat,1,0,0,4.7,21.4,0,0.0,4.5,113,0
CUST-7033,4,Month-to-month,19.85,63.0,No,Electronic check,1,Low,0,0,1,Chat,0,0,1,4.2,13.3,0,0.0,3.1,13,0
CUST-7034,37,Month-to-month,95.25,3314.15,Fiber optic,Electronic check,1,Medium,0,2,2,Call,2,0,1,8.2,11.1,0,2.4,4.7,3,0
CUST-7035,34,Month-to-month,25.05,852.7,DSL,Bank transfer (automatic),1,Medium,1,0,2,Call,0,0,1,25.3,28.8,0,0.0,2.9,11,0
CUST-7036,35,One year,53.15,1930.9,DSL,Credit card (automatic),3,Low,0,0,3,Call,0,0,0,9.4,11.5,0,0.0,2.5,14,0
CUST-7037,4,Month-to-month,20.15,91.4,No,Electronic check,0,Medium,0,0,1,Call,0,0,1,13.8,36.4,0,0.0,4.6,141,0
CUST-7038,39,Month-to-month,101.25,3949.15,Fiber optic,Electronic check,0,Low,0,1,1,Email,1,1,0,2.4,2.4,0,0.7,4.9,157,0
CUST-7039,43,One year,100.55,4304.0,Fiber optic,Bank transfer (automatic),2,Low,0,2,2,Ticket,0,0,1,17.2,20.9,0,7.1,5.0,24,0
CUST-7040,61,Two year,25.3,1554.9,No,Bank transfer (automatic),1,Medium,0,0,3,Email,0,0,0,126.7,137.9,1,0.0,3.4,3,0
CUST-7041,49,One year,71.8,3472.05,DSL,Electronic check,0,High,0,1,0,Chat,0,0,0,23.5,74.6,0,0.1,4.0,135,0
CUST-7042,4,One year,19.7,117.8,No,Mailed check,0,Medium,1,0,0,Chat,1,0,0,11.9,16.2,0,0.0,4.3,104,0
CUST-7043,64,Two year,49.85,3210.35,DSL,Electronic check,1,Low,0,0,1,Chat,0,0,1,11.5,14.3,0,0.0,2.7,4,0
CUST-7044,3,Month-to-month,69.6,207.4,Fiber optic,Mailed check,0,Medium,0,0,0,Chat,0,0,0,46.0,47.0,0,0.0,5.0,153,0
CUST-7045,1,Month-to-month,19.75,19.75,No,Electronic check,0,Low,0,1,0,Email,2,0,1,9.4,13.4,0,1.3,5.0,82,0
CUST-7046,40,One year,80.8,3132.75,Fiber optic,Electronic check,0,Low,0,0,3,Call,0,0,1,23.3,44.4,0,0.0,4.6,98,0
CUST-7047,34,One year,64.2,2106.3,DSL,Bank transfer (automatic),1,Low,1,0,1,Chat,1,2,1,16.9,18.6,0,0.0,3.0,22,0
CUST-7048,1,Month-to-month,35.0,35.0,DSL,Electronic check,0,Medium,0,2,0,Email,0,1,0,17.7,19.7,0,1.2,2.8,172,0
CUST-7049,45,Two year,19.2,903.7,No,Electronic check,1,Low,0,0,1,Email,0,3,0,1.6,3.4,0,0.0,3.9,14,0
CUST-7050,43,One year,90.65,3882.3,Fiber optic,Credit card (automatic),0,Medium,0,0,2,Chat,0,0,1,19.7,21.2,0,0.0,3.7,59,0
CUST-7051,41,Two year,20.0,879.8,No,Mailed check,1,Medium,0,0,1,Chat,0,1,1,18.5,25.7,0,0.0,2.5,24,0
CUST-7052,5,Month-to-month,74.65,383.65,Fiber optic,Electronic check,1,Low,0,3,1,Email,0,0,0,24.4,45.5,0,0.0,5.0,13,0
CUST-7053,72,Two year,61.2,4390.25,DSL,Credit card (automatic),3,High,0,1,3,Ticket,0,0,0,20.4,27.8,0,2.2,5.0,14,0
CUST-7054,4,One year,19.95,68.2,No,Mailed check,0,Medium,0,0,0,Email,1,0,1,38.1,47.6,0,0.0,4.2,46,0
CUST-7055,9,Month-to-month,54.8,452.8,DSL,Mailed check,2,Low,0,1,3,Ticket,1,0,1,107.3,117.5,1,0.6,4.1,13,0
CUST-7056,72,Two year,73.45,5329.0,DSL,Credit card (automatic),0,Low,1,0,1,Chat,0,0,1,3.8,9.7,0,0.0,3.0,35,0
CUST-7057,33,One year,51.45,1758.9,DSL,Mailed check,0,Medium,1,0,0,Call,0,0,1,39.5,44.5,0,0.0,5.0,41,0
CUST-7058,72,Two year,80.45,5737.6,Fiber optic,Bank transfer (automatic),2,Low,1,0,2,Call,0,0,1,6.2,18.2,0,0.0,4.7,19,0
CUST-7059,15,Month-to-month,85.3,1219.85,Fiber optic,Electronic check,0,High,1,0,1,Ticket,0,0,1,5.5,10.6,0,0.0,3.1,120,0
CUST-7060,29,Month-to-month,79.3,2414.55,Fiber optic,Electronic check,1,Low,1,0,2,Chat,0,1,0,4.6,6.1,0,0.0,3.3,13,0
CUST-7061,15,Month-to-month,76.5,1155.6,DSL,Bank transfer (automatic),2,Low,0,1,3,Chat,0,1,1,14.2,38.1,0,0.0,2.9,15,0
CUST-7062,72,Two year,25.4,1809.35,No,Bank transfer (automatic),0,High,0,0,0,Ticket,0,0,1,13.5,24.1,0,0.0,3.7,142,0
CUST-7063,19,Month-to-month,86.85,1564.4,Fiber optic,Electronic check,4,High,0,0,4,Call,0,0,1,34.2,55.4,0,0.0,3.5,18,0
CUST-7064,1,Month-to-month,19.65,19.65,No,Mailed check,3,Low,0,0,3,Email,0,0,1,10.4,18.2,0,0.0,2.3,27,0
CUST-7065,2,Month-to-month,45.55,84.4,DSL,Electronic check,2,Medium,0,0,2,Ticket,0,1,0,27.5,39.9,0,0.0,2.5,18,0
CUST-7066,11,Month-to-month,78.1,864.85,Fiber optic,Credit card (automatic),0,Low,0,0,0,Chat,3,1,0,65.9,96.1,1,0.0,4.0,170,0
CUST-7067,12,One year,19.3,228.75,No,Mailed check,1,Medium,0,0,2,Chat,0,0,1,3.9,20.5,0,0.0,5.0,25,0
CUST-7068,70,Two year,110.5,7752.05,Fiber optic,Electronic check,0,High,0,0,0,Call,0,0,0,1.6,6.8,0,0.0,4.1,150,0
CUST-7069,23,Month-to-month,20.3,470.6,No,Bank transfer (automatic),3,Low,0,1,6,Ticket,0,0,1,7.7,12.5,0,5.5,4.0,12,0
CUST-7070,49,Two year,81.35,4060.9,DSL,Credit card (automatic),1,Low,0,1,1,Ticket,1,0,1,57.2,61.0,1,0.8,4.6,16,0
CUST-7071,2,Month-to-month,55.3,108.65,DSL,Electronic check,0,Low,0,0,0,Ticket,0,0,1,27.5,35.2,0,0.0,3.7,107,0
CUST-7072,69,Two year,56.55,3952.65,DSL,Credit card (automatic),0,Low,0,1,0,Chat,1,0,0,10.9,41.2,0,5.2,2.6,115,0
CUST-7073,24,Two year,19.7,494.05,No,Mailed check,1,Low,2,0,1,Email,0,0,1,1.8,2.0,0,0.0,4.3,10,0
CUST-7074,32,One year,104.05,3416.85,Fiber optic,Credit card (automatic),0,Medium,0,0,0,Ticket,0,0,0,6.3,23.5,0,0.0,4.6,174,0
CUST-7075,27,Two year,52.85,1498.65,DSL,Bank transfer (automatic),0,Low,0,1,0,Email,0,0,1,39.2,44.4,0,1.9,3.5,141,0
CUST-7076,58,Month-to-month,80.65,4807.35,Fiber optic,Bank transfer (automatic),3,Low,0,0,3,Chat,0,0,0,3.0,22.9,0,0.0,5.0,13,0
CUST-7077,18,Two year,24.65,471.35,No,Credit card (automatic),0,Medium,0,0,0,Email,0,0,1,19.1,25.9,0,0.0,3.0,68,0
CUST-7078,47,Two year,21.3,1041.8,No,Bank transfer (automatic),0,Low,2,0,1,Email,0,1,1,17.1,32.5,0,0.0,3.5,117,0
CUST-7079,70,Two year,110.2,7689.8,Fiber optic,Electronic check,1,Low,0,1,1,Email,0,0,1,6.7,28.5,0,2.1,4.2,1,0
CUST-7080,36,Month-to-month,51.05,1815.0,DSL,Credit card (automatic),0,Low,0,0,0,Chat,0,0,0,16.1,23.7,0,0.0,2.6,148,0
CUST-7081,67,Two year,19.8,1311.3,No,Mailed check,1,Medium,0,0,1,Chat,0,0,1,24.1,39.9,0,0.0,4.1,21,0
CUST-7082,10,Month-to-month,19.9,199.45,No,Mailed check,0,Low,0,0,1,Chat,1,0,0,1.1,1.9,0,0.0,5.0,72,0
CUST-7083,19,Month-to-month,87.3,1637.3,Fiber optic,Electronic check,0,Medium,0,0,0,Email,0,0,0,28.7,33.0,0,0.0,5.0,67,0
CUST-7084,71,Two year,19.85,1326.35,No,Bank transfer (automatic),0,Low,0,1,1,Call,0,0,1,11.1,15.8,0,1.8,4.3,151,0
CUST-7085,72,Two year,89.4,6376.55,DSL,Mailed check,2,Medium,1,1,2,Call,1,0,0,4.5,12.3,0,0.6,3.1,25,0
CUST-7086,48,Two year,20.0,935.9,No,Mailed check,0,Medium,0,1,0,Call,0,0,1,13.9,26.4,0,0.2,3.9,140,0
CUST-7087,1,Month-to-month,20.05,20.05,No,Mailed check,2,Medium,1,1,2,Email,0,0,0,1.1,8.7,0,0.4,4.0,27,0
CUST-7088,18,Month-to-month,83.25,1611.15,DSL,Electronic check,1,Low,0,0,1,Call,0,0,1,33.2,55.4,0,0.0,4.0,4,0
CUST-7089,67,Two year,102.9,6989.7,Fiber optic,Bank transfer (automatic),2,Low,0,1,2,Chat,0,1,0,87.3,90.9,1,1.0,4.4,29,0
CUST-7090,69,Two year,39.1,2779.5,DSL,Mailed check,1,High,0,0,1,Email,0,0,0,20.4,22.1,0,0.0,2.2,28,0
CUST-7091,72,Two year,114.5,8331.95,Fiber optic,Mailed check,1,Low,0,0,1,Ticket,0,0,1,6.9,12.5,0,0.0,3.3,11,0
CUST-7092,38,Two year,20.2,735.9,No,Mailed check,1,Low,0,0,1,Call,0,0,1,40.2,43.5,0,0.0,4.4,21,0
CUST-7093,40,One year,55.8,2283.3,DSL,Electronic check,1,Medium,1,1,2,Email,0,0,1,6.7,17.5,0,1.5,4.3,17,0
CUST-7094,61,Two year,24.2,1445.2,No,Mailed check,0,Medium,1,0,0,Ticket,0,0,1,8.1,18.2,0,0.0,4.2,178,0
CUST-7095,32,One year,72.8,2333.05,DSL,Credit card (automatic),0,Low,0,1,1,Email,0,0,1,46.0,62.0,0,0.5,4.9,54,0
CUST-7096,21,Month-to-month,99.85,1992.55,Fiber optic,Credit card (automatic),0,Medium,0,0,0,Ticket,0,1,1,17.4,35.9,0,0.0,4.9,126,0
CUST-7097,59,One year,99.5,5890.0,Fiber optic,Electronic check,2,Medium,0,0,2,Chat,0,0,0,8.6,10.4,0,0.0,2.4,25,0
CUST-7098,47,Two year,20.25,1029.8,No,Credit card (automatic),0,Low,0,0,0,Email,0,0,0,10.5,15.6,0,0.0,4.2,161,0
CUST-7099,69,Two year,26.0,1796.55,No,Bank transfer (automatic),2,Medium,0,0,2,Chat,0,0,1,20.5,21.5,0,0.0,4.6,14,0
CUST-7100,2,Month-to-month,19.9,33.7,No,Credit card (automatic),0,Medium,1,0,0,Chat,1,0,1,19.0,32.7,0,0.0,3.8,153,0
CUST-7101,22,Month-to-month,19.05,454.05,No,Bank transfer (automatic),0,High,0,0,0,Ticket,1,0,1,8.1,27.5,0,0.0,3.8,58,0
CUST-7102,15,Month-to-month,96.5,1392.25,Fiber optic,Electronic check,1,Low,0,0,2,Call,0,2,0,2.3,41.4,0,0.0,4.3,24,0
CUST-7103,53,Two year,19.85,1049.6,No,Credit card (automatic),0,Medium,0,0,0,Ticket,0,0,1,9.8,47.6,0,0.0,2.3,163,0
CUST-7104,28,Month-to-month,25.7,734.6,No,Mailed check,0,Low,0,0,1,Call,0,0,1,20.0,31.9,0,0.0,3.6,100,0
CUST-7105,22,One year,20.3,475.1,No,Mailed check,1,Low,0,0,1,Ticket,0,0,1,5.6,21.7,0,0.0,3.2,12,0
CUST-7106,16,Month-to-month,91.55,1540.05,Fiber optic,Electronic check,0,Medium,0,0,1,Email,0,0,1,38.8,41.6,0,0.0,3.8,137,0
CUST-7107,48,Two year,39.4,1978.65,DSL,Mailed check,1,Low,0,0,1,Call,0,0,1,7.5,18.0,0,0.0,5.0,15,0
CUST-7108,30,Month-to-month,105.7,3181.8,Fiber optic,Bank transfer (automatic),1,Low,1,0,2,Email,0,1,1,4.1,8.9,0,0.0,4.3,22,0
CUST-7109,3,Month-to-month,70.25,229.7,Fiber optic,Electronic check,3,Low,1,0,3,Ticket,1,1,1,9.8,11.2,0,0.0,1.7,8,0
CUST-7110,57,Two year,93.75,5625.55,Fiber optic,Electronic check,1,Low,0,0,1,Chat,0,0,1,4.9,13.0,0,0.0,3.0,24,0
CUST-7111,23,One year,60.0,1347.15,DSL,Bank transfer (automatic),0,Low,1,1,0,Ticket,0,0,1,10.9,17.5,0,2.2,1.9,146,0
CUST-7112,65,Two year,59.8,3808.2,DSL,Credit card (automatic),3,Low,1,0,3,Email,0,0,0,1.7,2.5,0,0.0,3.3,24,0
CUST-7113,44,One year,90.65,3974.15,Fiber optic,Bank transfer (automatic),2,Medium,0,0,2,Ticket,0,1,0,10.4,47.4,0,0.0,3.7,25,0
CUST-7114,71,Two year,109.0,7661.8,Fiber optic,Bank transfer (automatic),1,Low,0,0,1,Chat,1,0,1,24.1,61.8,0,0.0,4.0,3,0
CUST-7115,37,One year,68.1,2479.25,DSL,Credit card (automatic),0,Medium,2,0,1,Chat,0,0,1,6.0,15.8,0,0.0,3.3,42,0
CUST-7116,12,Month-to-month,20.4,266.6,No,Mailed check,1,High,0,0,1,Ticket,0,0,1,74.7,109.4,1,0.0,2.8,13,0
CUST-7117,69,Two year,81.95,5601.4,DSL,Bank transfer (automatic),0,Low,0,0,0,Ticket,0,0,1,3.7,7.3,0,0.0,3.3,147,0
CUST-7118,35,Month-to-month,60.55,1982.6,DSL,Electronic check,0,Medium,0,2,0,Email,0,0,1,7.6,26.4,0,0.3,4.1,60,0
CUST-7119,5,Month-to-month,65.6,339.9,DSL,Bank transfer (automatic),0,Medium,0,0,0,Chat,2,0,1,12.2,47.9,0,0.0,3.7,40,0
CUST-7120,58,Two year,82.5,4828.05,Fiber optic,Bank transfer (automatic),2,Medium,0,1,3,Call,0,0,1,33.4,39.4,0,0.2,3.5,25,0
CUST-7121,72,Two year,82.3,5980.55,DSL,Bank transfer (automatic),3,Low,1,0,3,Email,0,0,1,10.3,14.6,0,0.0,4.4,5,0
CUST-7122,72,Two year,68.15,4808.7,DSL,Mailed check,0,Medium,2,0,1,Call,0,0,0,23.9,38.2,0,0.0,4.2,124,0
CUST-7123,1,Month-to-month,20.3,20.3,No,Credit card (automatic),0,Low,1,0,1,Chat,0,0,0,0.3,8.0,0,0.0,4.1,128,0
CUST-7124,53,One year,20.2,1068.15,No,Credit card (automatic),0,Low,1,0,0,Chat,0,0,1,0.5,6.2,0,0.0,4.6,90,0
CUST-7125,27,Month-to-month,89.2,2383.6,Fiber optic,Electronic check,1,Medium,0,0,1,Email,0,0,1,0.7,18.7,0,0.0,4.3,29,0
CUST-7126,18,Month-to-month,74.8,1438.05,Fiber optic,Electronic check,2,Low,0,0,3,Chat,0,0,1,0.4,3.7,0,0.0,4.2,6,0
CUST-7127,46,Two year,20.2,917.45,No,Mailed check,0,Medium,2,1,1,Call,0,0,0,4.1,18.1,0,1.7,3.8,67,0
CUST-7128,72,Two year,84.4,6096.45,DSL,Credit card (automatic),1,Medium,0,0,1,Ticket,0,0,1,16.3,22.2,0,0.0,3.5,10,0
CUST-7129,4,Month-to-month,25.15,99.95,DSL,Electronic check,1,Medium,0,0,1,Email,0,0,1,28.1,31.8,0,0.0,3.8,12,0
CUST-7130,25,Two year,19.8,475.2,No,Credit card (automatic),1,Low,1,0,2,Ticket,0,0,1,15.1,47.2,0,0.0,3.0,28,0
CUST-7131,40,Month-to-month,50.85,2036.55,DSL,Electronic check,4,High,0,0,4,Ticket,0,0,0,1.5,4.9,0,0.0,2.9,3,0
CUST-7132,63,Month-to-month,102.4,6444.05,Fiber optic,Electronic check,0,Medium,0,0,0,Email,0,0,1,21.9,27.8,0,0.0,3.5,149,0
CUST-7133,14,Month-to-month,55.5,767.55,DSL,Credit card (automatic),2,Low,0,0,3,Call,1,0,1,14.5,26.1,0,0.0,3.1,9,0
CUST-7134,72,Two year,109.75,7932.5,Fiber optic,Bank transfer (automatic),0,Low,0,0,1,Chat,0,1,1,6.8,7.6,0,0.0,3.4,88,0
CUST-7135,39,Month-to-month,106.4,4040.65,Fiber optic,Electronic check,0,Medium,1,1,0,Chat,0,1,0,3.5,4.8,0,8.7,4.7,34,0
CUST-7136,47,Two year,60.0,2768.65,DSL,Credit card (automatic),1,High,0,0,1,Email,0,0,0,1.5,13.4,0,0.0,4.9,6,0
CUST-7137,19,Month-to-month,88.8,1672.35,Fiber optic,Credit card (automatic),0,Medium,1,1,0,Call,1,0,1,12.3,23.0,0,1.1,4.6,141,0
CUST-7138,17,Month-to-month,80.05,1345.65,Fiber optic,Bank transfer (automatic),2,Medium,0,2,2,Email,0,0,1,33.1,44.2,0,15.6,3.2,4,0
CUST-7139,34,Month-to-month,75.55,2425.4,Fiber optic,Electronic check,0,Low,0,0,1,Email,0,0,1,1.9,12.7,0,0.0,4.2,51,0
CUST-7140,42,Month-to-month,49.55,2077.95,DSL,Electronic check,0,Low,0,1,0,Chat,0,0,1,2.0,23.6,0,0.3,3.5,87,0
CUST-7141,71,Two year,23.9,1663.5,No,Credit card (automatic),1,Low,0,0,1,Email,0,1,1,5.8,10.6,0,0.0,3.2,6,0
CUST-7142,19,Month-to-month,66.4,1286.05,DSL,Bank transfer (automatic),2,Medium,1,0,2,Call,0,1,1,8.6,10.9,0,0.0,3.7,23,0
CUST-7143,57,Two year,18.8,1094.35,No,Credit card (automatic),0,Low,0,0,0,Call,0,0,0,89.3,116.6,1,0.0,4.4,111,0
CUST-7144,72,Two year,108.4,7719.5,Fiber optic,Electronic check,2,Low,0,0,2,Call,1,0,1,14.0,23.8,0,0.0,4.3,7,0
CUST-7145,6,Month-to-month,85.95,514.6,Fiber optic,Mailed check,0,Low,0,0,2,Call,0,0,0,31.7,50.4,0,0.0,2.2,162,0
CUST-7146,61,Two year,80.9,4932.5,DSL,Bank transfer (automatic),1,High,0,0,1,Chat,0,0,1,4.6,7.2,0,0.0,3.5,13,0
CUST-7147,48,Two year,111.8,5443.65,Fiber optic,Credit card (automatic),0,Medium,0,2,0,Chat,0,0,1,43.3,50.8,0,7.8,4.4,151,0
CUST-7148,16,Month-to-month,20.6,330.25,No,Credit card (automatic),3,Low,1,0,3,Chat,0,0,1,24.5,26.0,0,0.0,2.7,7,0
CUST-7149,3,Month-to-month,44.6,122.7,DSL,Electronic check,1,High,0,0,1,Chat,0,0,1,7.3,8.6,0,0.0,3.9,15,0
CUST-7150,65,Two year,105.1,6631.85,Fiber optic,Credit card (automatic),1,Low,0,0,1,Call,0,0,1,25.3,32.5,0,0.0,5.0,9,0
CUST-7151,70,Two year,115.15,8250.0,Fiber optic,Credit card (automatic),0,Low,0,0,1,Call,0,0,1,39.2,50.0,0,0.0,3.9,114,0
CUST-7152,60,One year,59.8,3561.15,DSL,Mailed check,1,Low,0,0,1,Email,0,0,1,8.0,39.5,0,0.0,2.8,22,0
CUST-7153,69,One year,26.3,1763.55,No,Electronic check,1,Low,0,0,1,Email,0,0,1,32.1,32.7,0,0.0,3.6,11,0
CUST-7154,35,Month-to-month,70.55,2419.0,Fiber optic,Electronic check,1,Low,1,0,2,Chat,0,0,0,10.6,16.2,0,0.0,4.9,3,0
CUST-7155,22,Month-to-month,20.05,470.2,No,Mailed check,3,Medium,0,0,3,Email,0,0,0,24.6,40.8,0,0.0,3.5,17,0
CUST-7156,66,Two year,79.85,5234.95,DSL,Bank transfer (automatic),1,Medium,1,1,1,Chat,0,1,1,6.3,10.6,0,1.0,2.9,9,0
CUST-7157,34,Month-to-month,90.05,3097.0,Fiber optic,Credit card (automatic),2,Medium,0,0,3,Chat,0,0,1,21.1,37.9,0,0.0,3.9,2,0
CUST-7158,72,Two year,24.45,1709.1,No,Bank transfer (automatic),1,Medium,0,2,2,Chat,0,0,1,37.6,73.6,0,1.6,4.9,14,0
CUST-7159,31,One year,59.95,1848.8,DSL,Electronic check,1,Medium,2,0,2,Ticket,0,0,0,11.8,22.4,0,0.0,3.5,19,0
CUST-7160,30,One year,25.35,723.3,No,Bank transfer (automatic),4,Low,0,0,6,Email,0,0,1,27.1,30.6,0,0.0,3.1,8,0
CUST-7161,19,Month-to-month,34.3,577.15,DSL,Credit card (automatic),1,Medium,0,0,1,Email,0,0,0,14.6,25.5,0,0.0,3.2,22,0
CUST-7162,65,Month-to-month,105.05,6914.95,Fiber optic,Electronic check,2,Medium,0,0,3,Chat,0,0,0,34.0,38.4,0,0.0,5.0,26,0
CUST-7163,30,Two year,19.3,602.9,No,Mailed check,0,High,0,0,0,Call,0,0,1,4.9,7.1,0,0.0,3.5,102,0
CUST-7164,6,One year,19.15,124.4,No,Mailed check,0,Low,0,1,1,Ticket,0,0,0,0.4,19.3,0,0.1,3.5,158,0
CUST-7165,2,Month-to-month,51.4,96.8,DSL,Electronic check,1,Low,1,0,1,Email,0,0,1,20.0,33.0,0,0.0,4.0,4,0
CUST-7166,53,Month-to-month,71.85,3827.9,DSL,Electronic check,2,Medium,0,0,2,Call,0,0,0,27.0,49.8,0,0.0,3.7,7,0
CUST-7167,7,Month-to-month,75.4,533.05,Fiber optic,Electronic check,1,Medium,1,0,3,Chat,0,1,1,1.5,26.1,0,0.0,4.0,22,0
CUST-7168,61,One year,49.7,2961.4,DSL,Bank transfer (automatic),0,Low,0,0,0,Chat,0,0,0,19.3,24.6,0,0.0,3.8,93,0
CUST-7169,13,Month-to-month,78.75,995.35,DSL,Electronic check,1,Medium,1,0,2,Email,0,0,1,4.3,5.7,0,0.0,3.4,2,0
CUST-7170,35,One year,81.6,2815.25,Fiber optic,Bank transfer (automatic),0,Low,0,0,0,Email,1,1,0,82.5,90.2,1,0.0,2.9,135,0
CUST-7171,2,Month-to-month,70.4,154.8,Fiber optic,Credit card (automatic),1,High,0,0,2,Ticket,1,0,1,27.5,32.7,0,0.0,2.4,27,0
CUST-7172,3,Month-to-month,76.1,257.6,Fiber optic,Electronic check,2,Low,0,0,2,Email,0,0,1,3.0,15.1,0,0.0,3.8,18,0
CUST-7173,62,One year,94.0,5757.2,Fiber optic,Bank transfer (automatic),0,Low,0,0,0,Ticket,1,0,1,11.6,33.8,0,0.0,4.1,34,0
CUST-7174,72,Two year,103.95,7517.7,Fiber optic,Credit card (automatic),0,Low,0,0,1,Chat,0,0,0,27.9,39.2,0,0.0,3.6,102,0
CUST-7175,63,Two year,19.95,1234.8,No,Bank transfer (automatic),0,Low,0,0,0,Call,1,0,0,13.3,13.4,0,0.0,4.3,162,0
CUST-7176,35,One year,110.8,3836.3,Fiber optic,Bank transfer (automatic),2,Low,0,0,3,Call,0,0,0,69.3,80.4,1,0.0,2.0,2,0
CUST-7177,62,One year,96.1,6001.45,Fiber optic,Electronic check,0,Medium,0,0,0,Ticket,0,0,1,10.2,11.9,0,0.0,3.6,65,0
CUST-7178,15,Month-to-month,48.8,720.1,DSL,Mailed check,1,High,0,0,1,Ticket,0,0,1,39.2,43.8,0,0.0,4.0,26,0
CUST-7179,55,Month-to-month,50.55,2832.75,DSL,Credit card (automatic),1,Low,0,0,1,Email,0,0,0,1.7,5.0,0,0.0,4.9,25,0
CUST-7180,11,Month-to-month,44.65,472.25,DSL,Mailed check,1,Medium,0,0,1,Email,0,0,0,14.3,22.7,0,0.0,3.8,15,0
CUST-7181,61,One year,19.45,1336.35,No,Bank transfer (automatic),1,Low,0,0,2,Email,0,1,1,96.4,115.0,1,0.0,4.2,29,0
CUST-7182,71,Two year,89.3,6388.65,DSL,Credit card (automatic),1,Low,1,0,3,Call,0,0,0,20.4,20.9,0,0.0,1.8,20,0
CUST-7183,35,Two year,19.25,677.9,No,Mailed check,2,Low,0,0,2,Email,0,0,0,3.0,3.7,0,0.0,2.7,25,0
CUST-7184,17,Month-to-month,70.5,1165.6,Fiber optic,Bank transfer (automatic),2,Low,0,0,4,Email,0,0,0,19.5,57.8,0,0.0,3.3,28,0
CUST-7185,47,Two year,19.65,921.55,No,Bank transfer (automatic),0,Medium,0,0,0,Chat,0,0,1,10.0,16.9,0,0.0,4.3,166,0
CUST-7186,3,Month-to-month,20.85,72.0,No,Mailed check,2,Low,0,1,4,Ticket,0,1,0,21.9,38.1,0,0.6,2.1,16,0
CUST-7187,3,Month-to-month,19.65,68.35,No,Mailed check,2,High,0,0,3,Email,0,0,0,7.8,32.8,0,0.0,3.2,4,0
CUST-7188,44,Two year,19.35,847.25,No,Credit card (automatic),1,Medium,0,1,1,Chat,0,0,0,12.3,18.0,0,2.8,2.8,15,0
CUST-7189,1,Month-to-month,44.0,44.0,DSL,Mailed check,1,Medium,0,0,1,Call,0,0,0,4.4,13.9,0,0.0,4.3,29,0
CUST-7190,44,One year,94.4,4295.35,Fiber optic,Electronic check,0,High,0,0,0,Email,0,0,1,3.2,27.2,0,0.0,4.1,45,0
CUST-7191,18,Month-to-month,75.4,1380.4,Fiber optic,Electronic check,1,High,0,0,1,Call,0,0,0,6.4,17.4,0,0.0,3.1,10,0
CUST-7192,65,Two year,71.0,4386.2,DSL,Bank transfer (automatic),0,Medium,0,0,0,Call,1,0,1,26.9,29.4,0,0.0,3.2,126,0
CUST-7193,3,One year,21.2,52.05,No,Mailed check,0,Low,1,0,0,Call,0,0,0,28.4,39.3,0,0.0,3.2,139,0
CUST-7194,33,Two year,61.05,2018.4,DSL,Mailed check,2,Low,0,0,2,Call,1,0,1,14.1,54.8,0,0.0,3.9,22,0
CUST-7195,34,One year,79.95,2727.3,DSL,Bank transfer (automatic),1,Medium,0,0,2,Ticket,0,0,0,3.7,55.2,0,0.0,3.4,16,0
CUST-7196,14,Two year,19.7,263.65,No,Mailed check,0,Medium,0,0,2,Call,0,0,0,29.8,58.5,0,0.0,3.6,75,0
CUST-7197,13,Month-to-month,20.3,275.4,No,Mailed check,0,High,0,1,0,Chat,0,1,1,36.3,51.7,0,1.7,3.5,178,0
CUST-7198,23,One year,24.35,538.5,No,Mailed check,0,Low,0,0,1,Chat,0,0,0,1.9,27.6,0,0.0,5.0,162,0
CUST-7199,47,Two year,19.75,948.9,No,Mailed check,1,Low,0,0,1,Call,0,0,1,9.6,16.0,0,0.0,3.4,19,0
CUST-7200,17,Month-to-month,50.3,846.8,DSL,Mailed check,0,Low,1,0,1,Call,0,0,0,14.4,19.4,0,0.0,3.4,41,0
CUST-7201,59,Month-to-month,50.25,2997.45,DSL,Electronic check,3,Medium,0,0,3,Ticket,0,0,1,29.5,93.0,0,0.0,1.7,13,0
CUST-7202,69,Two year,85.35,5897.4,DSL,Credit card (automatic),0,Low,1,0,0,Email,0,0,1,18.0,43.7,0,0.0,3.5,124,0
CUST-7203,10,Month-to-month,51.65,524.5,DSL,Mailed check,1,Low,0,1,1,Call,0,0,1,9.6,11.0,0,2.5,4.5,13,0
CUST-7204,12,Two year,24.0,269.65,No,Bank transfer (automatic),2,Low,0,0,2,Chat,0,0,1,11.2,31.1,0,0.0,3.5,27,0
CUST-7205,39,Month-to-month,59.85,2341.5,DSL,Mailed check,3,Low,0,0,3,Chat,0,0,0,10.1,10.2,0,0.0,4.5,10,0
CUST-7206,71,Two year,25.45,1789.65,No,Credit card (automatic),1,Low,0,0,4,Ticket,0,0,1,2.4,9.1,0,0.0,3.6,26,0
CUST-7207,71,Two year,23.9,1626.4,No,Credit card (automatic),1,Medium,0,2,1,Chat,0,0,1,27.8,28.8,0,0.4,3.3,27,0
CUST-7208,33,One year,24.15,800.3,No,Credit card (automatic),0,Low,0,0,0,Chat,0,1,0,1.2,6.7,0,0.0,5.0,44,0
CUST-7209,67,Month-to-month,75.7,5060.85,Fiber optic,Mailed check,1,Medium,0,0,1,Call,1,0,1,20.9,40.8,0,0.0,1.7,7,0
CUST-7210,9,Month-to-month,50.85,466.6,DSL,Mailed check,1,High,0,0,1,Ticket,0,0,0,3.0,4.9,0,0.0,4.6,27,0
CUST-7211,52,Two year,91.6,4627.8,Fiber optic,Credit card (automatic),3,High,1,1,3,Chat,0,0,0,9.8,15.0,0,0.3,3.1,25,0
CUST-7212,70,One year,98.9,6838.6,Fiber optic,Electronic check,0,Medium,0,0,0,Chat,0,0,0,2.3,5.9,0,0.0,2.0,102,0
CUST-7213,1,Month-to-month,85.0,85.0,Fiber optic,Electronic check,1,Medium,1,1,2,Ticket,0,0,1,16.1,17.8,0,0.0,5.0,16,0
CUST-7214,1,Month-to-month,44.3,44.3,DSL,Mailed check,0,Low,1,1,1,Ticket,1,0,1,41.7,83.4,0,3.2,3.2,48,0
CUST-7215,52,One year,80.2,4297.6,Fiber optic,Mailed check,1,High,2,1,1,Chat,0,0,0,16.9,23.7,0,0.2,2.9,20,0
CUST-7216,6,Month-to-month,60.9,414.1,DSL,Mailed check,0,Low,0,0,0,Email,2,1,1,9.0,9.3,0,0.0,4.3,84,0
CUST-7217,7,Month-to-month,34.2,256.6,DSL,Mailed check,0,Low,1,0,0,Call,0,0,0,50.0,63.6,1,0.0,3.7,86,0
CUST-7218,26,One year,87.15,2274.1,Fiber optic,Credit card (automatic),0,Low,0,1,0,Chat,1,0,1,6.3,15.3,0,0.5,2.6,64,0
CUST-7219,25,Month-to-month,54.3,1296.8,DSL,Electronic check,1,Low,0,0,1,Chat,4,0,0,5.3,25.9,0,0.0,4.5,16,0
CUST-7220,69,Two year,19.1,1268.85,No,Mailed check,1,Low,0,0,2,Call,0,0,0,22.6,28.0,0,0.0,3.2,22,0
CUST-7221,72,Two year,112.75,8192.6,Fiber optic,Credit card (automatic),0,Medium,0,1,2,Chat,0,0,1,56.6,85.5,1,0.8,5.0,89,0
CUST-7222,4,Month-to-month,19.95,59.25,No,Mailed check,1,Medium,0,0,1,Chat,0,0,1,27.1,27.5,0,0.0,2.4,4,0
CUST-7223,59,Two year,19.5,1147.85,No,Mailed check,2,Medium,0,0,2,Ticket,0,1,1,8.8,17.7,0,0.0,5.0,2,0
CUST-7224,67,Two year,65.55,4361.55,DSL,Bank transfer (automatic),1,Low,1,0,1,Chat,0,0,1,5.8,13.8,0,0.0,4.2,22,0
CUST-7225,26,Month-to-month,78.8,2006.1,Fiber optic,Electronic check,0,Medium,0,0,0,Email,1,0,1,11.2,11.4,0,0.0,4.8,141,0
CUST-7226,27,One year,78.2,2078.95,DSL,Mailed check,0,Low,0,1,0,Ticket,0,0,1,24.3,25.1,0,1.6,4.9,63,0
CUST-7227,72,Two year,105.25,7609.75,Fiber optic,Bank transfer (automatic),1,Low,1,0,1,Chat,0,0,1,5.9,10.0,0,0.0,3.9,3,0
CUST-7228,6,Month-to-month,89.25,487.05,Fiber optic,Electronic check,2,Medium,0,0,3,Chat,0,0,1,32.9,43.2,0,0.0,3.4,6,0
CUST-7229,62,Two year,20.65,1218.45,No,Credit card (automatic),1,High,0,0,2,Call,0,0,1,18.2,21.0,0,0.0,4.3,13,0
CUST-7230,20,One year,68.7,1416.2,DSL,Electronic check,1,Low,0,0,1,Call,0,0,0,11.9,14.3,0,0.0,4.8,2,0
CUST-7231,6,Month-to-month,78.65,483.3,DSL,Credit card (automatic),1,Medium,0,1,1,Email,0,0,1,1.7,3.5,0,1.8,3.3,25,0
CUST-7232,51,Two year,24.75,1234.6,No,Mailed check,4,Medium,0,0,6,Call,0,0,0,9.8,41.4,0,0.0,4.0,22,0
CUST-7233,61,Two year,19.75,1311.6,No,Credit card (automatic),1,High,1,0,1,Call,1,0,0,4.9,14.9,0,0.0,3.5,12,0
CUST-7234,62,Month-to-month,89.1,5618.3,Fiber optic,Electronic check,0,Low,0,0,0,Email,0,0,1,12.8,16.2,0,0.0,3.5,62,0
CUST-7235,72,Two year,84.7,6185.15,Fiber optic,Bank transfer (automatic),1,Low,1,0,1,Chat,0,0,1,19.1,61.7,0,0.0,4.6,9,0
CUST-7236,13,Month-to-month,59.9,788.35,DSL,Electronic check,1,Low,0,1,1,Call,0,0,1,6.9,13.2,0,3.0,4.4,10,0
CUST-7237,38,Two year,19.95,756.4,No,Mailed check,0,Low,1,0,0,Call,0,1,1,30.2,31.6,0,0.0,2.9,153,0
CUST-7238,34,Month-to-month,108.9,3625.2,Fiber optic,Electronic check,0,Low,1,1,0,Email,1,0,1,36.3,44.9,0,0.3,4.3,129,0
CUST-7239,18,Month-to-month,33.6,550.35,DSL,Mailed check,1,High,0,0,3,Call,0,0,1,4.8,11.7,0,0.0,3.4,17,0
CUST-7240,56,One year,85.85,4793.8,Fiber optic,Mailed check,1,Low,0,0,2,Ticket,1,0,0,0.5,12.0,0,0.0,2.3,29,0
CUST-7241,36,Month-to-month,34.85,1267.2,DSL,Bank transfer (automatic),1,High,0,0,1,Call,0,1,1,3.4,17.8,0,0.0,4.7,10,0
CUST-7242,57,Month-to-month,95.3,5567.45,Fiber optic,Credit card (automatic),0,Low,0,1,1,Chat,0,0,1,10.9,16.0,0,6.5,5.0,130,0
CUST-7243,70,Two year,84.6,5706.2,Fiber optic,Bank transfer (automatic),1,High,0,0,2,Email,0,0,0,20.1,22.4,0,0.0,3.2,20,0
CUST-7244,68,Month-to-month,44.95,3085.35,DSL,Electronic check,0,Medium,0,0,2,Chat,0,1,1,16.3,22.7,0,0.0,4.3,46,0
CUST-7245,1,Month-to-month,24.7,24.7,DSL,Electronic check,2,Low,0,0,4,Chat,1,0,1,15.7,24.2,0,0.0,3.0,6,0
CUST-7246,37,Month-to-month,100.3,3541.4,Fiber optic,Credit card (automatic),0,Medium,0,0,0,Chat,1,0,1,4.7,12.3,0,0.0,5.0,77,0
CUST-7247,4,Month-to-month,25.45,84.2,No,Mailed check,1,Low,0,0,2,Email,0,0,1,3.1,3.6,0,0.0,2.5,22,0
CUST-7248,1,Month-to-month,50.7,50.7,DSL,Mailed check,2,Low,0,0,3,Ticket,2,0,0,0.7,19.6,0,0.0,3.0,3,0
CUST-7249,20,Month-to-month,55.0,1165.55,DSL,Credit card (automatic),1,Low,1,1,1,Call,0,1,1,10.1,15.2,0,1.4,3.4,5,0
CUST-7250,72,Two year,68.4,4855.35,DSL,Bank transfer (automatic),0,Low,1,0,1,Chat,0,0,0,6.5,10.6,0,0.0,4.6,48,0
CUST-7251,11,Month-to-month,55.05,608.15,DSL,Bank transfer (automatic),2,Medium,0,1,2,Email,0,1,0,14.3,17.2,0,0.1,3.8,29,0
CUST-7252,33,Two year,19.8,641.35,No,Credit card (automatic),1,Medium,0,0,1,Call,0,0,1,16.6,27.1,0,0.0,3.2,8,0
CUST-7253,62,One year,84.45,4959.15,Fiber optic,Electronic check,0,Low,1,0,1,Email,0,0,0,6.1,16.8,0,0.0,3.2,77,0
CUST-7254,1,Month-to-month,35.9,35.9,DSL,Mailed check,2,High,1,2,2,Chat,0,0,1,14.5,21.3,0,4.5,2.2,27,0
CUST-7255,16,Month-to-month,80.75,1321.3,Fiber optic,Bank transfer (automatic),0,High,0,0,1,Email,0,0,1,16.9,30.3,0,0.0,3.9,105,0
CUST-7256,22,One year,78.65,1663.75,DSL,Mailed check,1,Low,0,1,1,Chat,0,0,1,38.2,38.6,0,0.6,3.4,3,0
CUST-7257,49,Month-to-month,61.75,3024.15,DSL,Bank transfer (automatic),1,Low,0,0,1,Email,0,0,0,2.8,22.3,0,0.0,3.2,18,0
CUST-7258,36,One year,63.7,2188.5,DSL,Credit card (automatic),5,Low,0,0,5,Chat,1,0,0,8.7,12.3,0,0.0,4.8,27,0
CUST-7259,31,Month-to-month,87.6,2724.25,Fiber optic,Electronic check,3,Medium,0,1,3,Call,0,0,0,6.9,14.5,0,1.0,3.0,12,0
CUST-7260,5,Month-to-month,89.15,413.25,Fiber optic,Electronic check,0,Low,1,2,0,Email,0,0,0,5.3,21.7,0,7.5,5.0,115,0
CUST-7261,66,Two year,20.0,1374.2,No,Credit card (automatic),2,Low,1,0,2,Email,0,0,1,10.0,12.3,0,0.0,3.7,22,0
CUST-7262,64,Two year,104.4,6692.65,Fiber optic,Bank transfer (automatic),0,Medium,0,0,0,Call,0,0,1,51.4,79.4,1,0.0,2.8,176,0
CUST-7263,10,Month-to-month,20.05,218.5,No,Credit card (automatic),0,Medium,0,1,0,Chat,2,0,1,33.3,35.1,0,0.2,4.1,31,0
CUST-7264,29,Month-to-month,34.3,1004.75,DSL,Electronic check,2,Low,0,1,3,Ticket,0,2,1,13.3,33.4,0,1.4,4.2,19,0
CUST-7265,57,Two year,20.65,1125.6,No,Bank transfer (automatic),2,High,1,0,2,Chat,0,0,0,9.2,15.3,0,0.0,3.1,2,0
CUST-7266,46,Month-to-month,84.25,3847.6,Fiber optic,Mailed check,0,Medium,0,0,0,Chat,0,1,0,10.2,12.3,0,0.0,4.6,75,0
CUST-7267,53,Two year,19.65,978.0,No,Bank transfer (automatic),0,Low,0,0,0,Call,0,0,1,5.2,29.7,0,0.0,2.5,104,0
CUST-7268,17,One year,79.85,1387.35,DSL,Credit card (automatic),0,Medium,0,0,0,Ticket,0,0,0,19.3,35.1,0,0.0,3.3,38,0
CUST-7269,38,Two year,20.2,746.05,No,Mailed check,1,Low,0,1,1,Email,0,0,1,5.5,8.7,0,0.4,4.4,19,0
CUST-7270,15,One year,19.8,304.6,No,Mailed check,0,Low,0,1,0,Ticket,0,0,1,2.1,15.3,0,10.6,5.0,85,0
CUST-7271,22,Month-to-month,50.35,1098.85,DSL,Electronic check,2,Low,0,1,2,Email,1,0,1,7.0,9.0,0,1.7,3.5,17,0
CUST-7272,57,One year,74.6,4368.95,DSL,Bank transfer (automatic),0,Low,0,0,0,Email,1,0,1,12.0,56.5,0,0.0,3.9,72,0
CUST-7273,11,Month-to-month,79.15,827.7,Fiber optic,Credit card (automatic),2,Low,1,0,2,Call,0,1,0,23.5,33.0,0,0.0,4.2,14,0
CUST-7274,1,Two year,20.35,20.35,No,Mailed check,4,Low,1,0,5,Chat,0,0,1,12.0,14.0,0,0.0,3.6,26,0
CUST-7275,12,Two year,21.05,262.05,No,Bank transfer (automatic),0,Medium,2,0,1,Chat,1,0,0,0.6,1.5,0,0.0,4.2,47,0
CUST-7276,36,Month-to-month,94.7,3512.5,Fiber optic,Electronic check,0,Medium,0,1,0,Ticket,0,0,1,21.9,33.8,0,0.4,4.3,54,0
CUST-7277,2,Month-to-month,74.95,151.75,Fiber optic,Electronic check,0,Low,0,0,0,Chat,0,0,1,26.8,39.2,0,0.0,3.8,142,0
CUST-7278,72,Two year,111.95,8033.1,Fiber optic,Bank transfer (automatic),0,Low,0,0,0,Email,0,0,1,2.0,48.3,0,0.0,4.0,137,0
CUST-7279,62,Two year,19.85,1253.65,No,Bank transfer (automatic),1,Medium,0,1,1,Call,0,0,1,23.0,31.2,0,3.6,5.0,13,0
CUST-7280,6,Month-to-month,89.75,552.65,Fiber optic,Electronic check,2,Low,0,0,2,Chat,0,0,1,19.2,24.2,0,0.0,3.1,12,0
CUST-7281,48,Two year,20.05,1036.0,No,Mailed check,1,Low,1,0,1,Chat,0,0,0,8.9,23.8,0,0.0,4.3,13,0
CUST-7282,35,Two year,108.95,4025.5,Fiber optic,Electronic check,2,Low,0,0,2,Email,0,0,0,28.6,48.1,0,0.0,2.6,6,0
CUST-7283,52,One year,19.65,928.4,No,Credit card (automatic),2,Medium,0,0,3,Ticket,1,0,1,22.3,36.2,0,0.0,3.3,9,0
CUST-7284,1,Month-to-month,24.9,24.9,DSL,Mailed check,2,Medium,1,0,2,Chat,0,0,1,15.2,31.5,0,0.0,2.2,14,0
CUST-7285,71,Two year,93.2,6506.15,DSL,Credit card (automatic),1,Medium,0,0,1,Email,0,0,0,25.9,40.0,0,0.0,3.4,22,0
CUST-7286,67,One year,84.8,5598.3,Fiber optic,Bank transfer (automatic),1,Low,1,0,2,Ticket,0,0,1,10.3,12.6,0,0.0,2.2,23,0
CUST-7287,60,One year,71.75,4374.55,DSL,Electronic check,2,Medium,0,0,2,Chat,1,0,1,16.9,36.9,0,0.0,3.5,3,0
CUST-7288,23,Month-to-month,30.35,678.75,DSL,Bank transfer (automatic),0,Low,0,0,1,Email,0,2,0,0.8,12.5,0,0.0,4.9,72,0
CUST-7289,39,One year,54.85,2191.7,DSL,Bank transfer (automatic),0,Low,0,0,0,Email,0,0,1,10.8,16.8,0,0.0,3.2,115,0
CUST-7290,15,One year,19.5,239.75,No,Mailed check,1,Medium,0,0,1,Chat,0,0,0,16.7,29.8,0,0.0,5.0,24,0
CUST-7291,24,Two year,24.2,609.05,No,Mailed check,3,Medium,1,0,3,Email,0,0,1,0.1,22.6,0,0.0,2.8,4,0
CUST-7292,37,Month-to-month,19.35,683.75,No,Electronic check,0,Low,0,0,0,Chat,0,0,1,9.1,32.9,0,0.0,4.0,131,0
CUST-7293,50,One year,100.65,5189.75,Fiber optic,Electronic check,1,Low,0,1,1,Chat,0,0,0,13.8,18.6,0,2.1,4.3,26,0
CUST-7294,54,One year,94.1,5060.9,Fiber optic,Credit card (automatic),1,Medium,0,1,1,Ticket,0,0,1,8.3,9.8,0,1.2,4.1,4,0
CUST-7295,3,Month-to-month,74.55,233.65,Fiber optic,Electronic check,0,High,0,0,1,Call,0,0,0,8.1,11.1,0,0.0,4.0,34,0
CUST-7296,5,Month-to-month,56.15,291.45,DSL,Electronic check,1,Medium,2,0,1,Chat,0,0,1,35.2,46.4,0,0.0,3.1,5,0
CUST-7297,33,Two year,20.35,689.75,No,Mailed check,1,Low,0,0,2,Chat,0,0,1,60.1,68.8,1,0.0,2.7,9,0
CUST-7298,41,One year,80.55,3263.9,DSL,Electronic check,0,Medium,0,0,0,Ticket,0,0,1,1.8,10.0,0,0.0,2.8,71,0
CUST-7299,34,One year,61.25,1993.2,DSL,Mailed check,2,Medium,1,0,2,Call,1,1,1,43.5,47.8,0,0.0,3.9,18,0
CUST-7300,13,Month-to-month,20.45,254.5,No,Mailed check,0,Medium,0,0,1,Call,0,1,1,8.6,9.5,0,0.0,4.5,67,0
CUST-7301,20,Month-to-month,18.9,347.65,No,Credit card (automatic),0,Low,1,0,0,Email,0,0,1,4.9,9.2,0,0.0,3.9,179,0
CUST-7302,51,Two year,19.6,967.9,No,Credit card (automatic),0,Low,0,0,0,Call,0,0,1,2.9,17.0,0,0.0,4.4,84,0
CUST-7303,41,Month-to-month,45.2,1841.9,DSL,Bank transfer (automatic),0,Low,0,0,0,Call,0,0,1,24.8,36.4,0,0.0,3.3,103,0
CUST-7304,13,Month-to-month,19.45,232.1,No,Credit card (automatic),2,Low,0,1,3,Email,0,0,1,23.1,27.0,0,1.9,3.8,3,0
CUST-7305,35,Two year,25.45,809.25,No,Bank transfer (automatic),2,Low,0,0,2,Call,0,1,1,1.8,19.5,0,0.0,3.5,22,0
CUST-7306,4,Month-to-month,94.9,360.55,Fiber optic,Mailed check,0,Medium,0,1,0,Ticket,0,0,0,57.7,96.0,1,1.8,4.2,169,0
CUST-7307,12,Month-to-month,29.3,355.9,DSL,Mailed check,0,Low,0,1,0,Chat,0,0,1,1.4,4.8,0,0.0,5.0,90,0
CUST-7308,7,One year,20.25,129.15,No,Mailed check,3,Medium,0,0,3,Ticket,1,0,0,12.4,30.9,0,0.0,4.9,16,0
CUST-7309,53,One year,110.5,5835.5,Fiber optic,Electronic check,1,Low,0,0,1,Call,0,0,1,18.7,37.2,0,0.0,5.0,22,0
CUST-7310,63,Month-to-month,109.4,7031.45,Fiber optic,Bank transfer (automatic),2,Low,1,0,2,Email,0,0,1,39.4,48.6,0,0.0,3.4,4,0
CUST-7311,5,Month-to-month,19.95,109.6,No,Mailed check,3,Medium,0,0,3,Ticket,0,0,1,5.7,5.8,0,0.0,2.1,19,0
CUST-7312,37,One year,19.6,727.8,No,Mailed check,1,Low,0,0,1,Ticket,1,1,1,5.6,9.8,0,0.0,4.1,22,0
CUST-7313,12,Month-to-month,76.6,893.0,Fiber optic,Electronic check,1,Low,0,0,1,Chat,2,1,1,27.4,27.8,0,0.0,4.1,9,0
CUST-7314,38,One year,19.6,763.1,No,Credit card (automatic),1,Low,0,0,1,Email,0,0,0,9.5,15.8,0,0.0,3.6,20,0
CUST-7315,9,Month-to-month,85.3,781.4,Fiber optic,Credit card (automatic),1,Medium,0,0,1,Ticket,0,0,1,4.1,14.2,0,0.0,3.4,3,0
CUST-7316,13,Month-to-month,65.85,902.25,DSL,Electronic check,0,High,1,1,0,Call,0,0,1,0.4,7.3,0,3.2,2.5,172,0
CUST-7317,47,Two year,20.05,1016.7,No,Credit card (automatic),1,Medium,0,1,2,Chat,0,0,0,24.7,38.9,0,0.3,3.7,21,0
CUST-7318,61,Month-to-month,99.4,5943.65,Fiber optic,Bank transfer (automatic),1,Medium,1,0,1,Ticket,0,0,1,0.3,3.5,0,0.0,3.1,6,0
CUST-7319,16,Month-to-month,20.0,275.7,No,Mailed check,0,Low,0,0,0,Call,0,0,0,18.3,19.2,0,0.0,3.5,65,0
CUST-7320,41,Two year,78.45,3126.45,DSL,Electronic check,0,High,0,1,0,Ticket,0,0,0,10.1,12.3,0,0.2,2.6,124,0
CUST-7321,43,Two year,25.1,1070.15,No,Electronic check,1,High,0,0,2,Ticket,0,0,1,18.1,21.8,0,0.0,3.6,7,0
CUST-7322,6,Month-to-month,55.0,340.4,DSL,Electronic check,1,Medium,1,0,2,Email,0,0,0,25.7,29.0,0,0.0,3.7,20,0
CUST-7323,58,One year,71.1,4299.2,DSL,Credit card (automatic),2,Medium,0,0,5,Ticket,0,1,1,18.8,27.4,0,0.0,3.8,13,0
CUST-7324,19,Month-to-month,61.55,1093.2,DSL,Credit card (automatic),2,Medium,1,0,3,Email,0,0,0,11.3,38.7,0,0.0,2.0,29,0
CUST-7325,11,Month-to-month,45.9,521.9,DSL,Bank transfer (automatic),2,Low,0,0,2,Call,0,0,1,42.8,48.1,0,0.0,3.8,18,0
CUST-7326,39,One year,40.3,1630.4,DSL,Bank transfer (automatic),0,High,0,1,0,Email,0,0,0,0.1,1.1,0,4.9,3.2,114,0
CUST-7327,8,Month-to-month,87.1,713.6,Fiber optic,Electronic check,1,Medium,1,1,1,Call,0,0,0,0.9,21.5,0,1.3,2.9,24,0
CUST-7328,26,Month-to-month,49.5,1265.65,DSL,Mailed check,0,Medium,0,1,0,Email,0,1,0,12.0,12.2,0,5.4,5.0,83,0
CUST-7329,53,Month-to-month,73.8,4003.85,Fiber optic,Credit card (automatic),0,Medium,0,0,2,Email,0,0,1,5.1,13.8,0,0.0,5.0,81,0
CUST-7330,70,Two year,19.2,1401.4,No,Mailed check,0,High,2,0,0,Email,0,0,1,10.1,30.0,0,0.0,4.6,78,0
CUST-7331,59,Two year,25.0,1510.5,No,Mailed check,0,Medium,1,0,0,Email,0,0,1,6.1,16.1,0,0.0,3.7,100,0
CUST-7332,7,One year,35.3,264.8,DSL,Mailed check,1,Low,0,0,1,Chat,0,0,1,4.7,36.7,0,0.0,5.0,25,0
CUST-7333,59,One year,76.75,4541.9,DSL,Credit card (automatic),1,Low,0,1,1,Ticket,0,0,1,46.2,46.5,0,1.9,4.6,13,0
CUST-7334,61,Two year,81.0,4976.15,DSL,Bank transfer (automatic),1,High,0,0,2,Chat,0,0,0,4.4,38.5,0,0.0,4.4,24,0
CUST-7335,72,Two year,105.55,7542.25,Fiber optic,Bank transfer (automatic),0,Medium,0,0,0,Call,0,0,0,1.7,18.3,0,0.0,3.8,63,0
CUST-7336,13,Month-to-month,18.8,251.25,No,Mailed check,0,High,0,1,1,Call,0,0,0,4.6,9.4,0,0.4,4.6,176,0
CUST-7337,64,One year,24.9,1595.5,No,Mailed check,2,Medium,0,1,2,Ticket,0,0,1,10.0,21.9,0,0.5,3.8,19,0
CUST-7338,10,One year,64.9,685.55,DSL,Mailed check,0,Medium,0,1,0,Call,0,0,1,4.5,14.5,0,0.8,2.8,75,0
CUST-7339,65,One year,61.35,3874.1,DSL,Bank transfer (automatic),0,Low,0,0,0,Call,0,0,0,1.9,30.8,0,0.0,5.0,162,0
CUST-7340,62,Two year,113.95,6891.4,Fiber optic,Mailed check,2,Low,1,0,2,Email,0,0,0,5.6,12.0,0,0.0,3.5,15,0
CUST-7341,55,One year,90.15,4916.95,DSL,Electronic check,0,Medium,0,1,0,Ticket,0,0,0,42.6,43.9,0,0.9,3.1,159,0
CUST-7342,25,Month-to-month,54.1,1373.0,DSL,Electronic check,1,Low,1,0,1,Email,0,0,1,25.1,26.0,0,0.0,4.6,29,0
CUST-7343,1,Month-to-month,49.8,49.8,DSL,Credit card (automatic),1,Medium,1,0,1,Ticket,0,0,0,4.8,11.2,0,0.0,3.9,25,0
CUST-7344,64,Two year,24.4,1548.65,No,Bank transfer (automatic),4,Medium,0,0,6,Email,1,0,0,16.8,67.8,0,0.0,2.5,14,0
CUST-7345,36,Month-to-month,95.0,3440.25,Fiber optic,Bank transfer (automatic),1,Low,0,0,1,Ticket,0,0,1,34.9,46.5,0,0.0,3.8,14,0
CUST-7346,61,Two year,69.9,4226.7,DSL,Mailed check,2,Medium,0,0,2,Call,0,1,1,63.7,80.0,1,0.0,5.0,24,0
CUST-7347,26,One year,39.95,1023.75,DSL,Bank transfer (automatic),0,Low,0,1,0,Chat,1,0,1,1.4,40.8,0,0.3,5.0,63,0
CUST-7348,68,Two year,103.25,7074.4,Fiber optic,Credit card (automatic),2,Low,0,0,3,Call,0,0,0,4.1,17.2,0,0.0,4.3,27,0
CUST-7349,72,Two year,94.25,6849.75,Fiber optic,Bank transfer (automatic),0,Low,1,1,1,Ticket,0,0,1,51.7,62.8,1,0.3,4.0,153,0
CUST-7350,71,Two year,47.05,3263.6,DSL,Electronic check,0,High,0,0,0,Chat,0,0,1,38.9,41.4,0,0.0,1.2,146,0
CUST-7351,57,Two year,20.55,1252.85,No,Credit card (automatic),0,Low,0,0,0,Chat,0,0,0,6.4,10.5,0,0.0,5.0,81,0
CUST-7352,4,Month-to-month,19.65,67.55,No,Mailed check,4,Low,0,0,5,Email,0,0,1,4.0,29.4,0,0.0,4.7,22,0
CUST-7353,1,Month-to-month,70.2,70.2,Fiber optic,Electronic check,1,Low,1,0,3,Ticket,2,0,1,30.4,38.9,0,0.0,2.2,21,0
CUST-7354,72,Two year,81.0,5750.0,DSL,Credit card (automatic),1,Low,0,0,1,Email,0,1,1,2.0,25.9,0,0.0,3.7,11,0
CUST-7355,21,One year,75.9,1549.75,DSL,Bank transfer (automatic),1,Medium,0,0,1,Ticket,0,0,1,17.4,17.6,0,0.0,2.9,18,0
CUST-7356,71,Two year,24.7,1810.55,No,Bank transfer (automatic),0,Low,0,0,1,Call,1,0,0,42.9,51.3,0,0.0,5.0,65,0
CUST-7357,69,Two year,110.25,7467.55,Fiber optic,Credit card (automatic),3,Medium,2,0,3,Ticket,1,0,1,3.6,8.1,0,0.0,4.9,20,0
CUST-7358,64,Two year,85.0,5484.4,DSL,Credit card (automatic),2,Low,0,0,3,Call,1,0,1,2.4,6.4,0,0.0,1.2,2,0
CUST-7359,16,Month-to-month,19.75,294.9,No,Credit card (automatic),1,Medium,0,0,1,Chat,1,0,1,18.6,42.2,0,0.0,5.0,20,0
CUST-7360,4,One year,23.9,97.5,No,Electronic check,2,Low,0,0,2,Chat,1,0,0,17.1,39.0,0,0.0,3.2,11,0
CUST-7361,1,Month-to-month,19.95,19.95,No,Mailed check,0,High,0,1,0,Email,0,0,0,1.3,28.4,0,0.1,2.2,93,0
CUST-7362,18,Month-to-month,25.15,476.8,DSL,Mailed check,0,Low,0,1,0,Chat,1,0,1,8.1,14.8,0,1.2,4.0,87,0
CUST-7363,2,Month-to-month,54.15,101.65,DSL,Mailed check,0,Medium,1,0,0,Chat,0,0,0,47.1,86.2,0,0.0,4.1,133,0
CUST-7364,19,Month-to-month,59.8,1130.85,DSL,Mailed check,0,Medium,0,0,0,Call,0,0,0,4.7,9.3,0,0.0,3.4,142,0
CUST-7365,40,Month-to-month,83.85,3532.25,Fiber optic,Bank transfer (automatic),0,Medium,1,0,0,Ticket,0,0,1,13.5,67.8,0,0.0,4.8,62,0
CUST-7366,66,One year,104.9,6891.45,Fiber optic,Electronic check,0,Medium,0,1,1,Call,0,1,1,7.8,24.8,0,1.5,3.5,131,0
CUST-7367,21,Month-to-month,75.3,1570.7,Fiber optic,Mailed check,0,Low,1,0,0,Chat,0,0,0,42.3,55.0,0,0.0,2.8,177,0
CUST-7368,8,Month-to-month,66.65,520.95,DSL,Electronic check,0,Medium,0,0,0,Ticket,0,0,0,13.2,39.8,0,0.0,5.0,129,0
CUST-7369,72,Two year,109.5,7854.9,Fiber optic,Credit card (automatic),0,Low,1,0,0,Chat,0,0,1,10.8,22.8,0,0.0,3.4,61,0
CUST-7370,48,One year,73.85,3581.4,DSL,Bank transfer (automatic),1,Medium,0,1,1,Chat,0,0,0,40.0,46.5,0,0.2,4.3,26,0
CUST-7371,69,Two year,19.3,1447.9,No,Bank transfer (automatic),0,High,0,0,0,Call,1,0,0,18.6,24.0,0,0.0,3.9,120,0
CUST-7372,72,Two year,118.2,8547.15,Fiber optic,Electronic check,3,High,1,1,4,Ticket,1,1,1,8.0,9.8,0,0.5,4.0,16,0
CUST-7373,14,One year,51.45,727.85,DSL,Credit card (automatic),1,Low,0,0,1,Call,1,0,1,89.6,97.5,1,0.0,3.3,5,0
CUST-7374,6,Month-to-month,59.45,357.6,DSL,Electronic check,0,Low,0,0,0,Email,0,0,1,44.5,63.2,0,0.0,4.5,109,0
CUST-7375,8,Two year,19.5,159.35,No,Bank transfer (automatic),0,Low,0,0,0,Email,1,0,1,5.5,7.3,0,0.0,4.0,171,0
CUST-7376,17,One year,19.55,280.85,No,Mailed check,0,Low,0,0,0,Email,0,0,1,0.6,32.1,0,0.0,4.8,91,0
CUST-7377,65,One year,93.55,6069.25,Fiber optic,Electronic check,1,Low,0,0,2,Email,0,0,1,2.3,5.3,0,0.0,4.4,12,0
CUST-7378,57,One year,59.3,3274.35,DSL,Mailed check,1,Low,0,2,1,Call,0,0,1,3.0,41.9,0,19.6,2.4,15,0
CUST-7379,56,One year,109.8,6109.65,Fiber optic,Bank transfer (automatic),0,High,1,0,1,Email,1,0,1,23.9,31.2,0,0.0,3.7,105,0
CUST-7380,14,Month-to-month,78.1,1122.4,Fiber optic,Electronic check,0,Medium,1,0,1,Call,2,0,0,8.5,10.3,0,0.0,3.3,108,0
CUST-7381,52,Month-to-month,39.9,2020.9,DSL,Electronic check,0,Medium,0,0,0,Ticket,0,0,0,7.5,8.9,0,0.0,5.0,176,0
CUST-7382,58,Two year,64.9,3795.45,DSL,Credit card (automatic),4,Low,0,0,5,Ticket,0,0,0,14.7,27.8,0,0.0,5.0,5,0
CUST-7383,67,Month-to-month,53.4,3579.15,DSL,Credit card (automatic),0,Medium,0,0,0,Call,0,0,0,2.6,22.6,0,0.0,3.5,111,0
CUST-7384,2,Month-to-month,24.9,49.7,DSL,Credit card (automatic),1,High,1,0,1,Ticket,0,0,1,5.8,6.5,0,0.0,3.9,18,0
CUST-7385,6,Month-to-month,44.7,276.5,DSL,Credit card (automatic),1,Medium,0,1,1,Email,0,0,1,11.9,41.6,0,1.9,3.5,5,0
CUST-7386,71,Two year,114.0,8175.9,Fiber optic,Bank transfer (automatic),0,Low,0,0,0,Call,0,0,1,11.4,11.8,0,0.0,4.1,121,0
CUST-7387,46,Two year,20.25,890.35,No,Bank transfer (automatic),2,Low,0,1,5,Chat,0,0,0,17.0,26.5,0,1.2,3.7,4,0
CUST-7388,67,Month-to-month,83.85,5588.8,Fiber optic,Bank transfer (automatic),1,High,0,1,1,Ticket,0,0,0,6.7,15.4,0,1.5,4.4,23,0
CUST-7389,3,Month-to-month,20.2,50.6,No,Bank transfer (automatic),1,Low,0,0,1,Email,0,0,0,8.7,28.3,0,0.0,4.1,10,0
CUST-7390,3,Month-to-month,19.95,58.0,No,Mailed check,0,Medium,0,1,1,Email,0,1,1,1.2,11.6,0,0.0,5.0,30,0
CUST-7391,50,One year,20.35,938.95,No,Mailed check,1,Low,0,0,2,Chat,1,0,1,18.8,23.8,0,0.0,5.0,28,0
CUST-7392,23,Month-to-month,90.0,2024.1,Fiber optic,Electronic check,2,Low,0,0,2,Email,0,0,1,12.5,22.9,0,0.0,2.5,14,0
CUST-7393,67,Two year,54.2,3623.95,DSL,Credit card (automatic),1,High,0,0,3,Call,1,0,0,0.8,37.0,0,0.0,4.2,21,0
CUST-7394,39,One year,99.1,3877.95,Fiber optic,Mailed check,0,Low,0,0,0,Ticket,0,0,1,12.6,14.2,0,0.0,3.7,36,0
CUST-7395,69,Two year,66.9,4577.9,DSL,Mailed check,1,Low,0,1,2,Call,1,0,1,5.4,18.3,0,1.1,3.2,15,0
CUST-7396,1,One year,25.85,25.85,DSL,Mailed check,2,Low,1,0,2,Call,0,0,0,2.9,5.1,0,0.0,4.8,21,0
CUST-7397,32,Month-to-month,91.05,2871.5,Fiber optic,Electronic check,2,High,0,0,3,Ticket,0,0,0,0.1,2.8,0,0.0,4.0,9,0
CUST-7398,60,Two year,20.95,1270.55,No,Bank transfer (automatic),1,Low,0,0,1,Email,0,0,1,71.8,115.0,1,0.0,2.9,26,0
CUST-7399,72,Two year,109.2,7711.45,Fiber optic,Bank transfer (automatic),2,Medium,0,1,2,Chat,0,0,0,53.2,74.2,1,0.8,2.7,9,0
CUST-7400,26,Month-to-month,85.8,2193.65,Fiber optic,Credit card (automatic),0,Low,0,0,0,Chat,0,0,1,31.4,60.4,0,0.0,4.7,94,0
CUST-7401,2,Month-to-month,19.65,31.2,No,Electronic check,1,Medium,0,0,3,Email,0,0,0,4.4,6.4,0,0.0,3.5,24,0
CUST-7402,2,One year,20.5,38.25,No,Bank transfer (automatic),3,High,0,1,3,Call,0,0,1,36.6,43.0,0,0.1,4.3,18,0
CUST-7403,36,One year,89.65,3348.1,DSL,Credit card (automatic),1,Low,0,0,2,Ticket,0,0,0,40.9,58.4,0,0.0,3.4,6,0
CUST-7404,7,Month-to-month,74.35,533.6,Fiber optic,Mailed check,2,Low,0,0,2,Ticket,0,1,1,1.5,14.1,0,0.0,4.8,15,0
CUST-7405,60,Two year,49.45,2907.55,DSL,Credit card (automatic),1,Low,0,0,1,Call,0,0,0,13.3,15.2,0,0.0,4.3,25,0
CUST-7406,19,Month-to-month,89.1,1620.8,Fiber optic,Electronic check,2,Medium,0,0,2,Email,2,0,1,2.0,9.0,0,0.0,4.0,22,0
CUST-7407,45,Two year,75.15,3480.35,DSL,Credit card (automatic),1,Low,0,0,1,Email,0,0,0,13.7,17.0,0,0.0,4.0,13,0
CUST-7408,4,Month-to-month,70.65,293.85,Fiber optic,Electronic check,4,Low,0,0,4,Call,0,0,1,33.5,38.4,0,0.0,2.2,23,0
CUST-7409,47,Month-to-month,90.05,4137.2,Fiber optic,Electronic check,0,Low,0,0,0,Email,1,0,0,17.7,47.0,0,0.0,3.1,36,0
CUST-7410,1,Month-to-month,19.4,19.4,No,Credit card (automatic),0,Low,0,0,0,Chat,0,0,0,1.2,4.6,0,0.0,4.3,126,0
CUST-7411,59,Month-to-month,88.75,5348.65,Fiber optic,Credit card (automatic),0,Low,0,0,0,Chat,1,0,1,0.2,5.8,0,0.0,4.2,105,0
CUST-7412,35,Month-to-month,91.0,3180.5,Fiber optic,Credit card (automatic),1,High,0,0,2,Ticket,0,0,1,1.8,10.5,0,0.0,2.9,26,0
CUST-7413,32,One year,90.8,3023.85,Fiber optic,Electronic check,1,High,1,0,1,Email,0,3,1,43.1,44.0,0,0.0,3.7,8,0
CUST-7414,54,Two year,18.95,1031.1,No,Mailed check,2,Low,0,0,2,Call,1,0,0,75.9,102.3,1,0.0,4.0,10,0
CUST-7415,66,Two year,102.4,6471.85,Fiber optic,Bank transfer (automatic),0,Medium,0,0,1,Chat,0,0,1,11.9,19.4,0,0.0,3.7,140,0
CUST-7416,61,One year,99.9,6241.35,Fiber optic,Electronic check,0,Medium,0,0,0,Ticket,0,0,1,8.0,13.3,0,0.0,4.0,74,0
CUST-7417,72,Two year,88.7,6501.35,DSL,Credit card (automatic),2,Medium,0,0,2,Email,0,0,1,7.6,15.4,0,0.0,2.7,16,0
CUST-7418,44,One year,54.3,2317.1,DSL,Electronic check,1,Medium,0,0,2,Call,1,0,0,10.0,23.4,0,0.0,3.4,2,0
CUST-7419,41,Month-to-month,55.7,2237.55,DSL,Bank transfer (automatic),1,Medium,0,0,1,Email,1,2,1,9.1,20.4,0,0.0,3.9,19,0
CUST-7420,50,One year,103.95,5231.3,Fiber optic,Electronic check,3,Medium,0,0,3,Ticket,0,0,1,26.2,36.6,0,0.0,3.5,10,0
CUST-7421,8,Two year,20.15,165.5,No,Mailed check,0,Medium,0,0,0,Email,1,1,1,13.5,17.9,0,0.0,2.8,89,0
CUST-7422,18,Month-to-month,20.05,358.5,No,Mailed check,1,Low,0,0,1,Email,0,0,1,1.6,8.5,0,0.0,2.8,8,0
CUST-7423,72,Two year,91.95,6614.9,DSL,Credit card (automatic),0,Low,3,0,1,Ticket,1,0,1,1.7,16.0,0,0.0,3.1,86,0
CUST-7424,42,Month-to-month,55.65,2421.75,DSL,Electronic check,1,Low,1,1,1,Email,0,0,0,2.1,26.9,0,0.7,3.6,3,0
CUST-7425,18,Month-to-month,74.7,1294.6,Fiber optic,Electronic check,0,Medium,1,0,1,Email,0,0,0,8.9,10.6,0,0.0,4.1,128,0
CUST-7426,13,One year,104.15,1299.1,Fiber optic,Credit card (automatic),2,Low,1,0,2,Call,0,0,1,5.6,27.6,0,0.0,3.7,22,0
CUST-7427,68,One year,83.65,5733.4,Fiber optic,Bank transfer (automatic),2,Medium,0,0,2,Chat,0,1,1,8.3,27.4,0,0.0,3.4,10,0
CUST-7428,69,Two year,110.05,7430.75,Fiber optic,Credit card (automatic),2,Low,0,0,2,Call,1,2,1,1.8,18.0,0,0.0,3.0,14,0
CUST-7429,25,Two year,25.5,630.6,No,Credit card (automatic),1,Medium,1,1,1,Ticket,0,0,1,42.7,50.2,0,1.3,2.9,12,0
CUST-7430,59,Two year,19.5,1222.65,No,Credit card (automatic),2,Low,0,0,3,Chat,0,0,1,31.7,41.7,0,0.0,4.1,16,0
CUST-7431,5,Month-to-month,80.7,374.8,Fiber optic,Electronic check,2,Medium,1,1,2,Email,0,0,0,14.8,22.6,0,0.5,4.4,9,0
CUST-7432,69,One year,105.1,7234.8,Fiber optic,Credit card (automatic),1,Medium,1,0,1,Email,0,0,1,15.2,23.8,0,0.0,4.9,18,0
CUST-7433,13,Month-to-month,25.15,331.85,DSL,Bank transfer (automatic),2,Low,0,0,2,Ticket,0,0,1,12.6,24.1,0,0.0,3.7,18,0
CUST-7434,52,Month-to-month,95.65,5088.4,Fiber optic,Credit card (automatic),1,Low,0,0,2,Call,0,0,0,4.7,12.8,0,0.0,4.3,27,0
CUST-7435,61,Two year,80.8,4860.85,DSL,Bank transfer (automatic),3,Medium,0,1,3,Call,1,0,0,19.1,28.9,0,0.1,4.5,19,0
CUST-7436,29,One year,24.85,788.05,DSL,Mailed check,0,Low,2,0,0,Chat,1,0,1,1.7,14.7,0,0.0,1.3,138,0
CUST-7437,25,One year,54.75,1266.35,DSL,Credit card (automatic),4,High,0,1,4,Email,0,0,0,15.8,19.6,0,0.3,3.7,20,0
CUST-7438,15,One year,50.75,688.2,DSL,Electronic check,1,High,0,0,2,Call,0,0,1,10.4,25.5,0,0.0,3.8,13,0
CUST-7439,19,Two year,20.15,387.7,No,Mailed check,3,Medium,0,0,3,Email,1,0,0,1.1,43.3,0,0.0,3.6,24,0
CUST-7440,44,Two year,20.05,845.25,No,Mailed check,3,Medium,0,1,4,Email,0,0,1,10.2,12.8,0,6.1,2.9,19,0
CUST-7441,58,Two year,71.6,4230.25,DSL,Credit card (automatic),3,Medium,0,0,4,Email,0,1,0,16.1,46.2,0,0.0,3.9,17,0
CUST-7442,62,One year,81.45,4983.05,Fiber optic,Credit card (automatic),1,Medium,1,1,1,Chat,0,0,1,1.5,8.1,0,0.6,3.8,8,0
CUST-7443,70,One year,58.4,4113.15,DSL,Bank transfer (automatic),0,High,0,0,2,Ticket,2,0,1,6.4,36.1,0,0.0,4.3,43,0
CUST-7444,10,Two year,53.7,521.0,DSL,Credit card (automatic),1,Low,1,0,1,Email,1,0,1,4.1,10.6,0,0.0,4.0,20,0
CUST-7445,26,One year,19.6,471.85,No,Bank transfer (automatic),0,Low,0,0,0,Ticket,1,0,0,0.4,15.5,0,0.0,3.9,163,0
CUST-7446,66,Month-to-month,89.4,5976.9,Fiber optic,Credit card (automatic),1,Low,0,0,1,Ticket,0,0,1,1.5,11.3,0,0.0,5.0,28,0
CUST-7447,51,One year,84.2,4299.75,Fiber optic,Bank transfer (automatic),1,Medium,0,1,1,Chat,1,0,0,3.8,20.4,0,0.4,2.8,11,0
CUST-7448,72,Two year,106.1,7548.6,Fiber optic,Credit card (automatic),2,Low,0,0,2,Call,0,0,1,16.5,31.0,0,0.0,2.4,21,0
CUST-7449,65,Two year,25.75,1654.75,No,Mailed check,1,High,1,0,2,Ticket,0,0,1,51.6,90.0,1,0.0,3.1,17,0
CUST-7450,70,One year,64.95,4551.5,DSL,Bank transfer (automatic),1,Low,0,1,2,Ticket,0,0,0,19.3,23.3,0,0.9,4.0,26,0
CUST-7451,72,Two year,85.45,6227.5,DSL,Credit card (automatic),1,Medium,0,0,1,Ticket,0,0,1,70.8,102.7,1,0.0,4.4,1,0
CUST-7452,1,Month-to-month,20.05,20.05,No,Mailed check,0,Low,0,0,0,Call,0,0,0,61.8,65.3,1,0.0,2.8,134,0
CUST-7453,3,Month-to-month,20.7,57.5,No,Mailed check,1,Low,0,1,1,Email,0,0,1,13.2,31.8,0,1.8,4.6,27,0
CUST-7454,58,Two year,25.3,1474.35,No,Credit card (automatic),2,Low,0,0,4,Email,1,0,0,4.5,12.6,0,0.0,3.0,29,0
CUST-7455,33,Month-to-month,100.6,3270.25,Fiber optic,Bank transfer (automatic),1,Low,0,0,2,Chat,0,0,1,44.0,44.9,0,0.0,3.8,9,0
CUST-7456,54,Month-to-month,74.0,3919.15,Fiber optic,Bank transfer (automatic),1,Low,0,0,1,Email,0,1,1,13.8,14.2,0,0.0,5.0,25,0
CUST-7457,72,Two year,99.4,7285.7,Fiber optic,Electronic check,1,High,0,0,1,Email,1,0,1,3.0,11.8,0,0.0,3.3,1,0
CUST-7458,72,Two year,107.45,7658.3,Fiber optic,Credit card (automatic),2,Low,1,1,2,Email,0,0,1,8.6,9.0,0,1.7,4.0,10,0
CUST-7459,72,Two year,83.6,5959.3,DSL,Credit card (automatic),3,Medium,0,0,3,Chat,1,0,1,7.3,42.4,0,0.0,3.0,3,0
CUST-7460,54,Month-to-month,99.05,5295.7,Fiber optic,Credit card (automatic),0,Low,0,0,1,Chat,0,1,1,8.0,10.2,0,0.0,4.4,41,0
CUST-7461,59,One year,80.1,4693.2,DSL,Electronic check,0,Low,0,0,0,Email,0,1,0,1.9,9.8,0,0.0,4.9,78,0
CUST-7462,54,Two year,65.3,3512.9,DSL,Bank transfer (automatic),2,Medium,0,0,3,Email,1,0,1,11.1,16.8,0,0.0,4.6,20,0
CUST-7463,60,Two year,89.55,5231.2,Fiber optic,Electronic check,1,Low,0,0,1,Ticket,0,0,1,13.4,22.4,0,0.0,4.6,14,0
CUST-7464,60,Two year,60.8,3603.45,DSL,Credit card (automatic),1,High,0,0,2,Call,0,0,0,37.6,40.4,0,0.0,5.0,20,0
CUST-7465,3,Month-to-month,74.5,217.45,Fiber optic,Electronic check,1,Medium,0,0,2,Chat,0,0,0,1.2,25.3,0,0.0,4.1,16,0
CUST-7466,69,Two year,99.15,6875.35,Fiber optic,Bank transfer (automatic),0,Low,0,0,0,Call,0,0,1,30.0,30.1,0,0.0,4.6,82,0
CUST-7467,1,Month-to-month,19.25,19.25,No,Electronic check,0,Medium,0,1,1,Email,0,0,1,17.8,28.0,0,0.6,5.0,40,0
CUST-7468,50,Month-to-month,39.45,2021.35,DSL,Credit card (automatic),1,Low,0,1,1,Email,0,0,0,61.2,66.3,1,1.0,3.2,13,0
CUST-7469,56,Month-to-month,44.85,2564.95,DSL,Credit card (automatic),2,Medium,1,0,2,Email,1,0,1,31.7,34.6,0,0.0,3.0,7,0
CUST-7470,60,Two year,97.2,5611.75,Fiber optic,Electronic check,1,Medium,0,0,3,Email,0,0,0,10.8,13.7,0,0.0,2.7,4,0
CUST-7471,69,One year,110.55,7610.1,Fiber optic,Mailed check,3,Medium,0,0,3,Chat,0,1,1,27.2,29.6,0,0.0,3.2,26,0
CUST-7472,3,Month-to-month,19.9,45.75,No,Mailed check,0,Low,0,0,0,Email,0,2,0,46.1,57.2,0,0.0,4.4,169,0
CUST-7473,60,Two year,76.95,4543.95,DSL,Bank transfer (automatic),0,Low,2,0,0,Call,0,0,1,12.3,39.0,0,0.0,4.0,160,0
CUST-7474,13,Two year,35.4,450.4,DSL,Mailed check,2,Medium,0,0,2,Ticket,0,0,1,5.6,11.7,0,0.0,4.7,25,0
CUST-7475,62,Two year,20.45,1297.35,No,Bank transfer (automatic),1,High,1,0,2,Ticket,0,0,0,9.3,11.5,0,0.0,4.3,21,0
CUST-7476,45,One year,96.75,4442.75,Fiber optic,Bank transfer (automatic),1,High,0,0,1,Call,0,0,1,9.9,10.5,0,0.0,1.2,13,0
CUST-7477,25,One year,54.2,1423.15,DSL,Electronic check,0,Low,0,0,0,Call,1,0,0,16.6,37.1,0,0.0,3.7,38,0
CUST-7478,44,Two year,100.1,4378.35,Fiber optic,Bank transfer (automatic),0,Medium,0,0,0,Ticket,1,0,0,10.0,13.0,0,0.0,5.0,175,0
CUST-7479,2,Month-to-month,45.25,74.2,DSL,Mailed check,1,High,0,1,1,Chat,0,1,1,16.5,32.4,0,1.1,1.3,5,0
CUST-7480,22,One year,20.85,450.65,No,Bank transfer (automatic),1,Low,1,0,1,Call,0,2,1,0.6,9.7,0,0.0,2.8,21,0
CUST-7481,35,Month-to-month,33.45,1175.85,DSL,Mailed check,2,Medium,0,1,2,Chat,0,0,0,8.5,20.7,0,0.6,3.1,21,0
CUST-7482,29,Two year,20.2,558.8,No,Mailed check,0,Low,2,0,1,Ticket,0,0,0,19.9,30.2,0,0.0,4.5,133,0
CUST-7483,27,One year,85.9,2220.1,Fiber optic,Electronic check,0,Low,0,1,1,Chat,0,0,1,2.1,38.5,0,0.1,5.0,178,0
CUST-7484,54,One year,61.0,3283.05,DSL,Electronic check,1,Low,0,0,1,Ticket,0,0,0,4.4,5.7,0,0.0,4.9,18,0
CUST-7485,57,One year,86.9,4939.25,Fiber optic,Electronic check,1,Medium,0,0,1,Email,0,0,0,23.6,36.5,0,0.0,3.4,13,0
CUST-7486,62,Two year,69.4,4237.5,DSL,Bank transfer (automatic),0,Medium,0,0,2,Chat,0,1,0,19.5,20.9,0,0.0,3.5,129,0
CUST-7487,15,One year,20.35,335.95,No,Credit card (automatic),0,Medium,0,1,0,Chat,0,0,0,7.6,10.2,0,1.0,3.1,127,0
CUST-7488,70,Two year,104.3,7188.5,Fiber optic,Bank transfer (automatic),2,Low,2,0,2,Chat,1,0,0,87.8,101.2,1,0.0,4.3,9,0
CUST-7489,21,Month-to-month,44.95,926.25,DSL,Electronic check,3,Low,1,0,5,Email,0,0,0,6.7,18.3,0,0.0,2.7,14,0
CUST-7490,23,One year,49.45,1119.35,DSL,Electronic check,0,Medium,0,0,0,Email,1,0,1,5.1,13.1,0,0.0,3.2,152,0
CUST-7491,6,One year,20.6,116.6,No,Mailed check,1,Medium,1,0,1,Email,0,0,1,7.5,25.3,0,0.0,4.8,22,0
CUST-7492,4,Two year,19.55,68.8,No,Credit card (automatic),0,Medium,1,2,1,Call,0,1,0,25.0,39.2,0,0.1,5.0,68,0
CUST-7493,23,Month-to-month,93.5,2341.55,Fiber optic,Electronic check,1,Low,0,0,1,Ticket,0,0,1,1.7,2.5,0,0.0,3.7,26,0
CUST-7494,26,One year,54.55,1362.85,DSL,Credit card (automatic),1,Medium,0,0,1,Call,0,0,1,6.1,18.9,0,0.0,4.3,4,0
CUST-7495,8,Month-to-month,20.05,163.6,No,Mailed check,1,High,0,0,1,Chat,0,0,1,16.9,22.7,0,0.0,3.4,11,0
CUST-7496,2,Month-to-month,79.45,145.15,Fiber optic,Electronic check,2,Medium,0,0,3,Ticket,1,0,1,36.0,43.7,0,0.0,2.3,12,0
CUST-7497,59,One year,79.85,4786.1,DSL,Credit card (automatic),0,Medium,1,0,0,Call,2,0,1,10.3,19.2,0,0.0,2.6,100,0
CUST-7498,39,One year,100.0,3835.55,Fiber optic,Electronic check,0,High,0,0,1,Email,0,0,0,8.6,13.5,0,0.0,4.0,77,0
CUST-7499,21,Two year,19.6,397.0,No,Mailed check,1,Medium,0,1,1,Call,0,0,1,7.8,14.9,0,2.4,3.5,16,0
CUST-7500,48,Two year,20.2,1027.25,No,Bank transfer (automatic),2,Medium,1,1,3,Email,0,0,1,1.0,10.9,0,0.3,3.8,15,0
CUST-7501,31,One year,50.4,1580.1,DSL,Credit card (automatic),1,Medium,0,1,1,Call,2,0,1,50.1,50.8,1,1.5,4.0,8,0
CUST-7502,64,One year,113.35,7222.75,Fiber optic,Electronic check,1,Low,2,1,1,Email,0,0,0,0.8,11.0,0,0.5,3.3,10,0
CUST-7503,46,Month-to-month,80.0,3769.7,Fiber optic,Bank transfer (automatic),2,Medium,0,0,3,Call,0,0,1,14.9,20.0,0,0.0,2.8,15,0
CUST-7504,52,Two year,80.95,4233.95,DSL,Bank transfer (automatic),2,Medium,0,0,3,Chat,0,0,1,28.4,38.6,0,0.0,4.7,28,0
CUST-7505,67,Two year,24.9,1680.25,No,Mailed check,0,Low,1,0,0,Ticket,1,0,0,35.0,42.0,0,0.0,4.5,48,0
CUST-7506,67,Month-to-month,54.9,3725.5,DSL,Electronic check,1,High,1,0,2,Call,0,0,0,3.7,6.1,0,0.0,3.1,1,0
CUST-7507,71,Two year,109.25,7707.7,Fiber optic,Electronic check,1,Medium,1,0,1,Call,0,0,1,0.6,2.0,0,0.0,3.4,8,0
CUST-7508,71,One year,116.3,8309.55,Fiber optic,Bank transfer (automatic),0,Low,0,0,0,Ticket,1,0,0,26.3,51.3,0,0.0,2.9,33,0
CUST-7509,32,Month-to-month,19.9,601.55,No,Bank transfer (automatic),0,Medium,0,0,0,Chat,0,0,1,1.1,7.2,0,0.0,5.0,47,0
CUST-7510,2,Month-to-month,70.35,139.25,Fiber optic,Electronic check,1,Low,1,0,1,Chat,1,0,0,10.3,21.8,0,0.0,5.0,13,0
CUST-7511,71,Two year,25.6,1888.25,No,Credit card (automatic),0,Medium,0,0,0,Email,0,0,1,7.9,9.0,0,0.0,5.0,174,0
CUST-7512,60,One year,44.45,2773.9,DSL,Electronic check,0,Low,1,0,0,Chat,0,0,1,2.6,8.9,0,0.0,2.0,131,0
CUST-7513,55,One year,100.15,5409.75,Fiber optic,Electronic check,2,High,0,0,2,Ticket,0,0,1,13.6,28.4,0,0.0,2.5,20,0
CUST-7514,6,Month-to-month,73.85,401.3,Fiber optic,Mailed check,3,Medium,0,0,3,Call,0,1,0,2.9,44.6,0,0.0,4.1,9,0
CUST-7515,48,Two year,70.1,3238.4,DSL,Credit card (automatic),3,Medium,1,0,4,Ticket,0,0,0,19.6,29.4,0,0.0,4.9,13,0
CUST-7516,63,Two year,25.25,1573.05,No,Mailed check,3,High,1,0,3,Email,1,0,0,28.7,31.0,0,0.0,2.6,27,0
CUST-7517,12,Month-to-month,21.05,235.8,No,Credit card (automatic),0,Low,1,0,0,Call,0,0,1,4.7,4.9,0,0.0,3.6,62,0
CUST-7518,54,Month-to-month,24.95,1364.75,DSL,Bank transfer (automatic),2,Medium,0,2,2,Email,0,0,1,24.3,29.5,0,1.2,2.8,22,0
CUST-7519,30,One year,64.5,1985.15,DSL,Electronic check,1,Low,1,0,1,Email,0,1,1,18.7,25.0,0,0.0,2.4,10,0
CUST-7520,40,One year,105.95,4335.2,Fiber optic,Credit card (automatic),1,Medium,0,0,1,Chat,0,0,1,5.7,13.9,0,0.0,3.2,15,0
CUST-7521,9,Month-to-month,75.85,647.5,Fiber optic,Electronic check,0,Medium,1,1,0,Call,1,0,1,3.9,4.0,0,1.4,3.5,169,0
CUST-7522,62,Two year,43.6,2748.7,DSL,Credit card (automatic),0,High,0,0,0,Email,0,0,1,37.4,52.8,0,0.0,5.0,162,0
CUST-7523,28,One year,91.25,2483.65,Fiber optic,Bank transfer (automatic),0,High,0,2,1,Email,0,0,0,4.1,16.8,0,4.2,4.2,108,0
CUST-7524,70,Two year,89.75,6367.2,DSL,Credit card (automatic),0,Low,0,1,1,Email,0,0,1,1.5,1.7,0,3.5,3.8,79,0
CUST-7525,46,Two year,104.4,4904.2,Fiber optic,Bank transfer (automatic),2,Low,2,1,2,Ticket,0,0,1,6.9,11.8,0,2.4,4.9,16,0
CUST-7526,23,Month-to-month,90.15,2044.95,Fiber optic,Mailed check,0,Medium,0,1,0,Email,0,0,0,42.3,47.8,0,5.5,4.7,63,0
CUST-7527,47,One year,40.3,1794.8,DSL,Electronic check,0,Medium,0,0,0,Chat,1,0,1,15.9,19.9,0,0.0,3.5,158,0
CUST-7528,68,Two year,105.25,7173.15,Fiber optic,Bank transfer (automatic),2,Low,0,0,2,Chat,1,0,0,22.8,27.0,0,0.0,4.3,26,0
CUST-7529,67,Two year,104.0,7039.05,Fiber optic,Electronic check,0,Low,0,0,1,Call,1,0,1,4.4,11.3,0,0.0,1.9,159,0
CUST-7530,14,Month-to-month,69.65,921.4,DSL,Electronic check,2,Medium,0,0,2,Email,0,0,0,12.3,26.8,0,0.0,4.8,27,0
CUST-7531,57,Month-to-month,74.3,4018.35,Fiber optic,Electronic check,3,Low,0,1,4,Call,1,0,1,28.2,41.7,0,1.0,3.7,7,0
CUST-7532,55,One year,100.9,5448.6,Fiber optic,Mailed check,1,High,0,1,1,Call,0,0,0,8.3,14.6,0,0.9,3.5,29,0
CUST-7533,1,Month-to-month,20.25,20.25,No,Mailed check,2,Medium,1,0,2,Chat,0,0,1,22.7,34.3,0,0.0,3.3,21,0
CUST-7534,23,Month-to-month,96.9,2085.45,Fiber optic,Credit card (automatic),1,Medium,0,1,1,Email,0,1,1,15.8,16.6,0,0.1,2.2,23,0
CUST-7535,47,Month-to-month,104.1,5135.15,Fiber optic,Electronic check,0,Low,0,1,1,Chat,0,0,0,7.4,25.0,0,2.6,3.6,90,0
CUST-7536,38,One year,20.1,730.1,No,Mailed check,1,Low,3,1,2,Ticket,0,0,1,9.6,16.6,0,1.2,4.6,29,0
CUST-7537,2,Month-to-month,56.55,118.25,DSL,Credit card (automatic),0,Medium,0,0,0,Email,0,0,1,24.0,25.1,0,0.0,3.8,151,0
CUST-7538,15,Month-to-month,68.6,1108.6,Fiber optic,Bank transfer (automatic),1,High,0,1,1,Email,0,1,0,24.9,30.5,0,0.8,4.3,11,0
CUST-7539,26,Month-to-month,69.05,1815.65,Fiber optic,Credit card (automatic),1,Low,0,2,1,Call,0,0,1,40.0,54.8,0,2.5,3.6,8,0
CUST-7540,35,Two year,19.7,730.4,No,Credit card (automatic),1,Low,1,0,1,Call,0,0,0,13.9,15.5,0,0.0,4.6,7,0
CUST-7541,3,Month-to-month,20.05,75.45,No,Mailed check,1,Low,0,0,1,Chat,1,0,1,10.6,30.8,0,0.0,2.1,24,0
CUST-7542,42,Month-to-month,94.4,4014.6,Fiber optic,Electronic check,0,Medium,0,0,0,Ticket,0,0,0,27.3,42.1,0,0.0,2.2,44,0
CUST-7543,10,Month-to-month,54.95,568.85,DSL,Credit card (automatic),2,Medium,0,0,2,Chat,0,0,1,8.8,9.8,0,0.0,3.6,6,0
CUST-7544,61,One year,93.7,5860.7,Fiber optic,Bank transfer (automatic),0,Low,1,0,1,Ticket,0,0,0,16.2,62.3,0,0.0,4.3,109,0
CUST-7545,68,Two year,110.25,7279.35,Fiber optic,Credit card (automatic),1,Low,0,1,2,Email,0,0,1,25.7,60.2,0,0.4,3.6,12,0
CUST-7546,10,One year,98.9,1064.95,Fiber optic,Electronic check,2,Medium,0,0,2,Call,0,1,0,46.6,48.3,0,0.0,4.1,29,0
CUST-7547,72,Two year,80.45,5886.85,DSL,Bank transfer (automatic),2,Low,0,0,2,Call,0,0,0,39.5,42.3,0,0.0,3.9,2,0
CUST-7548,55,Month-to-month,79.4,4238.45,Fiber optic,Electronic check,1,Medium,1,0,1,Email,0,0,0,19.5,24.6,0,0.0,1.4,16,0
CUST-7549,7,Month-to-month,62.8,418.3,DSL,Bank transfer (automatic),2,Medium,0,0,2,Ticket,0,0,0,0.4,55.3,0,0.0,3.9,24,0
CUST-7550,2,Month-to-month,74.9,136.05,Fiber optic,Mailed check,0,Medium,1,0,0,Chat,0,0,0,24.1,38.8,0,0.0,1.6,105,0
CUST-7551,9,Month-to-month,74.85,708.2,Fiber optic,Electronic check,0,Medium,0,1,0,Email,0,0,0,7.2,36.8,0,1.8,3.3,104,0
CUST-7552,27,Two year,25.85,788.55,No,Credit card (automatic),0,High,1,0,0,Call,0,1,1,32.3,36.1,0,0.0,4.2,178,0
CUST-7553,64,Two year,68.3,4378.8,DSL,Mailed check,0,High,0,0,0,Ticket,0,1,0,0.5,25.0,0,0.0,3.9,155,0
CUST-7554,70,Two year,48.4,3442.8,DSL,Bank transfer (automatic),1,Low,0,1,1,Chat,0,0,1,2.2,3.6,0,4.7,2.7,6,0
CUST-7555,67,Two year,105.05,7171.7,Fiber optic,Electronic check,0,Low,0,0,0,Email,0,0,1,21.1,85.9,0,0.0,3.8,32,0
CUST-7556,24,Two year,25.15,553.0,No,Credit card (automatic),1,Medium,1,0,1,Call,1,0,1,5.6,6.9,0,0.0,2.3,27,0
CUST-7557,4,Two year,19.5,96.85,No,Credit card (automatic),0,Low,0,0,0,Ticket,0,1,1,6.9,13.8,0,0.0,3.4,45,0
CUST-7558,44,Month-to-month,92.95,4122.9,Fiber optic,Bank transfer (automatic),0,High,0,0,1,Chat,0,1,0,9.2,29.8,0,0.0,5.0,117,0
CUST-7559,72,Two year,20.7,1482.3,No,Mailed check,0,Low,0,0,1,Email,1,0,0,3.8,26.6,0,0.0,4.7,78,0
CUST-7560,66,Two year,19.35,1240.8,No,Bank transfer (automatic),2,High,0,1,2,Chat,0,0,1,35.3,59.2,0,0.4,4.3,13,0
CUST-7561,65,Month-to-month,104.35,6578.55,Fiber optic,Electronic check,0,Medium,2,0,0,Email,0,1,0,1.7,5.7,0,0.0,2.3,107,0
CUST-7562,1,Month-to-month,19.55,19.55,No,Mailed check,0,Medium,0,0,0,Ticket,0,1,0,3.4,16.3,0,0.0,4.2,92,0
CUST-7563,38,One year,74.05,2802.3,DSL,Electronic check,1,Low,0,0,3,Call,1,1,0,8.6,11.5,0,0.0,3.3,29,0
CUST-7564,23,Two year,40.1,857.75,DSL,Mailed check,1,High,0,0,1,Email,1,0,1,8.5,16.7,0,0.0,4.9,17,0
CUST-7565,10,One year,20.1,184.4,No,Mailed check,0,Low,0,1,0,Email,0,0,0,1.0,23.6,0,0.1,3.7,168,0
CUST-7566,72,Two year,83.55,6093.3,DSL,Credit card (automatic),3,Low,0,0,3,Ticket,0,0,0,7.4,13.8,0,0.0,5.0,1,0
CUST-7567,35,Month-to-month,56.85,1861.1,DSL,Electronic check,3,Low,0,0,4,Ticket,0,0,0,26.0,27.4,0,0.0,4.4,7,0
CUST-7568,58,Two year,19.55,1079.65,No,Credit card (automatic),1,High,0,1,2,Call,0,0,1,39.8,40.1,0,0.0,4.1,22,0
CUST-7569,70,One year,106.15,7475.1,Fiber optic,Electronic check,1,Low,1,0,2,Ticket,0,0,1,2.4,30.0,0,0.0,4.4,23,0
CUST-7570,38,One year,78.95,2862.55,DSL,Credit card (automatic),2,Medium,1,0,2,Chat,0,0,0,19.0,20.6,0,0.0,3.4,23,0
CUST-7571,60,Month-to-month,49.75,3069.45,DSL,Electronic check,1,Medium,0,0,1,Chat,0,0,0,47.0,72.1,0,0.0,3.5,21,0
CUST-7572,26,Month-to-month,92.4,2349.8,Fiber optic,Credit card (automatic),1,High,0,1,2,Call,0,0,1,6.4,7.6,0,0.1,3.3,15,0
CUST-7573,8,One year,58.2,469.25,DSL,Bank transfer (automatic),0,Medium,0,0,1,Call,1,1,1,37.7,41.0,0,0.0,2.4,68,0
CUST-7574,36,Month-to-month,91.95,3301.05,Fiber optic,Credit card (automatic),1,Medium,0,0,1,Ticket,0,1,1,3.1,18.7,0,0.0,3.5,23,0
CUST-7575,54,One year,65.25,3529.95,DSL,Bank transfer (automatic),4,Medium,0,0,5,Chat,0,0,1,35.5,37.8,0,0.0,4.0,2,0
CUST-7576,55,Month-to-month,73.1,4144.9,Fiber optic,Electronic check,1,Medium,0,0,1,Ticket,0,0,1,10.0,35.8,0,0.0,3.4,27,0
CUST-7577,72,Two year,59.75,4265.0,DSL,Bank transfer (automatic),3,Low,0,1,4,Call,0,0,0,31.4,34.5,0,0.2,3.2,29,0
CUST-7578,54,Two year,59.8,3246.45,DSL,Bank transfer (automatic),3,Low,0,0,3,Chat,1,0,1,4.3,9.8,0,0.0,3.7,1,0
CUST-7579,72,Two year,116.6,8337.45,Fiber optic,Bank transfer (automatic),1,Low,0,0,1,Call,0,0,1,1.3,25.5,0,0.0,5.0,10,0
CUST-7580,52,Two year,109.3,5731.4,Fiber optic,Electronic check,2,Low,0,0,2,Call,0,0,1,16.3,21.3,0,0.0,3.8,29,0
CUST-7581,60,One year,101.4,6176.6,Fiber optic,Bank transfer (automatic),0,Low,1,0,0,Ticket,0,0,0,5.6,16.2,0,0.0,4.4,108,0
CUST-7582,39,Month-to-month,50.65,1905.4,DSL,Credit card (automatic),1,Medium,0,0,1,Call,0,0,1,29.6,34.3,0,0.0,3.6,21,0
CUST-7583,15,One year,56.15,931.9,DSL,Mailed check,0,High,0,1,0,Ticket,0,1,0,31.4,39.2,0,2.7,1.9,158,0
CUST-7584,43,One year,19.2,776.25,No,Mailed check,2,Low,0,0,3,Call,0,0,1,23.1,30.8,0,0.0,5.0,23,0
CUST-7585,63,One year,83.0,5243.05,DSL,Bank transfer (automatic),0,Medium,1,2,1,Call,0,0,1,12.4,20.1,0,1.0,4.9,127,0
CUST-7586,2,Month-to-month,70.1,141.65,Fiber optic,Electronic check,0,Medium,0,0,0,Call,0,0,1,46.2,51.7,0,0.0,4.3,63,0
CUST-7587,72,Two year,108.3,7679.65,Fiber optic,Bank transfer (automatic),1,Low,0,0,1,Chat,0,0,0,15.9,31.2,0,0.0,4.0,5,0
CUST-7588,40,Two year,25.25,1006.9,No,Credit card (automatic),2,Medium,0,0,3,Call,0,0,1,3.6,8.6,0,0.0,3.4,12,0
CUST-7589,58,One year,45.35,2540.1,DSL,Electronic check,0,High,2,1,0,Email,0,0,1,15.7,17.5,0,2.4,4.9,133,0
CUST-7590,67,Two year,43.9,3097.2,DSL,Electronic check,2,Low,1,1,2,Chat,0,1,1,15.4,26.4,0,4.1,2.3,19,0
CUST-7591,31,One year,79.3,2484.0,DSL,Mailed check,3,Medium,0,1,3,Email,0,0,1,18.4,22.3,0,0.7,3.9,13,0
CUST-7592,69,Month-to-month,84.9,5785.65,Fiber optic,Credit card (automatic),2,Low,0,0,2,Call,0,0,1,1.9,2.4,0,0.0,3.9,17,0
CUST-7593,32,One year,79.25,2619.15,Fiber optic,Electronic check,1,Low,1,0,2,Chat,0,1,0,21.0,21.6,0,0.0,4.3,10,0
CUST-7594,21,Two year,71.05,1524.85,DSL,Credit card (automatic),2,Medium,1,0,3,Email,0,0,0,9.3,17.3,0,0.0,3.7,19,0
CUST-7595,52,One year,53.75,2790.65,DSL,Electronic check,4,Medium,0,1,4,Call,0,0,1,17.0,58.4,0,2.1,4.1,20,0
CUST-7596,72,Two year,24.25,1784.5,No,Credit card (automatic),0,Medium,1,0,1,Chat,1,1,1,45.6,46.6,0,0.0,4.5,156,0
CUST-7597,52,One year,44.25,2276.1,DSL,Bank transfer (automatic),2,Low,0,0,2,Call,0,0,1,7.4,12.3,0,0.0,4.0,20,0
CUST-7598,41,One year,50.05,2029.05,DSL,Bank transfer (automatic),0,High,0,0,0,Ticket,0,0,0,14.4,14.9,0,0.0,5.0,147,0
CUST-7599,41,Two year,20.15,802.35,No,Mailed check,0,Low,1,0,0,Ticket,0,0,1,26.5,38.5,0,0.0,3.6,58,0
CUST-7600,67,One year,69.35,4653.25,DSL,Credit card (automatic),2,Medium,0,0,2,Email,0,1,1,2.3,12.7,0,0.0,4.3,27,0
CUST-7601,16,Month-to-month,19.35,275.9,No,Mailed check,1,Low,0,0,1,Chat,0,1,0,7.9,11.9,0,0.0,3.3,1,0
CUST-7602,17,Two year,19.15,343.45,No,Mailed check,1,High,1,2,2,Chat,0,1,1,2.6,19.7,0,3.5,3.3,5,0
CUST-7603,35,Month-to-month,61.0,2130.45,DSL,Mailed check,1,Medium,0,0,1,Chat,0,0,1,33.0,33.3,0,0.0,4.5,21,0
CUST-7604,58,Two year,20.5,1191.4,No,Credit card (automatic),0,High,1,1,1,Chat,0,0,1,26.6,28.2,0,0.4,3.9,166,0
CUST-7605,52,Two year,50.2,2554.0,DSL,Mailed check,1,Low,0,0,1,Chat,0,1,1,6.9,7.6,0,0.0,4.7,20,0
CUST-7606,70,Two year,79.6,5589.45,DSL,Bank transfer (automatic),2,Medium,0,0,2,Email,1,0,0,0.5,5.5,0,0.0,3.8,18,0
CUST-7607,19,Two year,24.9,467.7,No,Bank transfer (automatic),1,Medium,0,0,3,Chat,0,0,0,9.5,17.9,0,0.0,4.1,25,0
CUST-7608,35,Month-to-month,106.9,3756.45,Fiber optic,Electronic check,2,Medium,0,1,2,Ticket,0,2,1,0.3,4.4,0,3.7,3.0,1,0
CUST-7609,32,Month-to-month,101.35,3334.9,Fiber optic,Electronic check,1,Medium,1,0,2,Ticket,0,0,0,6.2,10.8,0,0.0,3.8,14,0
CUST-7610,17,Month-to-month,55.35,920.5,DSL,Credit card (automatic),1,Low,0,0,2,Chat,0,0,1,4.2,14.5,0,0.0,4.1,24,0
CUST-7611,67,One year,50.55,3431.75,DSL,Credit card (automatic),2,Low,0,0,2,Call,1,1,1,4.8,8.1,0,0.0,3.7,6,0
CUST-7612,9,Month-to-month,19.5,150.35,No,Bank transfer (automatic),1,Low,0,0,2,Chat,0,1,1,21.1,25.0,0,0.0,5.0,12,0
CUST-7613,4,Month-to-month,90.65,367.95,Fiber optic,Electronic check,1,High,0,0,2,Email,0,1,0,22.2,50.0,0,0.0,4.0,25,0
CUST-7614,58,One year,89.85,5125.75,Fiber optic,Bank transfer (automatic),1,Medium,1,1,1,Ticket,0,0,0,22.1,37.7,0,1.4,4.7,20,0
CUST-7615,60,One year,79.0,4801.1,DSL,Mailed check,2,Low,0,0,3,Ticket,0,0,1,30.9,39.3,0,0.0,3.1,13,0
CUST-7616,1,Month-to-month,19.55,19.55,No,Mailed check,1,High,0,0,2,Email,0,0,1,28.4,43.0,0,0.0,3.1,25,0
CUST-7617,27,Two year,19.9,550.1,No,Mailed check,3,Low,0,0,3,Email,0,0,0,17.8,24.7,0,0.0,3.7,3,0
CUST-7618,66,One year,116.25,7862.25,Fiber optic,Electronic check,2,Low,0,0,2,Call,0,0,1,4.6,33.8,0,0.0,3.5,28,0
CUST-7619,15,Month-to-month,87.75,1242.2,Fiber optic,Bank transfer (automatic),0,Low,0,1,1,Ticket,0,1,1,7.9,10.2,0,0.7,3.6,128,0
CUST-7620,41,Month-to-month,81.3,3190.65,Fiber optic,Credit card (automatic),1,High,1,0,1,Chat,0,0,1,9.6,11.8,0,0.0,5.0,25,0
CUST-7621,59,Month-to-month,44.3,2666.75,DSL,Electronic check,0,Medium,0,0,0,Email,0,0,0,22.1,22.8,0,0.0,4.7,140,0
CUST-7622,50,Two year,70.35,3533.6,Fiber optic,Credit card (automatic),0,Low,0,0,2,Chat,0,0,0,13.8,16.2,0,0.0,3.6,174,0
CUST-7623,17,One year,44.45,792.15,DSL,Credit card (automatic),0,Medium,0,0,2,Email,0,0,1,24.4,27.4,0,0.0,3.7,30,0
CUST-7624,6,Month-to-month,49.15,295.65,DSL,Electronic check,1,Low,1,1,1,Email,0,0,1,3.1,26.8,0,0.3,2.0,18,0
CUST-7625,51,Month-to-month,29.45,1459.35,DSL,Credit card (automatic),1,Low,0,0,1,Ticket,0,0,0,4.8,13.3,0,0.0,3.5,27,0
CUST-7626,49,Month-to-month,85.3,4297.95,Fiber optic,Credit card (automatic),4,Low,0,0,4,Email,0,1,1,1.1,3.8,0,0.0,2.4,29,0
CUST-7627,59,One year,69.1,4096.9,DSL,Mailed check,1,Low,0,0,1,Ticket,0,0,1,15.8,38.7,0,0.0,3.7,7,0
CUST-7628,50,Month-to-month,70.35,3454.6,DSL,Bank transfer (automatic),1,High,0,0,1,Call,1,0,1,60.4,61.4,1,0.0,3.3,5,0
CUST-7629,59,Two year,20.6,1286.0,No,Mailed check,3,Medium,0,0,4,Ticket,0,0,0,14.1,18.1,0,0.0,3.3,17,0
CUST-7630,18,Month-to-month,74.15,1387.0,Fiber optic,Mailed check,1,Low,0,1,2,Chat,0,1,1,4.5,38.0,0,1.3,3.8,4,0
CUST-7631,10,Month-to-month,75.05,786.3,Fiber optic,Electronic check,1,Low,0,0,1,Chat,0,0,1,17.2,58.7,0,0.0,3.2,3,0
CUST-7632,14,One year,44.6,641.25,DSL,Electronic check,2,Low,1,0,2,Chat,0,0,0,20.5,26.1,0,0.0,3.6,29,0
CUST-7633,35,Two year,21.45,705.45,No,Bank transfer (automatic),2,Low,0,0,3,Chat,1,0,1,15.5,35.1,0,0.0,4.7,17,0
CUST-7634,8,One year,43.45,345.5,DSL,Mailed check,2,Medium,0,0,2,Ticket,0,0,0,8.4,10.4,0,0.0,4.5,21,0
CUST-7635,18,One year,20.05,345.9,No,Bank transfer (automatic),0,Low,1,0,1,Ticket,0,0,0,31.9,58.5,0,0.0,4.0,86,0
CUST-7636,60,One year,94.15,5811.8,Fiber optic,Bank transfer (automatic),2,Medium,0,0,3,Email,0,0,1,12.2,31.0,0,0.0,4.9,4,0
CUST-7637,6,Two year,19.55,124.45,No,Mailed check,1,Low,0,2,2,Ticket,0,0,1,81.4,94.3,1,1.4,4.3,19,0
CUST-7638,19,Month-to-month,75.9,1375.6,DSL,Mailed check,1,Low,0,1,1,Chat,0,0,1,5.0,26.8,0,1.5,2.8,18,0
CUST-7639,53,One year,64.15,3491.55,DSL,Bank transfer (automatic),0,High,0,0,0,Ticket,0,1,1,4.5,14.5,0,0.0,4.6,157,0
CUST-7640,72,Two year,109.55,7920.7,Fiber optic,Bank transfer (automatic),1,Low,0,0,1,Call,0,0,1,1.4,6.3,0,0.0,3.9,13,0
CUST-7641,60,Two year,110.8,6640.7,Fiber optic,Credit card (automatic),1,Low,0,0,2,Call,0,0,1,9.2,22.3,0,0.0,4.7,3,0
CUST-7642,13,Month-to-month,53.45,718.1,DSL,Mailed check,0,Low,0,0,1,Call,0,0,1,5.1,18.2,0,0.0,2.2,89,0
CUST-7643,5,Month-to-month,69.95,320.4,Fiber optic,Credit card (automatic),1,Low,1,0,2,Chat,0,0,1,32.2,42.6,0,0.0,5.0,19,0
CUST-7644,13,Month-to-month,97.0,1334.45,Fiber optic,Electronic check,0,Low,0,1,0,Call,0,0,0,13.2,31.8,0,2.9,3.0,158,0
CUST-7645,37,One year,90.6,3358.65,DSL,Bank transfer (automatic),1,Low,0,0,1,Email,0,1,1,1.1,1.8,0,0.0,4.0,15,0
CUST-7646,64,Month-to-month,73.55,4764.0,Fiber optic,Mailed check,1,High,1,1,2,Call,0,0,0,8.0,20.2,0,2.7,2.5,17,0
CUST-7647,61,Two year,94.35,5703.0,Fiber optic,Bank transfer (automatic),2,Medium,0,0,2,Chat,0,1,1,21.4,31.7,0,0.0,3.0,19,0
CUST-7648,26,One year,19.4,525.55,No,Mailed check,0,Medium,0,0,1,Email,0,0,1,12.0,15.0,0,0.0,4.6,106,0
CUST-7649,24,Two year,19.75,483.15,No,Mailed check,1,Low,0,1,1,Call,0,0,0,7.8,8.9,0,0.4,3.4,11,0
CUST-7650,17,One year,54.6,934.8,DSL,Electronic check,0,Medium,0,0,1,Ticket,1,0,0,3.0,10.7,0,0.0,2.8,118,0
CUST-7651,26,Month-to-month,29.8,786.5,DSL,Mailed check,0,Low,1,0,1,Ticket,1,0,1,19.7,23.2,0,0.0,3.0,90,0
CUST-7652,52,Month-to-month,103.05,5364.8,Fiber optic,Electronic check,1,Low,0,0,1,Chat,0,0,1,3.5,21.3,0,0.0,4.4,22,0
CUST-7653,1,Month-to-month,20.3,20.3,No,Mailed check,0,Low,0,1,2,Chat,0,0,1,36.8,44.8,0,1.8,3.6,163,0
CUST-7654,21,Two year,35.1,770.4,DSL,Mailed check,2,Low,2,1,2,Chat,0,0,1,81.7,120.9,1,1.0,5.0,26,0
CUST-7655,67,One year,105.7,6816.95,Fiber optic,Bank transfer (automatic),3,Low,0,0,3,Email,0,0,0,14.5,51.9,0,0.0,3.3,17,0
CUST-7656,44,Month-to-month,56.25,2419.55,DSL,Bank transfer (automatic),2,Low,1,1,4,Chat,0,0,0,2.2,27.8,0,1.6,2.7,22,0
CUST-7657,70,One year,60.35,4138.7,DSL,Electronic check,1,Low,0,1,2,Call,0,0,1,20.8,32.7,0,3.0,4.2,24,0
CUST-7658,56,Two year,59.8,3457.45,DSL,Bank transfer (automatic),2,Low,1,1,2,Call,2,0,0,2.6,13.5,0,1.1,2.0,15,0
CUST-7659,46,Two year,99.65,4630.2,Fiber optic,Mailed check,0,Low,0,2,0,Ticket,0,0,1,41.8,44.7,0,3.6,4.2,115,0
CUST-7660,63,Two year,50.65,3221.25,DSL,Bank transfer (automatic),0,Low,1,0,0,Ticket,2,0,1,15.9,31.0,0,0.0,4.0,120,0
CUST-7661,11,Month-to-month,60.9,688.5,DSL,Electronic check,1,Low,0,1,2,Call,0,0,1,29.0,58.5,0,10.8,3.1,13,0
CUST-7662,15,Month-to-month,59.65,867.1,DSL,Bank transfer (automatic),1,Low,0,0,3,Ticket,0,0,1,17.7,22.2,0,0.0,4.0,19,0
CUST-7663,72,Two year,64.7,4746.05,DSL,Electronic check,1,Low,0,0,2,Chat,1,0,1,13.4,35.7,0,0.0,5.0,19,0
CUST-7664,6,Month-to-month,54.85,355.1,DSL,Electronic check,0,Low,2,0,2,Chat,0,0,0,13.4,19.7,0,0.0,4.4,176,0
CUST-7665,63,One year,91.35,5764.7,Fiber optic,Electronic check,0,Low,1,0,1,Call,0,0,0,24.2,61.4,0,0.0,5.0,54,0
CUST-7666,18,Two year,25.1,428.45,No,Mailed check,0,Medium,0,1,0,Email,0,0,1,41.9,48.0,0,0.1,3.0,49,0
CUST-7667,43,Month-to-month,34.0,1505.35,DSL,Bank transfer (automatic),3,Low,0,0,4,Email,0,0,1,4.4,22.2,0,0.0,2.5,9,0
CUST-7668,15,One year,45.9,693.45,DSL,Mailed check,2,Low,0,0,4,Email,0,0,1,2.2,22.1,0,0.0,3.4,21,0
CUST-7669,55,Two year,20.5,1177.95,No,Mailed check,0,Low,0,1,0,Ticket,0,0,1,1.0,16.0,0,3.1,4.0,164,0
CUST-7670,70,Two year,20.35,1458.1,No,Credit card (automatic),2,Low,0,1,2,Email,1,0,1,36.3,42.1,0,1.5,2.2,15,0
CUST-7671,63,One year,36.1,2298.9,DSL,Bank transfer (automatic),0,Low,0,1,0,Chat,0,0,1,2.3,4.4,0,0.5,4.2,102,0
CUST-7672,25,Month-to-month,65.8,1679.65,DSL,Bank transfer (automatic),3,High,0,2,3,Email,0,0,1,17.8,19.1,0,2.5,5.0,10,0
CUST-7673,18,One year,20.35,369.6,No,Bank transfer (automatic),1,Medium,3,1,2,Call,0,0,1,6.8,7.9,0,2.9,1.9,16,0
CUST-7674,28,Month-to-month,105.8,2998.0,Fiber optic,Electronic check,2,Low,0,0,2,Ticket,0,0,0,14.9,32.5,0,0.0,4.9,4,0
CUST-7675,53,One year,96.75,5206.55,Fiber optic,Mailed check,0,Medium,0,0,0,Chat,1,1,1,1.6,7.4,0,0.0,3.4,152,0
CUST-7676,1,Month-to-month,24.4,24.4,DSL,Mailed check,3,Low,0,0,3,Chat,0,0,0,15.6,21.4,0,0.0,2.4,23,0
CUST-7677,26,Month-to-month,73.05,1959.5,DSL,Electronic check,2,Low,0,1,3,Call,1,1,1,37.9,40.6,0,4.3,4.1,10,0
CUST-7678,34,One year,64.35,2053.05,DSL,Electronic check,1,Medium,0,0,1,Ticket,0,0,1,5.6,8.5,0,0.0,2.9,13,0
CUST-7679,19,Two year,20.5,398.55,No,Mailed check,2,Low,0,0,3,Call,0,0,1,7.0,12.7,0,0.0,4.8,25,0
CUST-7680,62,One year,54.75,3425.35,DSL,Credit card (automatic),1,Low,1,0,1,Email,0,0,1,4.4,7.3,0,0.0,4.6,24,0
CUST-7681,24,Month-to-month,51.15,1275.7,DSL,Electronic check,2,Medium,0,0,3,Ticket,2,0,1,2.5,14.6,0,0.0,3.3,25,0
CUST-7682,68,Two year,41.95,2965.75,DSL,Electronic check,1,Medium,0,0,1,Ticket,0,0,1,1.4,24.2,0,0.0,3.0,4,0
CUST-7683,31,Month-to-month,54.35,1647.0,DSL,Mailed check,0,High,0,2,1,Chat,0,0,1,20.0,33.6,0,8.6,4.6,158,0
CUST-7684,63,One year,96.0,6109.75,Fiber optic,Electronic check,1,Medium,0,0,1,Email,0,0,0,7.7,11.9,0,0.0,4.3,27,0
CUST-7685,61,Two year,61.45,3751.15,DSL,Bank transfer (automatic),0,Medium,0,0,2,Email,0,0,0,11.0,15.7,0,0.0,4.2,155,0
CUST-7686,18,One year,19.65,411.25,No,Mailed check,1,Low,1,0,1,Chat,0,0,0,7.0,18.5,0,0.0,3.4,27,0
CUST-7687,6,One year,19.0,105.5,No,Credit card (automatic),1,Low,0,1,1,Call,0,0,0,24.5,36.1,0,3.0,3.7,14,0
CUST-7688,33,Month-to-month,100.0,3320.6,Fiber optic,Electronic check,3,Medium,0,0,4,Chat,0,0,1,20.7,37.3,0,0.0,4.3,14,0
CUST-7689,56,Month-to-month,98.7,5669.5,Fiber optic,Electronic check,3,High,0,0,3,Call,0,0,0,19.7,52.7,0,0.0,3.7,17,0
CUST-7690,23,One year,19.8,465.45,No,Mailed check,2,Low,0,0,2,Call,0,0,0,26.1,29.2,0,0.0,5.0,15,0
CUST-7691,9,Month-to-month,73.8,704.3,Fiber optic,Electronic check,4,High,0,0,4,Ticket,0,0,1,15.7,19.9,0,0.0,3.2,6,0
CUST-7692,5,Month-to-month,20.05,95.55,No,Credit card (automatic),1,Low,0,0,2,Email,0,0,1,1.8,17.1,0,0.0,1.9,2,0
CUST-7693,61,Month-to-month,106.2,6375.2,Fiber optic,Electronic check,0,Low,0,0,0,Email,0,0,1,9.9,11.4,0,0.0,3.5,46,0
CUST-7694,70,Two year,116.55,8152.3,Fiber optic,Credit card (automatic),1,Low,0,0,1,Email,0,0,0,6.9,10.2,0,0.0,4.2,25,0
CUST-7695,15,Month-to-month,99.7,1566.75,Fiber optic,Electronic check,2,Low,0,1,2,Chat,0,1,0,7.5,10.7,0,0.1,5.0,1,0
CUST-7696,8,Two year,19.7,130.25,No,Mailed check,0,Medium,0,2,0,Chat,0,0,0,3.9,6.8,0,5.3,4.7,170,0
CUST-7697,8,Two year,19.5,162.15,No,Mailed check,0,Low,0,0,0,Call,0,0,1,3.2,17.8,0,0.0,2.3,80,0
CUST-7698,4,Month-to-month,29.15,110.05,DSL,Mailed check,1,High,0,0,1,Call,0,0,1,11.3,13.9,0,0.0,5.0,26,0
CUST-7699,34,One year,55.0,1885.15,DSL,Mailed check,2,Medium,0,0,3,Chat,1,1,0,63.9,87.5,1,0.0,3.1,8,0
CUST-7700,68,Two year,90.8,6302.85,DSL,Credit card (automatic),1,Low,1,0,3,Ticket,0,0,1,0.4,10.3,0,0.0,3.1,5,0
CUST-7701,45,One year,51.0,2264.5,DSL,Bank transfer (automatic),1,Medium,0,0,1,Chat,0,0,1,6.0,14.8,0,0.0,2.5,14,0
CUST-7702,9,Month-to-month,90.1,816.8,Fiber optic,Electronic check,1,Low,0,0,2,Call,0,0,1,60.7,66.6,1,0.0,3.6,1,0
CUST-7703,22,Month-to-month,59.05,1253.5,DSL,Mailed check,0,Medium,0,0,1,Ticket,0,0,1,7.9,11.2,0,0.0,3.1,85,0
CUST-7704,2,Month-to-month,20.3,41.2,No,Mailed check,0,Low,0,0,0,Call,0,0,1,19.1,21.2,0,0.0,4.8,38,0
CUST-7705,70,Two year,72.95,5265.55,DSL,Bank transfer (automatic),0,Low,0,0,0,Chat,1,0,1,5.6,8.2,0,0.0,3.4,124,0
CUST-7706,10,One year,73.55,693.3,DSL,Credit card (automatic),1,Medium,0,0,1,Email,0,0,1,14.1,47.1,0,0.0,2.7,1,0
CUST-7707,72,Two year,84.3,5997.1,DSL,Credit card (automatic),2,High,0,1,3,Ticket,0,0,1,3.4,15.1,0,2.3,4.3,29,0
CUST-7708,49,One year,78.0,3824.2,DSL,Credit card (automatic),1,Medium,0,1,1,Chat,0,0,0,13.9,21.9,0,2.3,2.9,9,0
CUST-7709,54,One year,72.1,3886.05,DSL,Mailed check,2,Medium,0,0,2,Ticket,0,0,1,11.7,12.1,0,0.0,3.3,10,0
CUST-7710,71,Two year,106.75,7283.25,Fiber optic,Credit card (automatic),2,Medium,0,0,2,Email,1,0,1,32.4,67.4,0,0.0,4.8,27,0
CUST-7711,22,One year,19.25,412.55,No,Mailed check,2,Low,1,0,2,Email,0,0,1,29.3,46.0,0,0.0,2.6,9,0
CUST-7712,50,Two year,20.55,1070.25,No,Credit card (automatic),1,Medium,0,0,1,Chat,0,0,0,3.6,6.1,0,0.0,4.3,9,0
CUST-7713,43,One year,20.0,817.95,No,Mailed check,1,Low,0,0,1,Call,0,0,0,50.7,57.1,1,0.0,2.9,23,0
CUST-7714,45,Two year,24.65,1171.3,No,Credit card (automatic),3,Low,0,1,3,Ticket,0,0,1,8.9,20.8,0,0.8,3.1,10,0
CUST-7715,64,Month-to-month,103.5,6548.65,Fiber optic,Bank transfer (automatic),1,Low,0,1,2,Ticket,0,0,1,0.9,3.3,0,1.7,3.6,29,0
CUST-7716,23,Two year,23.85,625.65,No,Mailed check,0,Low,1,0,0,Email,0,0,0,1.4,9.4,0,0.0,2.6,52,0
CUST-7717,68,Two year,25.8,1911.5,No,Credit card (automatic),1,Low,0,0,1,Chat,0,0,0,9.8,24.7,0,0.0,2.9,23,0
CUST-7718,26,One year,59.45,1507.0,DSL,Credit card (automatic),2,Low,0,1,3,Email,0,0,0,39.3,41.3,0,2.1,3.9,28,0
CUST-7719,14,Month-to-month,20.05,299.3,No,Electronic check,0,Low,0,1,2,Email,0,0,1,3.1,6.5,0,1.9,1.7,171,0
CUST-7720,71,Two year,82.55,5832.65,DSL,Electronic check,1,Medium,0,0,3,Call,0,0,1,11.8,19.9,0,0.0,5.0,11,0
CUST-7721,64,One year,81.25,5567.55,DSL,Electronic check,1,Medium,0,0,2,Email,0,0,0,13.9,28.3,0,0.0,2.3,11,0
CUST-7722,57,Two year,74.3,4166.35,DSL,Credit card (automatic),2,Medium,0,0,2,Chat,0,0,0,39.9,49.8,0,0.0,4.1,17,0
CUST-7723,72,Two year,109.7,7898.45,Fiber optic,Credit card (automatic),2,Low,0,0,3,Email,0,0,1,0.2,3.1,0,0.0,4.2,26,0
CUST-7724,40,Month-to-month,96.35,3915.4,Fiber optic,Credit card (automatic),0,Medium,0,0,0,Chat,0,1,0,39.8,60.6,0,0.0,4.0,46,0
CUST-7725,14,Month-to-month,66.6,979.5,DSL,Credit card (automatic),0,Low,0,1,1,Email,1,0,1,5.7,14.5,0,4.0,4.4,107,0
CUST-7726,2,Month-to-month,44.5,90.05,DSL,Electronic check,1,Medium,2,0,1,Call,1,0,1,36.9,38.4,0,0.0,5.0,27,0
CUST-7727,5,Month-to-month,80.1,398.55,Fiber optic,Mailed check,2,Low,0,0,2,Call,0,0,1,9.9,13.0,0,0.0,2.7,1,0
CUST-7728,29,One year,69.05,1958.45,DSL,Bank transfer (automatic),0,Medium,1,0,1,Email,0,1,1,7.1,48.5,0,0.0,3.6,106,0
CUST-7729,3,Month-to-month,20.4,63.15,No,Mailed check,0,Low,0,0,1,Call,0,0,0,82.8,97.1,1,0.0,3.9,154,0
CUST-7730,71,Two year,19.7,1301.1,No,Credit card (automatic),0,Medium,0,0,0,Ticket,0,0,0,27.5,32.3,0,0.0,3.6,152,0
CUST-7731,9,Month-to-month,50.1,484.05,DSL,Electronic check,1,High,0,0,2,Ticket,0,0,1,12.0,15.3,0,0.0,4.0,4,0
CUST-7732,48,One year,83.45,3887.85,DSL,Credit card (automatic),1,Medium,0,2,1,Email,0,0,0,8.4,15.9,0,8.1,3.8,28,0
CUST-7733,26,Month-to-month,86.65,2208.75,Fiber optic,Credit card (automatic),1,Low,0,0,1,Email,1,0,1,6.9,9.0,0,0.0,5.0,10,0
CUST-7734,9,Month-to-month,20.15,238.15,No,Bank transfer (automatic),2,Low,0,0,2,Call,0,0,1,21.2,24.4,0,0.0,3.8,23,0
CUST-7735,46,Two year,19.4,958.15,No,Credit card (automatic),0,High,0,0,2,Call,0,0,0,9.7,24.0,0,0.0,4.7,53,0
CUST-7736,64,Two year,60.05,3845.45,DSL,Bank transfer (automatic),1,Low,1,1,1,Email,0,0,0,18.9,42.0,0,0.5,4.0,2,0
CUST-7737,59,One year,20.35,1267.0,No,Mailed check,3,High,0,0,3,Chat,0,0,1,9.7,10.4,0,0.0,2.3,18,0
CUST-7738,7,One year,94.05,633.45,Fiber optic,Mailed check,0,Low,0,0,2,Chat,1,0,0,8.4,19.1,0,0.0,3.9,139,0
CUST-7739,72,Two year,84.1,6129.65,DSL,Credit card (automatic),1,High,0,1,1,Ticket,0,0,1,7.3,18.1,0,0.9,3.1,23,0
CUST-7740,16,Month-to-month,78.75,1218.25,Fiber optic,Electronic check,3,High,2,0,3,Call,0,2,1,45.2,51.0,0,0.0,2.3,18,0
CUST-7741,25,Month-to-month,55.55,1405.3,DSL,Credit card (automatic),2,Medium,0,1,2,Call,0,0,1,26.2,44.6,0,0.3,4.1,3,0
CUST-7742,24,One year,20.1,533.9,No,Mailed check,3,Low,2,0,4,Ticket,0,1,1,19.2,27.5,0,0.0,2.9,22,0
CUST-7743,10,One year,70.3,676.15,DSL,Electronic check,2,Low,0,0,3,Chat,0,0,0,19.7,21.6,0,0.0,2.4,18,0
CUST-7744,69,One year,53.65,3804.4,DSL,Credit card (automatic),1,High,0,0,1,Chat,1,0,1,3.6,15.5,0,0.0,2.4,27,0
CUST-7745,57,Two year,20.75,1118.8,No,Mailed check,1,High,0,0,2,Ticket,1,0,0,49.4,60.4,1,0.0,2.1,16,0
CUST-7746,50,One year,103.4,5236.4,Fiber optic,Bank transfer (automatic),1,Low,2,0,2,Email,0,0,0,2.0,61.7,0,0.0,3.8,9,0
CUST-7747,28,One year,50.8,1386.8,DSL,Mailed check,1,Low,0,1,1,Call,0,0,1,4.6,7.5,0,1.5,4.1,1,0
CUST-7748,25,Month-to-month,79.0,1902.0,DSL,Mailed check,1,Medium,0,0,1,Email,0,0,1,0.4,11.6,0,0.0,3.2,16,0
CUST-7749,3,Month-to-month,74.6,239.05,Fiber optic,Bank transfer (automatic),0,Medium,0,1,1,Email,0,0,0,8.3,18.5,0,0.0,2.8,40,0
CUST-7750,61,One year,96.5,5673.7,Fiber optic,Bank transfer (automatic),1,Medium,0,0,1,Chat,0,0,0,6.6,11.3,0,0.0,4.1,7,0
CUST-7751,2,Month-to-month,20.1,39.8,No,Mailed check,0,Medium,0,0,2,Email,0,0,1,33.2,50.6,0,0.0,4.0,84,0
CUST-7752,51,One year,19.4,997.75,No,Mailed check,0,High,0,0,0,Call,0,0,0,19.8,25.4,0,0.0,3.3,175,0
CUST-7753,71,Two year,77.55,5574.35,DSL,Credit card (automatic),1,Low,1,0,3,Call,2,0,1,28.3,41.3,0,0.0,2.7,5,0
CUST-7754,20,Month-to-month,20.05,406.05,No,Mailed check,0,Low,0,0,0,Call,0,0,0,2.9,8.9,0,0.0,4.6,79,0
CUST-7755,6,Month-to-month,19.85,138.85,No,Credit card (automatic),1,Low,0,0,1,Ticket,0,0,1,15.2,34.2,0,0.0,4.6,27,0
CUST-7756,6,Month-to-month,20.2,123.65,No,Mailed check,4,High,0,1,5,Email,1,0,1,12.1,86.0,0,0.2,3.1,20,0
CUST-7757,29,Month-to-month,67.45,1801.1,DSL,Mailed check,0,Low,0,0,0,Email,0,0,0,10.0,24.0,0,0.0,4.9,161,0
CUST-7758,36,Two year,18.55,689.0,No,Credit card (automatic),1,Low,1,2,1,Call,0,0,0,90.1,108.3,1,1.2,3.8,9,0
CUST-7759,28,Month-to-month,29.75,790.7,DSL,Mailed check,0,Low,1,0,1,Ticket,0,1,0,10.6,11.4,0,0.0,5.0,132,0
CUST-7760,63,Two year,24.2,1618.2,No,Mailed check,0,Low,0,0,0,Ticket,1,0,1,2.0,28.8,0,0.0,4.7,137,0
CUST-7761,48,Two year,23.55,1173.35,No,Mailed check,1,Medium,0,0,1,Chat,1,0,1,0.6,22.1,0,0.0,2.8,25,0
CUST-7762,49,One year,20.45,900.9,No,Bank transfer (automatic),0,Medium,0,0,0,Chat,1,0,0,28.8,30.6,0,0.0,4.1,155,0
CUST-7763,72,Two year,92.3,6719.9,DSL,Credit card (automatic),0,Medium,0,0,0,Call,0,1,1,0.2,11.7,0,0.0,2.4,72,0
CUST-7764,72,Two year,53.65,3784.0,DSL,Credit card (automatic),1,Low,0,0,1,Email,0,0,1,45.0,69.0,0,0.0,4.8,18,0
CUST-7765,47,One year,39.65,1798.65,DSL,Credit card (automatic),1,High,0,1,1,Email,0,0,1,4.2,16.1,0,2.5,4.8,10,0
CUST-7766,1,Month-to-month,54.65,54.65,DSL,Electronic check,1,Low,1,0,1,Email,0,0,1,38.4,64.1,0,0.0,5.0,16,0
CUST-7767,36,One year,104.8,3886.45,Fiber optic,Bank transfer (automatic),0,Medium,0,0,1,Ticket,0,0,0,28.5,43.3,0,0.0,4.4,127,0
CUST-7768,43,Month-to-month,29.3,1224.05,DSL,Credit card (automatic),1,Low,0,0,2,Email,0,0,0,4.2,11.2,0,0.0,5.0,6,0
CUST-7769,27,Month-to-month,83.85,2310.2,DSL,Electronic check,2,Low,0,0,2,Ticket,0,0,0,32.6,70.5,0,0.0,4.1,18,0
CUST-7770,38,Month-to-month,103.65,3988.5,Fiber optic,Electronic check,0,Low,0,1,0,Call,0,0,1,7.0,37.7,0,1.5,5.0,102,0
CUST-7771,35,Month-to-month,99.05,3554.6,Fiber optic,Electronic check,0,Medium,0,0,0,Email,0,1,1,4.2,5.0,0,0.0,4.0,170,0
CUST-7772,0,Two year,73.35,1397.475,DSL,Mailed check,0,Medium,0,0,1,Ticket,0,0,0,4.3,6.4,0,0.0,3.8,157,0
CUST-7773,59,Two year,100.05,6034.85,Fiber optic,Mailed check,2,Low,0,2,2,Call,0,0,0,37.2,47.6,0,0.5,2.4,13,0
CUST-7774,27,Two year,20.35,531.6,No,Credit card (automatic),3,Low,0,0,3,Call,0,0,0,0.3,11.8,0,0.0,3.1,1,0
CUST-7775,2,Month-to-month,43.95,85.1,DSL,Electronic check,2,High,0,0,3,Ticket,0,0,1,24.2,51.8,0,0.0,3.7,16,0
CUST-7776,7,Month-to-month,23.5,173.0,No,Mailed check,0,Low,2,1,0,Ticket,0,0,1,29.2,31.2,0,5.0,4.1,149,0
CUST-7777,36,One year,70.7,2511.95,DSL,Mailed check,2,Low,0,2,4,Email,0,0,0,8.3,14.0,0,0.7,3.5,13,0
CUST-7778,41,Month-to-month,94.3,3893.6,Fiber optic,Bank transfer (automatic),1,Low,2,0,1,Chat,0,0,0,22.0,67.7,0,0.0,3.9,3,0
CUST-7779,13,Month-to-month,29.15,357.15,DSL,Electronic check,1,Medium,0,0,1,Email,0,0,1,42.4,66.0,0,0.0,3.0,21,0
CUST-7780,19,Two year,20.85,467.5,No,Credit card (automatic),0,Low,0,0,1,Chat,0,0,0,14.1,42.8,0,0.0,5.0,176,0
CUST-7781,60,Two year,37.7,2288.7,DSL,Bank transfer (automatic),3,High,1,1,3,Ticket,0,1,1,19.1,19.4,0,1.5,3.4,22,0
CUST-7782,69,Two year,92.45,6460.55,Fiber optic,Mailed check,1,Low,0,0,1,Chat,1,1,1,21.7,24.7,0,0.0,3.2,14,0
CUST-7783,43,One year,44.15,1931.3,DSL,Electronic check,1,Low,0,0,3,Ticket,1,0,0,58.7,66.2,1,0.0,3.2,18,0
CUST-7784,11,One year,36.05,402.6,DSL,Mailed check,1,Low,0,0,1,Call,0,0,1,9.8,34.6,0,0.0,3.5,15,0
CUST-7785,45,Month-to-month,50.25,2221.55,DSL,Credit card (automatic),0,Medium,0,0,1,Chat,0,0,1,14.7,21.8,0,0.0,4.2,45,0
CUST-7786,72,Two year,109.75,7758.9,Fiber optic,Credit card (automatic),1,Low,0,0,3,Chat,0,0,0,11.3,13.4,0,0.0,5.0,6,0
CUST-7787,12,Two year,20.3,224.5,No,Bank transfer (automatic),5,Medium,0,0,5,Call,0,0,1,6.8,18.2,0,0.0,3.2,15,0
CUST-7788,67,One year,112.35,7388.45,Fiber optic,Credit card (automatic),1,Low,0,0,1,Email,0,0,1,51.6,78.5,1,0.0,4.5,14,0
CUST-7789,37,Two year,94.3,3460.95,Fiber optic,Mailed check,1,Low,1,0,1,Chat,1,0,0,12.1,12.9,0,0.0,3.8,8,0
CUST-7790,39,One year,41.15,1700.9,DSL,Bank transfer (automatic),3,High,0,2,4,Ticket,0,1,0,48.1,56.3,1,0.7,4.6,11,0
CUST-7791,41,Month-to-month,74.65,3090.65,DSL,Bank transfer (automatic),0,Medium,1,1,0,Email,0,0,0,84.9,131.9,1,3.6,2.6,165,0
CUST-7792,25,Month-to-month,48.25,1293.8,DSL,Electronic check,1,Low,0,0,1,Call,0,0,1,35.0,36.0,0,0.0,3.7,21,0
CUST-7793,8,Two year,76.15,645.8,DSL,Credit card (automatic),0,Medium,0,0,1,Chat,0,0,1,3.2,9.4,0,0.0,4.0,116,0
CUST-7794,71,Two year,71.1,5224.95,DSL,Mailed check,0,Medium,1,0,0,Call,1,0,0,0.7,3.7,0,0.0,5.0,34,0
CUST-7795,5,Month-to-month,96.55,500.1,Fiber optic,Electronic check,0,Low,0,0,0,Call,0,0,0,14.0,15.5,0,0.0,3.7,170,0
CUST-7796,30,One year,79.3,2427.1,DSL,Credit card (automatic),3,Low,0,0,3,Ticket,0,0,1,13.9,29.3,0,0.0,2.3,15,0
CUST-7797,40,One year,89.6,3488.15,Fiber optic,Credit card (automatic),0,Low,1,0,2,Call,0,0,1,16.7,17.5,0,0.0,3.4,100,0
CUST-7798,54,Two year,20.5,1035.7,No,Mailed check,0,Low,0,0,0,Chat,1,0,1,1.1,30.6,0,0.0,3.9,125,0
CUST-7799,72,Two year,106.3,7565.35,Fiber optic,Bank transfer (automatic),0,Medium,0,1,1,Call,0,0,0,6.2,42.2,0,0.1,5.0,140,0
CUST-7800,28,One year,100.35,2799.0,Fiber optic,Bank transfer (automatic),0,Low,0,0,0,Email,0,0,1,12.4,22.8,0,0.0,4.6,148,0
CUST-7801,18,Month-to-month,85.6,1601.5,Fiber optic,Electronic check,0,Low,0,1,0,Call,0,0,1,13.0,24.6,0,0.3,3.8,109,0
CUST-7802,59,One year,106.15,6256.2,Fiber optic,Electronic check,1,Low,0,2,2,Chat,0,0,1,52.7,81.4,1,0.9,3.5,10,0
CUST-7803,22,Month-to-month,51.1,1232.9,DSL,Electronic check,1,High,0,0,1,Chat,0,0,1,60.6,70.8,1,0.0,3.3,28,0
CUST-7804,1,Month-to-month,19.9,19.9,No,Mailed check,2,Medium,1,1,3,Chat,0,0,0,39.7,42.5,0,1.1,4.0,29,0
CUST-7805,72,Two year,25.7,1937.4,No,Credit card (automatic),0,Low,0,0,1,Email,0,0,0,5.2,10.5,0,0.0,3.0,129,0
CUST-7806,50,One year,99.4,5059.75,Fiber optic,Electronic check,0,Low,0,1,0,Chat,1,0,0,18.4,26.5,0,2.5,3.9,90,0
CUST-7807,48,One year,69.7,3023.65,DSL,Bank transfer (automatic),0,Low,0,0,0,Email,0,0,0,5.8,20.5,0,0.0,2.1,96,0
CUST-7808,49,Month-to-month,98.35,4889.2,Fiber optic,Electronic check,1,Medium,1,1,2,Call,0,0,1,54.2,61.7,1,2.0,2.3,15,0
CUST-7809,28,Month-to-month,85.45,2289.9,Fiber optic,Electronic check,1,Low,1,1,1,Email,0,1,1,12.7,48.1,0,4.6,2.3,16,0
CUST-7810,68,Month-to-month,95.9,6503.2,Fiber optic,Electronic check,1,High,1,1,1,Call,1,0,1,31.7,42.6,0,0.6,4.6,1,0
CUST-7811,13,Month-to-month,100.75,1313.25,Fiber optic,Electronic check,1,Low,0,0,1,Call,0,1,1,9.0,18.3,0,0.0,4.5,1,0
CUST-7812,11,Month-to-month,89.2,990.3,Fiber optic,Electronic check,0,Medium,0,0,0,Call,0,0,1,8.6,26.6,0,0.0,3.9,148,0
CUST-7813,72,Two year,25.75,1864.2,No,Credit card (automatic),2,Medium,0,0,2,Chat,0,0,1,0.6,3.4,0,0.0,3.6,21,0
CUST-7814,70,Two year,84.1,5979.7,DSL,Electronic check,1,Medium,0,0,1,Email,0,0,1,11.1,19.6,0,0.0,3.8,15,0
CUST-7815,49,Two year,79.3,3902.45,DSL,Bank transfer (automatic),1,Low,0,0,1,Ticket,0,1,0,18.6,18.8,0,0.0,2.8,28,0
CUST-7816,67,One year,107.05,7142.5,Fiber optic,Credit card (automatic),1,Medium,0,1,1,Chat,0,0,0,2.5,9.5,0,2.5,3.2,20,0
CUST-7817,46,Two year,20.05,902.0,No,Bank transfer (automatic),0,Low,0,0,0,Chat,0,0,1,3.7,5.7,0,0.0,4.8,128,0
CUST-7818,37,Month-to-month,19.5,805.2,No,Bank transfer (automatic),0,Low,0,0,1,Email,0,0,1,64.1,83.4,1,0.0,5.0,59,0
CUST-7819,13,Month-to-month,45.3,528.45,DSL,Electronic check,5,High,0,1,5,Ticket,0,0,1,23.7,29.4,0,1.3,2.4,7,0
CUST-7820,72,Two year,115.15,8349.7,Fiber optic,Electronic check,2,High,1,0,2,Call,0,1,0,43.1,50.6,0,0.0,2.9,28,0
CUST-7821,68,Two year,72.95,4953.25,DSL,Bank transfer (automatic),3,Medium,2,0,3,Ticket,0,0,1,11.6,12.0,0,0.0,3.9,18,0
CUST-7822,15,One year,19.65,332.65,No,Mailed check,3,Low,0,0,4,Email,0,1,1,3.6,4.0,0,0.0,4.1,18,0
CUST-7823,24,Two year,19.55,470.2,No,Bank transfer (automatic),0,Medium,0,0,1,Chat,1,2,0,3.3,6.9,0,0.0,3.7,91,0
CUST-7824,24,Month-to-month,89.55,2259.35,Fiber optic,Electronic check,1,Low,0,0,1,Ticket,0,0,0,14.0,28.5,0,0.0,5.0,5,0
CUST-7825,27,Month-to-month,50.35,1411.35,DSL,Mailed check,1,Low,0,0,1,Email,0,0,0,22.6,39.5,0,0.0,3.7,5,0
CUST-7826,71,Two year,87.25,6328.7,DSL,Credit card (automatic),1,Medium,0,1,1,Call,1,0,0,44.6,104.7,0,0.5,2.0,29,0
CUST-7827,67,Two year,20.8,1411.9,No,Mailed check,2,Low,0,0,2,Chat,0,1,1,9.4,27.8,0,0.0,5.0,7,0
CUST-7828,63,Two year,109.25,6841.4,Fiber optic,Bank transfer (automatic),1,High,0,0,1,Email,0,2,0,7.1,19.5,0,0.0,4.3,21,0
CUST-7829,1,Month-to-month,20.35,20.35,No,Mailed check,1,Low,1,0,1,Call,0,1,0,49.2,63.7,1,0.0,5.0,6,0
CUST-7830,4,Month-to-month,55.9,238.5,DSL,Electronic check,0,Low,0,0,1,Chat,0,0,1,10.9,17.0,0,0.0,3.5,47,0
CUST-7831,52,Two year,79.2,4016.3,DSL,Electronic check,0,Medium,0,0,0,Ticket,0,0,0,13.2,53.4,0,0.0,2.8,162,0
CUST-7832,10,Month-to-month,24.0,226.55,No,Electronic check,0,Medium,0,0,0,Chat,0,1,0,10.7,22.3,0,0.0,4.0,34,0
CUST-7833,68,One year,101.35,7110.75,Fiber optic,Bank transfer (automatic),0,Low,0,0,1,Call,0,0,1,26.3,26.5,0,0.0,4.0,164,0
CUST-7834,52,One year,35.45,1958.95,DSL,Mailed check,0,Low,0,0,0,Email,0,0,1,1.3,6.5,0,0.0,3.2,38,0
CUST-7835,70,One year,79.4,5528.9,DSL,Bank transfer (automatic),3,Medium,0,0,3,Call,0,0,1,32.6,34.4,0,0.0,1.4,6,0
CUST-7836,43,One year,35.2,1463.7,DSL,Credit card (automatic),2,Low,0,0,4,Chat,0,0,1,9.0,12.2,0,0.0,3.0,27,0
CUST-7837,52,Two year,19.65,1025.05,No,Mailed check,0,Low,0,0,0,Call,0,0,1,60.8,70.8,1,0.0,5.0,127,0
CUST-7838,12,Two year,49.85,552.1,DSL,Mailed check,2,Medium,1,0,3,Chat,0,0,0,6.4,13.4,0,0.0,4.1,13,0
CUST-7839,56,One year,68.75,3815.4,DSL,Bank transfer (automatic),0,Low,0,0,0,Call,1,0,1,11.4,18.6,0,0.0,4.1,137,0
CUST-7840,0,Two year,61.9,1397.475,DSL,Bank transfer (automatic),1,High,0,0,1,Email,0,1,1,9.9,16.6,0,0.0,2.4,26,0
CUST-7841,42,Month-to-month,79.9,3313.4,Fiber optic,Electronic check,0,Medium,0,0,0,Call,1,1,1,29.1,31.8,0,0.0,4.4,48,0
CUST-7842,22,Month-to-month,89.75,1938.9,Fiber optic,Bank transfer (automatic),2,High,0,1,2,Chat,0,0,1,20.0,21.4,0,4.2,2.5,19,0
CUST-7843,27,Month-to-month,19.4,460.25,No,Credit card (automatic),2,Low,0,0,3,Ticket,0,0,0,18.7,25.6,0,0.0,5.0,22,0
CUST-7844,51,One year,93.65,4839.15,Fiber optic,Bank transfer (automatic),0,High,0,0,0,Email,0,0,1,22.6,26.3,0,0.0,4.4,33,0
CUST-7845,1,Month-to-month,19.9,19.9,No,Mailed check,0,Low,1,0,0,Ticket,0,0,0,57.5,62.0,1,0.0,3.5,130,0
CUST-7846,71,One year,72.9,5139.65,DSL,Bank transfer (automatic),1,Low,0,0,1,Chat,0,0,1,11.7,13.0,0,0.0,4.6,14,0
CUST-7847,69,Two year,25.6,1673.4,No,Bank transfer (automatic),0,Low,0,0,0,Email,0,1,1,19.0,37.0,0,0.0,2.6,74,0
CUST-7848,14,One year,19.75,309.35,No,Mailed check,0,Low,0,0,1,Chat,0,0,1,20.7,21.5,0,0.0,4.8,60,0
CUST-7849,57,Month-to-month,55.7,3171.6,DSL,Electronic check,1,Low,0,1,1,Ticket,0,0,0,35.0,49.6,0,0.9,4.1,13,0
CUST-7850,72,Two year,117.5,8670.1,Fiber optic,Credit card (automatic),1,Medium,0,0,2,Ticket,1,0,1,6.1,18.1,0,0.0,4.1,24,0
CUST-7851,48,Two year,19.85,916.0,No,Credit card (automatic),0,Low,0,0,0,Chat,0,1,1,29.5,30.1,0,0.0,4.6,149,0
CUST-7852,4,Month-to-month,78.9,299.75,Fiber optic,Mailed check,2,Low,0,0,2,Chat,0,0,0,12.4,33.6,0,0.0,3.6,25,0
CUST-7853,31,Month-to-month,20.65,702.05,No,Electronic check,2,Medium,0,1,2,Email,0,0,1,0.3,10.6,0,3.6,4.4,3,0
CUST-7854,1,Month-to-month,19.65,19.65,No,Mailed check,0,Low,0,0,1,Chat,0,0,0,3.0,18.2,0,0.0,3.7,82,0
CUST-7855,57,Two year,79.75,4438.2,DSL,Bank transfer (automatic),3,Medium,1,0,4,Ticket,1,0,1,32.9,43.5,0,0.0,5.0,1,0
CUST-7856,62,Two year,79.95,4819.75,DSL,Credit card (automatic),2,Medium,0,0,4,Call,0,1,1,5.6,9.0,0,0.0,3.0,23,0
CUST-7857,3,Month-to-month,29.9,92.25,DSL,Electronic check,0,High,0,1,0,Ticket,0,1,1,6.3,10.7,0,1.4,2.9,53,0
CUST-7858,72,Two year,19.75,1567.0,No,Mailed check,1,Low,0,0,2,Chat,0,0,1,23.9,94.9,0,0.0,3.1,18,0
CUST-7859,29,Month-to-month,45.0,1242.45,DSL,Mailed check,1,High,1,0,1,Ticket,1,0,1,20.8,40.6,0,0.0,2.9,2,0
CUST-7860,13,Month-to-month,44.8,559.2,DSL,Bank transfer (automatic),0,Medium,0,0,0,Chat,0,0,0,10.8,32.6,0,0.0,3.5,178,0
CUST-7861,11,Month-to-month,51.1,531.15,DSL,Electronic check,1,High,0,0,1,Email,0,0,1,23.6,27.2,0,0.0,4.2,25,0
CUST-7862,21,Two year,53.15,1183.2,DSL,Mailed check,4,Low,0,1,4,Chat,1,0,1,17.0,35.3,0,2.1,2.3,6,0
CUST-7863,19,Month-to-month,24.7,465.85,No,Bank transfer (automatic),0,Medium,0,0,1,Chat,1,0,1,3.6,8.7,0,0.0,3.7,122,0
CUST-7864,35,Month-to-month,109.95,3782.4,Fiber optic,Electronic check,1,Medium,0,0,1,Chat,1,0,1,5.8,10.6,0,0.0,4.9,10,0
CUST-7865,25,Month-to-month,20.8,460.2,No,Mailed check,1,Low,0,0,1,Chat,0,0,1,1.2,5.7,0,0.0,3.1,18,0
CUST-7866,67,Two year,25.6,1790.35,No,Bank transfer (automatic),1,Medium,0,0,1,Chat,0,0,0,19.5,20.9,0,0.0,2.8,4,0
CUST-7867,72,Two year,108.4,7767.25,Fiber optic,Credit card (automatic),0,Medium,1,0,1,Ticket,0,0,1,1.0,2.3,0,0.0,3.4,173,0
CUST-7868,43,Two year,19.55,876.15,No,Mailed check,1,Medium,0,0,1,Ticket,1,0,0,24.4,38.6,0,0.0,3.3,29,0
CUST-7869,55,Month-to-month,85.1,4600.95,Fiber optic,Electronic check,2,Low,0,1,2,Call,0,0,0,13.7,22.2,0,5.6,4.7,22,0
CUST-7870,27,Month-to-month,69.05,1793.25,Fiber optic,Mailed check,0,Medium,1,1,2,Call,0,0,1,10.4,30.4,0,3.8,5.0,73,0
CUST-7871,13,Month-to-month,70.15,886.7,Fiber optic,Mailed check,1,Low,1,0,2,Email,0,0,1,16.4,34.8,0,0.0,2.9,20,0
CUST-7872,70,Two year,111.15,7737.55,Fiber optic,Mailed check,0,Medium,0,0,0,Email,0,0,0,17.4,22.4,0,0.0,4.4,163,0
CUST-7873,19,One year,89.35,1686.85,Fiber optic,Bank transfer (automatic),0,Low,1,0,0,Call,0,0,1,15.8,17.5,0,0.0,4.0,50,0
CUST-7874,20,Month-to-month,89.1,1879.25,Fiber optic,Bank transfer (automatic),0,Low,0,0,2,Ticket,0,0,1,22.5,26.4,0,0.0,3.4,111,0
CUST-7875,43,One year,91.25,4013.8,Fiber optic,Credit card (automatic),0,Low,0,0,1,Email,0,0,1,18.2,27.7,0,0.0,4.2,154,0
CUST-7876,5,Month-to-month,90.35,434.5,Fiber optic,Mailed check,2,Medium,0,0,2,Call,0,0,1,11.9,31.2,0,0.0,4.2,16,0
CUST-7877,70,One year,105.55,7195.35,Fiber optic,Bank transfer (automatic),1,High,0,0,1,Ticket,0,0,0,31.8,38.9,0,0.0,3.4,24,0
CUST-7878,40,Two year,19.1,780.1,No,Mailed check,1,Low,1,1,2,Call,0,0,1,65.5,76.3,1,0.4,2.5,3,0
CUST-7879,6,Two year,20.4,107.6,No,Credit card (automatic),2,Low,0,0,4,Email,0,0,0,17.1,26.7,0,0.0,3.1,1,0
CUST-7880,39,Two year,100.45,3801.7,Fiber optic,Electronic check,1,Low,0,0,1,Email,1,0,1,22.4,25.3,0,0.0,3.3,20,0
CUST-7881,45,Month-to-month,85.7,3778.1,Fiber optic,Bank transfer (automatic),3,Medium,0,0,3,Chat,1,0,0,12.8,19.7,0,0.0,2.5,20,0
CUST-7882,57,Month-to-month,94.0,5438.95,Fiber optic,Credit card (automatic),1,Low,0,1,2,Call,0,0,1,9.2,22.3,0,1.4,5.0,29,0
CUST-7883,72,Two year,69.85,5102.35,DSL,Bank transfer (automatic),4,Low,0,0,4,Call,0,0,0,35.5,36.1,0,0.0,3.4,15,0
CUST-7884,72,Two year,25.85,1872.2,No,Credit card (automatic),2,Medium,0,0,2,Call,0,0,0,3.9,14.9,0,0.0,3.5,18,0
CUST-7885,3,Two year,71.1,213.35,DSL,Mailed check,0,Low,1,0,0,Email,0,0,0,21.1,48.7,0,0.0,3.6,146,0
CUST-7886,59,Month-to-month,93.35,5386.5,Fiber optic,Electronic check,1,Low,0,0,2,Ticket,0,0,1,2.7,32.1,0,0.0,4.1,16,0
CUST-7887,4,Month-to-month,50.55,235.65,DSL,Bank transfer (automatic),1,Low,0,0,1,Call,1,0,0,26.2,49.0,0,0.0,5.0,16,0
CUST-7888,27,Month-to-month,81.3,2272.8,Fiber optic,Electronic check,1,Medium,0,0,1,Ticket,0,0,1,4.8,7.8,0,0.0,3.1,28,0
CUST-7889,4,Month-to-month,20.7,83.75,No,Credit card (automatic),0,High,0,0,0,Call,0,1,0,16.8,40.3,0,0.0,3.7,178,0
CUST-7890,60,Month-to-month,79.05,4663.4,DSL,Credit card (automatic),1,Medium,2,1,2,Email,0,0,1,2.7,4.1,0,0.9,4.9,11,0
CUST-7891,8,Two year,19.05,201.7,No,Mailed check,3,Low,0,0,4,Ticket,0,0,1,0.0,4.7,0,0.0,3.3,15,0
CUST-7892,8,Two year,19.6,125.0,No,Credit card (automatic),1,Medium,1,1,1,Call,0,0,1,24.3,30.4,0,0.1,4.5,18,0
CUST-7893,35,Two year,20.2,684.4,No,Mailed check,2,Low,0,1,3,Ticket,0,1,0,37.5,40.2,0,2.4,3.9,21,0
CUST-7894,53,Two year,20.9,1146.05,No,Mailed check,1,Medium,0,0,2,Call,0,0,1,28.9,53.8,0,0.0,4.5,16,0
CUST-7895,18,Month-to-month,103.6,1806.35,Fiber optic,Credit card (automatic),1,Medium,0,1,1,Chat,0,0,1,2.6,18.6,0,5.8,2.2,14,0
CUST-7896,15,Two year,38.8,603.0,DSL,Mailed check,2,High,0,0,2,Chat,0,0,1,4.8,19.8,0,0.0,2.4,5,0
CUST-7897,67,One year,88.4,5798.3,Fiber optic,Bank transfer (automatic),1,Low,0,0,1,Chat,0,0,0,31.3,62.8,0,0.0,4.7,27,0
CUST-7898,6,Month-to-month,79.7,497.6,Fiber optic,Electronic check,3,Medium,0,0,3,Call,0,0,0,0.3,17.5,0,0.0,2.4,14,0
CUST-7899,1,Month-to-month,19.3,19.3,No,Mailed check,0,Medium,0,0,0,Ticket,0,0,1,13.5,20.2,0,0.0,3.0,46,0
CUST-7900,5,Month-to-month,55.75,266.95,DSL,Mailed check,0,Low,0,0,1,Chat,0,0,0,32.5,34.2,0,0.0,2.7,120,0
CUST-7901,13,One year,19.95,257.0,No,Mailed check,1,Medium,1,0,1,Email,0,0,0,3.9,25.0,0,0.0,1.1,23,0
CUST-7902,29,Month-to-month,89.65,2623.65,Fiber optic,Mailed check,1,High,0,0,2,Ticket,1,0,0,2.8,17.8,0,0.0,3.7,16,0
CUST-7903,1,Month-to-month,45.85,45.85,DSL,Mailed check,1,High,0,0,1,Chat,0,0,0,3.6,14.8,0,0.0,3.7,5,0
CUST-7904,18,Month-to-month,55.95,1082.8,DSL,Mailed check,0,Medium,0,0,1,Email,1,1,1,25.4,41.8,0,0.0,3.4,154,0
CUST-7905,2,Month-to-month,69.0,147.8,DSL,Credit card (automatic),4,Low,0,0,4,Email,0,0,1,60.5,77.3,1,0.0,5.0,6,0
CUST-7906,30,Month-to-month,83.55,2570.2,Fiber optic,Bank transfer (automatic),1,High,1,1,2,Email,0,0,0,4.3,20.6,0,5.7,3.3,15,0
CUST-7907,66,Two year,65.7,4378.9,DSL,Bank transfer (automatic),1,Medium,1,0,2,Call,0,1,1,2.1,9.3,0,0.0,3.4,27,0
CUST-7908,38,Two year,94.9,3616.25,Fiber optic,Bank transfer (automatic),1,Low,0,1,1,Email,2,1,1,5.7,14.9,0,0.4,4.5,12,0
CUST-7909,44,Month-to-month,61.9,2924.05,DSL,Mailed check,1,Low,1,1,1,Ticket,1,0,0,2.1,21.6,0,1.1,4.2,6,0
CUST-7910,2,Month-to-month,20.0,32.7,No,Mailed check,2,Low,0,0,2,Ticket,0,1,0,0.1,31.8,0,0.0,3.8,7,0
CUST-7911,42,One year,67.7,2882.25,DSL,Mailed check,0,Low,1,0,0,Call,0,0,0,10.8,19.5,0,0.0,4.1,88,0
CUST-7912,58,Two year,25.15,1509.9,No,Credit card (automatic),1,Medium,0,2,1,Email,1,0,1,25.1,39.2,0,1.4,4.8,20,0
CUST-7913,58,Month-to-month,92.85,5305.05,Fiber optic,Electronic check,1,Low,0,0,1,Ticket,1,0,1,6.7,15.2,0,0.0,3.4,17,0
CUST-7914,71,Two year,111.3,7985.9,Fiber optic,Mailed check,0,Low,1,0,1,Call,0,0,0,7.2,13.7,0,0.0,4.1,65,0
CUST-7915,48,One year,60.6,2985.25,DSL,Bank transfer (automatic),0,Low,1,0,0,Email,1,0,0,4.7,22.9,0,0.0,4.2,95,0
CUST-7916,8,Two year,65.5,564.35,DSL,Mailed check,1,Low,0,0,3,Ticket,0,0,1,2.5,4.5,0,0.0,2.4,19,0
CUST-7917,67,Two year,19.95,1311.75,No,Bank transfer (automatic),0,Low,0,1,1,Email,0,0,0,1.2,8.3,0,3.7,3.8,150,0
CUST-7918,49,Month-to-month,74.6,3720.35,Fiber optic,Bank transfer (automatic),0,Low,0,0,1,Call,0,0,1,15.2,25.9,0,0.0,3.8,63,0
CUST-7919,52,Month-to-month,94.6,5025.8,Fiber optic,Bank transfer (automatic),0,Low,0,0,0,Chat,0,1,0,26.0,40.8,0,0.0,3.8,72,0
CUST-7920,63,One year,81.15,5224.5,Fiber optic,Credit card (automatic),0,Medium,1,0,0,Ticket,0,0,0,12.6,38.5,0,0.0,2.9,156,0
CUST-7921,68,Two year,89.05,6185.8,DSL,Bank transfer (automatic),3,Low,1,0,3,Email,0,0,1,33.5,35.6,0,0.0,2.0,13,0
CUST-7922,31,Month-to-month,49.2,1498.55,DSL,Mailed check,0,Medium,0,0,0,Email,0,0,1,11.1,17.6,0,0.0,4.1,153,0
CUST-7923,64,Two year,19.45,1208.6,No,Credit card (automatic),2,Low,0,0,2,Chat,0,1,1,1.3,4.4,0,0.0,2.5,21,0
CUST-7924,62,One year,104.3,6613.65,Fiber optic,Electronic check,0,Low,0,1,0,Email,1,0,1,16.7,26.2,0,0.8,3.8,107,0
CUST-7925,21,Month-to-month,86.05,1818.9,Fiber optic,Electronic check,2,Low,0,0,3,Call,1,0,1,22.6,25.3,0,0.0,4.5,3,0
CUST-7926,72,Two year,25.2,1787.35,No,Bank transfer (automatic),3,Low,0,0,3,Call,0,1,1,2.4,5.7,0,0.0,4.8,4,0
CUST-7927,32,Month-to-month,35.15,1051.05,DSL,Electronic check,0,Low,1,0,2,Email,1,0,0,13.3,14.9,0,0.0,3.6,89,0
CUST-7928,71,One year,99.65,7181.25,Fiber optic,Credit card (automatic),2,Low,0,0,2,Email,0,0,1,6.3,16.3,0,0.0,4.3,10,0
CUST-7929,34,Month-to-month,105.35,3688.6,Fiber optic,Bank transfer (automatic),2,Low,3,0,3,Ticket,0,1,1,59.1,78.5,1,0.0,3.2,21,0
CUST-7930,35,Two year,24.3,821.6,No,Bank transfer (automatic),0,Medium,0,1,0,Call,0,0,1,4.3,5.9,0,1.0,2.5,137,0
CUST-7931,3,Month-to-month,80.7,239.45,Fiber optic,Electronic check,1,Low,1,0,1,Ticket,0,0,1,20.7,39.6,0,0.0,3.9,19,0
CUST-7932,3,Month-to-month,89.85,244.45,Fiber optic,Mailed check,0,High,1,0,0,Chat,0,0,1,6.6,46.9,0,0.0,4.3,151,0
CUST-7933,53,One year,61.1,3357.9,DSL,Electronic check,0,Medium,1,1,2,Ticket,0,1,1,9.7,17.5,0,0.5,4.1,120,0
CUST-7934,4,Month-to-month,29.05,129.6,DSL,Electronic check,1,Medium,0,1,2,Email,0,1,1,31.6,40.8,0,0.1,3.1,22,0
CUST-7935,48,One year,99.7,4977.2,Fiber optic,Bank transfer (automatic),1,Low,0,0,1,Ticket,0,0,0,105.7,122.9,1,0.0,5.0,23,0
CUST-7936,54,Two year,46.0,2424.05,DSL,Credit card (automatic),0,Medium,1,0,0,Ticket,0,0,1,2.3,19.0,0,0.0,4.4,164,0
CUST-7937,62,Month-to-month,80.4,4981.15,DSL,Bank transfer (automatic),0,Low,1,0,0,Ticket,0,0,0,11.1,12.4,0,0.0,5.0,158,0
CUST-7938,22,One year,100.05,2090.25,Fiber optic,Mailed check,0,Low,0,0,0,Call,0,0,0,17.4,38.6,0,0.0,3.9,72,0
CUST-7939,51,One year,94.0,4905.75,Fiber optic,Bank transfer (automatic),3,Low,0,0,4,Ticket,0,0,0,9.0,10.4,0,0.0,3.6,2,0
CUST-7940,30,One year,68.95,2038.7,DSL,Credit card (automatic),1,High,0,0,2,Chat,0,0,1,2.5,12.6,0,0.0,4.8,1,0
CUST-7941,56,One year,68.45,4014.0,DSL,Credit card (automatic),0,Low,0,1,0,Ticket,1,1,1,0.4,8.8,0,1.1,3.9,99,0
CUST-7942,35,One year,69.0,2441.7,DSL,Electronic check,1,High,0,0,2,Ticket,0,0,1,0.6,21.6,0,0.0,2.9,1,0
CUST-7943,64,Month-to-month,43.85,2751.0,DSL,Electronic check,0,Low,0,0,0,Ticket,0,0,1,12.4,14.1,0,0.0,4.3,144,0
CUST-7944,30,Month-to-month,44.5,1307.8,DSL,Electronic check,0,High,0,0,0,Email,0,0,0,9.5,22.0,0,0.0,3.8,50,0
CUST-7945,25,Two year,18.7,383.65,No,Mailed check,1,High,0,2,1,Email,0,0,0,69.8,96.8,1,3.3,4.2,17,0
CUST-7946,1,Month-to-month,53.55,53.55,DSL,Mailed check,3,High,1,1,3,Chat,1,0,1,43.8,53.4,0,3.0,3.0,13,0
CUST-7947,70,Two year,114.6,7882.5,Fiber optic,Electronic check,1,Low,0,0,2,Email,2,0,0,17.0,41.1,0,0.0,3.4,1,0
CUST-7948,57,Two year,20.1,1087.7,No,Bank transfer (automatic),0,High,0,0,0,Email,0,0,1,11.6,37.4,0,0.0,4.9,47,0
CUST-7949,9,Month-to-month,85.5,791.7,Fiber optic,Electronic check,1,High,1,0,3,Call,0,1,0,15.3,18.8,0,0.0,4.6,26,0
CUST-7950,69,One year,108.75,7493.05,Fiber optic,Bank transfer (automatic),0,Low,0,1,2,Chat,0,0,1,11.2,36.7,0,1.3,2.3,133,0
CUST-7951,72,Two year,97.85,6841.3,Fiber optic,Electronic check,2,Low,0,0,2,Email,0,0,1,7.7,21.4,0,0.0,3.7,19,0
CUST-7952,44,Two year,19.55,819.95,No,Bank transfer (automatic),0,Medium,1,1,0,Call,0,0,0,17.0,40.6,0,1.4,5.0,38,0
CUST-7953,72,Two year,84.05,6052.25,Fiber optic,Bank transfer (automatic),0,Low,0,0,1,Email,1,0,0,48.0,51.6,0,0.0,4.3,148,0
CUST-7954,54,Month-to-month,89.4,4869.5,Fiber optic,Credit card (automatic),0,Medium,0,0,0,Call,1,0,1,18.7,24.4,0,0.0,4.8,105,0
CUST-7955,27,Two year,19.7,509.3,No,Credit card (automatic),2,Low,1,2,3,Email,0,1,1,3.5,14.6,0,5.4,3.7,24,0
CUST-7956,54,Month-to-month,79.85,4308.25,Fiber optic,Bank transfer (automatic),0,Medium,0,1,0,Email,0,0,0,11.6,28.5,0,1.8,2.5,117,0
CUST-7957,3,Month-to-month,74.45,221.1,Fiber optic,Credit card (automatic),0,Low,0,0,0,Email,0,0,1,3.4,52.1,0,0.0,3.5,106,0
CUST-7958,53,One year,74.1,3833.95,DSL,Bank transfer (automatic),0,Low,1,0,2,Email,0,0,0,2.3,3.1,0,0.0,2.0,65,0
CUST-7959,15,One year,18.8,294.95,No,Mailed check,0,Low,0,0,2,Ticket,0,0,0,7.2,16.6,0,0.0,4.5,91,0
CUST-7960,5,Month-to-month,64.4,316.9,DSL,Credit card (automatic),0,Medium,0,0,2,Email,1,1,0,4.0,13.5,0,0.0,3.9,79,0
CUST-7961,48,One year,55.8,2651.2,DSL,Credit card (automatic),1,Low,0,1,1,Chat,0,1,1,49.3,77.7,1,0.1,4.5,26,0
CUST-7962,25,Month-to-month,20.05,471.7,No,Credit card (automatic),2,Medium,0,0,2,Ticket,1,0,1,1.0,4.3,0,0.0,4.3,2,0
CUST-7963,58,One year,99.15,5720.95,Fiber optic,Bank transfer (automatic),0,Medium,0,1,0,Chat,0,0,1,59.9,62.0,1,5.4,4.7,153,0
CUST-7964,10,Month-to-month,56.75,503.25,DSL,Bank transfer (automatic),2,Low,1,0,3,Ticket,0,0,0,33.1,41.0,0,0.0,4.4,2,0
CUST-7965,71,Two year,104.15,7365.3,Fiber optic,Credit card (automatic),2,Low,0,0,4,Ticket,0,0,0,5.5,21.0,0,0.0,1.9,3,0
CUST-7966,65,Two year,110.8,7245.9,Fiber optic,Credit card (automatic),0,Low,1,1,0,Chat,0,0,1,1.7,44.6,0,0.2,3.8,168,0
CUST-7967,28,Month-to-month,35.75,961.4,DSL,Mailed check,1,Low,1,0,1,Call,0,0,1,15.1,25.2,0,0.0,2.8,4,0
CUST-7968,67,Two year,69.9,4615.9,DSL,Bank transfer (automatic),0,Low,2,1,0,Chat,0,0,0,5.1,20.6,0,0.8,3.9,69,0
CUST-7969,35,One year,89.2,3251.3,Fiber optic,Electronic check,2,Medium,0,0,2,Email,0,0,0,5.2,9.1,0,0.0,4.6,27,0
CUST-7970,72,Two year,55.65,3880.05,DSL,Credit card (automatic),1,High,0,0,1,Email,1,0,1,15.4,28.9,0,0.0,4.4,12,0
CUST-7971,61,One year,50.7,3088.75,DSL,Bank transfer (automatic),0,Low,1,1,1,Chat,0,0,1,11.0,14.3,0,1.1,3.9,80,0
CUST-7972,68,Two year,20.0,1396.0,No,Credit card (automatic),0,Medium,1,0,0,Call,0,2,0,12.7,20.9,0,0.0,4.6,178,0
CUST-7973,3,Month-to-month,19.1,53.05,No,Mailed check,2,High,0,0,2,Ticket,0,1,1,6.9,7.5,0,0.0,3.9,8,0
CUST-7974,48,Month-to-month,45.55,2108.35,DSL,Credit card (automatic),0,High,0,2,1,Ticket,0,0,1,7.1,11.7,0,10.9,4.2,164,0
CUST-7975,68,One year,101.05,6770.5,Fiber optic,Credit card (automatic),1,High,0,1,1,Email,0,0,0,134.1,152.4,1,1.1,3.4,7,0
CUST-7976,47,One year,103.7,4730.6,Fiber optic,Electronic check,0,Medium,2,0,0,Call,0,0,0,9.0,9.8,0,0.0,2.7,52,0
CUST-7977,32,One year,36.25,1151.05,DSL,Mailed check,1,Low,0,1,3,Ticket,0,1,1,4.5,9.1,0,1.1,4.5,27,0
CUST-7978,5,Month-to-month,49.4,232.55,DSL,Mailed check,0,High,0,0,1,Ticket,0,0,0,21.9,24.2,0,0.0,5.0,122,0
CUST-7979,49,Two year,19.9,1022.6,No,Credit card (automatic),1,High,1,0,2,Email,0,0,1,27.6,39.4,0,0.0,3.5,17,0
CUST-7980,15,Month-to-month,19.8,309.4,No,Mailed check,1,Low,0,0,1,Call,0,0,0,4.8,21.2,0,0.0,4.0,28,0
CUST-7981,12,Month-to-month,45.05,523.1,DSL,Electronic check,1,Low,0,0,1,Ticket,0,0,1,2.1,3.5,0,0.0,3.5,8,0
CUST-7982,67,Two year,64.55,4250.1,DSL,Bank transfer (automatic),0,Low,0,0,1,Call,1,0,1,6.3,15.2,0,0.0,5.0,164,0
CUST-7983,9,Month-to-month,86.25,770.5,Fiber optic,Electronic check,1,Low,1,0,2,Call,1,0,1,13.4,27.1,0,0.0,4.9,10,0
CUST-7984,13,Two year,19.75,246.7,No,Bank transfer (automatic),1,Low,2,0,1,Email,0,0,0,8.6,63.8,0,0.0,4.6,22,0
CUST-7985,38,One year,89.1,3342.0,Fiber optic,Mailed check,2,Medium,1,0,2,Ticket,0,0,1,3.0,6.0,0,0.0,4.3,8,0
CUST-7986,42,Month-to-month,95.55,3930.6,Fiber optic,Electronic check,3,Medium,0,0,4,Email,0,0,1,0.4,1.4,0,0.0,3.6,28,0
CUST-7987,9,Month-to-month,102.6,897.75,Fiber optic,Credit card (automatic),1,Low,1,1,1,Chat,0,0,1,12.7,16.3,0,0.1,3.2,20,0
CUST-7988,49,One year,56.3,2780.6,DSL,Credit card (automatic),0,Low,0,0,1,Ticket,0,0,0,36.8,46.7,0,0.0,4.7,128,0
CUST-7989,61,Month-to-month,94.2,5895.45,Fiber optic,Credit card (automatic),1,Medium,0,1,1,Call,0,0,0,16.3,28.3,0,0.4,3.0,7,0
CUST-7990,50,One year,43.05,2208.05,DSL,Bank transfer (automatic),1,Low,0,0,1,Call,2,1,1,36.5,42.2,0,0.0,3.4,18,0
CUST-7991,53,One year,94.0,4871.45,Fiber optic,Electronic check,0,Low,2,0,1,Ticket,0,0,0,26.2,33.0,0,0.0,4.3,35,0
CUST-7992,51,One year,98.85,4947.55,Fiber optic,Electronic check,2,Medium,0,0,3,Email,1,0,1,7.6,17.1,0,0.0,1.8,8,0
CUST-7993,24,Two year,64.35,1558.65,DSL,Electronic check,0,Low,0,0,1,Call,0,0,1,9.6,11.6,0,0.0,4.8,175,0
CUST-7994,62,Two year,72.0,4284.2,DSL,Credit card (automatic),1,Low,0,0,1,Ticket,0,0,0,35.7,74.9,0,0.0,4.6,22,0
CUST-7995,24,Month-to-month,49.7,1218.25,DSL,Mailed check,1,Low,0,0,3,Call,0,0,0,22.0,35.4,0,0.0,4.0,14,0
CUST-7996,70,Two year,80.7,5617.95,DSL,Electronic check,1,Medium,1,0,1,Email,0,0,0,14.8,23.6,0,0.0,4.0,10,0
CUST-7997,1,Month-to-month,24.2,24.2,DSL,Mailed check,1,Medium,0,0,2,Ticket,0,0,1,53.0,68.8,1,0.0,2.9,18,0
CUST-7998,8,Month-to-month,65.45,554.45,DSL,Electronic check,0,Low,1,1,1,Email,0,0,1,0.9,2.1,0,6.2,4.5,42,0
CUST-7999,72,Two year,74.35,5237.4,DSL,Electronic check,3,Low,0,0,3,Email,0,0,1,35.0,53.5,0,0.0,2.8,14,0
CUST-8000,23,Month-to-month,83.2,2032.3,Fiber optic,Bank transfer (automatic),0,Medium,0,0,0,Ticket,1,0,1,6.9,9.5,0,0.0,2.9,39,0
CUST-8001,31,Month-to-month,25.0,789.2,DSL,Credit card (automatic),0,High,0,0,1,Email,0,0,1,18.9,19.9,0,0.0,4.5,39,0
CUST-8002,37,One year,40.2,1525.35,DSL,Electronic check,0,Medium,0,1,1,Email,0,0,1,44.4,70.3,0,2.0,4.0,56,0
CUST-8003,35,One year,108.35,3726.15,Fiber optic,Electronic check,3,Medium,2,0,3,Email,0,0,1,7.9,22.4,0,0.0,5.0,6,0
CUST-8004,23,Month-to-month,69.5,1652.1,DSL,Credit card (automatic),1,Medium,1,0,1,Call,0,0,1,12.3,12.8,0,0.0,4.6,7,0
CUST-8005,20,One year,76.0,1588.75,DSL,Bank transfer (automatic),2,Medium,0,1,2,Email,0,0,1,7.0,39.2,0,5.9,2.9,20,0
CUST-8006,36,Month-to-month,93.6,3366.05,Fiber optic,Electronic check,0,High,0,0,0,Chat,1,0,0,21.9,96.7,0,0.0,4.1,119,0
CUST-8007,71,One year,100.55,7113.75,Fiber optic,Bank transfer (automatic),0,Medium,0,0,0,Call,0,0,1,2.5,14.1,0,0.0,4.3,127,0
CUST-8008,43,One year,24.45,993.15,No,Bank transfer (automatic),0,High,0,0,0,Chat,0,0,0,25.2,27.1,0,0.0,3.7,140,0
CUST-8009,57,Two year,89.55,5012.35,DSL,Mailed check,0,Low,1,0,2,Email,1,0,0,27.3,36.0,0,0.0,3.5,169,0
CUST-8010,27,Month-to-month,76.1,2093.4,Fiber optic,Electronic check,0,High,0,0,1,Email,0,0,1,1.2,14.8,0,0.0,2.6,70,0
CUST-8011,13,Month-to-month,80.5,1011.8,Fiber optic,Electronic check,0,Medium,0,0,0,Call,0,0,1,9.2,11.6,0,0.0,5.0,150,0
CUST-8012,67,One year,20.55,1343.4,No,Electronic check,0,High,0,0,0,Email,1,0,1,21.5,27.4,0,0.0,4.3,71,0
CUST-8013,64,Two year,105.4,6794.75,Fiber optic,Bank transfer (automatic),3,Low,0,0,3,Call,0,0,0,1.8,3.2,0,0.0,1.9,13,0
CUST-8014,26,Month-to-month,35.75,1022.5,DSL,Electronic check,0,Medium,0,0,1,Ticket,0,0,0,28.4,38.8,0,0.0,5.0,97,0
CUST-8015,38,Month-to-month,95.1,3691.2,Fiber optic,Credit card (automatic),0,Medium,0,0,0,Call,0,1,0,18.5,23.6,0,0.0,4.7,46,0
CUST-8016,23,One year,19.3,486.2,No,Credit card (automatic),2,Low,0,1,2,Email,0,0,0,11.2,16.4,0,0.3,5.0,19,0
CUST-8017,72,Two year,63.1,4685.55,DSL,Bank transfer (automatic),1,Medium,0,0,3,Call,1,0,0,1.8,9.2,0,0.0,5.0,22,0
CUST-8018,62,Two year,84.95,5150.55,DSL,Electronic check,1,Medium,0,0,2,Call,0,0,1,1.3,4.8,0,0.0,4.0,19,0
CUST-8019,40,Month-to-month,93.4,3756.4,Fiber optic,Bank transfer (automatic),0,Low,0,0,1,Call,0,0,1,5.1,16.6,0,0.0,4.2,176,0
CUST-8020,41,Month-to-month,89.2,3645.75,Fiber optic,Electronic check,2,Low,0,0,2,Email,0,0,1,28.1,41.5,0,0.0,1.3,12,0
CUST-8021,34,Month-to-month,85.2,2874.45,Fiber optic,Credit card (automatic),1,Medium,0,0,2,Call,0,0,1,39.7,43.2,0,0.0,3.9,24,0
CUST-8022,1,Month-to-month,49.95,49.95,DSL,Electronic check,0,Medium,0,1,0,Chat,0,0,0,5.1,22.8,0,1.0,3.5,59,0
CUST-8023,51,Two year,20.65,1020.75,No,Bank transfer (automatic),3,Low,0,0,3,Ticket,0,0,1,6.5,7.2,0,0.0,2.9,25,0
CUST-8024,39,Two year,20.15,826.0,No,Mailed check,1,Low,0,0,2,Ticket,0,0,1,3.4,17.5,0,0.0,2.5,23,0
CUST-8025,12,Month-to-month,19.2,239.0,No,Electronic check,2,Low,0,0,3,Ticket,0,1,1,20.8,27.7,0,0.0,4.1,23,0
CUST-8026,72,One year,104.95,7544.3,Fiber optic,Electronic check,1,Low,2,0,1,Call,0,0,0,0.5,12.2,0,0.0,3.1,26,0
CUST-8027,63,Month-to-month,103.5,6479.4,Fiber optic,Electronic check,0,Low,0,1,2,Call,0,1,1,48.1,54.2,1,0.5,4.7,141,0
CUST-8028,44,Month-to-month,84.8,3626.35,Fiber optic,Credit card (automatic),1,Medium,0,0,1,Ticket,1,0,0,5.8,11.5,0,0.0,2.6,16,0
CUST-8029,18,Month-to-month,95.05,1679.4,Fiber optic,Bank transfer (automatic),4,Medium,0,0,5,Ticket,1,0,1,26.5,28.4,0,0.0,1.6,13,0
CUST-8030,13,Month-to-month,73.35,931.55,DSL,Mailed check,1,Medium,0,0,2,Email,0,0,0,60.1,75.1,1,0.0,5.0,20,0
CUST-8031,68,Two year,64.1,4326.25,DSL,Bank transfer (automatic),2,Low,0,0,2,Call,0,1,0,2.9,7.1,0,0.0,4.8,27,0
CUST-8032,6,Month-to-month,44.4,263.05,DSL,Electronic check,3,Low,0,0,3,Email,0,0,0,2.4,9.1,0,0.0,2.5,28,0
CUST-8033,2,Month-to-month,20.05,39.25,No,Mailed check,1,Low,0,0,1,Call,0,0,1,5.8,22.8,0,0.0,3.2,1,0
CUST-8034,55,One year,60.0,3316.1,DSL,Credit card (automatic),1,Medium,1,0,1,Ticket,0,0,1,16.0,19.2,0,0.0,3.8,28,0
CUST-8035,38,Month-to-month,69.5,2625.25,Fiber optic,Credit card (automatic),1,Medium,0,1,2,Chat,0,0,1,0.0,7.2,0,0.3,4.5,13,0
CUST-8036,19,Month-to-month,78.7,1495.1,Fiber optic,Bank transfer (automatic),0,High,1,1,3,Email,1,0,0,16.8,21.4,0,0.6,4.6,141,0
CUST-8037,12,One year,60.65,743.3,DSL,Electronic check,0,Low,1,0,0,Chat,0,0,1,15.5,30.6,0,0.0,3.6,87,0
CUST-8038,72,Two year,21.15,1419.4,No,Bank transfer (automatic),0,Medium,2,0,0,Call,1,0,0,0.8,40.3,0,0.0,3.9,87,0
CUST-8039,24,One year,84.8,1990.5,DSL,Mailed check,2,Medium,1,0,2,Chat,0,0,1,13.3,49.4,0,0.0,3.9,26,0
CUST-8040,72,One year,103.2,7362.9,Fiber optic,Credit card (automatic),0,Medium,0,0,1,Ticket,0,0,1,32.4,40.6,0,0.0,2.7,168,0
CUST-8041,11,Month-to-month,29.6,346.45,DSL,Electronic check,1,Medium,0,2,2,Call,0,0,1,6.4,8.6,0,2.9,3.5,16,0
CUST-8042,66,Two year,105.65,6844.5,Fiber optic,Bank transfer (automatic),0,Medium,0,0,0,Ticket,0,0,1,30.7,71.3,0,0.0,4.0,115,0
