customer_id,tenure_months,plan_type,region,segment,n_complaints_30d,severity,reopen_count,open_unresolved_count,n_contacts_30d,channel,n_repeat_contacts,escalation_count,first_contact_resolved,avg_resolution_hours,max_resolution_hours,sla_breached,pending_age_days,csat_score,usage_last_30d,usage_change_pct,last_active_days_ago,days_since_last_complaint,churned
CUST-1000,52,Premium,South,Individual,1,Low,0,1,1,Ticket,0,0,1,35.9,44.0,0,0.3,2.2,117.7,-14.6,8,1,0
CUST-1001,15,Basic,East,Individual,3,Low,2,0,3,Email,0,1,1,12.5,30.0,0,0.0,2.7,110.4,-8.1,0,26,1
CUST-1002,61,Standard,North,Small Business,0,Medium,0,0,0,Ticket,0,3,0,7.4,14.3,0,0.0,4.2,146.2,3.8,0,153,1
CUST-1003,21,Standard,West,Individual,1,High,0,0,2,Call,0,0,0,0.2,7.9,0,0.0,4.0,133.2,-4.8,0,3,1
CUST-1004,24,Standard,North,Individual,0,Medium,1,0,0,Call,1,0,1,23.6,29.5,0,0.0,3.9,149.4,-6.4,7,178,1
CUST-1005,3,Basic,North,Small Business,2,Low,1,2,2,Ticket,0,0,1,6.1,74.4,0,0.1,4.1,149.6,-16.6,6,8,0
CUST-1006,22,Standard,North,Small Business,1,High,1,0,1,Call,0,1,1,10.0,20.6,0,0.0,4.7,82.3,-21.6,4,19,0
CUST-1007,53,Basic,East,Individual,0,Medium,0,0,1,Chat,0,0,0,11.2,15.0,0,0.0,4.6,70.0,14.9,1,151,1
CUST-1008,2,Basic,West,Small Business,0,Medium,0,0,0,Ticket,0,0,1,38.5,51.0,0,0.0,5.0,146.5,-24.1,2,137,1
CUST-1009,30,Standard,South,Individual,0,High,0,0,1,Chat,1,0,0,38.1,47.6,0,0.0,4.5,79.0,-25.7,3,173,1
CUST-1010,38,Standard,North,Individual,2,High,1,0,3,Call,0,0,1,29.9,52.6,0,0.0,1.0,101.3,-8.4,17,29,1
CUST-1011,2,Standard,West,Individual,0,Medium,1,0,0,Chat,0,0,0,29.1,70.3,0,0.0,4.6,92.0,-17.5,1,144,1
CUST-1012,64,Premium,West,Small Business,0,Medium,0,0,0,Ticket,1,0,1,13.7,15.4,0,0.0,3.8,73.6,-13.8,2,87,0
CUST-1013,60,Basic,South,Small Business,1,Medium,1,0,2,Chat,1,0,1,31.3,90.9,0,0.0,3.9,83.0,-14.1,5,28,0
CUST-1014,21,Basic,North,Small Business,1,Low,0,1,1,Chat,0,1,0,39.1,41.8,0,0.2,3.8,74.1,-16.4,1,17,1
CUST-1015,33,Standard,East,Individual,0,Medium,0,0,2,Call,0,0,0,13.8,18.6,0,0.0,4.9,58.0,-8.2,0,121,1
CUST-1016,58,Basic,West,Individual,0,Low,0,1,0,Call,0,0,0,46.1,68.5,0,0.2,3.2,86.5,0.1,2,33,1
CUST-1017,22,Basic,South,Individual,3,Low,1,1,3,Ticket,0,2,0,92.9,95.4,1,1.7,2.6,119.0,-9.3,3,22,1
CUST-1018,49,Basic,East,Individual,0,Medium,0,0,2,Ticket,0,0,0,3.9,29.4,0,0.0,3.6,151.3,-16.6,5,97,0
CUST-1019,59,Basic,West,Individual,2,Low,1,4,2,Call,0,0,1,77.3,94.1,1,11.9,3.8,106.0,-1.6,7,3,1
CUST-1020,42,Premium,North,Enterprise,1,Medium,0,2,2,Email,0,0,0,5.6,30.2,0,5.5,4.5,78.3,-18.8,10,8,1
CUST-1021,60,Basic,West,Small Business,0,Medium,1,1,1,Call,0,0,0,54.4,66.8,1,3.5,3.0,123.6,-2.0,2,170,0
CUST-1022,15,Standard,East,Individual,2,High,0,0,3,Email,0,1,1,38.1,100.3,0,0.0,4.6,93.6,14.3,3,10,1
CUST-1023,62,Basic,East,Individual,0,Low,1,0,1,Chat,0,0,1,49.6,63.0,1,0.0,5.0,106.1,-28.7,9,87,0
CUST-1024,62,Standard,North,Individual,2,High,0,1,2,Ticket,1,1,1,12.4,19.9,0,0.2,2.8,135.8,-1.8,3,12,0
CUST-1025,47,Basic,North,Small Business,3,High,0,0,3,Chat,1,0,0,3.3,54.2,0,0.0,2.3,125.4,-7.5,0,23,0
CUST-1026,62,Standard,South,Small Business,1,Medium,1,0,1,Chat,2,0,0,5.0,6.2,0,0.0,4.6,35.9,2.0,2,16,0
CUST-1027,51,Standard,North,Small Business,2,Medium,0,0,3,Call,0,1,1,7.3,18.1,0,0.0,3.2,108.3,-2.1,7,15,0
CUST-1028,55,Basic,South,Individual,1,Low,2,1,1,Ticket,0,0,0,5.7,20.7,0,5.4,2.4,87.5,-29.4,3,6,1
CUST-1029,64,Standard,East,Individual,1,High,0,0,3,Email,0,1,1,68.5,74.8,1,0.0,3.3,102.2,14.7,1,25,0
CUST-1030,3,Basic,East,Enterprise,2,Medium,0,2,2,Call,0,0,1,3.4,4.8,0,6.0,1.6,66.4,-30.6,14,23,1
CUST-1031,51,Standard,West,Enterprise,0,Low,0,1,0,Call,0,0,0,23.2,31.1,0,1.9,3.0,96.4,-6.2,1,77,1
CUST-1032,7,Basic,West,Individual,2,Low,0,0,3,Chat,0,0,1,14.3,39.3,0,0.0,4.4,62.6,-20.4,3,7,0
CUST-1033,21,Premium,South,Individual,2,Medium,0,0,2,Email,0,0,0,0.7,13.4,0,0.0,5.0,122.1,5.9,2,2,1
CUST-1034,39,Basic,North,Individual,0,Low,0,0,0,Call,0,0,0,4.8,26.0,0,0.0,3.7,137.2,-9.5,2,33,1
CUST-1035,18,Standard,North,Small Business,3,Medium,0,0,3,Ticket,0,0,1,54.2,73.2,1,0.0,2.8,78.6,-24.6,5,3,1
CUST-1036,4,Basic,West,Small Business,1,Low,0,0,1,Email,0,0,1,33.9,39.0,0,0.0,4.3,145.8,-19.4,3,8,0
CUST-1037,60,Basic,East,Small Business,1,Medium,1,0,1,Call,0,0,1,17.6,22.0,0,0.0,4.9,121.3,-3.7,0,29,0
CUST-1038,14,Standard,South,Individual,1,Medium,0,1,1,Chat,0,0,1,1.6,25.1,0,0.1,2.6,119.7,5.6,3,15,1
CUST-1039,9,Premium,East,Individual,0,High,1,0,0,Call,0,0,1,3.0,5.8,0,0.0,3.1,109.9,-1.1,1,156,0
CUST-1040,53,Basic,East,Individual,0,Medium,0,0,0,Email,0,0,1,26.2,38.7,0,0.0,4.7,121.5,-3.3,4,150,0
CUST-1041,2,Basic,North,Enterprise,0,Medium,1,0,0,Chat,0,0,1,28.3,75.3,0,0.0,3.4,126.1,-19.6,1,55,0
CUST-1042,60,Basic,South,Individual,1,High,0,0,1,Call,0,0,1,63.4,74.6,1,0.0,3.2,40.2,-27.4,4,25,1
CUST-1043,71,Basic,East,Small Business,2,Medium,1,0,2,Email,0,0,0,4.6,29.3,0,0.0,1.0,115.2,-11.1,2,7,1
CUST-1044,44,Basic,West,Individual,1,Medium,1,1,1,Email,0,0,0,20.9,25.4,0,4.6,4.2,152.9,-11.8,8,3,0
CUST-1045,8,Standard,West,Enterprise,0,Low,0,1,1,Chat,1,0,0,11.3,12.2,0,2.8,3.6,102.5,-4.7,2,106,0
CUST-1046,47,Basic,North,Small Business,2,Medium,0,1,2,Chat,0,0,1,2.4,8.8,0,0.1,4.6,125.1,9.9,0,23,1
CUST-1047,35,Basic,West,Individual,1,Low,1,0,2,Ticket,0,0,1,8.2,21.0,0,0.0,2.9,87.9,-12.0,0,27,0
CUST-1048,36,Standard,West,Small Business,0,High,1,1,0,Ticket,0,1,0,9.2,24.5,0,7.0,4.7,44.6,-30.0,2,175,1
CUST-1049,50,Basic,East,Individual,1,Low,0,1,1,Call,0,0,0,12.1,23.6,0,3.7,3.7,76.8,11.4,3,20,1
CUST-1050,4,Basic,West,Individual,2,Low,0,0,2,Ticket,0,1,1,6.9,15.4,0,0.0,2.4,178.3,-5.1,2,17,1
CUST-1051,2,Basic,West,Individual,0,Low,0,1,0,Ticket,0,0,1,16.1,79.5,0,0.7,3.4,177.0,-11.2,7,86,1
CUST-1052,6,Standard,East,Enterprise,0,Low,0,0,1,Chat,0,0,1,18.7,36.1,0,0.0,3.5,90.8,32.0,5,165,0
CUST-1053,54,Basic,North,Enterprise,0,Low,0,0,1,Call,1,0,1,10.6,56.8,0,0.0,3.5,110.7,-23.0,4,110,1
CUST-1054,4,Standard,North,Individual,0,Medium,1,1,0,Email,0,0,1,9.3,12.3,0,0.6,4.1,141.1,-4.2,4,57,0
CUST-1055,54,Basic,South,Small Business,3,High,0,1,6,Chat,0,0,1,21.3,136.7,0,3.5,4.2,102.5,10.2,7,7,0
CUST-1056,63,Standard,West,Small Business,2,Low,0,0,2,Email,1,0,0,1.1,19.3,0,0.0,2.2,119.5,-16.8,4,1,1
CUST-1057,18,Basic,East,Small Business,1,Low,1,2,1,Ticket,4,1,1,40.3,93.9,0,0.1,3.6,157.9,-12.2,1,29,0
CUST-1058,44,Standard,South,Individual,3,Medium,1,0,4,Ticket,0,0,0,73.5,87.5,1,0.0,2.4,112.8,-10.6,2,21,1
CUST-1059,34,Premium,North,Individual,1,Low,0,2,3,Ticket,0,0,0,1.1,3.6,0,3.6,3.0,116.3,-12.9,0,18,1
CUST-1060,62,Standard,North,Small Business,2,High,0,0,2,Email,0,0,0,24.7,31.1,0,0.0,4.0,97.5,21.0,10,23,0
CUST-1061,14,Basic,East,Individual,2,Low,0,0,4,Call,0,0,0,5.8,6.6,0,0.0,4.3,78.7,-24.0,1,3,0
CUST-1062,48,Basic,South,Individual,2,Medium,0,0,2,Chat,0,0,1,11.2,13.7,0,0.0,2.3,128.4,-0.7,4,29,1
CUST-1063,15,Basic,South,Small Business,2,Low,0,0,2,Ticket,1,0,1,6.3,102.9,0,0.0,3.4,141.5,-0.4,0,17,1
CUST-1064,62,Basic,East,Individual,0,Low,0,0,0,Ticket,0,0,0,4.8,41.9,0,0.0,3.3,78.2,-27.6,1,143,1
CUST-1065,40,Basic,East,Enterprise,0,Medium,0,1,2,Call,0,0,0,11.6,46.4,0,0.4,3.1,42.2,17.5,11,93,1
CUST-1066,53,Standard,South,Individual,0,Low,0,1,1,Chat,0,0,0,9.3,9.3,0,7.2,4.3,16.9,-63.7,7,101,1
CUST-1067,24,Basic,North,Enterprise,0,High,0,0,0,Call,0,0,1,11.1,20.1,0,0.0,4.6,108.7,-13.4,0,70,0
CUST-1068,26,Standard,West,Individual,0,Medium,1,0,0,Call,0,0,1,33.0,55.9,0,0.0,5.0,98.3,-21.8,4,81,0
CUST-1069,60,Standard,North,Individual,1,Medium,0,0,2,Ticket,1,0,1,76.9,80.8,1,0.0,4.8,151.1,3.2,2,23,1
CUST-1070,41,Standard,East,Individual,0,High,1,0,0,Ticket,0,0,1,3.1,11.3,0,0.0,4.7,93.3,-20.5,0,172,0
CUST-1071,29,Basic,South,Small Business,0,Low,0,0,2,Call,0,0,0,27.3,30.7,0,0.0,3.0,142.2,-10.3,8,122,1
CUST-1072,15,Premium,South,Small Business,0,Medium,0,0,0,Email,1,0,1,15.9,33.6,0,0.0,5.0,77.3,-10.7,10,165,1
CUST-1073,45,Basic,West,Individual,1,Low,1,0,4,Ticket,0,0,1,9.3,27.6,0,0.0,2.4,116.2,2.8,3,15,0
CUST-1074,65,Standard,South,Individual,1,Medium,0,0,1,Chat,0,0,1,21.6,26.6,0,0.0,4.4,84.4,-9.3,1,10,0
CUST-1075,71,Standard,West,Small Business,2,Medium,0,0,2,Ticket,0,0,0,42.7,52.4,0,0.0,3.5,94.3,22.3,2,16,0
CUST-1076,9,Standard,North,Individual,0,Low,0,0,0,Email,0,0,0,20.5,29.5,0,0.0,5.0,15.8,55.9,0,140,0
CUST-1077,1,Standard,North,Small Business,0,Low,0,0,1,Email,1,0,1,24.3,46.9,0,0.0,5.0,62.6,-13.2,6,157,0
CUST-1078,8,Basic,South,Individual,0,Medium,0,1,0,Call,0,2,0,3.2,20.1,0,0.6,2.9,86.1,-2.8,11,160,0
CUST-1079,63,Basic,South,Small Business,0,High,0,0,0,Call,1,0,0,25.0,26.0,0,0.0,4.0,85.9,-20.4,0,39,0
CUST-1080,11,Standard,East,Small Business,1,High,0,0,2,Email,0,0,0,85.6,88.0,1,0.0,3.1,124.5,-8.3,5,4,0
CUST-1081,8,Basic,East,Enterprise,1,Medium,0,0,2,Chat,1,0,1,64.2,91.7,1,0.0,1.6,70.1,-20.6,0,12,0
CUST-1082,35,Premium,South,Small Business,2,Low,2,0,2,Call,0,1,1,10.5,61.1,0,0.0,2.5,124.8,-19.6,1,5,1
CUST-1083,35,Basic,South,Individual,1,High,1,2,2,Email,0,0,0,42.8,58.0,0,0.4,3.0,46.5,-41.0,3,15,1
CUST-1084,33,Basic,North,Individual,2,High,1,1,2,Chat,0,0,1,17.9,24.7,0,3.7,4.5,116.7,-16.2,1,10,1
CUST-1085,5,Basic,South,Small Business,1,Low,0,0,1,Chat,0,0,0,2.5,6.3,0,0.0,3.5,88.0,-4.7,0,11,0
CUST-1086,41,Basic,East,Individual,2,Low,2,0,3,Email,0,0,1,76.5,96.9,1,0.0,4.6,68.9,-32.7,20,10,0
CUST-1087,28,Standard,North,Small Business,0,High,0,0,0,Email,0,0,1,19.0,34.3,0,0.0,4.8,129.9,54.4,0,130,0
CUST-1088,7,Standard,West,Small Business,0,High,1,0,0,Chat,1,0,0,2.2,38.2,0,0.0,4.1,151.7,-3.0,3,70,1
CUST-1089,12,Standard,East,Individual,2,Low,2,0,2,Chat,0,1,1,17.0,52.0,0,0.0,2.8,133.2,-19.1,3,4,1
CUST-1090,34,Premium,East,Individual,2,High,0,0,3,Email,0,2,0,25.6,31.1,0,0.0,2.9,101.6,7.0,14,6,1
CUST-1091,33,Premium,North,Individual,0,Medium,0,1,1,Email,0,1,0,5.4,29.8,0,1.9,3.2,149.5,-17.1,7,165,1
CUST-1092,48,Premium,West,Individual,1,High,0,0,2,Ticket,0,0,1,22.9,27.3,0,0.0,4.9,116.0,-7.2,4,20,0
CUST-1093,23,Basic,East,Individual,0,Low,1,0,0,Chat,0,0,1,67.6,90.4,1,0.0,2.9,95.4,0.7,6,179,0
CUST-1094,62,Standard,South,Individual,2,Medium,0,1,2,Call,2,0,0,5.3,8.0,0,7.7,3.0,62.6,-25.1,9,27,1
CUST-1095,37,Basic,East,Individual,1,Low,1,1,1,Ticket,0,0,0,13.5,19.9,0,0.6,3.3,70.2,-29.2,1,8,1
CUST-1096,44,Basic,North,Individual,1,High,1,0,1,Ticket,1,1,0,7.5,8.9,0,0.0,5.0,128.0,-15.2,0,13,0
CUST-1097,35,Standard,North,Individual,0,Low,0,1,0,Chat,0,0,0,9.8,15.1,0,0.5,4.9,83.9,-11.4,8,115,1
CUST-1098,65,Basic,North,Individual,1,Medium,0,0,1,Chat,0,1,1,36.3,42.0,0,0.0,3.3,66.2,55.7,1,23,0
CUST-1099,47,Basic,East,Individual,0,Low,0,1,0,Ticket,0,0,1,34.7,51.3,0,0.9,3.0,114.4,-4.6,2,46,1
CUST-1100,3,Basic,West,Small Business,1,Medium,1,0,2,Chat,1,0,1,0.2,19.0,0,0.0,2.6,94.6,-25.8,10,19,0
CUST-1101,1,Basic,South,Individual,2,Low,2,0,2,Chat,1,0,1,2.6,15.9,0,0.0,4.5,95.8,0.6,5,28,0
CUST-1102,5,Premium,North,Individual,0,Low,1,1,0,Call,0,0,0,8.6,30.6,0,2.5,3.3,77.6,-25.9,0,88,1
CUST-1103,14,Basic,West,Small Business,1,Low,1,0,2,Email,1,0,0,7.2,16.2,0,0.0,3.2,23.0,91.0,1,27,0
CUST-1104,27,Basic,South,Enterprise,2,Low,1,1,2,Ticket,0,0,1,2.0,16.8,0,1.9,3.9,65.0,-30.7,0,9,1
CUST-1105,9,Standard,North,Individual,2,Medium,1,0,2,Chat,1,1,1,23.3,30.0,0,0.0,3.1,51.2,56.4,0,23,0
CUST-1106,15,Basic,South,Individual,3,Low,0,0,4,Email,0,0,0,20.6,31.6,0,0.0,2.3,128.2,0.2,1,9,1
CUST-1107,42,Premium,South,Individual,1,Low,0,0,2,Email,1,1,0,5.7,8.0,0,0.0,3.7,165.9,-0.5,5,6,0
CUST-1108,51,Basic,West,Individual,0,Low,0,0,1,Email,0,0,1,9.0,23.1,0,0.0,4.7,94.9,19.8,0,139,1
CUST-1109,63,Standard,South,Enterprise,1,Medium,0,0,2,Chat,0,0,0,13.4,16.8,0,0.0,2.6,13.2,-52.2,16,18,1
CUST-1110,52,Standard,North,Small Business,0,Low,1,0,0,Ticket,0,2,1,0.9,10.2,0,0.0,3.1,102.4,-5.5,1,162,0
CUST-1111,4,Premium,West,Small Business,1,Low,2,0,1,Ticket,2,0,1,3.4,19.8,0,0.0,4.8,143.8,-2.1,1,4,0
CUST-1112,23,Standard,East,Individual,0,Medium,0,2,2,Chat,1,0,0,20.8,29.2,0,0.8,3.9,102.0,16.2,0,97,1
CUST-1113,15,Premium,East,Small Business,0,Medium,1,0,0,Chat,1,0,1,13.3,17.1,0,0.0,3.1,117.0,3.6,0,155,1
CUST-1114,43,Basic,West,Individual,1,Medium,0,0,1,Ticket,0,0,1,18.3,34.8,0,0.0,2.6,112.4,14.5,33,7,0
CUST-1115,29,Basic,East,Individual,0,Low,0,0,0,Ticket,0,0,0,72.5,101.2,1,0.0,5.0,95.2,-23.0,2,171,0
CUST-1116,36,Basic,South,Individual,0,Low,1,1,0,Ticket,1,0,1,28.2,38.6,0,2.9,3.2,109.8,12.0,5,101,0
CUST-1117,13,Premium,North,Individual,0,Medium,0,3,0,Call,1,1,0,69.0,81.2,1,7.7,4.9,74.0,-18.0,6,78,1
CUST-1118,32,Basic,South,Individual,0,High,0,1,1,Email,0,0,0,17.9,25.3,0,0.6,4.3,100.0,-17.7,3,154,0
CUST-1119,71,Basic,West,Small Business,0,Medium,0,1,0,Call,0,1,0,0.0,13.2,0,1.6,3.3,100.9,21.5,3,69,1
CUST-1120,59,Basic,North,Individual,1,Low,0,0,1,Call,0,1,1,2.0,12.2,0,0.0,3.1,35.6,-13.4,2,4,0
CUST-1121,28,Basic,West,Individual,0,Medium,1,0,1,Chat,0,0,1,23.9,44.5,0,0.0,3.2,96.1,4.8,6,37,0
CUST-1122,66,Basic,West,Individual,2,High,1,0,2,Email,0,0,1,7.3,11.4,0,0.0,3.3,71.4,-3.6,3,22,0
CUST-1123,42,Premium,West,Individual,0,Medium,0,2,1,Email,0,0,1,10.7,20.7,0,2.1,5.0,32.9,27.0,2,106,1
CUST-1124,45,Standard,South,Small Business,3,High,0,0,4,Ticket,0,0,0,22.5,28.2,0,0.0,3.3,98.3,-26.1,0,12,1
CUST-1125,62,Standard,North,Small Business,2,Low,1,0,2,Chat,1,0,1,8.1,9.6,0,0.0,2.1,60.1,57.4,5,9,0
CUST-1126,57,Standard,North,Small Business,0,Medium,0,0,0,Chat,0,0,1,41.4,48.7,0,0.0,5.0,89.5,-6.4,2,145,1
CUST-1127,6,Basic,North,Individual,1,Medium,0,0,3,Ticket,0,0,0,9.8,55.7,0,0.0,5.0,102.1,-15.1,0,21,0
CUST-1128,28,Basic,South,Small Business,0,Medium,1,0,0,Ticket,1,0,1,0.9,10.2,0,0.0,2.8,112.0,-24.6,2,129,1
CUST-1129,28,Basic,East,Small Business,1,Medium,0,0,1,Call,2,0,0,83.0,94.8,1,0.0,1.8,148.1,0.3,0,24,1
CUST-1130,44,Basic,South,Individual,0,Medium,0,2,1,Ticket,0,0,0,13.5,33.8,0,2.3,3.8,17.3,-59.5,0,132,0
CUST-1131,30,Standard,South,Individual,2,Medium,0,1,3,Ticket,2,0,1,8.6,71.4,0,6.0,3.2,96.4,-13.4,25,23,1
CUST-1132,62,Basic,West,Small Business,0,High,0,1,0,Chat,0,0,1,45.9,53.8,0,1.6,4.5,138.7,-21.7,7,169,0
CUST-1133,62,Basic,North,Individual,0,Low,0,0,2,Call,0,0,0,39.4,50.4,0,0.0,3.9,84.1,-8.9,22,149,1
CUST-1134,1,Standard,North,Individual,0,Medium,0,0,0,Email,1,0,0,0.8,52.6,0,0.0,3.2,106.9,-16.1,14,175,1
CUST-1135,27,Premium,East,Individual,1,High,0,1,1,Call,0,0,0,33.1,41.5,0,0.5,2.6,85.9,-19.6,15,3,1
CUST-1136,62,Premium,East,Individual,1,Low,1,0,1,Chat,0,0,1,13.5,36.9,0,0.0,3.5,68.5,-18.3,3,14,1
CUST-1137,3,Premium,West,Individual,3,Low,0,1,4,Email,0,0,0,22.4,31.2,0,0.3,3.9,156.4,3.9,5,27,1
CUST-1138,70,Standard,North,Individual,3,Low,0,0,3,Call,1,0,1,3.2,7.0,0,0.0,2.4,102.1,6.2,0,2,1
CUST-1139,27,Basic,East,Small Business,0,Low,1,3,0,Ticket,0,0,0,22.0,63.3,0,6.8,4.4,118.5,-1.1,2,114,0
CUST-1140,9,Standard,East,Individual,0,High,1,0,1,Call,0,3,1,5.2,23.9,0,0.0,3.2,142.9,-10.1,5,75,1
CUST-1141,62,Basic,North,Small Business,0,Low,1,1,0,Email,1,0,0,2.5,32.4,0,0.2,3.1,115.6,-3.3,0,142,1
CUST-1142,37,Standard,South,Individual,2,Medium,0,0,2,Call,0,1,1,2.9,4.7,0,0.0,4.1,131.6,7.7,11,21,0
CUST-1143,51,Standard,East,Enterprise,0,Low,1,2,1,Call,0,0,1,7.1,25.4,0,9.0,5.0,111.6,-11.0,0,71,1
CUST-1144,44,Basic,North,Enterprise,0,Low,1,0,2,Call,0,0,1,95.7,111.1,1,0.0,4.0,121.3,-5.7,9,156,1
CUST-1145,24,Standard,East,Small Business,0,High,0,0,0,Ticket,3,0,0,1.1,11.0,0,0.0,2.8,79.8,19.0,4,96,0
CUST-1146,59,Premium,West,Enterprise,1,Medium,2,0,3,Chat,1,0,1,8.0,10.3,0,0.0,2.9,105.4,-5.4,9,22,0
CUST-1147,32,Basic,East,Small Business,0,Low,0,0,1,Chat,0,0,0,14.9,22.9,0,0.0,2.3,87.0,-3.5,1,44,1
CUST-1148,52,Premium,North,Small Business,3,High,1,0,3,Chat,0,1,0,4.6,19.1,0,0.0,3.4,102.4,-15.9,5,4,1
CUST-1149,62,Basic,East,Individual,1,Low,0,1,1,Call,0,0,1,65.2,82.2,1,0.9,3.3,37.8,71.8,1,5,0
CUST-1150,58,Standard,West,Individual,1,Low,0,1,1,Email,0,0,1,12.3,14.2,0,2.1,3.5,99.7,-10.1,1,16,0
CUST-1151,52,Standard,West,Small Business,1,Medium,1,0,1,Call,2,0,0,23.6,32.4,0,0.0,4.2,107.0,-10.9,0,8,1
CUST-1152,12,Standard,East,Individual,0,Low,1,0,1,Call,0,0,1,8.9,17.2,0,0.0,2.9,82.6,11.2,9,74,1
CUST-1153,39,Premium,East,Small Business,1,Medium,0,0,2,Chat,1,1,1,4.3,27.5,0,0.0,4.2,115.8,-18.1,8,16,1
CUST-1154,2,Premium,West,Small Business,2,Medium,0,0,3,Chat,1,0,1,7.2,7.9,0,0.0,4.4,89.7,-14.6,1,29,0
CUST-1155,3,Standard,West,Individual,3,Low,0,0,4,Ticket,1,0,1,6.6,29.7,0,0.0,1.6,110.8,-0.5,0,4,0
CUST-1156,56,Basic,South,Small Business,0,Medium,0,0,0,Call,2,0,1,37.6,60.6,0,0.0,4.4,145.1,-3.2,8,41,0
CUST-1157,59,Premium,South,Individual,2,Low,0,0,3,Ticket,0,1,1,0.3,18.2,0,0.0,3.5,73.6,-3.5,3,29,0
CUST-1158,2,Basic,West,Individual,2,Medium,0,1,2,Ticket,0,0,0,44.8,79.3,0,0.8,3.8,74.5,-10.3,1,11,0
CUST-1159,2,Premium,East,Individual,1,Low,0,1,2,Ticket,0,0,0,10.0,19.4,0,0.6,4.0,132.3,-18.4,5,29,1
CUST-1160,54,Basic,North,Individual,1,High,0,0,1,Chat,2,0,0,19.2,20.7,0,0.0,2.9,76.7,23.3,2,29,1
CUST-1161,1,Basic,East,Individual,3,High,0,0,3,Ticket,0,0,0,32.8,38.8,0,0.0,3.7,105.5,-4.8,6,29,0
CUST-1162,19,Standard,East,Individual,0,Low,0,1,0,Call,1,0,1,12.4,26.5,0,1.0,3.3,91.8,5.9,1,101,0
CUST-1163,2,Basic,South,Individual,0,High,0,2,1,Ticket,0,0,1,1.9,7.8,0,0.6,4.4,25.2,-37.3,4,98,0
CUST-1164,53,Basic,South,Small Business,0,Medium,0,0,0,Chat,0,0,1,15.6,30.6,0,0.0,5.0,95.9,-11.4,10,173,0
CUST-1165,44,Basic,South,Small Business,1,Medium,0,1,1,Call,1,0,0,2.6,3.3,0,1.7,2.4,72.8,-30.1,8,27,0
CUST-1166,32,Basic,West,Individual,1,Medium,0,0,1,Call,0,1,0,34.8,35.9,0,0.0,2.8,105.6,-8.4,14,1,1
CUST-1167,70,Basic,West,Individual,1,Low,1,0,1,Email,0,0,0,20.9,21.0,0,0.0,2.7,124.2,-18.5,0,6,0
CUST-1168,32,Basic,East,Small Business,1,Low,2,0,2,Chat,0,0,1,17.9,73.9,0,0.0,3.8,71.5,-21.0,13,19,1
CUST-1169,68,Standard,East,Small Business,1,Low,1,0,1,Email,1,0,0,0.0,4.6,0,0.0,4.2,82.4,-9.1,1,11,1
CUST-1170,55,Basic,North,Individual,1,Low,1,2,1,Chat,0,1,1,64.4,88.2,1,2.2,3.2,51.6,-23.8,14,6,1
CUST-1171,56,Standard,East,Individual,0,Low,0,0,0,Chat,0,0,1,2.8,35.5,0,0.0,3.1,102.3,5.4,1,111,0
CUST-1172,17,Basic,East,Small Business,1,Medium,0,1,4,Chat,0,0,1,4.1,6.6,0,4.9,4.8,95.1,-18.5,1,3,1
CUST-1173,38,Premium,South,Small Business,1,Low,0,0,1,Email,0,0,1,85.6,88.9,1,0.0,4.4,112.7,-4.7,4,20,0
CUST-1174,24,Premium,South,Individual,2,Medium,1,0,2,Ticket,1,0,1,1.9,9.1,0,0.0,1.5,107.8,-2.5,6,6,0
CUST-1175,69,Basic,South,Individual,0,Low,0,0,0,Chat,0,0,0,27.1,37.6,0,0.0,3.8,105.8,-3.4,16,51,1
CUST-1176,70,Standard,South,Individual,0,Low,0,0,0,Call,0,0,0,2.0,13.5,0,0.0,3.2,83.0,-17.7,1,95,0
CUST-1177,11,Premium,South,Small Business,1,Low,1,2,1,Call,0,0,1,26.4,33.7,0,0.3,3.7,126.7,-0.7,3,14,0
CUST-1178,16,Premium,North,Individual,2,Medium,0,0,2,Chat,0,1,1,44.0,57.3,0,0.0,3.9,116.7,3.9,4,27,0
CUST-1179,59,Standard,North,Individual,2,High,1,1,4,Chat,0,0,0,8.6,28.6,0,0.3,4.0,112.2,0.3,8,14,1
CUST-1180,70,Basic,North,Individual,2,Low,2,0,2,Chat,0,0,0,7.5,25.6,0,0.0,2.9,95.3,17.7,7,13,1
CUST-1181,3,Standard,South,Enterprise,0,Medium,0,0,0,Ticket,0,1,1,54.1,54.5,1,0.0,3.7,135.7,-0.7,14,98,0
CUST-1182,20,Standard,West,Small Business,1,High,0,0,1,Chat,1,1,1,1.6,15.0,0,0.0,3.4,112.3,4.1,3,16,0
CUST-1183,59,Standard,South,Small Business,0,High,0,2,0,Ticket,1,0,1,8.5,27.2,0,3.7,3.0,105.8,-13.9,8,80,1
CUST-1184,36,Basic,South,Small Business,1,Medium,1,2,1,Ticket,0,0,0,21.2,24.5,0,0.4,3.2,55.3,-6.0,8,14,0
CUST-1185,19,Premium,North,Individual,4,Low,1,1,4,Chat,0,0,1,23.3,37.1,0,0.1,1.3,131.5,-7.4,1,2,0
CUST-1186,67,Premium,South,Enterprise,1,Low,1,1,1,Chat,0,0,0,12.1,13.8,0,1.5,3.4,173.3,18.1,2,8,0
CUST-1187,19,Basic,North,Individual,0,Low,0,0,0,Ticket,2,1,1,38.4,54.8,0,0.0,3.1,86.3,-8.0,1,57,0
CUST-1188,20,Basic,South,Small Business,1,Medium,0,1,1,Email,1,0,1,37.8,52.3,0,0.2,3.8,86.1,-7.4,0,14,1
CUST-1189,71,Basic,East,Individual,0,Low,0,0,0,Ticket,0,0,1,34.0,38.1,0,0.0,4.5,85.7,-19.1,9,93,1
CUST-1190,52,Premium,West,Individual,0,Medium,0,0,0,Call,0,1,1,3.7,35.0,0,0.0,2.1,89.6,-21.1,11,138,1
CUST-1191,33,Standard,West,Individual,1,Low,0,0,2,Chat,0,0,0,20.8,45.5,0,0.0,3.6,78.1,31.3,2,4,1
CUST-1192,40,Standard,North,Small Business,0,Low,0,0,1,Email,1,0,1,38.1,58.2,0,0.0,5.0,152.6,-24.0,2,108,1
CUST-1193,39,Standard,East,Small Business,0,High,0,0,0,Email,0,0,0,2.0,11.2,0,0.0,3.5,122.4,-5.7,3,55,0
CUST-1194,1,Standard,West,Individual,3,High,0,3,3,Chat,0,1,1,5.6,9.5,0,9.8,1.3,105.7,-3.8,4,26,1
CUST-1195,11,Basic,North,Individual,2,Medium,1,0,4,Email,0,0,1,76.3,99.2,1,0.0,2.4,124.1,6.8,21,24,1
CUST-1196,57,Standard,South,Enterprise,1,Low,2,0,4,Call,1,1,1,12.4,16.0,0,0.0,3.8,122.9,-16.8,10,27,1
CUST-1197,50,Standard,South,Individual,2,High,0,0,3,Chat,0,0,1,15.1,25.1,0,0.0,3.8,72.9,1.3,0,29,0
CUST-1198,23,Premium,East,Small Business,1,Low,0,0,1,Ticket,0,0,1,8.6,15.8,0,0.0,2.9,94.6,-26.8,10,11,0
CUST-1199,31,Premium,West,Small Business,1,Medium,0,1,2,Chat,0,0,1,10.0,13.3,0,2.7,3.7,107.3,-5.7,3,15,1
CUST-1200,42,Premium,South,Individual,4,Low,0,0,4,Call,0,0,0,45.0,59.3,0,0.0,3.6,119.8,-5.8,8,2,1
CUST-1201,7,Standard,North,Individual,2,Medium,0,0,5,Email,0,0,1,4.7,65.0,0,0.0,3.2,117.7,-25.8,9,5,0
CUST-1202,16,Standard,South,Individual,0,Medium,0,0,0,Chat,1,0,0,6.5,16.2,0,0.0,4.3,100.0,-8.2,2,66,1
CUST-1203,60,Standard,South,Individual,0,High,0,0,1,Call,0,0,0,13.9,24.3,0,0.0,4.2,41.6,10.6,0,141,0
CUST-1204,2,Premium,West,Individual,0,Medium,0,0,0,Ticket,0,0,1,7.4,14.4,0,0.0,3.9,54.5,-14.0,2,140,0
CUST-1205,1,Basic,West,Individual,0,High,1,2,1,Call,0,1,0,44.6,48.5,0,1.0,2.2,84.6,-18.0,0,63,1
CUST-1206,48,Basic,North,Individual,0,Medium,0,0,2,Chat,0,0,0,20.0,25.0,0,0.0,4.0,132.2,-6.3,3,122,1
CUST-1207,12,Basic,East,Small Business,1,Medium,0,0,2,Call,1,0,0,14.0,45.3,0,0.0,1.0,101.3,-4.1,14,16,0
CUST-1208,69,Standard,East,Small Business,2,Low,0,2,2,Ticket,0,0,1,18.5,62.9,0,1.2,3.3,97.6,-26.6,10,4,0
CUST-1209,37,Basic,South,Individual,2,Low,0,1,2,Chat,1,0,0,0.4,26.7,0,1.5,2.2,80.3,-7.6,2,17,1
CUST-1210,32,Basic,North,Individual,0,Medium,0,0,0,Email,0,0,1,27.1,27.5,0,0.0,3.6,93.7,-15.0,7,147,0
CUST-1211,9,Basic,East,Individual,0,High,0,1,0,Chat,1,0,0,8.2,22.2,0,0.1,4.0,126.0,10.2,6,76,1
CUST-1212,19,Basic,East,Individual,1,Low,0,1,2,Ticket,1,0,0,18.7,30.7,0,1.3,5.0,99.0,-14.0,4,21,0
CUST-1213,48,Premium,South,Small Business,0,Low,0,0,1,Ticket,0,0,1,35.7,58.1,0,0.0,3.2,104.8,7.3,6,148,0
CUST-1214,3,Basic,North,Individual,0,Low,0,0,0,Chat,1,0,1,8.5,31.2,0,0.0,3.5,30.8,-46.8,11,179,0
CUST-1215,20,Standard,East,Small Business,1,High,0,0,1,Ticket,0,0,1,0.8,9.4,0,0.0,4.0,63.4,-14.8,1,3,1
CUST-1216,24,Standard,West,Individual,1,Low,1,0,1,Call,0,0,1,0.0,5.1,0,0.0,2.2,124.6,15.7,0,4,0
CUST-1217,54,Premium,West,Small Business,1,Low,0,0,1,Call,0,1,0,39.3,40.8,0,0.0,4.5,102.6,-4.9,1,21,0
CUST-1218,33,Basic,South,Individual,1,Low,0,0,1,Email,0,0,1,15.8,30.0,0,0.0,3.7,92.9,-33.9,4,9,0
CUST-1219,24,Premium,South,Small Business,1,Low,0,2,2,Chat,0,0,0,21.0,25.8,0,5.5,3.6,73.6,-28.7,3,20,1
CUST-1220,36,Standard,South,Enterprise,1,Medium,1,1,2,Email,0,0,1,18.2,68.3,0,0.8,4.4,77.2,-13.7,5,12,0
CUST-1221,38,Premium,South,Small Business,1,High,0,1,1,Call,0,0,0,3.7,4.4,0,0.2,2.7,91.8,3.2,2,25,0
CUST-1222,25,Premium,East,Small Business,1,Low,0,0,1,Email,0,0,1,0.8,50.8,0,0.0,2.8,85.3,-19.2,5,14,0
CUST-1223,18,Basic,North,Individual,0,Low,3,1,0,Ticket,0,0,0,5.6,15.8,0,1.3,3.7,111.2,-12.0,0,36,1
CUST-1224,66,Basic,South,Enterprise,2,High,1,0,2,Chat,1,0,0,94.0,108.0,1,0.0,2.2,132.2,-4.8,2,5,1
CUST-1225,54,Basic,South,Individual,2,High,0,0,2,Chat,1,0,0,10.8,24.0,0,0.0,4.0,127.7,10.3,5,2,0
CUST-1226,35,Standard,East,Individual,0,Low,2,0,1,Chat,0,0,1,51.8,72.8,1,0.0,3.1,63.3,-14.4,1,42,0
CUST-1227,61,Basic,South,Individual,0,Low,1,2,3,Call,0,0,1,6.0,7.5,0,4.0,4.0,108.4,-1.2,1,45,1
CUST-1228,41,Basic,South,Enterprise,2,High,0,2,2,Ticket,0,0,1,25.1,58.0,0,1.6,2.8,145.5,-10.1,0,22,1
CUST-1229,33,Standard,North,Small Business,1,Medium,1,0,1,Call,0,0,1,0.5,24.0,0,0.0,3.2,105.6,1.1,7,23,0
CUST-1230,68,Basic,West,Enterprise,1,High,0,0,2,Ticket,0,2,1,0.3,28.7,0,0.0,2.6,127.9,-10.3,3,12,0
CUST-1231,33,Basic,South,Small Business,0,Low,0,0,0,Ticket,0,0,1,12.5,22.5,0,0.0,3.1,141.1,-24.2,0,89,0
CUST-1232,14,Standard,East,Individual,1,Medium,0,1,1,Chat,0,0,1,20.9,38.9,0,5.5,2.9,107.0,-29.9,4,27,1
CUST-1233,21,Basic,North,Enterprise,2,Medium,0,0,2,Call,1,0,0,65.5,74.7,1,0.0,2.8,80.3,-16.7,0,20,1
CUST-1234,48,Basic,East,Enterprise,0,High,0,0,0,Email,0,0,1,0.6,2.7,0,0.0,3.2,110.3,-24.1,3,105,1
CUST-1235,20,Standard,North,Individual,0,High,1,0,1,Email,0,1,1,88.2,93.6,1,0.0,3.0,57.6,-5.9,0,95,0
CUST-1236,8,Standard,North,Individual,2,Low,0,1,3,Chat,0,0,0,12.8,17.7,0,2.4,1.6,106.8,4.3,5,6,0
CUST-1237,7,Premium,South,Small Business,1,Medium,1,0,1,Call,0,0,0,29.1,31.8,0,0.0,3.1,114.1,-20.2,1,8,0
CUST-1238,67,Standard,South,Enterprise,1,Low,0,1,2,Ticket,1,0,0,20.8,24.9,0,0.4,4.0,35.1,11.6,15,1,0
CUST-1239,17,Standard,South,Small Business,2,Medium,0,0,2,Chat,0,0,0,5.7,16.0,0,0.0,2.1,39.3,-42.6,4,22,1
CUST-1240,33,Standard,West,Small Business,2,Medium,0,0,3,Email,1,0,1,8.1,16.3,0,0.0,4.4,123.9,9.2,0,9,0
CUST-1241,48,Premium,West,Enterprise,4,High,1,0,4,Email,0,1,1,17.9,23.9,0,0.0,1.0,48.5,-25.1,2,7,1
CUST-1242,59,Premium,East,Small Business,2,Low,0,0,3,Ticket,1,0,1,2.0,37.6,0,0.0,1.7,65.1,9.8,0,21,1
CUST-1243,22,Premium,South,Small Business,1,Low,0,0,1,Call,0,0,1,29.8,52.4,0,0.0,1.8,110.8,0.3,4,29,0
CUST-1244,30,Standard,West,Small Business,2,Low,0,0,3,Email,0,0,0,32.1,32.2,0,0.0,4.2,70.1,-27.6,7,23,0
CUST-1245,38,Basic,South,Individual,1,Low,1,0,1,Call,0,0,1,34.4,47.0,0,0.0,3.1,98.8,-24.0,1,28,0
CUST-1246,51,Basic,West,Small Business,0,Low,0,1,1,Call,1,0,1,37.8,55.8,0,3.4,5.0,120.6,-0.1,5,109,0
CUST-1247,54,Basic,West,Individual,1,High,1,1,1,Email,0,0,1,23.4,24.2,0,0.8,1.9,119.0,-18.7,10,13,0
CUST-1248,8,Premium,North,Small Business,3,Low,1,1,3,Email,1,0,1,27.2,29.1,0,0.1,5.0,124.3,-3.2,11,11,1
CUST-1249,27,Standard,South,Individual,1,Medium,0,0,1,Chat,0,1,0,17.8,22.7,0,0.0,2.6,110.7,-9.1,0,9,0
CUST-1250,27,Standard,South,Individual,2,High,0,1,2,Call,0,2,1,5.1,19.4,0,0.3,3.0,133.0,-0.7,2,22,0
CUST-1251,21,Basic,West,Individual,0,High,1,4,0,Chat,1,0,1,1.7,40.2,0,5.1,3.6,81.4,-1.8,1,38,1
CUST-1252,30,Premium,South,Small Business,0,Medium,1,0,0,Call,1,0,0,3.9,13.9,0,0.0,4.1,95.0,0.3,4,69,1
CUST-1253,28,Basic,West,Individual,1,Low,0,0,2,Email,1,0,0,4.3,64.8,0,0.0,3.5,96.9,13.0,8,3,0
CUST-1254,64,Basic,South,Individual,3,Low,0,1,3,Call,0,1,1,28.4,69.8,0,1.5,2.9,31.0,1.0,5,19,1
CUST-1255,69,Basic,North,Individual,0,Low,1,0,1,Chat,1,0,0,59.0,74.2,1,0.0,4.9,100.1,0.7,20,107,0
CUST-1256,61,Standard,South,Individual,1,Medium,0,0,1,Call,0,0,1,33.7,42.9,0,0.0,3.0,131.9,-22.9,0,24,0
CUST-1257,48,Standard,North,Individual,1,Medium,0,0,1,Email,1,1,0,97.1,114.2,1,0.0,3.0,108.7,-17.9,1,6,1
CUST-1258,19,Premium,East,Individual,0,Medium,0,0,0,Chat,0,0,0,0.9,24.4,0,0.0,5.0,120.8,-2.7,9,46,1
CUST-1259,4,Basic,South,Individual,1,High,0,0,2,Call,0,0,1,0.7,43.6,0,0.0,3.6,94.7,-6.9,2,7,0
CUST-1260,35,Standard,South,Individual,1,Medium,0,1,1,Call,0,0,1,23.0,44.0,0,1.1,2.9,126.2,-10.2,7,29,0
CUST-1261,64,Standard,South,Individual,2,High,0,0,2,Call,0,1,1,0.5,8.0,0,0.0,3.9,78.1,-11.1,17,24,0
CUST-1262,49,Basic,North,Individual,2,High,0,0,2,Call,0,1,1,44.3,54.5,0,0.0,3.0,107.3,-0.2,4,23,1
CUST-1263,17,Premium,South,Small Business,2,Low,1,1,2,Ticket,1,0,0,12.8,13.5,0,0.1,5.0,167.0,-11.5,5,3,0
CUST-1264,44,Standard,South,Individual,1,Low,2,0,1,Call,0,0,1,51.6,52.1,1,0.0,2.5,125.4,-2.5,2,26,1
CUST-1265,30,Standard,West,Individual,0,Low,0,0,1,Email,0,0,1,5.7,10.7,0,0.0,4.1,96.9,-16.9,11,91,0
CUST-1266,46,Premium,East,Individual,0,Medium,0,0,2,Email,0,1,1,20.6,45.2,0,0.0,2.8,61.1,-31.3,5,46,1
CUST-1267,6,Standard,North,Individual,0,Medium,0,0,0,Chat,0,0,1,24.0,29.8,0,0.0,3.6,141.6,-9.2,4,158,0
CUST-1268,37,Basic,West,Individual,2,Low,0,0,2,Call,1,0,1,6.8,8.6,0,0.0,2.5,158.3,-2.8,0,17,0
CUST-1269,24,Standard,North,Individual,2,High,0,0,2,Ticket,1,1,0,9.2,15.8,0,0.0,3.2,159.4,-12.8,3,6,1
CUST-1270,46,Basic,West,Small Business,3,Low,0,0,3,Ticket,1,1,1,16.0,21.5,0,0.0,2.5,114.7,-18.6,26,26,1
CUST-1271,53,Basic,East,Small Business,2,High,0,1,4,Email,1,0,1,9.7,77.8,0,6.6,2.4,13.9,-71.4,2,20,1
CUST-1272,60,Basic,West,Individual,1,Low,0,0,1,Ticket,0,0,1,13.5,66.8,0,0.0,2.5,83.1,-28.4,15,1,0
CUST-1273,63,Standard,North,Small Business,0,Low,1,0,1,Email,0,0,0,12.2,32.2,0,0.0,3.8,145.3,-2.4,19,55,0
CUST-1274,32,Standard,South,Individual,2,Low,0,0,2,Call,0,0,1,21.9,48.4,0,0.0,2.8,101.0,18.7,5,2,0
CUST-1275,33,Basic,South,Enterprise,0,Low,0,0,0,Chat,0,0,1,1.7,6.1,0,0.0,4.4,108.1,-6.0,1,98,0
CUST-1276,67,Standard,East,Individual,1,Low,0,2,1,Call,0,1,1,62.8,74.3,1,1.3,2.4,96.9,-0.3,1,8,0
CUST-1277,18,Premium,North,Small Business,1,Medium,0,2,2,Ticket,0,1,1,2.2,99.7,0,4.0,3.8,103.4,-12.9,3,19,0
CUST-1278,25,Basic,North,Individual,0,Low,0,1,1,Chat,0,0,0,8.3,14.1,0,1.2,4.1,69.9,-10.3,0,49,0
CUST-1279,54,Basic,North,Small Business,1,Medium,0,0,2,Chat,1,1,0,0.2,64.4,0,0.0,5.0,57.7,28.1,3,29,0
CUST-1280,58,Standard,East,Individual,0,Low,0,1,1,Email,0,0,0,33.9,37.0,0,0.4,4.0,40.9,-39.7,5,153,1
CUST-1281,67,Basic,South,Individual,1,Low,0,0,1,Chat,1,0,0,2.4,16.9,0,0.0,3.9,90.4,-0.1,2,11,1
CUST-1282,46,Standard,West,Small Business,1,Medium,0,0,1,Email,0,1,1,6.5,29.4,0,0.0,2.0,51.0,-16.2,0,20,1
CUST-1283,24,Basic,East,Individual,5,Low,1,1,6,Ticket,1,0,1,12.0,25.5,0,1.8,2.5,148.0,-16.7,8,27,1
CUST-1284,32,Standard,West,Small Business,2,Medium,0,0,3,Email,0,0,0,37.2,42.7,0,0.0,2.0,99.1,-4.5,3,23,1
CUST-1285,47,Standard,South,Small Business,3,Low,0,0,3,Call,0,1,1,29.2,54.4,0,0.0,1.4,81.7,-5.1,1,2,1
CUST-1286,23,Standard,East,Individual,0,Low,0,0,1,Ticket,0,1,1,3.2,6.6,0,0.0,3.6,116.1,-15.9,0,177,1
CUST-1287,66,Premium,South,Individual,1,Low,0,0,1,Call,0,0,0,11.8,20.3,0,0.0,3.9,81.6,-20.7,3,19,1
CUST-1288,27,Premium,West,Individual,1,Medium,0,0,2,Ticket,0,0,1,8.1,13.0,0,0.0,4.1,154.2,10.0,7,17,1
CUST-1289,2,Standard,North,Small Business,2,Low,1,1,2,Chat,0,0,0,59.3,69.6,1,1.3,4.8,104.9,-12.4,2,25,1
CUST-1290,17,Standard,North,Individual,0,Medium,0,1,1,Ticket,0,0,0,38.7,46.1,0,0.0,3.3,115.8,-12.7,5,164,1
CUST-1291,33,Basic,West,Individual,1,High,0,0,2,Call,1,0,0,3.3,6.2,0,0.0,2.7,120.7,8.0,7,16,1
CUST-1292,9,Standard,North,Enterprise,2,Low,0,2,2,Ticket,1,1,0,11.2,31.5,0,3.1,2.4,66.4,-30.7,3,18,1
CUST-1293,43,Basic,West,Individual,1,High,1,1,1,Call,1,1,0,11.8,14.7,0,0.1,2.9,32.0,-38.7,1,21,0
CUST-1294,48,Premium,East,Enterprise,1,Low,1,0,1,Chat,0,1,1,64.8,76.7,1,0.0,2.8,137.3,-17.9,2,19,1
CUST-1295,39,Basic,East,Small Business,2,Medium,0,1,2,Call,0,1,1,31.7,56.2,0,0.3,4.2,123.3,-15.8,7,9,1
CUST-1296,42,Standard,East,Individual,4,Medium,1,1,6,Email,0,1,1,33.1,43.0,0,0.5,4.3,138.2,-5.4,1,16,0
CUST-1297,26,Basic,North,Individual,1,Low,0,1,1,Ticket,2,0,0,9.2,41.9,0,15.8,3.7,82.5,-11.8,1,2,0
CUST-1298,50,Standard,South,Small Business,4,High,4,1,4,Call,0,1,1,23.8,32.2,0,0.3,2.9,141.0,1.4,2,21,0
CUST-1299,25,Premium,North,Individual,1,Low,0,0,2,Call,2,0,0,7.7,60.7,0,0.0,3.3,159.8,-9.8,4,11,1
CUST-1300,24,Basic,North,Individual,0,Low,1,2,0,Call,0,1,1,34.8,35.2,0,4.6,3.9,83.8,22.0,1,102,0
CUST-1301,13,Premium,South,Individual,1,Medium,0,0,2,Email,0,1,0,64.4,87.9,1,0.0,4.5,102.2,-9.0,3,20,0
CUST-1302,60,Basic,South,Small Business,3,High,0,1,3,Chat,0,0,0,18.8,37.3,0,4.2,1.9,129.7,6.1,5,20,1
CUST-1303,7,Standard,South,Small Business,4,High,1,0,4,Email,0,0,1,15.0,29.2,0,0.0,2.0,131.9,-16.4,3,10,0
CUST-1304,57,Premium,South,Individual,0,Low,1,1,3,Chat,0,0,1,41.2,46.5,0,0.6,3.9,165.6,20.6,0,167,0
CUST-1305,36,Basic,North,Individual,3,Medium,0,1,5,Email,0,0,0,47.1,61.2,0,0.5,1.6,123.3,3.9,3,13,1
CUST-1306,45,Premium,West,Small Business,2,Low,0,0,4,Call,1,1,1,1.9,15.4,0,0.0,3.3,93.7,-3.2,2,12,1
CUST-1307,20,Basic,East,Enterprise,1,Low,0,1,2,Email,1,0,1,23.9,26.3,0,0.2,2.2,119.1,-4.0,0,19,0
CUST-1308,65,Basic,West,Individual,1,Medium,1,0,2,Ticket,1,0,0,19.8,51.6,0,0.0,3.7,50.4,-22.8,12,6,1
CUST-1309,8,Premium,North,Individual,2,Low,0,1,4,Chat,0,1,1,4.7,16.2,0,1.3,3.1,144.2,-3.8,5,7,0
CUST-1310,16,Basic,South,Small Business,1,Low,0,0,1,Call,0,0,1,2.7,4.1,0,0.0,3.5,95.2,0.4,12,11,1
CUST-1311,14,Premium,East,Small Business,1,High,2,0,1,Chat,0,1,1,6.7,14.2,0,0.0,3.7,80.9,-17.0,1,13,0
CUST-1312,15,Premium,East,Small Business,3,Medium,0,0,4,Call,0,0,0,3.7,7.4,0,0.0,3.7,74.5,-22.0,12,12,1
CUST-1313,66,Basic,West,Enterprise,1,Medium,0,0,1,Call,0,0,0,5.6,8.3,0,0.0,3.1,89.8,-28.4,2,18,0
CUST-1314,32,Standard,North,Small Business,2,Low,0,1,2,Ticket,0,0,0,49.9,93.8,1,3.8,3.1,56.6,-4.5,1,27,1
CUST-1315,63,Basic,North,Individual,2,High,0,1,4,Email,0,1,0,49.6,66.4,1,0.1,2.6,92.3,-8.0,9,13,1
CUST-1316,51,Standard,North,Small Business,0,Low,2,2,0,Ticket,0,0,0,5.8,11.2,0,4.0,3.9,91.0,-13.4,0,125,0
CUST-1317,25,Basic,East,Small Business,2,Medium,1,1,3,Chat,2,0,1,4.5,21.5,0,4.3,3.2,79.9,6.5,6,22,1
CUST-1318,58,Basic,West,Enterprise,2,Medium,0,0,2,Email,0,0,0,12.1,36.5,0,0.0,2.2,94.1,6.9,9,8,1
CUST-1319,63,Basic,East,Individual,0,Medium,0,0,1,Chat,0,0,1,21.8,27.5,0,0.0,4.6,102.2,-15.9,10,69,0
CUST-1320,62,Standard,East,Individual,3,Low,0,1,3,Email,0,0,1,3.0,65.8,0,3.3,3.3,75.3,-25.4,0,4,0
CUST-1321,22,Premium,South,Small Business,0,Low,0,1,1,Ticket,1,0,0,34.0,66.0,0,0.0,4.7,112.9,-6.5,10,63,0
CUST-1322,58,Premium,West,Individual,1,Medium,0,0,1,Call,0,2,0,1.5,25.5,0,0.0,3.9,82.5,-17.5,6,16,1
CUST-1323,58,Standard,South,Individual,1,Low,2,2,1,Chat,1,0,1,2.4,21.2,0,9.5,4.3,80.2,-5.7,9,24,1
CUST-1324,49,Standard,North,Small Business,0,Medium,0,1,1,Chat,0,0,0,20.2,20.8,0,1.8,3.0,131.5,-13.8,5,135,0
CUST-1325,52,Premium,East,Individual,1,Low,0,1,2,Ticket,0,0,0,4.6,4.9,0,0.9,3.2,116.6,-2.9,6,6,1
CUST-1326,42,Basic,West,Small Business,0,Low,0,2,1,Ticket,0,0,1,5.2,7.9,0,1.8,2.8,150.2,-17.9,4,74,0
CUST-1327,70,Standard,North,Small Business,1,Low,1,0,3,Email,1,3,1,41.8,79.1,0,0.0,4.1,106.1,-13.8,3,8,1
CUST-1328,15,Premium,West,Individual,1,Low,0,1,1,Chat,0,0,0,9.1,12.7,0,0.7,3.3,107.7,3.2,13,19,1
CUST-1329,54,Basic,East,Enterprise,0,Medium,0,0,1,Ticket,0,0,0,50.8,68.9,1,0.0,3.4,126.8,-3.1,0,127,1
CUST-1330,60,Standard,West,Small Business,1,Low,1,0,1,Email,0,1,0,2.3,60.9,0,0.0,3.7,74.5,-8.0,0,17,1
CUST-1331,8,Premium,North,Individual,0,Medium,1,1,0,Email,0,0,1,53.7,95.2,1,2.6,3.8,86.1,-6.8,5,40,0
CUST-1332,53,Premium,South,Individual,1,Low,0,0,3,Chat,0,0,1,49.2,56.9,1,0.0,3.5,134.9,-9.4,5,6,0
CUST-1333,60,Standard,East,Enterprise,0,Low,0,0,2,Email,0,0,0,15.5,32.7,0,0.0,5.0,109.2,-5.9,9,137,0
CUST-1334,5,Basic,South,Individual,1,Low,1,0,1,Ticket,1,1,0,28.4,49.8,0,0.0,2.6,68.9,23.0,5,5,1
CUST-1335,68,Basic,East,Individual,1,Low,0,1,1,Ticket,1,0,1,11.5,23.5,0,2.7,2.8,142.8,-6.0,0,22,1
CUST-1336,6,Basic,North,Individual,0,Medium,0,1,1,Ticket,0,0,0,29.0,40.1,0,0.8,4.3,69.9,0.9,10,147,0
CUST-1337,47,Standard,East,Individual,2,High,0,0,2,Chat,0,0,0,5.6,9.4,0,0.0,2.8,116.1,-10.3,0,3,0
CUST-1338,55,Basic,South,Individual,1,High,2,1,2,Ticket,0,0,1,46.7,63.6,0,1.9,2.5,100.3,-11.7,2,11,0
CUST-1339,40,Premium,East,Enterprise,0,Medium,0,2,0,Call,0,0,0,31.1,36.3,0,1.1,1.6,59.0,19.7,4,153,0
CUST-1340,52,Basic,North,Small Business,1,Medium,0,0,2,Email,0,0,0,26.4,31.9,0,0.0,2.9,95.5,15.7,5,29,1
CUST-1341,16,Basic,East,Individual,1,High,2,1,2,Call,2,0,0,32.7,37.3,0,2.8,3.6,116.2,-7.0,2,5,1
CUST-1342,13,Standard,South,Individual,3,Medium,1,2,4,Email,1,1,0,8.5,9.5,0,15.0,2.5,104.4,-10.1,2,28,0
CUST-1343,30,Standard,North,Small Business,2,Medium,0,0,2,Chat,0,0,1,4.2,32.0,0,0.0,3.2,92.0,-2.2,1,24,0
CUST-1344,19,Basic,South,Individual,3,Medium,0,0,3,Ticket,0,0,1,8.8,38.6,0,0.0,2.0,93.6,-13.2,18,14,1
CUST-1345,17,Standard,East,Small Business,2,Medium,0,0,2,Email,2,0,1,0.8,20.1,0,0.0,3.8,119.7,-11.9,2,22,0
CUST-1346,63,Standard,West,Small Business,2,Medium,1,1,2,Email,0,0,1,6.3,45.7,0,0.6,2.6,118.7,-14.2,4,20,0
CUST-1347,19,Basic,South,Small Business,0,Medium,0,0,0,Ticket,1,0,1,18.7,33.7,0,0.0,4.8,98.2,4.8,4,47,0
CUST-1348,58,Basic,East,Individual,2,Medium,1,1,2,Chat,0,0,0,37.5,52.8,0,1.6,3.5,124.1,-14.6,4,17,1
CUST-1349,55,Premium,West,Individual,3,Medium,1,0,3,Call,0,0,0,53.3,86.1,1,0.0,3.3,135.4,1.0,4,3,0
CUST-1350,62,Standard,West,Individual,0,Low,1,0,2,Chat,0,0,1,25.6,29.1,0,0.0,4.1,106.7,1.6,1,50,1
CUST-1351,23,Basic,North,Individual,0,Medium,0,0,0,Ticket,0,0,1,44.5,53.1,0,0.0,3.6,69.3,-23.0,2,64,0
CUST-1352,9,Premium,West,Individual,0,Low,0,0,0,Call,0,1,1,6.9,25.2,0,0.0,3.9,112.8,-8.4,0,88,1
CUST-1353,12,Premium,South,Enterprise,5,High,0,2,7,Ticket,0,1,0,22.6,27.3,0,19.9,2.1,120.4,-3.3,4,8,1
CUST-1354,1,Standard,South,Small Business,1,Low,1,0,1,Call,0,0,1,75.2,79.1,1,0.0,4.5,110.2,11.0,1,12,1
CUST-1355,58,Standard,West,Enterprise,1,Low,0,1,2,Email,1,0,1,18.9,53.2,0,0.8,2.3,77.2,-22.3,0,2,1
CUST-1356,1,Premium,East,Small Business,2,Medium,0,0,2,Ticket,0,0,1,11.2,94.0,0,0.0,4.6,85.8,9.7,8,7,0
CUST-1357,34,Premium,South,Individual,0,Medium,0,2,0,Ticket,0,0,1,6.1,13.4,0,0.7,3.0,136.5,22.3,4,93,0
CUST-1358,48,Standard,South,Small Business,2,Low,0,0,3,Email,0,0,0,7.6,11.6,0,0.0,3.3,124.7,2.1,4,29,1
CUST-1359,1,Standard,North,Individual,0,Low,0,1,1,Ticket,0,0,1,4.5,12.3,0,2.0,3.6,129.6,-13.0,0,145,0
CUST-1360,16,Standard,East,Individual,1,High,0,0,3,Call,0,0,1,24.3,29.7,0,0.0,3.7,135.9,-4.4,2,10,0
CUST-1361,61,Standard,West,Individual,2,Low,0,0,3,Ticket,0,0,0,25.7,51.6,0,0.0,3.5,75.2,-4.2,4,11,0
CUST-1362,64,Basic,East,Small Business,0,Low,0,0,0,Chat,1,0,0,30.2,64.9,0,0.0,4.4,58.0,14.0,2,105,0
CUST-1363,63,Standard,North,Small Business,2,Medium,0,1,5,Call,0,0,0,12.6,20.0,0,0.9,2.7,131.2,-7.0,3,24,1
CUST-1364,69,Premium,North,Individual,0,Medium,1,0,0,Ticket,0,0,0,3.0,16.7,0,0.0,4.9,32.0,-23.1,0,33,1
CUST-1365,22,Standard,East,Individual,0,Medium,0,1,0,Email,1,2,0,11.0,12.2,0,1.5,4.6,156.9,9.4,1,48,1
CUST-1366,67,Standard,North,Individual,2,Medium,0,0,2,Chat,1,1,1,27.6,36.9,0,0.0,2.9,103.9,22.7,1,24,1
CUST-1367,26,Standard,North,Individual,1,High,0,2,1,Chat,0,1,0,38.7,38.8,0,10.1,5.0,90.4,-23.5,2,11,1
CUST-1368,16,Basic,North,Individual,2,High,1,1,2,Email,0,0,0,1.7,18.4,0,3.9,2.5,88.2,-31.1,14,19,1
CUST-1369,51,Standard,East,Small Business,0,Medium,2,1,0,Chat,1,0,0,5.6,8.5,0,0.2,4.4,83.4,-21.8,3,74,0
CUST-1370,57,Standard,North,Small Business,1,Low,0,0,2,Chat,0,0,1,65.4,96.9,1,0.0,3.5,113.9,-8.6,1,8,0
CUST-1371,29,Basic,West,Individual,2,Low,0,0,2,Call,0,0,0,11.3,26.2,0,0.0,2.5,96.7,-1.9,6,5,1
CUST-1372,69,Basic,West,Small Business,2,Medium,1,0,2,Ticket,0,0,1,1.5,41.0,0,0.0,5.0,124.4,-6.3,1,11,0
CUST-1373,47,Premium,South,Individual,3,Medium,0,0,4,Call,0,0,0,4.6,46.3,0,0.0,3.1,133.8,-12.7,0,14,0
CUST-1374,62,Basic,West,Enterprise,0,Low,0,2,0,Email,0,0,1,35.2,37.9,0,2.2,3.4,90.6,-14.3,1,50,0
CUST-1375,69,Basic,South,Individual,0,Medium,0,1,0,Call,0,1,0,28.5,39.3,0,2.4,3.9,114.7,-28.4,1,132,0
CUST-1376,16,Premium,East,Small Business,4,High,0,3,4,Chat,0,1,0,4.9,8.2,0,4.3,3.3,108.8,-15.8,2,7,1
CUST-1377,48,Standard,North,Enterprise,3,Low,0,0,3,Email,0,0,0,2.1,11.2,0,0.0,2.0,90.8,-17.9,6,26,0
CUST-1378,39,Standard,West,Small Business,0,Medium,0,0,1,Ticket,0,0,0,1.7,10.6,0,0.0,3.7,71.6,-23.8,4,114,0
CUST-1379,33,Premium,South,Individual,1,Medium,0,0,2,Email,0,0,0,13.8,33.8,0,0.0,3.9,76.2,-16.4,3,10,1
CUST-1380,23,Basic,East,Small Business,1,Low,0,1,1,Email,0,2,1,23.8,79.8,0,2.0,3.9,134.1,-5.1,14,21,1
CUST-1381,10,Standard,South,Individual,0,Medium,0,0,0,Chat,1,0,1,7.8,22.7,0,0.0,3.9,92.0,-4.2,0,84,0
CUST-1382,69,Standard,North,Individual,4,Low,0,1,5,Call,0,1,0,1.8,27.2,0,11.9,1.0,108.5,-12.3,2,4,1
CUST-1383,34,Premium,West,Individual,3,Medium,0,0,3,Chat,2,0,1,13.5,21.3,0,0.0,2.4,142.7,-14.9,5,6,1
CUST-1384,52,Standard,East,Enterprise,1,Medium,1,1,1,Chat,1,0,1,4.9,6.1,0,0.4,4.2,81.7,-14.2,1,16,1
CUST-1385,10,Standard,South,Enterprise,0,Medium,0,0,0,Call,0,0,1,4.0,14.8,0,0.0,4.8,112.8,3.6,3,67,0
CUST-1386,19,Standard,East,Individual,1,Low,0,1,1,Call,0,0,1,29.8,64.9,0,4.1,3.5,112.6,2.7,0,2,1
CUST-1387,58,Standard,South,Individual,0,Low,0,1,2,Chat,1,0,1,18.5,22.7,0,0.3,3.4,88.7,-13.6,1,109,0
CUST-1388,1,Standard,South,Enterprise,2,Medium,1,1,3,Ticket,0,0,0,7.6,12.1,0,0.6,3.3,101.6,-12.6,0,1,1
CUST-1389,69,Standard,North,Individual,1,Low,1,0,1,Call,0,0,0,12.3,14.0,0,0.0,4.3,169.4,5.1,17,25,1
CUST-1390,4,Standard,North,Individual,2,Low,0,1,2,Ticket,0,0,0,5.1,91.3,0,7.7,2.9,89.7,14.8,6,7,1
CUST-1391,16,Standard,South,Individual,4,Low,1,0,4,Chat,1,0,1,16.5,24.5,0,0.0,5.0,88.5,-3.3,5,3,1
CUST-1392,24,Standard,West,Small Business,0,Medium,0,0,0,Call,1,0,1,28.3,33.6,0,0.0,2.1,78.0,3.6,0,138,0
CUST-1393,2,Standard,East,Individual,0,Medium,1,1,0,Chat,0,1,1,11.2,50.4,0,1.0,4.5,97.5,-12.7,3,164,0
CUST-1394,32,Premium,East,Small Business,2,High,0,1,3,Call,0,0,0,9.7,34.7,0,0.0,2.7,108.8,-14.5,6,20,1
CUST-1395,24,Standard,North,Individual,1,Low,0,1,1,Email,0,0,1,5.8,37.2,0,6.9,2.2,143.0,-8.3,4,5,0
CUST-1396,12,Premium,West,Individual,0,Low,2,0,1,Call,1,0,0,7.8,52.9,0,0.0,4.0,105.8,-7.9,3,59,1
CUST-1397,50,Premium,South,Individual,0,Medium,1,0,0,Chat,0,0,0,8.9,38.1,0,0.0,3.6,119.9,-4.5,8,170,0
CUST-1398,35,Standard,North,Individual,2,Medium,0,0,2,Call,0,0,0,7.5,71.2,0,0.0,2.8,71.5,-19.4,2,18,0
CUST-1399,33,Standard,South,Individual,1,Low,0,1,1,Call,0,1,1,1.9,17.2,0,0.7,2.9,44.3,15.5,9,6,0
CUST-1400,33,Premium,South,Individual,1,Low,1,0,1,Chat,0,0,1,3.2,7.3,0,0.0,3.3,128.3,-24.9,2,28,0
CUST-1401,61,Standard,North,Small Business,2,Low,0,0,2,Call,2,0,1,111.7,114.4,1,0.0,3.3,80.4,12.6,4,20,0
CUST-1402,51,Premium,West,Individual,0,Medium,0,0,0,Email,0,0,1,9.0,22.9,0,0.0,4.2,28.9,-32.0,3,115,0
CUST-1403,43,Standard,East,Small Business,0,Low,2,0,0,Ticket,0,0,1,32.7,39.4,0,0.0,5.0,153.1,-15.3,2,156,0
CUST-1404,12,Standard,North,Enterprise,5,High,0,0,6,Ticket,1,0,1,25.3,27.4,0,0.0,3.4,140.1,5.4,1,13,0
CUST-1405,67,Basic,West,Small Business,1,Medium,1,0,2,Email,1,0,1,16.6,40.5,0,0.0,3.4,94.4,-11.1,2,10,0
CUST-1406,65,Standard,South,Enterprise,1,Low,1,1,1,Email,0,1,0,11.9,18.4,0,1.1,2.0,76.8,-35.9,0,3,1
CUST-1407,33,Premium,North,Individual,1,Low,2,0,2,Ticket,0,0,1,21.9,30.7,0,0.0,2.8,66.4,-0.3,2,13,1
CUST-1408,40,Standard,East,Individual,2,Low,2,0,2,Email,0,1,0,17.6,31.7,0,0.0,5.0,95.1,-2.9,4,4,1
CUST-1409,43,Standard,East,Enterprise,0,Medium,1,0,3,Call,0,0,1,26.5,34.2,0,0.0,5.0,120.6,-10.1,0,129,0
CUST-1410,44,Premium,South,Small Business,1,Medium,0,1,1,Ticket,0,0,1,101.8,132.0,1,4.2,3.8,99.8,5.2,6,11,0
CUST-1411,29,Standard,North,Small Business,3,Low,0,0,3,Ticket,0,0,1,7.6,68.2,0,0.0,2.5,101.7,-15.8,4,5,0
CUST-1412,13,Standard,East,Small Business,2,Medium,0,0,2,Ticket,1,0,0,8.1,15.4,0,0.0,2.3,155.0,6.1,16,10,0
CUST-1413,12,Standard,North,Small Business,2,Medium,1,0,2,Email,0,0,1,23.4,26.3,0,0.0,2.9,54.4,-30.4,0,20,1
CUST-1414,46,Standard,East,Individual,1,Low,1,0,2,Call,0,0,1,37.2,42.1,0,0.0,3.6,114.3,6.4,1,13,0
CUST-1415,2,Basic,South,Small Business,0,Low,0,1,2,Ticket,0,0,1,4.2,21.0,0,0.2,2.9,122.6,-10.5,3,45,1
CUST-1416,35,Standard,South,Individual,1,Low,0,2,3,Email,0,0,0,38.6,39.9,0,3.6,2.0,95.3,-17.8,3,19,0
CUST-1417,8,Standard,North,Individual,3,Low,0,1,3,Ticket,0,0,1,45.4,62.2,0,0.5,1.9,142.9,-1.5,3,11,0
CUST-1418,26,Basic,West,Individual,0,Low,0,0,2,Email,0,0,1,10.0,21.3,0,0.0,5.0,130.3,-7.7,2,88,1
CUST-1419,34,Standard,West,Individual,3,Low,0,0,3,Chat,0,0,0,6.2,6.9,0,0.0,2.7,114.4,-14.1,10,11,0
CUST-1420,7,Standard,South,Individual,0,Low,2,0,0,Call,0,0,1,10.2,18.2,0,0.0,4.0,85.8,8.0,0,135,0
CUST-1421,68,Basic,East,Small Business,3,High,1,0,4,Ticket,0,1,0,4.1,8.1,0,0.0,3.2,69.3,-2.9,10,26,1
CUST-1422,58,Standard,West,Small Business,1,Low,0,0,1,Call,0,0,1,1.2,3.3,0,0.0,3.7,51.7,26.7,7,8,0
CUST-1423,29,Basic,South,Small Business,1,Low,0,0,3,Ticket,0,1,1,31.9,74.3,0,0.0,2.3,142.2,-12.2,7,12,0
CUST-1424,36,Standard,East,Individual,4,Medium,1,0,5,Call,0,0,1,16.9,22.0,0,0.0,4.1,164.8,-2.9,12,10,0
CUST-1425,21,Premium,East,Enterprise,3,Low,0,0,5,Chat,1,0,1,13.6,23.8,0,0.0,3.1,119.2,-13.4,4,21,0
CUST-1426,36,Standard,West,Individual,1,Low,0,0,1,Call,0,0,0,4.8,19.0,0,0.0,3.0,106.0,-24.2,10,2,1
CUST-1427,10,Basic,South,Small Business,1,Low,0,1,1,Chat,0,0,1,16.1,30.9,0,0.6,3.3,104.3,7.3,2,21,0
CUST-1428,24,Basic,East,Individual,0,High,0,2,2,Ticket,0,0,1,10.3,17.5,0,0.3,3.3,108.5,3.3,5,101,1
CUST-1429,64,Basic,East,Individual,0,Low,0,1,1,Call,0,0,1,14.1,18.8,0,0.9,3.2,130.8,2.0,1,40,0
CUST-1430,49,Standard,North,Individual,0,High,0,0,0,Email,0,0,1,1.9,14.4,0,0.0,4.1,50.8,-34.9,8,96,0
CUST-1431,36,Basic,North,Small Business,0,Medium,0,0,0,Ticket,0,1,1,51.2,75.0,1,0.0,1.0,102.1,-6.0,0,42,0
CUST-1432,24,Standard,West,Individual,1,Medium,0,0,3,Chat,0,1,1,28.9,62.7,0,0.0,2.9,86.0,-22.7,9,29,0
CUST-1433,23,Basic,North,Individual,0,Medium,0,1,0,Chat,0,0,1,27.0,40.5,0,0.1,2.8,106.6,-31.7,0,68,1
CUST-1434,62,Premium,South,Individual,4,Low,0,1,4,Chat,0,0,1,17.4,28.7,0,1.4,2.7,46.1,31.2,0,26,1
CUST-1435,37,Basic,West,Individual,0,Low,1,0,0,Ticket,0,1,1,5.2,55.8,0,0.0,2.1,70.4,-0.7,7,123,0
CUST-1436,12,Basic,West,Small Business,2,Low,1,0,2,Ticket,0,2,1,2.2,5.6,0,0.0,1.6,59.3,-28.5,1,12,0
CUST-1437,55,Premium,North,Individual,1,Low,0,0,3,Call,1,0,1,9.0,9.2,0,0.0,2.9,115.1,-2.3,3,22,1
CUST-1438,13,Basic,East,Individual,1,High,0,0,1,Email,0,0,0,10.6,20.8,0,0.0,4.0,92.8,11.0,3,7,0
CUST-1439,23,Basic,South,Individual,2,Medium,0,3,3,Chat,0,0,0,28.6,29.5,0,0.5,4.9,93.1,7.9,2,17,1
CUST-1440,30,Standard,South,Individual,2,Low,0,0,3,Chat,0,0,1,3.2,4.1,0,0.0,4.0,123.7,2.1,13,4,0
CUST-1441,17,Standard,South,Individual,3,Medium,0,0,3,Call,0,0,1,33.9,34.5,0,0.0,3.0,87.6,19.8,4,7,1
CUST-1442,62,Standard,West,Small Business,1,High,0,0,3,Call,0,0,1,11.7,26.1,0,0.0,4.7,126.7,-1.5,6,13,0
CUST-1443,13,Basic,South,Individual,1,High,0,0,1,Email,0,0,0,32.2,46.9,0,0.0,3.7,93.0,-18.5,11,21,1
CUST-1444,59,Standard,East,Individual,2,Medium,0,0,3,Chat,0,1,0,13.7,18.1,0,0.0,4.6,125.6,5.5,4,3,0
CUST-1445,19,Basic,East,Individual,0,Low,1,2,3,Ticket,0,0,0,1.1,10.0,0,13.9,3.8,129.4,-10.9,5,107,1
CUST-1446,49,Basic,North,Individual,1,Low,3,2,3,Ticket,0,0,0,18.7,26.9,0,1.1,5.0,100.7,-2.4,2,25,0
CUST-1447,12,Premium,South,Individual,0,Low,0,1,1,Ticket,1,0,1,11.1,21.3,0,1.9,2.2,147.4,-11.7,26,82,1
CUST-1448,61,Standard,West,Individual,0,Low,1,0,0,Chat,0,0,0,12.3,15.6,0,0.0,4.3,76.4,23.8,7,69,1
CUST-1449,19,Basic,North,Individual,0,Low,0,0,2,Ticket,0,1,0,30.5,55.6,0,0.0,2.6,83.1,-5.2,16,107,1
CUST-1450,9,Standard,East,Individual,1,High,0,0,1,Chat,1,0,0,5.0,10.1,0,0.0,4.0,29.3,-43.5,0,3,0
CUST-1451,71,Basic,South,Small Business,2,High,0,2,2,Ticket,0,1,1,0.5,6.5,0,8.6,3.6,98.2,-22.4,0,16,0
CUST-1452,28,Premium,East,Small Business,0,Medium,1,0,2,Chat,0,0,0,6.7,22.5,0,0.0,4.7,62.3,-17.3,3,141,1
CUST-1453,52,Basic,North,Small Business,2,Medium,1,0,4,Chat,1,0,0,3.4,63.3,0,0.0,3.8,139.5,-4.2,6,29,1
CUST-1454,16,Basic,East,Individual,1,Medium,0,0,1,Ticket,1,0,0,8.4,11.9,0,0.0,4.2,95.4,-10.2,8,19,1
CUST-1455,69,Standard,South,Small Business,1,Low,0,0,1,Ticket,1,2,0,4.7,11.3,0,0.0,4.2,83.1,-10.3,9,29,1
CUST-1456,12,Standard,South,Enterprise,1,High,0,1,3,Email,0,0,0,2.0,9.1,0,0.0,3.4,110.5,-18.6,1,2,1
CUST-1457,25,Standard,North,Small Business,2,Low,0,0,2,Chat,0,0,0,35.2,46.5,0,0.0,3.1,119.5,0.8,7,7,0
CUST-1458,52,Basic,South,Individual,0,Medium,0,1,0,Call,0,0,1,4.7,31.7,0,0.1,5.0,61.6,21.3,0,99,0
CUST-1459,53,Basic,East,Individual,0,Low,0,2,2,Chat,0,0,1,9.0,28.4,0,1.2,3.3,84.9,-16.6,3,75,0
CUST-1460,23,Standard,East,Individual,3,High,0,0,5,Ticket,0,0,1,0.0,3.5,0,0.0,2.4,121.2,-7.3,1,4,1
CUST-1461,16,Basic,West,Individual,0,Medium,2,1,1,Chat,0,0,0,29.5,48.3,0,1.9,4.9,103.2,-6.0,1,52,1
CUST-1462,57,Premium,West,Individual,1,Medium,0,1,1,Chat,0,0,0,12.4,14.5,0,1.3,3.5,128.1,-22.5,1,13,0
CUST-1463,39,Basic,West,Small Business,0,Low,2,1,0,Chat,0,0,1,40.0,43.2,0,1.9,5.0,105.8,3.7,1,45,0
CUST-1464,53,Standard,East,Small Business,5,Low,0,1,6,Chat,0,0,0,1.1,8.6,0,0.8,1.6,79.8,32.2,2,14,1
CUST-1465,42,Standard,East,Individual,4,Medium,0,0,4,Email,2,0,0,3.6,9.9,0,0.0,3.3,110.9,-13.7,12,19,1
CUST-1466,58,Basic,North,Individual,1,Low,0,1,1,Call,0,0,1,6.0,36.5,0,0.7,2.8,124.6,1.0,5,9,1
CUST-1467,39,Standard,West,Individual,1,High,0,1,3,Email,1,0,1,43.8,131.0,0,0.6,4.2,147.0,-6.0,0,7,0
CUST-1468,14,Premium,East,Individual,1,Medium,0,1,1,Call,0,0,0,8.7,12.1,0,1.1,3.2,113.1,-24.5,2,15,0
CUST-1469,5,Basic,North,Individual,0,Low,1,2,0,Call,0,0,1,4.1,20.2,0,5.7,4.0,96.0,29.6,0,119,0
CUST-1470,35,Premium,East,Individual,0,Low,1,2,0,Call,0,0,0,32.3,45.4,0,1.6,3.4,81.8,1.8,6,101,0
CUST-1471,18,Standard,North,Individual,0,Medium,0,0,0,Ticket,1,1,0,7.2,29.2,0,0.0,3.7,92.6,-21.5,20,38,0
CUST-1472,9,Basic,West,Enterprise,1,Low,0,2,1,Chat,0,0,1,8.6,26.6,0,4.8,4.4,88.1,-25.1,3,28,0
CUST-1473,58,Standard,West,Individual,0,Low,0,0,0,Email,0,0,0,21.3,26.1,0,0.0,4.5,53.0,2.0,19,51,0
CUST-1474,17,Basic,West,Individual,0,Low,1,0,0,Call,0,1,1,9.7,37.2,0,0.0,4.1,80.4,-11.5,1,37,0
CUST-1475,7,Standard,East,Individual,1,Low,3,0,2,Ticket,1,1,1,0.3,10.1,0,0.0,5.0,126.1,-10.7,4,26,1
CUST-1476,46,Standard,East,Individual,1,Low,0,0,1,Call,0,1,1,90.5,131.0,1,0.0,4.2,50.9,-21.7,3,29,1
CUST-1477,13,Premium,North,Individual,0,Low,0,0,0,Ticket,1,0,1,5.5,17.8,0,0.0,3.3,141.4,1.6,7,145,0
CUST-1478,40,Premium,South,Small Business,1,Medium,0,1,2,Ticket,0,2,1,5.6,10.8,0,0.0,3.3,101.6,-8.0,1,22,0
CUST-1479,42,Standard,South,Individual,1,Medium,1,1,2,Chat,0,1,1,2.9,36.9,0,1.0,3.6,48.1,-1.1,1,28,0
CUST-1480,9,Standard,West,Individual,2,Medium,1,1,3,Chat,0,1,0,3.4,29.7,0,0.5,4.4,59.0,-22.2,2,24,0
CUST-1481,50,Basic,South,Small Business,0,Low,1,0,0,Email,0,0,0,13.9,58.0,0,0.0,4.8,51.8,24.2,4,77,0
CUST-1482,27,Standard,West,Individual,0,High,0,1,1,Call,2,0,0,56.2,89.8,1,0.6,3.4,94.8,0.6,0,103,0
CUST-1483,66,Basic,North,Individual,1,Medium,0,0,1,Call,0,1,0,23.9,28.1,0,0.0,4.3,95.1,5.2,15,8,1
CUST-1484,5,Standard,South,Individual,1,Low,1,1,1,Call,1,1,1,21.4,46.8,0,1.5,3.3,117.1,-9.8,3,18,1
CUST-1485,29,Standard,South,Small Business,0,Medium,0,1,1,Ticket,0,0,0,9.0,22.5,0,1.1,3.0,53.8,-25.0,3,45,1
CUST-1486,37,Basic,West,Individual,0,Low,0,0,0,Email,0,0,1,33.5,41.3,0,0.0,4.4,122.3,-9.5,2,79,0
CUST-1487,38,Basic,North,Individual,1,Low,0,0,2,Chat,0,0,1,12.8,12.9,0,0.0,2.5,78.3,-29.4,2,8,1
CUST-1488,8,Basic,South,Small Business,1,High,0,1,2,Chat,1,0,1,12.2,30.2,0,1.3,3.7,87.7,-8.3,3,7,1
CUST-1489,65,Standard,South,Individual,1,Low,0,1,1,Email,1,0,0,104.1,132.9,1,2.1,4.1,111.5,4.1,1,23,1
CUST-1490,17,Standard,South,Individual,3,Medium,1,2,3,Chat,2,0,0,18.8,32.7,0,0.2,2.5,96.7,0.3,0,10,1
CUST-1491,71,Standard,North,Individual,0,Low,1,1,1,Call,1,0,1,40.5,46.1,0,4.5,3.4,77.2,3.4,2,149,0
CUST-1492,45,Standard,North,Small Business,2,High,0,0,2,Ticket,0,0,1,14.9,15.8,0,0.0,3.1,115.9,-4.5,5,10,1
CUST-1493,4,Standard,South,Small Business,0,Low,1,0,0,Call,0,1,0,3.5,19.7,0,0.0,5.0,82.2,17.5,2,74,0
CUST-1494,36,Basic,West,Enterprise,2,Low,1,0,2,Email,0,1,0,87.3,95.0,1,0.0,2.6,98.7,-10.3,0,9,0
CUST-1495,70,Basic,West,Enterprise,2,Medium,1,0,2,Chat,0,1,0,21.3,31.6,0,0.0,3.7,69.4,-18.3,3,2,0
CUST-1496,31,Standard,South,Small Business,1,Medium,0,0,2,Email,1,0,1,3.2,15.7,0,0.0,3.1,128.0,-9.0,3,19,1
CUST-1497,19,Standard,North,Small Business,2,Medium,1,0,3,Email,0,0,1,26.9,48.9,0,0.0,4.0,54.1,-36.1,0,3,0
CUST-1498,61,Basic,South,Small Business,0,Medium,1,0,0,Chat,0,0,1,11.6,23.1,0,0.0,2.8,55.8,-39.7,2,138,1
CUST-1499,54,Basic,North,Individual,0,Low,0,0,0,Email,1,0,1,34.6,45.8,0,0.0,3.9,75.8,-10.1,7,127,1
CUST-1500,39,Basic,South,Individual,2,Low,0,0,2,Call,2,0,0,6.5,16.3,0,0.0,1.9,145.8,-15.3,0,11,0
CUST-1501,19,Standard,North,Individual,1,Medium,0,3,1,Email,0,1,0,57.1,65.4,1,0.3,2.1,107.8,11.1,0,20,1
CUST-1502,39,Basic,East,Individual,0,Medium,1,0,1,Ticket,1,0,1,7.1,21.7,0,0.0,3.7,97.8,-27.2,6,113,1
CUST-1503,67,Standard,West,Small Business,0,Low,0,0,1,Call,0,0,1,118.1,118.5,1,0.0,3.6,67.2,-15.3,4,33,0
CUST-1504,45,Premium,East,Individual,0,Medium,0,0,0,Call,0,0,1,24.1,43.4,0,0.0,3.2,109.2,-12.8,4,104,0
CUST-1505,13,Basic,West,Individual,4,High,0,2,6,Email,0,1,0,71.0,76.7,1,2.4,1.6,88.2,3.0,3,12,1
CUST-1506,58,Premium,North,Individual,2,Medium,0,0,2,Call,0,0,1,25.8,32.8,0,0.0,2.9,80.4,-21.0,0,14,0
CUST-1507,20,Standard,East,Small Business,0,Low,0,2,1,Email,0,0,0,28.1,42.3,0,0.4,3.4,133.1,-9.4,0,44,0
CUST-1508,61,Standard,West,Small Business,1,Low,0,0,2,Ticket,1,0,0,2.6,6.9,0,0.0,4.7,128.8,-16.3,1,11,0
CUST-1509,39,Standard,South,Individual,0,Low,0,0,1,Email,0,0,0,0.3,16.4,0,0.0,5.0,50.1,-8.5,0,83,0
CUST-1510,1,Standard,North,Individual,2,Low,1,0,3,Chat,0,0,1,1.8,3.9,0,0.0,3.0,127.7,-4.9,4,2,0
CUST-1511,3,Standard,North,Individual,1,Low,0,1,1,Email,0,0,0,11.5,27.2,0,1.6,3.7,84.5,-5.0,5,13,1
CUST-1512,62,Standard,South,Individual,1,Low,0,0,1,Call,0,0,0,10.3,29.2,0,0.0,3.9,103.7,-20.6,4,23,0
CUST-1513,63,Basic,South,Individual,3,Low,1,0,3,Email,0,0,0,4.1,22.1,0,0.0,2.6,40.3,47.9,6,1,0
CUST-1514,25,Basic,West,Small Business,2,Low,1,0,2,Email,1,0,0,0.9,23.2,0,0.0,2.6,118.9,-16.8,15,3,1
CUST-1515,56,Basic,North,Individual,2,Low,0,1,2,Chat,0,1,1,23.6,34.5,0,1.0,3.4,112.2,-19.3,17,5,0
CUST-1516,33,Basic,West,Individual,0,Low,0,0,0,Chat,0,1,0,4.4,34.4,0,0.0,3.9,78.4,-31.2,1,99,1
CUST-1517,38,Basic,South,Individual,2,Low,1,1,2,Call,0,0,0,76.8,80.8,1,3.0,2.3,102.9,-16.0,1,16,0
CUST-1518,6,Basic,North,Individual,0,Low,0,0,1,Ticket,0,2,0,2.2,9.4,0,0.0,4.5,39.5,9.3,6,38,0
CUST-1519,58,Standard,South,Individual,2,Low,0,0,4,Ticket,1,0,1,9.0,56.1,0,0.0,4.5,72.2,-21.8,23,22,0
CUST-1520,44,Premium,West,Individual,0,High,0,0,2,Call,0,0,1,13.0,36.4,0,0.0,4.5,55.8,-39.8,2,31,1
CUST-1521,45,Premium,West,Individual,0,Medium,0,0,2,Call,0,0,0,4.9,25.3,0,0.0,5.0,102.3,-12.0,1,61,0
CUST-1522,32,Standard,West,Small Business,0,Low,0,0,0,Call,0,0,1,14.0,32.6,0,0.0,5.0,86.0,-4.9,6,80,0
CUST-1523,45,Standard,North,Individual,4,High,0,1,4,Ticket,0,0,1,2.7,4.4,0,1.4,3.3,98.6,-29.1,2,9,0
CUST-1524,61,Premium,South,Individual,3,Low,1,2,4,Ticket,2,0,1,0.0,45.2,0,7.3,1.2,66.1,25.9,0,6,1
CUST-1525,47,Standard,South,Individual,2,Medium,0,1,3,Ticket,0,2,1,24.0,29.1,0,0.3,2.9,41.7,-7.1,6,28,1
CUST-1526,21,Basic,West,Small Business,0,Low,0,1,0,Chat,0,0,0,36.0,38.3,0,4.0,4.9,138.4,-19.5,2,75,0
CUST-1527,36,Premium,West,Individual,3,Medium,2,0,3,Email,0,1,1,17.1,17.4,0,0.0,3.4,54.5,13.8,4,4,0
CUST-1528,19,Standard,West,Small Business,0,Low,0,0,0,Chat,1,0,0,5.2,12.5,0,0.0,4.5,36.8,-45.2,5,88,0
CUST-1529,20,Standard,West,Enterprise,2,Low,0,0,2,Chat,2,0,1,10.0,26.8,0,0.0,1.8,128.8,17.0,8,9,0
CUST-1530,57,Basic,East,Individual,2,Low,0,1,4,Chat,1,1,0,19.7,27.1,0,4.0,3.9,99.7,-18.3,4,29,1
CUST-1531,18,Basic,East,Small Business,1,High,1,0,2,Email,0,0,0,0.7,25.5,0,0.0,3.7,133.9,-15.1,13,3,1
CUST-1532,47,Premium,East,Small Business,3,Low,0,1,3,Ticket,0,0,1,2.0,5.0,0,2.5,3.6,136.8,5.9,3,19,1
CUST-1533,49,Standard,West,Individual,3,Low,1,0,3,Email,1,0,0,63.5,66.3,1,0.0,3.5,41.9,-19.6,3,27,0
CUST-1534,14,Basic,West,Small Business,1,Low,2,2,1,Chat,0,1,0,22.7,27.3,0,2.8,5.0,96.3,12.4,1,12,0
CUST-1535,15,Basic,South,Individual,1,Medium,0,0,1,Email,0,0,0,23.9,24.7,0,0.0,4.0,108.0,5.4,0,15,1
CUST-1536,31,Standard,North,Individual,3,Low,0,0,3,Ticket,1,0,1,2.2,29.6,0,0.0,3.4,107.3,-8.8,4,10,0
CUST-1537,1,Standard,South,Small Business,1,Medium,0,0,1,Chat,1,0,1,5.3,7.5,0,0.0,2.0,93.6,-28.8,1,16,0
CUST-1538,54,Basic,East,Small Business,1,Low,0,0,1,Chat,0,0,0,9.9,17.1,0,0.0,4.5,157.6,-15.8,6,13,1
CUST-1539,3,Premium,South,Enterprise,0,Medium,1,0,0,Call,0,1,1,4.6,13.9,0,0.0,4.3,106.5,10.9,4,174,1
CUST-1540,16,Basic,West,Individual,1,Low,1,0,1,Ticket,2,0,0,33.2,37.2,0,0.0,3.0,110.0,-16.3,1,11,0
CUST-1541,57,Basic,East,Individual,4,Low,1,0,4,Chat,0,0,0,18.7,51.0,0,0.0,1.7,80.2,13.7,4,6,1
CUST-1542,12,Standard,East,Individual,2,High,0,0,2,Chat,1,0,1,4.4,24.3,0,0.0,2.9,45.4,-40.4,22,27,0
CUST-1543,16,Basic,North,Individual,2,Medium,2,2,2,Ticket,0,0,1,29.5,29.9,0,2.2,4.6,123.5,6.7,10,29,0
CUST-1544,24,Premium,North,Individual,2,High,1,0,3,Chat,0,0,0,15.6,24.2,0,0.0,5.0,96.0,-21.0,2,11,1
CUST-1545,28,Standard,East,Individual,0,Medium,0,2,0,Call,0,0,1,4.7,6.9,0,0.8,3.5,135.3,-2.1,5,148,0
CUST-1546,8,Standard,East,Individual,2,Low,0,1,3,Email,0,1,1,37.0,52.3,0,0.2,2.3,62.8,45.6,1,11,0
CUST-1547,36,Basic,South,Individual,2,Medium,0,2,2,Call,0,0,1,4.7,14.9,0,3.2,4.2,89.3,-8.6,0,2,0
CUST-1548,8,Basic,East,Individual,1,Medium,0,1,2,Email,2,0,1,23.5,48.3,0,0.3,3.1,74.1,-1.8,9,19,0
CUST-1549,58,Basic,West,Enterprise,0,Low,0,0,0,Call,0,0,0,10.2,27.5,0,0.0,4.7,72.0,-22.9,2,135,1
CUST-1550,60,Standard,South,Small Business,0,Low,0,0,0,Email,0,1,1,27.7,53.3,0,0.0,4.7,100.7,3.8,1,56,1
CUST-1551,50,Standard,West,Individual,2,Low,0,0,2,Call,0,0,1,11.0,42.4,0,0.0,2.1,22.5,-55.4,1,15,0
CUST-1552,28,Premium,West,Small Business,1,Low,0,2,1,Chat,0,0,1,6.8,9.7,0,4.9,3.6,100.7,-29.2,12,15,0
CUST-1553,41,Standard,West,Small Business,2,Low,1,0,2,Email,0,0,0,64.9,78.0,1,0.0,1.0,107.4,3.0,11,2,1
CUST-1554,64,Premium,East,Small Business,2,High,1,1,3,Ticket,0,0,1,28.4,31.0,0,0.1,4.1,165.2,-2.0,5,22,0
CUST-1555,27,Standard,North,Individual,0,Medium,0,0,0,Ticket,1,1,1,35.2,39.3,0,0.0,3.4,84.7,-32.9,0,148,1
CUST-1556,63,Basic,North,Individual,0,Medium,1,0,0,Call,0,0,0,7.5,11.4,0,0.0,3.1,124.4,-11.7,6,90,1
CUST-1557,17,Basic,West,Small Business,2,Low,0,0,2,Call,1,0,1,8.6,15.1,0,0.0,3.2,88.3,-1.1,11,10,1
CUST-1558,33,Standard,East,Individual,0,Low,0,1,0,Call,1,0,1,3.8,27.1,0,2.3,3.6,119.5,-10.7,12,58,1
CUST-1559,29,Basic,South,Enterprise,1,Medium,0,0,1,Email,0,0,0,11.8,17.6,0,0.0,3.0,139.5,-1.5,2,20,0
CUST-1560,13,Basic,West,Small Business,0,Medium,0,1,1,Chat,0,0,0,115.9,136.5,1,0.6,3.3,30.9,-18.7,0,66,1
CUST-1561,46,Standard,South,Enterprise,2,Medium,0,0,2,Ticket,0,0,0,17.8,17.8,0,0.0,3.1,104.0,-7.1,16,20,1
CUST-1562,35,Premium,South,Individual,2,High,0,0,2,Call,2,0,1,25.8,38.7,0,0.0,3.2,142.2,-8.2,8,27,1
CUST-1563,6,Basic,East,Individual,4,Low,0,0,5,Email,1,2,1,26.7,31.7,0,0.0,3.8,137.1,-13.2,2,6,1
CUST-1564,69,Standard,East,Individual,1,Low,1,0,2,Email,0,0,1,4.5,24.8,0,0.0,5.0,103.7,-21.5,4,15,0
CUST-1565,47,Premium,North,Enterprise,0,Low,0,2,1,Ticket,0,0,0,1.2,72.0,0,5.5,4.4,122.4,-11.6,2,128,1
CUST-1566,25,Standard,North,Individual,1,Low,1,0,1,Ticket,0,1,1,2.6,14.0,0,0.0,3.6,89.1,-0.9,3,4,0
CUST-1567,66,Basic,East,Individual,1,Low,0,1,2,Chat,0,0,0,25.4,36.9,0,1.5,2.0,122.3,-20.3,1,11,0
CUST-1568,10,Basic,West,Individual,3,High,0,3,3,Ticket,0,0,1,12.2,67.2,0,0.7,2.5,97.7,-22.0,0,21,1
CUST-1569,56,Standard,North,Individual,2,High,0,1,2,Chat,1,0,0,47.0,53.7,0,1.8,1.8,83.3,2.9,29,9,0
CUST-1570,30,Standard,South,Individual,2,High,2,0,2,Chat,0,3,0,9.1,16.7,0,0.0,1.9,118.3,-10.6,1,5,1
CUST-1571,5,Premium,West,Individual,1,High,1,1,1,Email,0,0,0,2.2,20.1,0,2.7,4.1,80.3,-10.5,1,23,1
CUST-1572,33,Standard,South,Small Business,1,High,0,0,1,Email,2,0,0,69.1,79.3,1,0.0,3.1,117.5,-3.5,1,1,0
CUST-1573,65,Basic,East,Individual,0,High,1,1,1,Chat,1,0,0,10.2,32.2,0,0.4,4.5,118.9,-12.1,1,153,0
CUST-1574,18,Basic,South,Small Business,1,Medium,0,0,2,Call,1,0,0,37.7,45.7,0,0.0,4.0,129.1,-22.9,1,19,1
CUST-1575,49,Standard,West,Small Business,3,Low,1,0,4,Chat,1,1,1,0.9,18.5,0,0.0,2.7,97.3,-10.9,4,6,1
CUST-1576,11,Basic,East,Small Business,1,Low,0,0,1,Ticket,0,0,0,8.9,31.0,0,0.0,2.5,164.1,2.9,0,6,1
CUST-1577,26,Basic,West,Small Business,1,Low,0,2,1,Chat,0,0,0,18.0,33.5,0,3.3,3.2,65.1,-3.9,0,11,0
CUST-1578,63,Standard,South,Individual,0,Low,0,0,1,Chat,0,0,1,14.9,18.2,0,0.0,1.9,149.4,3.8,3,146,0
CUST-1579,59,Basic,West,Individual,2,Medium,0,0,2,Chat,0,0,0,26.0,36.9,0,0.0,2.4,133.7,-5.3,5,28,1
CUST-1580,27,Basic,East,Small Business,0,Low,0,0,0,Call,0,1,0,42.9,93.9,0,0.0,5.0,121.8,-15.1,1,113,1
CUST-1581,49,Standard,South,Individual,1,Low,0,0,1,Call,0,0,0,28.4,30.1,0,0.0,3.4,130.0,3.3,3,4,1
CUST-1582,33,Basic,South,Individual,0,Low,1,1,0,Chat,0,0,1,7.4,25.7,0,0.0,5.0,86.2,12.9,2,46,0
CUST-1583,1,Basic,North,Individual,1,Low,0,0,1,Ticket,0,0,0,69.7,93.0,1,0.0,2.5,16.7,-513.4,3,24,1
CUST-1584,21,Standard,North,Small Business,2,Low,0,0,2,Email,3,0,0,50.3,67.1,1,0.0,4.1,83.5,14.8,6,5,1
CUST-1585,55,Premium,West,Individual,0,Low,0,0,1,Ticket,1,0,1,19.9,21.7,0,0.0,3.3,113.5,-22.3,4,127,0
CUST-1586,6,Basic,North,Individual,0,Low,0,1,0,Email,1,0,0,14.3,15.4,0,6.5,3.8,124.8,-21.3,3,77,1
CUST-1587,69,Standard,North,Individual,0,Low,1,0,1,Ticket,1,0,1,14.5,25.1,0,0.0,2.8,143.2,-3.3,1,79,1
CUST-1588,5,Basic,North,Enterprise,0,Medium,0,0,1,Call,0,0,0,26.6,32.4,0,0.0,4.6,91.2,-24.0,4,142,1
CUST-1589,3,Standard,North,Individual,0,Low,0,0,0,Ticket,0,0,0,13.2,20.6,0,0.0,4.0,55.3,-17.0,0,100,0
CUST-1590,53,Premium,East,Small Business,1,Medium,0,0,1,Chat,0,0,0,86.0,90.8,1,0.0,4.5,89.5,-3.1,2,11,0
CUST-1591,23,Standard,East,Individual,1,Low,0,1,1,Email,0,0,1,24.8,50.5,0,3.4,3.8,107.7,-27.5,0,27,0
CUST-1592,53,Premium,North,Small Business,0,Low,0,0,0,Ticket,0,0,1,5.4,33.9,0,0.0,5.0,64.3,-10.4,1,120,1
CUST-1593,37,Basic,West,Individual,1,Medium,0,0,3,Ticket,0,1,0,21.5,21.7,0,0.0,3.7,156.0,-12.5,5,29,0
CUST-1594,17,Basic,East,Small Business,1,Low,1,2,2,Ticket,0,0,1,13.2,38.4,0,10.2,3.7,113.8,-4.4,7,10,1
CUST-1595,1,Premium,North,Individual,0,Low,2,0,0,Call,0,0,1,3.5,20.3,0,0.0,4.3,91.2,22.5,1,90,0
CUST-1596,51,Basic,East,Individual,1,High,0,0,2,Call,0,0,0,14.6,23.7,0,0.0,5.0,109.2,-7.4,5,15,1
CUST-1597,45,Basic,South,Small Business,2,Medium,0,2,3,Ticket,0,0,1,39.2,40.5,0,0.3,2.7,99.6,-10.5,1,18,0
CUST-1598,4,Standard,East,Small Business,1,Low,0,0,2,Call,0,0,1,0.5,17.1,0,0.0,2.4,57.1,15.2,2,26,1
CUST-1599,62,Premium,East,Small Business,0,High,1,2,0,Ticket,0,0,1,38.1,42.7,0,2.5,3.6,134.2,-6.1,12,74,0
CUST-1600,65,Premium,West,Small Business,0,High,2,2,2,Call,0,0,0,23.1,35.1,0,0.6,3.3,131.8,0.6,0,102,0
CUST-1601,32,Basic,East,Individual,3,Low,1,0,4,Ticket,1,0,1,25.9,29.6,0,0.0,4.3,67.0,-29.9,20,28,1
CUST-1602,34,Premium,West,Enterprise,0,Medium,0,0,1,Chat,0,0,0,44.6,76.2,0,0.0,4.1,128.3,0.3,5,30,1
CUST-1603,39,Basic,South,Individual,4,Medium,0,1,4,Call,0,0,1,57.5,64.0,1,1.3,2.0,44.5,-11.2,4,4,1
CUST-1604,26,Basic,North,Small Business,0,Low,1,0,1,Ticket,0,0,0,7.0,24.4,0,0.0,3.4,91.1,-4.9,1,99,0
CUST-1605,34,Standard,West,Individual,0,Medium,0,0,2,Email,0,0,0,50.3,60.5,1,0.0,4.1,101.2,-6.9,1,115,1
CUST-1606,54,Basic,East,Individual,3,Low,0,1,5,Chat,1,1,0,4.9,41.7,0,0.2,1.7,118.6,8.9,12,23,1
CUST-1607,3,Basic,East,Individual,0,Medium,0,0,1,Call,1,0,1,3.1,7.0,0,0.0,1.0,153.6,-5.6,0,93,1
CUST-1608,50,Standard,West,Individual,2,Medium,0,0,2,Ticket,0,0,1,16.2,62.8,0,0.0,3.9,146.2,-18.5,0,23,0
CUST-1609,12,Basic,South,Individual,2,Low,1,0,4,Email,1,0,0,52.5,73.5,1,0.0,2.6,98.1,-8.7,6,1,1
CUST-1610,65,Basic,North,Individual,2,High,0,1,3,Email,0,1,0,1.1,19.2,0,1.0,5.0,44.7,-37.9,6,25,1
CUST-1611,54,Basic,East,Individual,1,Medium,0,0,1,Email,2,0,1,15.0,42.6,0,0.0,4.6,91.7,24.8,2,23,0
CUST-1612,5,Standard,South,Individual,1,High,0,0,1,Chat,0,0,0,22.7,38.5,0,0.0,2.2,107.1,27.4,11,25,1
CUST-1613,57,Standard,North,Individual,2,Low,0,0,2,Chat,0,0,1,27.4,29.1,0,0.0,2.5,124.5,-17.6,12,25,1
CUST-1614,17,Standard,North,Individual,0,Low,1,0,2,Email,0,0,1,14.0,32.0,0,0.0,4.0,153.3,-5.5,9,65,0
CUST-1615,47,Standard,East,Individual,2,Medium,0,0,2,Chat,1,0,1,17.1,25.7,0,0.0,4.6,73.8,-15.0,0,23,1
CUST-1616,23,Standard,West,Individual,0,Low,2,0,0,Ticket,1,0,0,12.1,24.2,0,0.0,3.4,101.3,-8.7,1,106,1
CUST-1617,14,Premium,East,Small Business,2,Low,0,1,2,Call,0,0,0,25.7,33.6,0,1.0,1.7,117.2,-15.5,1,28,1
CUST-1618,66,Basic,East,Enterprise,2,Medium,0,1,3,Call,0,0,1,9.5,12.4,0,3.2,5.0,62.6,8.5,0,6,1
CUST-1619,51,Basic,East,Individual,1,Low,0,0,1,Call,0,0,0,6.6,16.5,0,0.0,5.0,111.8,-10.2,11,10,1
CUST-1620,38,Premium,South,Small Business,0,Low,0,1,1,Chat,0,0,0,6.1,7.1,0,0.5,2.6,103.6,-15.4,24,111,0
CUST-1621,64,Basic,West,Small Business,0,Low,0,1,1,Ticket,0,0,0,21.2,22.0,0,4.9,4.0,145.7,-0.3,0,92,1
CUST-1622,38,Premium,South,Individual,2,Low,1,0,2,Ticket,0,0,0,51.7,63.1,1,0.0,1.2,60.3,-3.0,1,17,1
CUST-1623,50,Standard,East,Small Business,0,Low,1,1,0,Chat,1,0,0,6.4,9.4,0,1.8,4.5,98.4,11.0,0,157,1
CUST-1624,30,Standard,West,Individual,0,Low,0,2,2,Chat,0,1,0,5.7,20.4,0,2.9,5.0,118.8,3.8,0,30,0
CUST-1625,51,Standard,North,Individual,1,Low,0,0,2,Ticket,0,0,1,25.2,28.3,0,0.0,4.3,97.5,26.7,3,20,0
CUST-1626,63,Standard,West,Individual,1,Medium,1,1,1,Ticket,0,0,0,0.2,24.7,0,0.9,3.1,60.2,-25.5,2,9,1
CUST-1627,52,Basic,East,Individual,1,Low,1,0,1,Email,0,0,0,35.9,38.3,0,0.0,3.2,83.9,52.2,2,23,0
CUST-1628,38,Standard,West,Small Business,1,Medium,0,0,1,Call,1,0,1,9.5,18.3,0,0.0,5.0,106.2,13.8,5,24,1
CUST-1629,30,Standard,North,Individual,2,Low,0,1,3,Email,2,1,0,46.4,55.8,0,1.0,4.1,176.1,-6.7,0,19,1
CUST-1630,51,Premium,North,Individual,1,Medium,0,3,3,Ticket,0,0,1,24.7,39.2,0,5.8,3.1,62.4,-7.5,9,16,0
CUST-1631,5,Basic,West,Individual,0,High,0,0,0,Email,0,0,1,31.5,39.2,0,0.0,4.4,97.7,-4.4,10,178,0
CUST-1632,29,Basic,North,Small Business,0,Medium,0,0,1,Call,0,0,0,3.8,19.8,0,0.0,3.7,106.3,-14.6,0,143,1
CUST-1633,4,Basic,South,Small Business,2,Medium,0,1,3,Chat,0,2,1,9.1,30.9,0,2.5,2.7,123.8,-2.0,5,24,1
CUST-1634,10,Standard,West,Small Business,1,Low,0,1,1,Email,0,0,1,6.6,8.6,0,0.2,5.0,73.0,-14.0,5,4,1
CUST-1635,56,Premium,North,Individual,1,Low,1,0,1,Email,0,0,1,25.1,26.3,0,0.0,3.4,108.6,-10.9,0,14,0
CUST-1636,17,Basic,North,Individual,0,High,0,0,0,Chat,1,0,0,0.5,17.4,0,0.0,4.0,168.4,-6.4,2,141,1
CUST-1637,17,Standard,West,Individual,2,Medium,1,0,2,Chat,0,2,0,19.3,48.1,0,0.0,4.5,63.5,-3.9,5,12,1
CUST-1638,69,Basic,South,Individual,2,Medium,0,1,3,Call,1,0,1,40.5,50.3,0,1.9,4.3,104.3,-10.1,5,9,1
CUST-1639,34,Standard,West,Individual,1,High,1,2,1,Ticket,1,0,0,0.9,15.9,0,5.0,3.9,122.7,-21.0,9,4,1
CUST-1640,6,Premium,North,Individual,0,Low,1,1,0,Email,0,1,1,6.9,12.2,0,0.5,3.2,101.8,-9.2,0,67,1
CUST-1641,53,Basic,West,Individual,0,Medium,0,0,1,Call,0,1,0,4.7,35.8,0,0.0,3.7,104.2,2.5,1,111,1
CUST-1642,66,Standard,North,Enterprise,0,Low,0,0,1,Email,0,0,0,125.3,147.4,1,0.0,3.9,120.0,-17.1,6,79,1
CUST-1643,43,Premium,East,Small Business,2,Medium,0,1,3,Call,0,0,1,84.8,98.1,1,3.2,3.1,102.2,-27.6,1,28,0
CUST-1644,23,Premium,West,Individual,0,Low,0,0,1,Call,0,0,0,2.7,8.1,0,0.0,4.3,121.9,3.8,3,94,0
CUST-1645,55,Standard,West,Individual,1,High,1,1,2,Chat,2,0,1,4.3,13.0,0,0.6,3.1,89.7,-20.9,0,18,0
CUST-1646,16,Standard,North,Individual,1,Medium,0,0,1,Ticket,0,0,0,0.5,5.4,0,0.0,2.7,113.3,5.3,0,5,0
CUST-1647,8,Basic,North,Small Business,3,Low,0,1,5,Email,0,0,1,16.7,25.2,0,2.6,2.0,80.5,-26.2,1,24,1
CUST-1648,4,Standard,North,Small Business,1,Medium,0,0,2,Ticket,0,1,0,23.2,23.9,0,0.0,4.4,93.6,-8.3,1,22,1
CUST-1649,4,Premium,North,Enterprise,0,Medium,0,0,0,Call,0,0,1,21.3,22.9,0,0.0,5.0,98.9,-27.6,0,82,0
CUST-1650,56,Standard,West,Individual,3,Low,0,1,3,Chat,0,0,1,6.0,9.7,0,0.9,3.1,77.6,-11.6,9,4,1
CUST-1651,25,Basic,North,Small Business,1,Low,1,0,1,Ticket,0,0,1,4.5,39.7,0,0.0,3.3,52.6,-38.3,0,16,0
CUST-1652,67,Basic,West,Individual,0,Low,0,1,0,Chat,1,0,1,1.1,10.5,0,0.3,4.1,62.6,-2.8,7,71,0
CUST-1653,67,Basic,South,Small Business,0,Low,0,1,0,Chat,0,1,0,20.0,29.9,0,1.0,2.0,92.9,14.3,1,173,1
CUST-1654,27,Basic,West,Small Business,2,Medium,0,0,3,Email,0,0,1,5.6,16.9,0,0.0,2.7,131.8,-8.0,2,26,0
CUST-1655,32,Basic,North,Small Business,0,Low,0,0,1,Call,0,1,1,1.9,12.3,0,0.0,5.0,110.7,-23.0,4,138,1
CUST-1656,50,Standard,North,Individual,0,Low,0,0,1,Email,0,0,0,8.8,10.1,0,0.0,4.4,129.9,-5.8,1,99,0
CUST-1657,61,Basic,South,Small Business,1,Medium,0,1,2,Email,1,1,1,3.2,9.1,0,0.4,3.1,118.8,-25.2,0,11,1
CUST-1658,51,Basic,West,Individual,3,High,0,1,3,Ticket,0,0,1,14.1,15.2,0,0.4,3.1,129.3,-9.8,15,25,0
CUST-1659,19,Standard,South,Individual,1,Medium,1,0,1,Chat,0,0,0,3.2,4.3,0,0.0,2.9,87.1,-34.8,8,14,0
CUST-1660,21,Basic,West,Individual,3,Medium,0,0,4,Email,1,0,1,89.5,90.7,1,0.0,3.4,101.9,-7.8,7,14,0
CUST-1661,5,Basic,North,Individual,0,Low,0,0,0,Email,0,0,1,8.2,42.3,0,0.0,4.6,94.0,-20.8,3,134,0
CUST-1662,42,Basic,West,Individual,0,Low,2,0,1,Call,0,0,0,12.9,16.6,0,0.0,4.3,99.0,-20.1,5,102,1
CUST-1663,61,Basic,North,Individual,2,Low,0,0,2,Ticket,0,0,1,18.2,19.2,0,0.0,3.1,56.3,-8.5,9,10,0
CUST-1664,22,Standard,North,Individual,0,Medium,0,1,0,Ticket,2,1,0,38.0,38.1,0,0.5,4.2,115.2,-16.1,2,105,0
CUST-1665,21,Basic,East,Individual,2,Low,1,1,3,Chat,0,0,0,59.1,73.4,1,1.1,2.5,96.8,-9.5,0,5,1
CUST-1666,70,Standard,East,Individual,1,Low,0,0,1,Chat,0,0,1,9.1,23.5,0,0.0,4.3,134.9,-17.6,9,25,1
CUST-1667,1,Premium,West,Individual,1,High,1,1,1,Ticket,1,0,0,11.0,15.6,0,4.0,5.0,62.5,-20.2,0,21,1
CUST-1668,5,Standard,North,Individual,2,Low,0,0,2,Ticket,0,0,1,3.3,8.2,0,0.0,3.8,29.5,12.3,12,29,0
CUST-1669,12,Standard,South,Individual,1,High,2,0,1,Call,0,0,1,4.2,10.4,0,0.0,3.5,109.9,-7.1,6,5,0
CUST-1670,46,Premium,North,Individual,2,High,3,0,2,Email,0,0,0,25.6,32.2,0,0.0,1.2,72.5,-3.5,2,6,0
CUST-1671,34,Standard,South,Small Business,0,Low,0,1,0,Call,1,0,1,11.4,33.9,0,10.2,3.4,111.5,-3.9,4,114,1
CUST-1672,49,Basic,West,Individual,1,High,0,0,2,Call,0,1,1,36.9,79.0,0,0.0,4.9,117.5,0.8,3,14,0
CUST-1673,45,Basic,West,Small Business,1,Low,1,1,1,Ticket,0,0,1,15.1,28.4,0,1.2,3.6,147.1,4.7,2,21,1
CUST-1674,27,Premium,South,Individual,3,High,0,1,3,Ticket,0,0,1,6.6,14.1,0,1.3,2.5,122.4,-2.6,0,17,1
CUST-1675,26,Basic,South,Enterprise,0,Low,0,0,0,Email,0,0,1,22.7,28.0,0,0.0,2.7,123.9,-21.6,8,127,0
CUST-1676,47,Basic,North,Individual,0,Medium,0,1,0,Chat,0,0,0,12.8,39.3,0,0.9,5.0,23.4,-5.3,4,45,1
CUST-1677,56,Standard,West,Individual,1,Medium,0,1,1,Ticket,0,0,1,44.2,45.6,0,3.8,3.7,77.7,-24.3,6,29,0
CUST-1678,63,Premium,North,Individual,1,Medium,0,0,1,Call,0,1,0,9.3,17.8,0,0.0,4.6,121.7,-19.2,1,1,1
CUST-1679,48,Basic,South,Individual,1,Medium,1,0,1,Email,0,0,1,5.9,22.3,0,0.0,1.3,95.9,-10.8,1,1,1
CUST-1680,61,Standard,East,Small Business,0,High,0,0,1,Chat,1,0,1,11.6,15.9,0,0.0,4.5,141.6,-17.2,9,130,1
CUST-1681,26,Basic,East,Individual,3,High,1,2,3,Call,0,0,0,37.8,40.0,0,0.8,1.9,95.1,12.5,3,24,1
CUST-1682,36,Standard,East,Individual,1,Medium,0,0,1,Call,0,0,0,34.8,50.6,0,0.0,3.9,86.8,13.0,3,29,1
CUST-1683,1,Basic,South,Small Business,2,Medium,1,0,3,Chat,0,0,1,44.8,58.5,0,0.0,2.9,82.2,-26.6,0,16,1
CUST-1684,8,Basic,North,Individual,2,Low,0,0,2,Call,1,0,1,37.9,52.4,0,0.0,2.9,69.1,-15.8,2,16,1
CUST-1685,52,Premium,West,Individual,0,Medium,1,1,1,Call,0,0,0,8.0,65.4,0,7.4,4.3,104.3,-25.2,6,112,1
CUST-1686,47,Standard,South,Individual,0,Medium,0,0,2,Email,0,0,0,17.9,23.8,0,0.0,3.6,105.7,17.0,0,107,0
CUST-1687,56,Standard,East,Individual,0,Medium,0,0,1,Call,0,0,1,31.7,95.5,0,0.0,2.9,36.9,-46.3,0,132,0
CUST-1688,14,Standard,North,Enterprise,0,Medium,0,0,0,Call,0,0,0,36.5,37.3,0,0.0,3.6,85.1,-14.1,4,146,1
CUST-1689,28,Basic,West,Small Business,3,Low,0,0,3,Email,1,1,0,10.3,10.9,0,0.0,3.1,112.7,-1.5,1,5,1
CUST-1690,2,Standard,West,Small Business,0,Low,0,1,0,Email,0,0,0,14.4,43.8,0,0.4,3.6,101.4,-20.9,11,158,1
CUST-1691,26,Basic,South,Enterprise,3,Low,0,0,3,Chat,1,0,0,6.9,12.7,0,0.0,2.5,100.7,16.5,4,15,0
CUST-1692,14,Basic,South,Individual,1,Medium,0,0,1,Chat,0,1,1,23.9,30.6,0,0.0,2.5,80.7,13.0,1,13,1
CUST-1693,59,Basic,West,Individual,1,Low,1,0,1,Chat,0,0,1,22.3,23.1,0,0.0,5.0,79.3,-19.4,1,2,1
CUST-1694,56,Standard,West,Individual,1,Medium,0,0,1,Email,0,0,1,17.9,17.9,0,0.0,2.9,86.9,40.2,0,11,0
CUST-1695,7,Premium,East,Small Business,0,Low,0,2,2,Call,0,0,1,19.7,34.8,0,1.5,5.0,110.2,-11.7,2,44,0
CUST-1696,3,Premium,West,Small Business,1,Low,3,0,1,Call,0,0,0,45.8,56.9,0,0.0,4.6,26.1,-56.1,0,4,1
CUST-1697,23,Standard,South,Individual,2,Low,0,3,3,Call,0,0,0,34.3,53.8,0,7.5,4.7,74.6,-20.5,2,6,1
CUST-1698,18,Basic,North,Individual,1,Low,0,0,1,Call,0,0,0,2.7,6.5,0,0.0,2.6,191.1,-4.1,0,23,0
CUST-1699,38,Standard,East,Enterprise,2,Low,0,0,2,Email,0,0,0,20.6,48.8,0,0.0,3.2,154.0,-6.6,5,12,1
CUST-1700,15,Premium,East,Individual,2,Medium,1,0,2,Ticket,0,0,0,3.5,8.1,0,0.0,3.2,139.0,8.2,5,19,1
CUST-1701,64,Basic,West,Small Business,1,Low,1,0,1,Chat,0,0,0,3.2,12.1,0,0.0,3.8,107.1,14.7,9,19,1
CUST-1702,28,Premium,North,Individual,0,Low,0,2,1,Ticket,0,0,0,11.9,18.8,0,2.5,3.7,57.5,-13.7,12,116,1
CUST-1703,39,Basic,East,Individual,3,High,1,0,4,Chat,0,0,1,13.3,42.3,0,0.0,2.6,89.3,13.3,5,7,1
CUST-1704,57,Premium,South,Individual,3,Low,1,0,4,Chat,0,1,1,2.2,28.0,0,0.0,2.9,88.9,4.0,0,17,1
CUST-1705,17,Premium,West,Small Business,2,Medium,0,0,2,Email,1,0,1,14.3,23.1,0,0.0,2.7,82.6,12.9,3,1,0
CUST-1706,44,Premium,South,Individual,1,High,0,0,1,Chat,0,1,0,3.9,10.5,0,0.0,3.0,76.0,-26.4,14,20,1
CUST-1707,25,Basic,West,Individual,1,Medium,0,0,3,Email,0,0,1,16.0,39.1,0,0.0,4.2,95.5,-12.5,1,17,0
CUST-1708,17,Basic,East,Small Business,1,Medium,0,0,1,Ticket,1,0,0,35.7,39.3,0,0.0,3.8,67.7,-30.5,2,24,1
CUST-1709,13,Basic,West,Small Business,0,Low,1,1,2,Call,0,0,0,1.8,44.2,0,0.5,1.6,73.9,51.7,6,161,0
CUST-1710,25,Basic,North,Small Business,3,Low,0,0,3,Ticket,0,0,0,10.2,15.9,0,0.0,4.0,84.5,-5.7,7,10,1
CUST-1711,68,Basic,South,Individual,1,Low,1,1,1,Ticket,0,0,1,5.3,14.7,0,0.9,4.4,93.0,-24.8,14,14,0
CUST-1712,10,Standard,North,Small Business,2,Low,0,0,2,Email,0,0,0,17.1,41.9,0,0.0,2.8,111.4,-23.2,1,6,1
CUST-1713,67,Standard,South,Individual,1,Low,1,1,1,Email,0,0,1,44.8,68.6,0,0.6,4.0,69.0,9.9,9,16,1
CUST-1714,18,Standard,South,Individual,4,Medium,0,0,4,Chat,0,0,0,4.4,22.1,0,0.0,1.6,86.9,-4.3,0,6,0
CUST-1715,34,Standard,West,Individual,1,Low,0,2,1,Call,0,0,0,22.6,24.4,0,1.6,2.9,83.4,0.0,0,5,1
CUST-1716,8,Basic,East,Individual,0,Medium,1,1,0,Ticket,0,0,0,2.0,6.1,0,0.4,3.9,119.0,-1.4,14,51,1
CUST-1717,40,Premium,East,Small Business,0,Medium,1,1,2,Ticket,2,0,1,15.8,34.5,0,2.7,2.8,101.8,-15.7,10,128,0
CUST-1718,42,Basic,North,Individual,3,Low,0,0,3,Email,0,0,1,22.5,52.0,0,0.0,4.3,20.5,160.2,0,25,0
CUST-1719,41,Standard,West,Individual,0,Low,0,0,0,Email,0,0,0,22.2,25.0,0,0.0,3.0,60.0,-28.8,0,49,0
CUST-1720,6,Standard,East,Small Business,1,Low,1,3,2,Email,1,0,1,26.8,94.7,0,3.0,4.6,105.7,20.2,2,11,0
CUST-1721,52,Premium,South,Small Business,1,Medium,0,0,1,Ticket,0,0,0,10.8,25.4,0,0.0,1.4,67.4,-14.3,2,19,1
CUST-1722,26,Basic,South,Small Business,2,Low,0,0,2,Email,0,0,0,28.5,54.4,0,0.0,3.3,39.2,-48.7,3,15,0
CUST-1723,64,Standard,West,Individual,3,Medium,0,0,3,Chat,0,0,1,12.8,35.9,0,0.0,4.2,86.2,-16.2,3,7,1
CUST-1724,59,Standard,North,Small Business,2,Medium,0,0,2,Chat,0,0,1,7.8,9.5,0,0.0,2.1,72.4,-23.5,0,19,1
CUST-1725,56,Basic,West,Individual,1,Medium,0,2,1,Chat,0,0,0,7.8,14.1,0,0.7,3.3,131.6,6.3,21,6,1
CUST-1726,59,Standard,North,Enterprise,2,Low,0,1,3,Call,0,0,1,3.9,13.1,0,2.2,2.3,127.0,-8.3,15,13,1
CUST-1727,70,Premium,West,Individual,3,Medium,1,0,3,Chat,1,0,0,25.5,30.0,0,0.0,3.0,99.1,-1.9,2,24,1
CUST-1728,33,Premium,South,Small Business,0,Low,0,1,0,Email,1,1,1,3.4,20.6,0,1.0,3.7,91.1,-14.1,3,57,1
CUST-1729,53,Basic,West,Individual,1,Low,0,1,1,Email,0,0,0,20.2,32.6,0,0.0,2.6,132.3,3.1,2,9,1
CUST-1730,22,Basic,East,Individual,2,Low,0,0,2,Ticket,0,0,0,21.9,81.3,0,0.0,4.9,85.6,-26.2,5,21,0
CUST-1731,21,Basic,East,Individual,4,Medium,0,0,4,Call,0,1,0,6.8,9.8,0,0.0,2.7,117.1,-11.0,6,17,1
CUST-1732,70,Basic,West,Individual,0,High,0,1,0,Call,0,0,1,13.4,25.8,0,0.4,5.0,103.3,-14.5,3,133,1
CUST-1733,70,Basic,North,Individual,0,Low,1,0,1,Email,0,0,0,22.2,56.8,0,0.0,3.0,105.8,-13.7,12,99,1
CUST-1734,4,Basic,North,Small Business,1,Medium,0,1,1,Ticket,0,0,0,0.0,0.6,0,1.4,3.2,129.4,-8.6,2,15,1
CUST-1735,62,Premium,South,Individual,2,Low,0,0,3,Chat,2,0,0,6.4,16.8,0,0.0,1.5,66.1,-23.4,1,26,1
CUST-1736,62,Premium,South,Small Business,3,Medium,1,0,4,Chat,0,0,0,9.5,13.1,0,0.0,1.0,133.1,12.5,5,11,1
CUST-1737,24,Basic,North,Individual,1,Low,0,0,1,Ticket,1,1,1,53.4,101.1,1,0.0,5.0,94.1,-24.2,0,10,0
CUST-1738,55,Basic,West,Individual,0,Low,0,2,0,Ticket,0,0,0,12.5,28.9,0,7.2,2.7,100.3,-20.2,4,60,0
CUST-1739,9,Standard,South,Small Business,2,Medium,1,0,3,Email,0,0,1,14.1,18.9,0,0.0,3.3,93.8,1.4,1,9,0
CUST-1740,3,Basic,North,Small Business,2,Medium,0,0,2,Call,0,0,1,21.8,90.7,0,0.0,1.7,72.2,3.1,0,5,0
CUST-1741,31,Standard,North,Individual,0,Low,0,0,1,Ticket,0,1,0,12.0,15.7,0,0.0,4.9,148.8,-2.1,1,78,0
CUST-1742,40,Standard,West,Individual,0,Medium,1,0,3,Email,0,0,1,11.3,17.4,0,0.0,3.5,51.9,-20.6,1,132,0
CUST-1743,36,Premium,East,Small Business,0,Low,1,1,0,Call,0,0,1,73.3,90.2,1,0.3,4.1,95.1,17.3,4,50,0
CUST-1744,24,Standard,North,Individual,1,Low,0,0,1,Chat,0,0,1,33.5,46.0,0,0.0,3.3,123.0,1.3,0,14,0
CUST-1745,6,Standard,South,Individual,2,Low,0,1,2,Ticket,0,0,1,24.2,50.3,0,0.8,4.2,95.5,10.4,8,9,0
CUST-1746,66,Standard,West,Small Business,0,High,0,1,0,Chat,0,1,1,13.1,29.7,0,0.7,5.0,167.9,-17.8,4,97,1
CUST-1747,4,Basic,West,Individual,1,High,0,2,1,Email,0,0,0,8.5,21.5,0,2.9,3.0,80.6,-20.1,9,1,1
CUST-1748,6,Standard,West,Individual,4,Low,0,0,4,Chat,0,1,0,17.9,24.1,0,0.0,3.4,58.9,-11.7,0,27,1
CUST-1749,51,Standard,East,Enterprise,2,Medium,0,1,4,Email,1,0,1,11.8,17.1,0,2.0,2.8,65.5,0.9,3,27,1
CUST-1750,62,Basic,East,Small Business,2,Medium,0,0,2,Email,0,0,1,12.6,14.1,0,0.0,4.2,111.6,4.2,5,5,0
CUST-1751,57,Basic,South,Individual,3,High,0,1,4,Call,0,1,1,5.0,12.7,0,0.1,2.0,152.4,-15.6,0,20,1
CUST-1752,66,Basic,South,Individual,0,High,1,0,0,Email,1,0,1,31.3,54.7,0,0.0,3.9,114.9,1.0,0,45,0
CUST-1753,8,Premium,West,Individual,1,Medium,0,0,2,Email,0,0,1,31.3,36.3,0,0.0,3.2,60.1,-31.9,14,19,0
CUST-1754,26,Basic,South,Small Business,2,Low,0,0,3,Chat,0,1,0,7.2,39.1,0,0.0,4.1,77.0,128.5,7,27,0
CUST-1755,51,Basic,North,Small Business,1,Low,1,1,2,Call,0,0,1,6.8,31.1,0,1.6,2.6,137.3,-14.3,7,24,0
CUST-1756,45,Basic,East,Individual,1,Medium,0,3,1,Call,0,1,1,6.5,97.2,0,12.9,3.1,75.7,-20.5,12,23,0
CUST-1757,44,Standard,West,Individual,1,High,1,0,1,Call,0,1,1,3.6,23.0,0,0.0,3.9,74.1,-11.5,4,15,0
CUST-1758,5,Basic,West,Individual,1,Low,0,0,1,Chat,0,0,1,39.1,39.8,0,0.0,4.0,159.2,-9.8,5,13,0
CUST-1759,70,Premium,North,Individual,0,Medium,1,0,0,Call,0,0,1,6.2,19.7,0,0.0,3.1,62.7,0.7,1,177,0
CUST-1760,26,Premium,North,Small Business,2,Medium,0,1,2,Chat,0,1,1,24.0,29.4,0,0.8,3.8,116.4,-17.7,3,11,1
CUST-1761,68,Standard,North,Individual,2,Low,0,0,2,Call,1,0,1,2.1,46.6,0,0.0,5.0,87.2,-26.6,0,16,1
CUST-1762,19,Standard,North,Individual,0,Medium,2,0,1,Email,0,0,1,26.6,45.3,0,0.0,3.8,119.3,2.5,0,97,0
CUST-1763,20,Basic,West,Individual,0,Low,0,0,0,Ticket,0,0,0,3.2,26.1,0,0.0,2.2,143.0,-15.9,1,76,0
CUST-1764,12,Basic,East,Individual,1,Medium,0,0,2,Call,0,1,0,3.5,15.8,0,0.0,3.6,122.5,-8.4,3,29,0
CUST-1765,47,Standard,East,Individual,0,Medium,0,1,0,Chat,0,1,1,35.6,86.8,0,5.3,4.5,38.8,53.6,5,34,0
CUST-1766,1,Basic,North,Individual,1,High,1,1,1,Ticket,0,0,1,6.9,9.7,0,1.4,3.2,132.4,-16.1,3,25,1
CUST-1767,14,Basic,South,Small Business,1,High,0,1,1,Chat,0,0,0,3.8,11.2,0,0.1,3.9,137.2,-0.1,11,21,1
CUST-1768,64,Standard,West,Enterprise,1,Low,1,2,2,Email,0,0,1,15.4,25.8,0,2.4,2.9,100.7,-10.0,1,18,1
CUST-1769,38,Basic,East,Enterprise,0,Low,0,0,2,Email,0,1,1,1.6,13.6,0,0.0,4.7,110.3,-17.9,9,96,0
CUST-1770,37,Premium,North,Individual,1,Medium,1,1,2,Chat,0,0,1,24.8,47.3,0,3.1,3.9,78.8,-25.2,2,18,0
CUST-1771,11,Basic,South,Small Business,2,Medium,0,0,3,Ticket,1,1,1,36.8,56.4,0,0.0,3.7,88.9,13.4,0,7,0
CUST-1772,3,Standard,South,Enterprise,0,Medium,0,0,0,Ticket,1,1,0,5.7,6.6,0,0.0,4.5,60.9,-14.6,10,149,0
CUST-1773,33,Standard,North,Individual,0,Low,0,0,2,Call,2,0,1,23.9,43.2,0,0.0,3.8,117.0,6.7,3,159,0
CUST-1774,6,Standard,West,Individual,2,Medium,0,0,2,Email,0,1,0,1.1,5.7,0,0.0,3.3,95.6,2.2,0,6,0
CUST-1775,50,Basic,East,Individual,2,Low,1,1,2,Ticket,0,0,1,13.0,21.1,0,2.6,4.1,104.2,-18.2,1,4,1
CUST-1776,10,Standard,South,Individual,1,Low,0,1,2,Email,0,1,1,60.7,69.7,1,0.9,4.1,110.0,-23.8,0,5,1
CUST-1777,5,Premium,East,Small Business,1,Low,0,0,2,Ticket,0,0,1,15.4,33.2,0,0.0,3.5,67.7,11.5,5,2,0
CUST-1778,23,Standard,East,Individual,0,High,1,0,0,Ticket,0,0,0,10.6,27.7,0,0.0,3.3,103.4,11.4,2,78,0
CUST-1779,10,Basic,South,Individual,2,Medium,1,1,3,Call,1,2,0,0.1,7.3,0,4.5,1.5,59.7,5.2,16,6,1
CUST-1780,44,Standard,North,Individual,1,High,0,1,3,Chat,0,0,0,5.9,31.1,0,0.1,3.7,34.7,-1.4,3,19,0
CUST-1781,2,Standard,South,Individual,1,Medium,1,1,1,Email,0,0,1,11.2,13.1,0,2.0,3.3,127.1,1.5,1,15,0
CUST-1782,13,Standard,South,Individual,1,Low,0,0,1,Email,0,1,1,9.5,13.5,0,0.0,3.9,28.2,-52.0,4,2,1
CUST-1783,40,Premium,West,Individual,1,Medium,0,1,3,Chat,0,0,1,11.6,19.9,0,3.2,2.5,47.6,-35.0,18,21,0
CUST-1784,2,Basic,East,Individual,2,Low,0,1,2,Call,0,0,0,0.5,4.2,0,2.2,4.4,49.1,-46.8,0,4,1
CUST-1785,65,Standard,North,Small Business,1,Medium,1,0,2,Call,0,0,0,15.2,54.5,0,0.0,4.6,90.7,-8.5,0,9,1
CUST-1786,63,Standard,East,Small Business,0,Low,1,1,0,Email,0,0,1,5.8,45.2,0,2.7,4.5,88.7,-19.3,13,85,0
CUST-1787,17,Standard,South,Small Business,1,Medium,0,0,1,Chat,1,0,1,10.2,13.0,0,0.0,3.8,65.7,13.0,0,17,1
CUST-1788,9,Premium,North,Small Business,1,Medium,0,0,1,Call,0,0,1,43.5,51.5,0,0.0,2.7,118.4,-1.3,16,23,0
CUST-1789,15,Premium,North,Small Business,1,Low,0,0,2,Chat,0,0,1,35.2,107.6,0,0.0,5.0,98.5,-0.5,4,10,1
CUST-1790,24,Standard,North,Small Business,2,Low,2,0,3,Ticket,0,1,0,10.1,10.4,0,0.0,4.2,117.9,-11.4,1,15,1
CUST-1791,38,Basic,North,Small Business,2,Low,0,0,2,Email,0,0,0,1.1,1.8,0,0.0,3.2,112.3,-9.6,0,17,0
CUST-1792,35,Basic,West,Small Business,1,High,0,0,1,Call,1,0,1,43.9,71.7,0,0.0,2.3,137.0,17.0,0,29,0
CUST-1793,49,Standard,North,Individual,0,Low,1,1,0,Ticket,0,0,1,10.2,17.4,0,2.5,3.7,42.1,-32.7,9,89,0
CUST-1794,69,Premium,South,Individual,1,Medium,0,1,1,Chat,1,0,0,13.1,32.7,0,0.8,3.4,77.3,-18.7,8,14,1
CUST-1795,62,Basic,West,Small Business,2,Low,1,0,2,Chat,0,0,1,1.8,16.2,0,0.0,3.9,117.4,-17.4,8,28,1
CUST-1796,60,Basic,South,Individual,0,Low,1,1,3,Email,0,0,1,23.6,41.4,0,0.4,3.6,37.6,-13.4,16,76,0
CUST-1797,50,Basic,South,Individual,0,Medium,1,0,1,Ticket,0,0,1,24.9,28.2,0,0.0,1.7,83.2,-15.7,2,179,0
CUST-1798,9,Premium,East,Individual,1,Medium,0,0,1,Call,1,0,1,10.5,22.4,0,0.0,2.5,46.0,-27.4,12,3,1
CUST-1799,34,Basic,North,Individual,1,Medium,1,0,2,Email,2,0,1,43.9,59.5,0,0.0,4.5,112.4,-27.5,0,6,1
CUST-1800,35,Standard,North,Enterprise,3,Medium,2,2,3,Ticket,0,1,1,1.0,13.0,0,9.0,2.0,131.2,14.5,14,12,1
CUST-1801,1,Standard,South,Individual,1,Medium,0,1,2,Email,1,0,1,7.4,50.8,0,0.3,2.5,86.4,-24.2,1,28,0
CUST-1802,40,Premium,North,Individual,1,Low,1,1,1,Ticket,0,0,1,4.6,4.9,0,1.9,4.1,86.1,-19.1,2,24,1
CUST-1803,64,Standard,West,Individual,2,Low,0,0,3,Call,1,0,1,23.9,27.6,0,0.0,3.3,141.6,-10.1,3,3,0
CUST-1804,22,Standard,East,Small Business,1,Low,1,0,1,Chat,1,0,1,4.6,5.7,0,0.0,2.4,91.4,-9.0,8,19,0
CUST-1805,60,Basic,North,Individual,1,Low,1,1,1,Chat,0,0,0,24.3,73.9,0,4.1,4.5,83.9,-15.1,2,10,0
CUST-1806,64,Standard,North,Small Business,3,High,0,1,3,Chat,0,1,1,31.8,35.8,0,2.6,2.0,127.1,-9.1,2,10,0
CUST-1807,11,Standard,West,Small Business,0,Medium,0,0,1,Call,0,0,0,30.6,50.8,0,0.0,4.2,124.5,-10.1,20,113,0
CUST-1808,14,Premium,East,Individual,2,Low,0,1,2,Ticket,0,0,1,0.6,2.9,0,0.1,4.2,113.0,1.7,0,25,0
CUST-1809,60,Basic,West,Individual,0,High,1,0,0,Email,0,0,0,53.3,54.1,1,0.0,3.6,94.8,-2.8,0,51,1
CUST-1810,30,Basic,South,Individual,0,High,0,1,0,Chat,1,0,1,25.1,28.3,0,2.1,4.2,131.7,-8.2,0,169,0
CUST-1811,35,Basic,South,Small Business,2,Low,0,0,2,Chat,3,1,0,33.5,38.4,0,0.0,1.6,100.1,12.3,12,28,1
CUST-1812,37,Basic,North,Small Business,0,High,2,0,0,Call,0,0,1,20.8,29.9,0,0.0,4.6,91.0,-16.0,1,142,0
CUST-1813,5,Premium,East,Individual,1,Low,0,0,1,Call,0,0,1,15.1,15.4,0,0.0,3.4,100.6,-7.7,0,22,1
CUST-1814,26,Basic,South,Individual,2,High,0,0,2,Ticket,1,0,1,20.7,35.1,0,0.0,4.5,121.3,2.5,6,29,0
CUST-1815,62,Standard,West,Individual,2,Low,2,1,4,Ticket,0,0,1,8.9,24.9,0,4.2,1.8,112.9,-6.1,5,16,1
CUST-1816,4,Basic,South,Small Business,1,Medium,1,0,1,Ticket,0,0,1,12.2,17.4,0,0.0,2.4,135.0,-13.0,7,1,0
CUST-1817,42,Basic,South,Individual,1,Low,0,0,2,Email,0,0,1,24.9,29.5,0,0.0,3.7,102.5,-9.2,3,5,0
CUST-1818,18,Standard,West,Individual,1,High,0,0,1,Ticket,1,0,1,22.0,25.2,0,0.0,2.4,75.9,-18.7,0,5,1
CUST-1819,40,Basic,North,Individual,0,Low,0,0,0,Ticket,0,0,1,18.0,21.6,0,0.0,3.7,92.2,-11.5,1,172,0
CUST-1820,39,Basic,East,Small Business,3,Low,1,1,4,Email,0,0,0,1.0,16.8,0,1.2,2.3,83.8,-18.9,0,12,1
CUST-1821,14,Standard,North,Small Business,0,Medium,0,0,0,Chat,0,1,1,6.8,20.8,0,0.0,3.5,89.8,-22.1,6,179,1
CUST-1822,32,Standard,West,Individual,1,Medium,0,1,3,Chat,0,1,0,18.5,55.5,0,0.2,2.9,91.0,15.2,5,20,0
CUST-1823,51,Basic,South,Small Business,2,Medium,0,0,2,Call,1,0,1,12.5,38.8,0,0.0,1.9,113.3,1.7,5,6,1
CUST-1824,38,Premium,East,Individual,3,Medium,0,0,4,Email,0,0,1,8.3,21.1,0,0.0,1.9,95.7,-10.9,19,16,1
CUST-1825,23,Standard,North,Enterprise,0,Medium,1,0,1,Ticket,0,2,1,25.2,28.0,0,0.0,4.1,102.5,-6.7,0,116,0
CUST-1826,63,Standard,West,Individual,1,Low,1,0,2,Chat,1,0,0,9.8,15.7,0,0.0,2.0,96.7,0.2,0,2,1
CUST-1827,15,Basic,South,Small Business,0,Low,1,0,0,Call,0,1,0,47.8,57.5,0,0.0,4.3,102.2,31.6,6,146,1
CUST-1828,25,Basic,South,Individual,2,Low,0,0,2,Email,1,0,1,15.2,23.4,0,0.0,2.2,104.5,-22.2,18,12,1
CUST-1829,17,Basic,North,Individual,1,High,0,0,1,Email,0,2,1,13.2,14.2,0,0.0,4.5,114.4,3.5,3,15,1
CUST-1830,66,Basic,West,Small Business,1,Low,1,0,1,Email,0,0,1,8.2,14.9,0,0.0,2.5,135.5,-14.9,8,25,0
CUST-1831,53,Standard,South,Individual,2,Low,0,0,4,Ticket,0,0,0,2.9,6.0,0,0.0,4.1,134.6,4.8,4,12,1
CUST-1832,51,Premium,South,Individual,3,Medium,0,1,3,Ticket,1,0,0,0.2,13.0,0,1.1,2.8,87.1,-20.9,13,3,0
CUST-1833,39,Standard,East,Individual,2,Low,0,0,4,Ticket,1,0,1,22.6,62.6,0,0.0,3.3,49.1,42.3,1,5,1
CUST-1834,51,Basic,South,Individual,2,Low,0,0,2,Call,0,0,1,1.4,3.6,0,0.0,4.0,40.0,-3.9,2,24,1
CUST-1835,70,Standard,North,Individual,0,Medium,0,1,0,Email,0,0,1,7.9,37.5,0,2.4,4.1,109.4,8.8,4,96,1
CUST-1836,6,Basic,West,Individual,2,Low,2,1,2,Call,0,0,1,41.7,46.3,0,1.5,3.1,92.2,-29.8,1,13,0
CUST-1837,67,Standard,West,Small Business,3,Medium,1,0,3,Call,1,0,1,13.0,30.5,0,0.0,2.5,146.9,-1.3,8,19,0
CUST-1838,7,Standard,East,Small Business,3,Low,0,2,4,Call,0,0,1,43.0,57.0,0,4.5,1.0,130.6,-0.5,7,11,0
CUST-1839,51,Standard,West,Individual,1,Low,0,1,1,Ticket,1,1,0,1.3,5.0,0,0.8,5.0,48.2,19.5,6,12,0
CUST-1840,42,Premium,North,Individual,1,High,2,1,4,Email,0,1,1,37.1,44.0,0,0.9,2.6,104.3,-15.5,4,27,0
CUST-1841,64,Basic,South,Small Business,1,Low,0,0,1,Chat,1,0,0,53.6,65.5,1,0.0,4.2,71.7,-18.0,1,13,1
CUST-1842,15,Standard,East,Individual,0,Low,0,1,1,Ticket,0,1,1,49.0,85.4,1,0.7,3.9,110.8,-19.2,10,136,0
CUST-1843,29,Premium,West,Individual,1,High,1,0,2,Ticket,0,0,0,8.2,11.3,0,0.0,1.8,132.0,-13.0,4,10,0
CUST-1844,33,Standard,East,Small Business,3,Low,0,0,4,Chat,0,0,0,2.0,8.3,0,0.0,2.1,40.4,-10.9,1,25,1
CUST-1845,27,Standard,East,Small Business,3,Low,0,0,3,Call,0,0,1,49.3,127.1,1,0.0,3.3,114.1,14.8,6,8,0
CUST-1846,36,Premium,West,Individual,1,Low,2,0,1,Call,0,1,1,3.4,26.8,0,0.0,2.4,170.4,1.2,0,25,0
CUST-1847,29,Basic,East,Individual,1,Medium,2,0,2,Ticket,0,0,1,15.8,23.1,0,0.0,2.5,86.9,-14.1,1,11,1
CUST-1848,38,Premium,West,Individual,0,Low,0,0,0,Ticket,0,0,1,10.5,12.8,0,0.0,4.3,111.8,-23.0,1,151,0
CUST-1849,57,Basic,North,Enterprise,2,Medium,0,1,3,Ticket,0,0,1,63.3,73.8,1,1.9,3.2,80.4,-31.4,1,23,0
CUST-1850,27,Standard,West,Individual,0,Low,0,0,2,Chat,0,0,0,10.8,23.9,0,0.0,4.8,85.8,8.1,0,51,0
CUST-1851,55,Premium,South,Enterprise,0,Low,2,1,0,Ticket,0,0,0,9.3,13.7,0,0.5,3.5,90.6,-9.1,9,149,0
CUST-1852,33,Basic,West,Individual,2,Medium,1,0,2,Ticket,1,2,1,17.7,36.3,0,0.0,1.5,91.3,-11.3,0,17,1
CUST-1853,68,Standard,South,Individual,1,Low,0,0,2,Email,0,1,0,15.0,26.7,0,0.0,2.6,80.5,-14.4,8,9,1
CUST-1854,66,Basic,East,Individual,1,Low,1,1,2,Chat,0,0,0,12.0,18.9,0,2.1,3.8,121.8,-9.4,0,13,0
CUST-1855,10,Premium,West,Small Business,0,Medium,0,2,0,Chat,1,1,1,14.0,19.1,0,23.2,3.3,45.8,8.2,9,69,1
CUST-1856,5,Premium,South,Individual,0,High,0,1,0,Email,1,0,1,2.1,7.1,0,0.9,4.8,148.8,-5.4,0,39,0
CUST-1857,38,Standard,West,Individual,0,Low,0,0,1,Call,0,1,1,54.6,78.0,1,0.0,2.7,91.8,-2.9,7,66,0
CUST-1858,13,Standard,West,Small Business,0,Low,0,0,1,Chat,0,0,1,5.8,16.1,0,0.0,4.2,115.4,-9.5,3,170,0
CUST-1859,31,Premium,West,Enterprise,1,Low,0,0,1,Ticket,1,2,1,16.9,21.9,0,0.0,2.9,77.3,-28.4,1,23,1
CUST-1860,47,Basic,North,Individual,0,Medium,0,1,0,Ticket,0,0,1,0.7,24.0,0,5.2,3.1,112.2,-7.9,2,74,1
CUST-1861,52,Standard,South,Individual,0,High,0,0,0,Call,0,0,1,7.0,7.3,0,0.0,3.1,139.3,1.5,0,167,0
CUST-1862,56,Standard,North,Small Business,3,High,0,0,4,Email,0,0,1,23.3,103.9,0,0.0,1.9,158.2,-17.4,0,3,0
CUST-1863,15,Basic,North,Small Business,0,Low,0,1,1,Email,0,0,1,12.2,45.2,0,3.3,3.3,132.5,-7.8,2,90,0
CUST-1864,29,Basic,South,Individual,0,Low,0,0,1,Email,2,0,1,26.2,46.6,0,0.0,4.9,113.6,-7.7,2,87,0
CUST-1865,8,Basic,West,Enterprise,1,Low,1,0,1,Ticket,0,0,0,3.4,8.0,0,0.0,5.0,112.0,-10.1,7,28,1
CUST-1866,5,Basic,North,Individual,3,Low,1,1,5,Email,0,0,1,88.6,121.7,1,0.3,3.2,72.2,-17.0,7,10,1
CUST-1867,29,Premium,North,Small Business,0,Medium,0,0,0,Email,0,0,0,11.8,37.2,0,0.0,3.9,46.4,-48.3,1,126,1
CUST-1868,47,Standard,North,Individual,0,Low,1,0,0,Ticket,0,1,0,15.5,39.7,0,0.0,3.5,83.2,-35.7,1,124,1
CUST-1869,68,Standard,West,Individual,1,Medium,0,1,1,Call,0,1,1,6.0,8.8,0,0.5,2.6,117.9,-13.1,0,28,0
CUST-1870,45,Basic,North,Individual,2,High,0,1,4,Ticket,2,1,0,8.3,22.6,0,2.4,4.1,119.7,-14.0,4,4,1
CUST-1871,2,Basic,East,Small Business,0,Low,1,1,1,Email,0,0,1,21.3,55.8,0,0.6,3.8,15.1,-29.4,4,118,0
CUST-1872,27,Basic,South,Enterprise,2,Medium,0,1,2,Call,1,0,1,8.4,18.9,0,1.1,2.1,55.2,11.7,0,11,0
CUST-1873,36,Standard,East,Individual,0,Low,0,0,0,Email,1,0,0,25.4,37.4,0,0.0,5.0,89.7,-25.5,2,166,0
CUST-1874,36,Standard,West,Individual,0,Low,0,1,2,Ticket,1,0,1,6.7,14.6,0,1.4,5.0,76.3,33.5,10,89,0
CUST-1875,26,Premium,North,Individual,1,Low,0,0,1,Ticket,0,0,1,29.0,45.6,0,0.0,4.1,68.8,-12.2,14,26,0
CUST-1876,43,Standard,South,Small Business,2,Low,0,0,2,Call,0,0,0,22.5,52.0,0,0.0,2.1,126.9,-17.6,17,28,1
CUST-1877,27,Standard,North,Enterprise,1,Low,2,1,1,Email,0,0,1,4.8,15.5,0,6.3,2.7,93.7,-15.9,5,26,0
CUST-1878,69,Standard,West,Small Business,1,Medium,1,0,1,Email,1,0,0,1.0,53.1,0,0.0,2.4,126.3,-16.9,0,29,0
CUST-1879,20,Premium,South,Individual,0,Medium,1,1,0,Call,0,0,0,53.2,61.0,1,1.5,5.0,40.5,-5.2,3,126,1
CUST-1880,11,Standard,East,Enterprise,0,Low,1,0,0,Chat,0,0,1,5.4,7.3,0,0.0,2.6,93.6,-7.4,1,93,0
CUST-1881,38,Basic,South,Individual,1,High,1,2,2,Ticket,0,0,0,17.2,17.4,0,0.3,2.9,77.1,-21.0,10,14,0
CUST-1882,6,Standard,North,Individual,0,Medium,0,1,0,Ticket,0,0,0,7.1,20.1,0,1.6,4.5,103.3,-8.5,0,164,1
CUST-1883,23,Standard,South,Individual,1,Medium,0,0,1,Email,1,0,0,21.5,46.7,0,0.0,3.4,16.6,1.1,0,2,1
CUST-1884,47,Standard,West,Individual,3,Low,1,2,3,Ticket,1,2,0,24.2,52.5,0,3.0,1.5,161.4,-13.6,1,23,1
CUST-1885,46,Basic,West,Small Business,0,Low,2,2,0,Call,1,0,1,1.5,51.3,0,3.9,4.4,85.4,-16.1,6,32,0
CUST-1886,12,Premium,South,Small Business,2,Medium,0,0,3,Ticket,1,0,1,1.0,12.2,0,0.0,5.0,111.4,5.5,13,10,1
CUST-1887,13,Premium,West,Individual,2,High,0,1,2,Call,1,0,0,93.6,97.2,1,1.9,2.4,130.2,5.5,2,29,1
CUST-1888,62,Basic,West,Individual,1,Low,1,0,1,Ticket,0,0,1,29.2,46.2,0,0.0,2.8,140.3,-7.2,2,2,0
CUST-1889,60,Premium,West,Individual,2,Medium,0,0,2,Chat,0,0,0,6.1,39.6,0,0.0,4.3,83.4,-2.9,7,20,1
CUST-1890,43,Basic,East,Individual,2,Low,0,2,2,Email,0,0,1,13.5,16.6,0,5.9,4.0,134.3,-5.1,11,10,0
CUST-1891,68,Basic,North,Individual,0,Medium,1,0,1,Chat,1,0,1,63.4,69.8,1,0.0,2.7,133.2,4.4,0,167,0
CUST-1892,5,Basic,West,Individual,2,Low,1,0,2,Call,0,0,1,15.7,38.6,0,0.0,5.0,91.1,-19.7,21,8,0
CUST-1893,37,Basic,South,Small Business,0,Medium,0,1,0,Email,0,0,1,10.9,14.9,0,1.0,2.9,106.5,-20.4,3,160,0
CUST-1894,31,Premium,West,Small Business,1,Medium,1,1,2,Ticket,0,0,1,0.8,35.1,0,0.9,4.0,68.2,11.0,25,5,0
CUST-1895,9,Basic,East,Enterprise,0,Low,0,1,0,Ticket,0,0,0,17.6,45.3,0,1.3,2.5,86.7,9.6,0,62,0
CUST-1896,51,Basic,South,Enterprise,2,Low,1,1,2,Chat,1,0,0,42.7,53.2,0,0.2,4.0,110.8,-20.9,11,24,1
CUST-1897,29,Basic,North,Small Business,0,High,0,3,0,Email,0,1,1,15.7,106.9,0,1.0,2.8,144.3,-14.6,0,104,0
CUST-1898,40,Basic,South,Individual,2,Medium,0,1,2,Ticket,0,1,0,30.4,35.7,0,1.0,2.7,93.8,1.4,7,26,0
CUST-1899,41,Basic,South,Small Business,0,Medium,0,0,0,Call,2,0,1,43.4,83.6,0,0.0,3.0,87.5,-16.6,0,141,1
CUST-1900,11,Standard,South,Individual,2,Medium,1,2,2,Chat,0,1,1,10.5,15.6,0,3.8,1.4,99.0,-9.3,0,28,1
CUST-1901,23,Basic,South,Small Business,0,High,0,0,0,Ticket,0,0,0,10.6,28.4,0,0.0,2.8,53.9,2.3,0,146,1
CUST-1902,1,Premium,West,Individual,1,Low,0,0,1,Call,1,1,1,50.9,72.0,1,0.0,3.3,63.2,-24.4,4,2,0
CUST-1903,46,Premium,North,Small Business,0,High,0,0,3,Call,0,0,0,8.3,24.1,0,0.0,2.5,83.5,-8.3,5,152,0
CUST-1904,21,Basic,West,Individual,0,Low,0,0,1,Chat,0,0,0,21.7,33.2,0,0.0,2.1,68.5,-16.6,0,80,1
CUST-1905,36,Premium,East,Individual,0,Low,0,0,0,Chat,0,0,1,19.3,35.2,0,0.0,3.8,42.2,-37.8,2,43,0
CUST-1906,54,Basic,East,Individual,1,Medium,2,2,1,Chat,0,1,1,13.3,13.6,0,3.6,5.0,101.0,7.0,6,9,1
CUST-1907,57,Basic,South,Individual,2,High,0,1,2,Call,1,0,0,20.5,52.5,0,1.5,3.6,162.9,-17.6,12,18,1
CUST-1908,1,Basic,West,Enterprise,1,Low,0,0,2,Email,0,0,1,24.3,35.7,0,0.0,4.5,100.7,-9.5,1,14,1
CUST-1909,63,Basic,West,Individual,2,Low,1,1,2,Email,1,0,0,51.8,61.7,1,7.6,3.2,27.8,-42.2,2,19,1
CUST-1910,54,Standard,North,Individual,2,Medium,2,1,3,Email,0,1,0,32.3,45.1,0,1.9,3.3,123.6,7.8,1,2,0
CUST-1911,55,Standard,North,Enterprise,1,Low,0,1,1,Email,0,0,1,8.9,21.5,0,0.8,3.4,116.4,-13.2,0,21,1
CUST-1912,40,Basic,North,Small Business,0,High,0,0,1,Email,0,0,1,11.3,30.9,0,0.0,3.6,119.7,11.1,3,74,1
CUST-1913,15,Standard,West,Individual,1,Medium,0,1,2,Email,0,0,1,46.8,48.2,0,0.4,2.4,65.2,-18.3,2,11,0
CUST-1914,21,Basic,North,Individual,1,Medium,3,2,1,Ticket,0,0,1,6.3,48.7,0,19.6,3.8,117.1,-8.3,8,14,1
CUST-1915,47,Standard,North,Individual,1,Low,2,1,1,Ticket,0,1,1,7.9,50.2,0,3.1,2.4,122.7,4.5,11,21,0
CUST-1916,53,Basic,North,Small Business,0,Low,1,2,0,Chat,0,0,1,23.4,23.6,0,0.4,3.2,109.1,-11.4,2,86,0
CUST-1917,9,Basic,South,Small Business,2,Medium,0,1,3,Email,0,1,1,2.3,13.5,0,3.8,1.2,104.1,3.1,6,23,0
CUST-1918,52,Basic,East,Enterprise,1,Low,0,0,1,Ticket,0,0,1,30.9,50.7,0,0.0,3.4,97.8,3.2,4,9,0
CUST-1919,57,Basic,East,Individual,1,Medium,0,1,1,Call,1,1,1,59.3,64.2,1,2.0,2.2,150.5,-8.3,7,17,0
CUST-1920,26,Standard,West,Individual,1,Low,0,0,1,Call,0,0,1,20.6,35.9,0,0.0,3.7,94.6,0.6,0,11,1
CUST-1921,41,Premium,West,Individual,2,Low,0,1,3,Email,0,0,1,1.5,17.5,0,2.5,3.3,131.8,-21.0,8,3,0
CUST-1922,35,Basic,South,Small Business,0,High,0,0,0,Call,0,0,1,5.4,9.1,0,0.0,3.3,115.4,-5.0,4,49,0
CUST-1923,63,Standard,East,Individual,2,Medium,0,0,3,Ticket,0,0,0,2.1,5.6,0,0.0,1.5,136.7,-4.8,7,5,1
CUST-1924,25,Standard,North,Individual,2,Low,1,0,2,Call,0,1,0,7.4,28.3,0,0.0,3.5,144.2,-11.9,2,23,1
CUST-1925,38,Premium,North,Individual,1,High,0,0,1,Email,0,1,1,56.1,74.7,1,0.0,5.0,119.6,0.6,0,11,0
CUST-1926,2,Basic,West,Individual,0,Medium,0,1,1,Chat,0,0,1,8.9,38.7,0,0.5,4.6,109.5,-6.4,12,130,1
CUST-1927,7,Standard,East,Small Business,6,Medium,0,0,6,Chat,0,0,0,4.1,36.4,0,0.0,2.7,156.3,-6.9,6,9,1
CUST-1928,34,Premium,West,Individual,1,Low,0,0,1,Ticket,1,0,0,21.7,24.2,0,0.0,2.9,110.2,-26.3,5,24,1
CUST-1929,17,Standard,West,Individual,2,Low,0,2,3,Ticket,0,0,0,46.0,70.4,0,6.6,3.6,117.8,-9.2,3,9,0
CUST-1930,43,Basic,North,Individual,2,Medium,0,1,2,Ticket,0,1,1,0.7,17.1,0,2.5,1.5,150.7,-15.2,0,24,0
CUST-1931,59,Basic,North,Small Business,0,Low,1,0,1,Ticket,0,0,1,22.1,37.6,0,0.0,2.7,120.0,-19.0,0,173,1
CUST-1932,51,Basic,East,Individual,1,Low,2,0,1,Email,2,0,1,6.8,11.6,0,0.0,4.5,39.6,80.8,2,6,0
CUST-1933,54,Standard,West,Individual,1,Low,0,1,1,Chat,0,0,1,9.4,35.9,0,1.6,2.4,26.0,100.7,7,7,1
CUST-1934,24,Standard,South,Individual,1,Low,0,1,2,Chat,1,0,1,5.4,74.4,0,9.8,3.5,52.2,-22.6,11,11,1
CUST-1935,25,Basic,East,Individual,1,Medium,0,0,2,Email,0,0,1,47.3,50.0,0,0.0,3.5,70.8,-4.6,3,13,0
CUST-1936,71,Standard,West,Small Business,2,Low,0,0,3,Call,0,0,0,43.4,63.6,0,0.0,1.5,95.7,-12.7,26,1,1
CUST-1937,52,Standard,East,Individual,2,Low,0,0,3,Chat,0,0,1,18.6,25.7,0,0.0,3.6,110.8,2.2,19,4,0
CUST-1938,70,Standard,East,Enterprise,0,High,0,1,0,Email,0,0,1,0.3,3.4,0,3.6,5.0,64.8,-40.5,2,149,0
CUST-1939,33,Standard,East,Individual,1,Medium,0,0,1,Call,0,0,1,58.6,60.8,1,0.0,5.0,113.3,-11.4,0,21,1
CUST-1940,49,Premium,South,Small Business,3,Low,0,1,3,Ticket,0,0,1,12.6,16.1,0,1.5,3.7,71.0,-25.7,3,24,1
CUST-1941,29,Basic,South,Small Business,0,Medium,1,0,1,Chat,0,0,1,13.4,42.0,0,0.0,4.2,128.2,-15.9,19,89,0
CUST-1942,63,Premium,North,Individual,1,Low,0,0,1,Email,0,0,0,29.7,41.6,0,0.0,3.8,134.0,-17.4,2,5,0
CUST-1943,22,Basic,North,Small Business,0,Low,2,1,0,Chat,0,0,1,19.0,52.4,0,3.8,4.3,129.3,-12.7,2,103,0
CUST-1944,26,Basic,West,Individual,0,Medium,0,2,1,Chat,0,1,0,2.6,38.5,0,0.6,4.1,90.2,2.0,1,86,1
CUST-1945,28,Basic,East,Individual,3,Medium,0,0,3,Email,0,1,1,2.2,4.7,0,0.0,5.0,181.2,-14.5,14,8,1
CUST-1946,49,Basic,West,Individual,1,High,1,1,4,Ticket,1,0,1,5.8,20.7,0,2.7,4.2,63.7,-33.2,1,24,1
CUST-1947,71,Basic,North,Individual,1,Medium,1,0,1,Call,0,0,1,1.5,2.3,0,0.0,4.4,79.8,-14.7,2,7,0
CUST-1948,49,Basic,South,Small Business,1,High,0,0,2,Email,0,1,1,35.8,40.6,0,0.0,3.4,124.3,-13.0,1,7,1
CUST-1949,20,Premium,North,Individual,0,High,0,0,1,Call,1,0,1,0.8,3.7,0,0.0,1.6,99.1,9.2,0,46,1
CUST-1950,63,Basic,West,Small Business,1,Medium,0,0,2,Email,0,0,1,58.4,85.7,1,0.0,1.0,146.9,-13.3,2,29,1
CUST-1951,61,Standard,North,Individual,1,High,0,0,2,Email,0,0,1,2.4,9.2,0,0.0,2.8,31.8,-49.9,8,23,1
CUST-1952,49,Basic,West,Individual,0,Medium,0,2,0,Chat,0,0,1,39.0,114.4,0,2.2,4.8,102.4,-14.0,0,76,1
CUST-1953,71,Premium,West,Enterprise,5,Low,0,0,5,Call,0,1,1,5.4,7.7,0,0.0,2.9,63.8,-4.1,3,24,0
CUST-1954,1,Standard,West,Small Business,2,Low,2,1,3,Call,0,0,1,21.6,25.5,0,0.9,3.1,90.7,12.9,3,22,1
CUST-1955,13,Basic,West,Small Business,1,Low,0,2,2,Call,0,0,1,8.4,23.9,0,10.7,4.0,99.5,-2.9,0,13,0
CUST-1956,51,Standard,North,Small Business,1,High,2,0,1,Chat,0,0,1,1.4,53.4,0,0.0,4.1,94.1,10.6,19,13,0
CUST-1957,56,Standard,West,Enterprise,1,Medium,1,0,1,Email,0,0,1,26.2,46.0,0,0.0,5.0,71.8,-37.6,1,17,0
CUST-1958,62,Standard,West,Individual,1,Medium,0,0,3,Chat,1,0,0,33.0,35.0,0,0.0,2.9,105.5,-11.8,11,3,1
CUST-1959,32,Standard,East,Small Business,1,Low,0,1,1,Email,0,0,0,7.1,15.1,0,3.3,2.6,141.2,-13.1,1,1,0
CUST-1960,30,Standard,West,Individual,2,Low,1,0,2,Email,0,0,0,30.7,114.1,0,0.0,3.6,86.4,30.8,3,5,0
CUST-1961,29,Standard,North,Individual,1,Low,1,1,1,Email,0,0,1,12.2,13.3,0,0.1,3.9,156.9,-3.5,8,9,0
CUST-1962,49,Standard,West,Individual,1,High,0,0,1,Email,0,1,1,26.1,31.2,0,0.0,3.5,123.0,5.8,14,26,0
CUST-1963,45,Basic,South,Individual,0,High,0,0,0,Ticket,0,0,0,20.7,22.7,0,0.0,4.0,93.2,-22.2,2,31,1
CUST-1964,30,Premium,South,Individual,0,Medium,0,1,1,Email,0,0,1,53.1,78.9,1,0.6,5.0,86.3,-18.5,0,133,0
CUST-1965,16,Basic,West,Small Business,2,Low,0,0,3,Chat,1,0,1,7.9,34.9,0,0.0,3.2,115.0,36.7,0,26,0
CUST-1966,40,Standard,South,Small Business,0,Low,0,1,0,Call,1,0,1,2.3,8.6,0,4.7,3.4,82.5,-18.9,10,78,1
CUST-1967,19,Basic,South,Individual,1,Low,0,0,2,Email,0,0,1,31.0,37.2,0,0.0,3.0,122.2,-15.6,3,12,0
CUST-1968,18,Standard,North,Individual,1,Low,0,1,1,Chat,0,0,0,33.5,58.7,0,1.0,2.3,85.7,2.5,0,6,0
CUST-1969,1,Premium,East,Individual,0,Medium,0,0,0,Chat,1,1,1,0.5,3.1,0,0.0,3.0,77.2,-7.5,3,169,0
CUST-1970,47,Basic,South,Individual,2,Low,1,0,3,Chat,0,0,1,2.7,28.6,0,0.0,4.6,97.3,-9.2,1,3,1
CUST-1971,66,Basic,South,Small Business,2,Medium,0,0,2,Chat,0,0,1,35.7,37.2,0,0.0,3.1,147.4,-5.6,6,9,1
CUST-1972,38,Standard,East,Individual,0,Medium,1,2,1,Chat,0,1,1,18.4,23.6,0,0.3,3.3,63.9,-12.7,2,153,1
CUST-1973,51,Premium,East,Individual,1,Low,0,0,1,Email,0,0,0,12.1,22.6,0,0.0,4.4,59.2,-24.9,6,22,0
CUST-1974,63,Standard,South,Enterprise,0,Low,0,1,0,Call,0,0,0,35.1,37.0,0,0.3,3.5,80.2,-14.1,7,46,1
CUST-1975,4,Basic,West,Small Business,3,High,0,2,4,Email,0,0,1,5.6,6.8,0,10.3,4.2,59.5,-27.9,2,23,1
CUST-1976,1,Premium,South,Small Business,6,Low,0,0,7,Email,0,0,1,7.9,12.6,0,0.0,2.6,115.6,-19.6,5,17,1
CUST-1977,8,Standard,West,Small Business,1,Medium,0,0,1,Call,0,0,1,29.7,42.9,0,0.0,2.3,95.2,-15.4,7,16,1
CUST-1978,29,Basic,West,Individual,2,Low,0,0,2,Ticket,0,0,1,17.9,43.1,0,0.0,4.1,109.3,-11.2,0,8,1
CUST-1979,55,Basic,West,Individual,2,Medium,0,0,3,Email,1,0,1,4.7,24.4,0,0.0,3.4,110.1,18.7,1,25,0
CUST-1980,3,Standard,East,Small Business,0,Low,0,0,1,Call,0,0,1,44.9,56.8,0,0.0,3.6,85.7,-10.6,20,85,0
CUST-1981,32,Basic,South,Small Business,0,Medium,0,0,0,Email,0,1,0,103.5,119.7,1,0.0,3.9,74.6,-12.8,0,95,0
CUST-1982,10,Basic,South,Individual,0,Medium,0,0,0,Call,0,0,1,3.1,14.7,0,0.0,3.8,146.8,-23.4,1,138,1
CUST-1983,34,Premium,North,Individual,2,Low,1,1,2,Ticket,1,0,0,7.0,18.7,0,2.0,1.8,109.6,-13.7,7,28,1
CUST-1984,55,Basic,East,Small Business,3,Low,0,0,3,Chat,0,0,0,27.7,27.9,0,0.0,2.6,44.6,8.1,1,22,1
CUST-1985,32,Standard,North,Individual,1,High,2,0,1,Call,0,1,1,2.6,9.9,0,0.0,3.1,98.0,-22.3,8,5,1
CUST-1986,50,Basic,North,Individual,2,Low,0,1,2,Email,0,0,0,12.5,24.8,0,1.4,1.6,70.1,-25.2,0,13,1
CUST-1987,7,Standard,West,Individual,2,Medium,0,0,2,Email,0,1,1,4.9,18.5,0,0.0,2.9,111.9,-1.9,10,27,0
CUST-1988,8,Standard,East,Individual,3,Medium,1,1,3,Ticket,0,0,1,21.8,32.5,0,4.8,2.8,129.3,-1.0,3,23,1
CUST-1989,65,Basic,North,Individual,0,Low,0,1,0,Ticket,0,0,1,8.9,26.9,0,0.5,5.0,79.0,0.4,0,80,0
CUST-1990,57,Standard,South,Individual,2,Low,1,0,3,Call,0,1,1,37.7,44.6,0,0.0,1.7,122.3,14.3,4,7,0
CUST-1991,67,Basic,North,Small Business,3,Low,0,0,4,Chat,0,0,0,12.3,14.6,0,0.0,2.6,135.4,-19.5,1,14,1
CUST-1992,59,Premium,East,Individual,0,Medium,0,0,1,Email,1,0,0,15.4,15.9,0,0.0,3.2,107.7,-9.1,6,142,0
CUST-1993,54,Premium,South,Individual,0,Medium,2,1,0,Chat,1,0,0,44.0,56.6,0,1.8,2.9,78.4,-11.3,11,91,0
CUST-1994,67,Standard,South,Individual,0,High,0,2,1,Ticket,1,0,1,29.3,39.6,0,5.9,5.0,145.7,-17.9,0,116,0
CUST-1995,51,Standard,South,Enterprise,1,Medium,0,0,2,Ticket,0,0,1,33.1,37.1,0,0.0,5.0,145.9,-4.1,1,7,0
CUST-1996,8,Basic,West,Individual,1,Medium,0,2,1,Call,0,0,1,0.3,4.0,0,5.9,2.8,98.8,5.7,2,3,1
CUST-1997,34,Standard,South,Individual,1,Low,0,2,1,Ticket,0,0,0,21.4,34.5,0,2.5,4.5,101.0,-21.7,16,11,0
CUST-1998,35,Basic,West,Small Business,2,Medium,0,0,2,Call,0,0,0,12.5,14.2,0,0.0,3.8,108.3,-9.6,2,17,1
CUST-1999,32,Basic,West,Individual,3,Low,0,0,3,Call,0,0,1,43.0,45.2,0,0.0,3.3,87.8,-5.9,0,20,1
CUST-2000,46,Standard,North,Individual,2,Low,0,1,3,Chat,0,0,1,0.8,5.1,0,2.6,3.1,93.6,-7.3,1,9,0
CUST-2001,16,Basic,North,Individual,0,Medium,0,1,2,Chat,0,0,1,37.3,69.6,0,0.8,4.9,80.2,-5.3,0,55,1
CUST-2002,68,Standard,South,Enterprise,0,Medium,0,2,0,Call,0,0,0,2.9,21.2,0,5.3,4.8,136.4,-8.8,1,80,1
CUST-2003,37,Basic,East,Small Business,3,Low,1,0,4,Call,0,0,0,17.9,30.2,0,0.0,3.4,50.8,9.2,4,22,1
CUST-2004,54,Standard,South,Enterprise,1,Medium,0,4,2,Call,0,0,0,25.9,32.8,0,24.7,2.0,85.2,-3.1,0,1,1
CUST-2005,14,Basic,North,Individual,2,Low,0,1,2,Ticket,0,0,1,4.4,12.5,0,2.2,3.9,129.9,-22.2,12,4,0
CUST-2006,55,Basic,South,Small Business,0,High,0,1,0,Chat,0,0,0,3.6,6.5,0,1.3,5.0,100.5,-9.2,6,94,0
CUST-2007,48,Standard,North,Individual,0,Low,1,0,0,Ticket,1,1,0,22.9,50.5,0,0.0,4.0,66.7,-14.1,5,30,1
CUST-2008,7,Premium,South,Small Business,4,Low,1,3,4,Chat,1,1,0,3.7,6.7,0,5.7,2.0,84.4,20.7,2,29,1
CUST-2009,7,Standard,East,Small Business,1,Medium,0,0,1,Ticket,0,0,1,14.4,35.8,0,0.0,4.4,143.5,0.8,7,6,1
CUST-2010,33,Basic,South,Individual,1,Medium,0,0,1,Chat,0,0,1,6.1,10.2,0,0.0,4.5,135.9,-11.0,1,26,0
CUST-2011,23,Basic,East,Small Business,0,Medium,0,2,0,Call,0,1,0,0.6,21.8,0,3.3,3.3,94.8,-17.0,2,52,1
CUST-2012,19,Premium,East,Individual,2,Medium,1,0,2,Chat,1,0,1,1.4,6.8,0,0.0,3.7,66.6,-8.2,25,5,1
CUST-2013,19,Standard,South,Individual,2,High,1,0,2,Ticket,0,0,1,2.8,62.5,0,0.0,4.1,127.8,-15.0,1,17,1
CUST-2014,36,Basic,East,Enterprise,1,Medium,0,1,3,Email,0,1,1,15.8,53.6,0,1.4,2.4,83.3,-17.5,2,19,0
CUST-2015,29,Premium,East,Individual,1,Medium,0,0,1,Chat,0,0,1,4.8,36.1,0,0.0,4.3,164.2,-9.1,1,18,0
CUST-2016,60,Premium,North,Individual,2,Medium,0,0,2,Ticket,0,1,1,37.9,40.9,0,0.0,2.9,77.6,-4.4,0,23,0
CUST-2017,2,Premium,North,Individual,0,High,0,1,1,Chat,0,0,1,0.6,1.9,0,0.9,4.1,114.2,-16.0,2,133,0
CUST-2018,1,Premium,East,Small Business,3,Low,0,2,3,Ticket,0,0,0,21.5,71.5,0,0.2,2.9,140.1,-16.7,0,21,1
CUST-2019,47,Premium,West,Individual,2,Medium,0,0,2,Email,0,1,1,1.9,10.5,0,0.0,3.5,111.7,-20.6,3,23,0
CUST-2020,69,Basic,South,Individual,2,Medium,0,0,3,Chat,1,0,1,44.2,75.5,0,0.0,3.9,106.5,-13.9,6,26,1
CUST-2021,20,Basic,East,Small Business,1,Low,0,0,1,Call,1,0,1,0.8,10.9,0,0.0,3.8,61.4,-15.6,9,14,0
CUST-2022,11,Standard,South,Individual,1,Medium,0,0,2,Ticket,0,1,1,3.1,18.8,0,0.0,3.2,111.9,-18.6,0,9,1
CUST-2023,2,Standard,North,Individual,0,Low,0,0,1,Ticket,1,0,1,6.5,27.6,0,0.0,3.1,109.9,-5.6,11,55,0
CUST-2024,67,Standard,South,Small Business,1,Low,1,0,2,Email,0,0,1,2.1,13.6,0,0.0,4.8,100.4,-7.5,2,29,0
CUST-2025,12,Basic,East,Individual,1,High,0,0,1,Call,0,0,1,48.5,90.0,1,0.0,2.9,78.0,-1.0,2,21,0
CUST-2026,20,Standard,East,Small Business,1,Low,0,1,1,Email,1,0,0,2.8,3.6,0,4.4,2.7,95.3,-11.5,4,28,0
CUST-2027,5,Standard,East,Individual,0,Medium,0,0,0,Chat,1,0,0,1.7,28.8,0,0.0,2.3,120.3,0.6,0,67,0
CUST-2028,37,Basic,East,Enterprise,3,Low,0,1,4,Email,0,0,0,1.2,18.7,0,0.4,3.6,97.0,19.8,9,1,1
CUST-2029,38,Basic,West,Enterprise,2,Medium,1,0,3,Ticket,0,0,0,32.8,38.8,0,0.0,3.0,116.7,-18.0,7,5,1
CUST-2030,9,Standard,West,Individual,2,Low,1,0,2,Chat,0,1,1,21.0,30.5,0,0.0,3.4,108.4,-29.7,3,26,0
CUST-2031,53,Standard,West,Individual,2,Low,1,1,3,Chat,0,0,1,28.3,37.9,0,1.9,3.9,86.3,5.1,1,26,1
CUST-2032,44,Basic,East,Enterprise,2,High,0,0,3,Call,1,0,1,24.4,25.1,0,0.0,3.1,104.9,-14.5,3,27,0
CUST-2033,24,Standard,West,Individual,1,Low,0,1,1,Ticket,0,0,1,68.8,80.3,1,0.5,2.6,83.0,-3.0,5,15,0
CUST-2034,30,Standard,South,Individual,2,Low,0,0,4,Email,1,0,1,29.3,30.3,0,0.0,2.8,77.7,-28.5,6,20,1
CUST-2035,59,Standard,East,Small Business,2,Low,1,1,2,Email,0,0,1,9.6,20.5,0,0.2,1.6,120.3,33.8,2,6,1
CUST-2036,14,Basic,North,Small Business,3,Low,0,0,4,Chat,0,0,0,6.8,10.5,0,0.0,4.5,110.1,-24.3,0,22,1
CUST-2037,9,Standard,East,Small Business,1,Low,0,0,1,Call,0,0,0,6.9,33.8,0,0.0,3.4,96.9,14.5,6,28,1
CUST-2038,40,Basic,South,Individual,0,Low,0,1,2,Call,0,0,1,7.5,8.6,0,0.2,3.1,120.7,-1.5,1,100,0
CUST-2039,66,Premium,West,Individual,2,Medium,1,1,3,Ticket,1,0,1,4.1,9.4,0,0.4,4.2,81.6,-23.9,10,27,0
CUST-2040,25,Basic,East,Small Business,1,Medium,1,1,1,Ticket,0,0,1,10.0,17.9,0,9.0,1.8,79.5,-18.7,2,11,1
CUST-2041,22,Standard,West,Small Business,3,Medium,1,0,3,Ticket,0,0,1,2.3,16.2,0,0.0,4.2,57.1,-9.6,7,1,0
CUST-2042,4,Basic,East,Small Business,1,Medium,0,0,1,Chat,0,0,0,7.1,72.8,0,0.0,2.9,68.6,-3.6,2,11,1
CUST-2043,26,Standard,South,Enterprise,2,Low,0,2,4,Ticket,0,0,1,3.9,5.9,0,2.6,4.3,94.9,-4.0,2,9,1
CUST-2044,58,Standard,East,Small Business,2,High,0,1,3,Call,0,0,1,50.4,57.4,1,1.7,3.2,158.1,-5.7,7,17,1
CUST-2045,29,Basic,West,Individual,1,Low,0,0,2,Ticket,0,0,0,12.4,29.5,0,0.0,1.4,63.1,40.4,3,21,0
CUST-2046,37,Standard,West,Small Business,1,High,1,1,1,Call,1,0,0,34.6,41.6,0,1.8,2.4,40.6,-24.6,1,4,1
CUST-2047,70,Basic,South,Individual,1,Low,1,1,1,Ticket,0,0,0,17.8,21.9,0,12.7,3.4,91.7,-23.5,9,6,1
CUST-2048,18,Basic,East,Individual,0,High,0,1,0,Ticket,0,0,0,18.3,43.6,0,1.6,3.9,103.3,-4.8,4,51,1
CUST-2049,42,Standard,North,Individual,2,Medium,1,0,3,Chat,0,0,1,0.1,3.2,0,0.0,3.0,73.1,26.6,5,9,1
CUST-2050,41,Basic,East,Small Business,0,Low,1,1,0,Call,0,0,1,0.3,6.4,0,0.9,4.1,133.8,-10.2,7,48,0
CUST-2051,38,Premium,South,Enterprise,1,High,2,0,1,Chat,0,0,1,6.5,10.7,0,0.0,1.4,75.1,11.4,4,28,1
CUST-2052,34,Standard,North,Individual,4,Low,1,3,5,Call,1,0,1,1.2,49.7,0,3.6,2.9,92.3,-12.3,1,28,1
CUST-2053,17,Standard,South,Individual,1,Medium,0,0,1,Ticket,0,0,1,6.5,33.6,0,0.0,2.1,102.2,1.0,0,24,0
CUST-2054,37,Basic,East,Individual,3,High,0,3,3,Chat,1,0,0,19.2,28.5,0,2.3,3.9,141.3,-6.0,7,19,1
CUST-2055,25,Standard,North,Small Business,2,Low,1,2,2,Ticket,0,0,1,24.7,52.2,0,2.8,1.6,124.9,-7.4,15,25,0
CUST-2056,27,Standard,South,Small Business,1,Low,0,0,2,Ticket,0,1,0,18.9,36.2,0,0.0,5.0,111.1,-2.9,6,11,0
CUST-2057,57,Basic,West,Individual,3,Medium,0,1,4,Email,0,0,0,16.2,22.8,0,1.1,2.4,107.7,-15.4,8,6,1
CUST-2058,31,Premium,North,Small Business,1,Medium,1,0,1,Call,1,0,0,1.7,5.2,0,0.0,2.8,120.7,1.3,9,19,0
CUST-2059,6,Basic,North,Individual,2,High,0,0,4,Call,0,0,1,2.7,9.5,0,0.0,4.6,158.6,1.5,1,29,0
CUST-2060,40,Premium,South,Individual,0,Medium,0,0,2,Call,0,0,1,0.8,11.8,0,0.0,4.3,47.6,4.4,2,55,1
CUST-2061,12,Basic,West,Individual,2,Low,1,0,2,Call,0,1,0,33.5,36.8,0,0.0,4.3,69.9,18.3,6,19,1
CUST-2062,53,Premium,North,Small Business,1,Medium,0,0,1,Call,1,0,0,7.8,12.6,0,0.0,3.5,70.8,27.1,2,28,0
CUST-2063,71,Standard,South,Individual,2,High,0,0,3,Chat,0,1,1,10.3,25.9,0,0.0,3.5,154.4,-2.8,5,26,0
CUST-2064,10,Basic,North,Small Business,2,Low,0,1,2,Call,0,0,1,19.6,38.9,0,0.3,3.9,51.8,-22.9,1,15,1
CUST-2065,45,Basic,North,Individual,0,Low,0,0,0,Chat,0,1,0,69.4,78.5,1,0.0,3.6,58.8,-0.2,6,147,0
CUST-2066,17,Standard,North,Individual,1,Low,1,0,1,Email,2,0,1,19.1,71.5,0,0.0,5.0,98.0,-25.5,4,4,0
CUST-2067,26,Premium,West,Individual,0,High,1,1,0,Email,1,0,1,2.5,8.0,0,6.3,2.6,139.2,-6.3,15,84,0
CUST-2068,62,Basic,East,Individual,0,Low,1,0,3,Chat,0,1,1,46.6,83.0,0,0.0,3.6,130.4,-5.6,12,177,0
CUST-2069,46,Basic,East,Individual,0,High,0,0,0,Email,1,0,1,5.2,10.0,0,0.0,5.0,91.6,-12.8,4,172,0
CUST-2070,64,Standard,West,Small Business,1,High,0,2,2,Chat,0,1,0,31.3,51.2,0,12.1,1.7,79.0,-21.6,1,6,0
CUST-2071,2,Standard,West,Individual,0,Low,0,1,2,Call,0,1,1,27.5,124.0,0,0.5,3.3,109.2,-2.9,2,98,0
CUST-2072,54,Standard,South,Small Business,2,Low,0,0,2,Chat,0,1,0,10.7,37.6,0,0.0,1.2,58.3,-26.8,6,8,1
CUST-2073,65,Standard,North,Individual,1,Low,0,0,2,Email,2,0,1,14.8,24.4,0,0.0,3.1,165.3,-1.4,2,19,0
CUST-2074,51,Basic,West,Individual,1,Low,0,0,1,Chat,0,0,0,5.2,7.2,0,0.0,3.4,111.1,-22.0,8,18,1
CUST-2075,53,Premium,South,Individual,1,Low,1,1,3,Email,1,0,0,24.3,75.1,0,1.8,2.4,161.0,-21.2,1,2,1
CUST-2076,36,Standard,East,Enterprise,0,Medium,0,1,0,Ticket,0,0,1,77.5,96.7,1,2.9,3.8,90.1,-11.2,7,135,0
CUST-2077,26,Basic,East,Individual,1,Medium,0,0,1,Chat,1,1,0,11.1,38.4,0,0.0,2.5,91.8,4.6,7,15,0
CUST-2078,29,Standard,East,Individual,3,High,0,2,3,Ticket,1,0,1,123.5,136.2,1,0.6,3.3,110.2,-10.1,1,27,1
CUST-2079,21,Standard,East,Enterprise,0,Low,0,0,1,Email,0,0,0,5.8,15.6,0,0.0,4.2,95.5,-19.2,0,90,1
CUST-2080,11,Basic,South,Individual,2,Medium,0,1,2,Call,0,0,1,2.6,3.8,0,2.0,3.8,94.2,-24.2,4,1,0
CUST-2081,40,Standard,North,Small Business,2,Medium,1,0,2,Chat,0,0,1,129.9,130.9,1,0.0,3.1,56.5,-28.4,7,15,1
CUST-2082,11,Basic,South,Individual,2,Low,1,0,3,Call,0,0,1,9.4,22.5,0,0.0,2.3,95.8,-12.0,13,29,0
CUST-2083,36,Standard,North,Small Business,1,Low,0,1,1,Call,0,0,1,39.2,42.4,0,2.6,2.3,51.1,-24.7,5,15,1
CUST-2084,59,Premium,East,Individual,1,Medium,1,0,1,Call,0,1,1,0.6,17.5,0,0.0,3.7,76.3,-25.9,5,20,0
CUST-2085,39,Basic,West,Enterprise,1,High,0,0,1,Email,0,1,1,19.8,67.0,0,0.0,2.0,86.9,-7.7,2,29,1
CUST-2086,54,Basic,West,Individual,3,Low,1,2,3,Email,0,0,1,0.1,6.7,0,1.3,4.2,71.9,-14.3,1,9,0
CUST-2087,55,Premium,West,Individual,0,Medium,0,0,0,Ticket,0,1,1,14.0,34.1,0,0.0,3.9,94.7,-15.7,2,129,1
CUST-2088,24,Premium,North,Individual,3,High,0,1,3,Ticket,0,0,1,26.7,63.0,0,1.2,1.4,93.4,-13.5,5,1,0
CUST-2089,22,Standard,East,Individual,1,Low,0,0,2,Ticket,0,0,1,19.4,47.3,0,0.0,3.0,178.9,-15.6,20,28,0
CUST-2090,69,Standard,South,Small Business,1,Low,1,0,1,Call,1,1,1,19.8,21.1,0,0.0,4.0,125.8,-9.9,5,21,0
CUST-2091,56,Standard,West,Individual,0,Medium,0,1,0,Ticket,0,0,1,7.9,24.9,0,0.7,4.8,106.0,3.2,4,158,0
CUST-2092,33,Premium,North,Individual,2,Low,1,0,3,Chat,0,0,1,20.1,25.5,0,0.0,3.4,61.8,-14.1,2,1,1
CUST-2093,36,Premium,West,Individual,1,Medium,0,1,2,Email,0,0,0,38.6,73.6,0,4.2,2.3,74.5,-41.2,2,15,1
CUST-2094,20,Basic,South,Individual,1,Low,1,1,2,Ticket,0,0,1,13.7,16.5,0,1.0,4.7,53.9,52.9,2,23,0
CUST-2095,62,Standard,East,Individual,2,High,0,1,2,Email,0,0,1,15.6,19.4,0,0.5,3.1,113.5,-15.9,3,28,0
CUST-2096,26,Standard,South,Individual,0,Medium,0,0,1,Call,0,0,0,36.5,46.6,0,0.0,5.0,78.5,-0.8,2,113,1
CUST-2097,66,Standard,East,Small Business,0,Low,1,0,0,Email,0,0,1,2.6,8.6,0,0.0,4.3,114.3,-15.5,10,156,0
CUST-2098,40,Standard,East,Enterprise,2,Low,0,0,2,Chat,2,0,1,18.4,25.1,0,0.0,3.6,118.8,-23.1,0,27,1
CUST-2099,17,Standard,East,Individual,2,Medium,0,0,3,Email,0,0,1,12.9,21.2,0,0.0,3.2,87.4,-2.1,4,12,0
CUST-2100,1,Premium,West,Small Business,0,Low,0,0,0,Email,1,0,1,10.8,13.1,0,0.0,4.2,83.5,7.6,9,108,1
CUST-2101,61,Basic,South,Individual,1,Medium,0,0,1,Chat,0,1,0,10.5,12.0,0,0.0,4.8,97.7,-11.5,2,11,0
CUST-2102,43,Basic,West,Individual,0,Low,2,0,0,Chat,0,0,1,20.0,23.3,0,0.0,3.2,75.3,-31.8,10,99,1
CUST-2103,42,Standard,South,Individual,1,Low,0,2,2,Ticket,0,0,0,45.6,57.0,0,4.0,4.5,68.7,-12.2,4,25,1
CUST-2104,25,Basic,North,Individual,2,Low,0,2,2,Email,0,0,1,21.0,28.7,0,3.5,3.1,49.6,-53.3,1,13,1
CUST-2105,39,Basic,North,Individual,1,Low,0,1,1,Ticket,0,0,0,6.1,22.5,0,3.0,3.8,54.9,-34.2,1,20,0
CUST-2106,35,Basic,South,Small Business,0,Low,3,3,2,Ticket,2,0,0,3.0,20.7,0,3.3,5.0,101.2,15.0,0,66,0
CUST-2107,3,Standard,South,Enterprise,3,Medium,0,1,4,Chat,0,0,1,76.6,91.5,1,0.0,2.3,112.0,-12.4,6,10,0
CUST-2108,44,Premium,South,Individual,1,Medium,0,0,1,Email,0,0,1,7.3,11.1,0,0.0,4.8,96.7,-25.5,5,29,1
CUST-2109,51,Standard,South,Individual,0,Medium,0,0,0,Chat,0,0,1,12.6,27.2,0,0.0,4.4,75.4,9.1,7,65,1
CUST-2110,12,Standard,East,Enterprise,2,Low,0,0,3,Call,0,2,1,0.3,12.8,0,0.0,3.8,125.8,-13.4,15,10,1
CUST-2111,19,Basic,West,Individual,0,Low,0,3,0,Email,0,0,1,33.3,48.6,0,11.0,5.0,156.8,-4.7,1,93,0
CUST-2112,44,Standard,East,Small Business,0,Low,0,1,2,Call,0,0,0,31.5,35.8,0,0.0,4.3,101.3,-4.0,1,142,0
CUST-2113,59,Standard,West,Individual,2,Low,0,0,3,Email,0,2,1,23.7,90.7,0,0.0,3.9,91.6,11.7,1,13,0
CUST-2114,49,Standard,West,Individual,1,Medium,0,0,1,Ticket,0,1,0,8.8,74.3,0,0.0,5.0,110.0,-18.2,4,9,1
CUST-2115,61,Basic,West,Individual,0,Medium,0,0,0,Chat,0,0,1,9.4,41.0,0,0.0,4.2,40.7,-24.4,3,111,0
CUST-2116,17,Basic,East,Small Business,2,Low,0,3,2,Call,1,0,1,13.7,17.8,0,5.4,1.0,121.4,-10.4,0,20,0
CUST-2117,57,Basic,South,Small Business,0,Medium,0,0,0,Email,0,0,0,10.3,31.2,0,0.0,3.3,70.8,-6.4,1,57,0
CUST-2118,55,Standard,East,Individual,0,Low,0,1,0,Ticket,0,0,1,3.7,5.7,0,2.2,4.7,135.0,-8.3,4,142,1
CUST-2119,47,Premium,East,Small Business,1,High,0,0,1,Chat,0,0,1,5.3,42.6,0,0.0,3.1,58.5,10.1,18,25,0
CUST-2120,12,Premium,West,Individual,1,High,1,0,1,Chat,0,0,1,8.0,11.8,0,0.0,2.5,83.2,-17.2,7,21,1
CUST-2121,62,Standard,North,Individual,0,Low,0,1,0,Call,0,0,0,0.4,9.1,0,4.9,3.0,55.0,-17.0,20,65,1
CUST-2122,8,Standard,North,Small Business,1,Medium,0,0,1,Ticket,0,0,1,8.3,23.8,0,0.0,4.2,141.0,-13.8,6,13,1
CUST-2123,21,Premium,East,Individual,3,Medium,0,1,4,Email,0,0,0,34.4,41.3,0,7.1,1.8,49.2,-32.9,21,21,1
CUST-2124,70,Basic,West,Individual,1,Low,0,1,2,Call,1,0,1,12.7,16.8,0,0.3,3.9,90.8,-23.3,1,13,1
CUST-2125,25,Basic,East,Individual,2,High,1,2,2,Email,1,0,0,4.1,27.7,0,5.6,2.9,78.1,-26.0,12,13,1
CUST-2126,12,Premium,East,Enterprise,1,Medium,0,1,1,Ticket,0,0,1,23.7,48.8,0,0.5,4.5,92.4,-8.0,5,12,0
CUST-2127,15,Basic,South,Small Business,5,Medium,1,0,6,Chat,0,0,1,0.4,10.2,0,0.0,3.0,128.3,-1.4,4,16,0
CUST-2128,59,Premium,West,Small Business,0,Medium,0,0,1,Chat,0,1,1,3.4,8.7,0,0.0,4.0,109.9,-17.6,6,81,0
CUST-2129,26,Premium,North,Individual,1,Low,1,0,4,Chat,1,0,0,17.5,36.0,0,0.0,2.9,93.6,-5.3,4,29,1
CUST-2130,26,Standard,North,Small Business,1,Low,0,1,1,Email,0,0,0,22.3,56.9,0,2.1,3.4,49.2,-35.5,2,21,1
CUST-2131,47,Premium,North,Individual,1,Low,0,0,1,Email,0,0,1,7.0,31.4,0,0.0,2.5,151.0,5.7,8,5,0
CUST-2132,32,Standard,East,Enterprise,1,Low,0,0,2,Chat,0,0,0,6.5,18.9,0,0.0,3.0,104.9,1.5,2,3,1
CUST-2133,10,Standard,West,Individual,0,High,0,1,0,Email,1,1,1,0.4,1.3,0,3.9,4.9,110.8,-12.8,2,107,1
CUST-2134,16,Basic,South,Individual,3,Low,2,1,4,Email,0,0,1,6.7,44.4,0,0.7,1.8,63.5,-37.6,7,4,1
CUST-2135,71,Basic,North,Individual,0,High,0,2,0,Chat,1,1,1,64.0,99.9,1,12.5,2.3,135.9,-1.4,18,77,1
CUST-2136,17,Basic,West,Small Business,0,Medium,3,1,0,Chat,0,0,1,10.1,14.6,0,0.3,3.5,61.4,-26.3,1,107,1
CUST-2137,23,Standard,North,Small Business,0,Medium,0,1,1,Email,1,0,1,7.9,25.3,0,2.6,3.7,175.8,-5.8,19,154,0
CUST-2138,26,Basic,South,Individual,0,Low,0,0,2,Email,0,0,1,19.7,26.7,0,0.0,3.3,116.1,-8.4,10,134,1
CUST-2139,7,Basic,West,Individual,0,Low,0,2,0,Ticket,1,0,1,90.4,94.1,1,5.8,3.4,139.3,-6.7,1,146,0
CUST-2140,14,Basic,East,Small Business,5,Low,0,2,5,Call,2,0,1,11.5,11.7,0,1.0,1.7,77.3,-24.9,0,14,1
CUST-2141,7,Standard,East,Individual,0,High,1,0,1,Email,0,0,1,2.0,8.8,0,0.0,5.0,95.5,-6.7,8,60,0
CUST-2142,9,Premium,North,Small Business,0,High,1,0,0,Ticket,0,0,1,25.3,28.8,0,0.0,5.0,55.3,-18.0,0,99,0
CUST-2143,48,Premium,North,Enterprise,4,Low,0,1,4,Ticket,1,0,0,45.5,45.9,0,4.3,1.0,121.5,-19.1,20,28,0
CUST-2144,59,Standard,West,Individual,1,Low,0,0,1,Call,1,0,0,22.8,34.0,0,0.0,4.1,118.5,-15.5,1,27,0
CUST-2145,39,Premium,South,Individual,3,Medium,0,1,3,Ticket,1,0,0,13.8,17.7,0,3.3,1.0,103.2,-18.1,0,20,0
CUST-2146,18,Standard,North,Individual,0,Low,2,0,0,Ticket,1,1,1,5.7,19.0,0,0.0,5.0,108.6,-12.8,5,171,0
CUST-2147,59,Standard,West,Individual,2,Medium,1,0,3,Email,1,1,0,11.8,19.9,0,0.0,3.4,80.4,-0.8,4,1,1
CUST-2148,17,Standard,South,Individual,0,Medium,0,0,2,Call,0,1,1,11.0,17.2,0,0.0,3.5,64.7,-3.6,12,72,1
CUST-2149,14,Basic,North,Small Business,2,Medium,0,0,2,Call,1,1,0,65.8,72.8,1,0.0,1.8,145.9,-19.2,0,29,1
CUST-2150,31,Premium,North,Individual,1,Medium,0,0,1,Ticket,0,0,1,0.8,13.5,0,0.0,4.1,102.6,-6.8,1,4,0
CUST-2151,24,Basic,West,Individual,0,Medium,2,1,0,Ticket,0,0,1,9.1,36.0,0,0.5,2.2,94.5,8.9,6,107,0
CUST-2152,60,Standard,North,Small Business,0,Low,0,1,1,Chat,0,0,0,7.5,24.1,0,0.2,5.0,108.3,-14.2,2,177,1
CUST-2153,45,Standard,East,Small Business,3,Medium,0,0,5,Email,1,1,0,80.5,82.3,1,0.0,3.2,75.9,-16.6,4,9,1
CUST-2154,3,Basic,South,Enterprise,2,High,0,0,2,Ticket,0,0,0,0.1,12.7,0,0.0,3.6,163.4,7.8,0,16,0
CUST-2155,37,Basic,South,Individual,1,Low,1,0,1,Chat,1,0,0,6.9,28.9,0,0.0,3.0,136.8,5.9,8,25,0
CUST-2156,43,Standard,East,Small Business,3,Low,0,0,4,Chat,0,0,0,72.9,78.5,1,0.0,3.8,78.0,-2.8,1,22,1
CUST-2157,40,Basic,West,Enterprise,1,Low,0,2,1,Email,1,0,1,3.5,18.3,0,9.1,1.6,109.7,7.5,3,19,0
CUST-2158,55,Standard,East,Individual,2,Medium,0,1,3,Chat,0,0,1,31.1,31.2,0,7.5,3.1,67.5,1.6,5,2,1
CUST-2159,39,Standard,East,Individual,3,Low,0,0,3,Ticket,2,0,1,16.6,58.7,0,0.0,1.3,95.1,8.8,0,8,0
CUST-2160,15,Standard,South,Individual,1,Medium,2,0,1,Chat,0,1,1,47.3,52.0,0,0.0,4.0,43.5,-50.8,0,21,1
CUST-2161,4,Standard,West,Small Business,2,Low,0,0,3,Chat,0,0,0,41.3,76.8,0,0.0,2.3,152.8,-16.8,0,11,1
CUST-2162,25,Standard,North,Individual,1,Medium,0,0,1,Ticket,0,0,1,17.2,20.8,0,0.0,3.6,132.3,-5.4,0,13,1
CUST-2163,13,Standard,East,Enterprise,4,Medium,0,0,4,Chat,0,0,1,16.2,50.1,0,0.0,2.1,80.2,-7.1,12,27,0
CUST-2164,33,Standard,East,Small Business,3,Low,0,0,4,Call,0,0,0,3.3,15.4,0,0.0,3.4,90.6,-15.4,3,20,0
CUST-2165,16,Standard,West,Individual,0,Low,2,0,0,Email,1,0,0,1.2,4.3,0,0.0,4.1,100.2,-8.0,0,137,0
CUST-2166,42,Standard,East,Individual,0,Low,0,0,1,Ticket,0,2,1,26.3,32.1,0,0.0,3.3,133.2,-12.8,28,54,0
CUST-2167,66,Premium,West,Individual,1,Medium,0,0,2,Email,1,0,0,19.0,45.5,0,0.0,3.6,106.5,-4.0,0,27,0
CUST-2168,55,Basic,North,Individual,2,Medium,0,0,2,Ticket,0,0,0,31.7,77.5,0,0.0,2.2,79.6,-18.0,12,5,0
CUST-2169,42,Standard,West,Small Business,2,Low,0,0,2,Chat,0,1,1,0.4,31.7,0,0.0,5.0,105.0,-7.5,1,16,1
CUST-2170,34,Premium,North,Small Business,0,Low,0,0,1,Email,0,1,0,54.3,85.0,1,0.0,4.2,144.9,6.0,6,142,0
CUST-2171,30,Basic,West,Individual,1,Low,0,0,1,Ticket,0,0,0,1.5,1.6,0,0.0,3.4,116.2,-14.9,1,4,1
CUST-2172,13,Basic,East,Small Business,0,Medium,1,0,2,Call,0,0,0,47.0,55.9,0,0.0,1.4,108.8,-10.6,24,50,1
CUST-2173,13,Standard,North,Individual,3,Low,0,0,3,Ticket,0,0,1,4.2,31.5,0,0.0,3.5,150.3,-7.3,0,29,0
CUST-2174,18,Basic,East,Individual,2,High,0,0,2,Chat,1,0,1,6.0,6.6,0,0.0,1.4,85.2,-14.1,2,26,1
CUST-2175,32,Basic,North,Individual,1,Medium,0,1,2,Chat,0,1,1,41.1,58.8,0,0.0,3.1,109.8,8.0,0,8,1
CUST-2176,39,Premium,West,Individual,1,Medium,0,1,2,Chat,1,0,0,12.0,22.4,0,2.8,3.0,74.4,-30.8,3,4,1
CUST-2177,46,Standard,West,Enterprise,0,Low,0,0,0,Call,0,0,0,23.7,47.1,0,0.0,5.0,77.6,-30.0,2,71,1
CUST-2178,29,Basic,West,Small Business,1,Low,2,1,2,Email,0,0,1,46.0,50.6,0,2.4,3.8,138.1,-0.8,8,5,0
CUST-2179,62,Premium,South,Individual,0,Medium,0,0,1,Call,0,1,0,6.9,39.0,0,0.0,2.7,57.8,-24.1,9,38,1
CUST-2180,62,Premium,South,Individual,0,Low,0,0,0,Email,0,0,1,2.9,8.2,0,0.0,2.6,10.3,-60.9,9,108,1
CUST-2181,57,Standard,North,Individual,0,Low,1,1,2,Ticket,0,0,1,15.6,60.8,0,1.5,4.2,138.1,1.3,0,123,0
CUST-2182,16,Basic,South,Individual,2,Medium,0,0,2,Call,0,3,0,9.8,25.2,0,0.0,4.1,39.4,-42.8,0,23,1
CUST-2183,56,Premium,West,Small Business,2,Low,0,1,3,Call,0,0,0,32.1,35.4,0,0.4,3.1,139.0,-21.6,5,4,1
CUST-2184,10,Standard,South,Enterprise,0,Low,0,0,0,Ticket,0,0,0,0.1,22.5,0,0.0,3.6,111.3,-1.2,4,128,0
CUST-2185,30,Standard,South,Small Business,1,Medium,1,0,2,Chat,1,0,0,17.4,28.8,0,0.0,3.5,87.3,-10.9,8,25,1
CUST-2186,25,Premium,East,Individual,0,High,1,0,1,Chat,0,0,1,14.5,22.4,0,0.0,5.0,104.6,-6.7,7,99,0
CUST-2187,5,Standard,North,Individual,2,Low,1,1,2,Ticket,1,0,1,37.9,47.5,0,0.8,3.7,76.6,-27.0,1,28,0
CUST-2188,65,Basic,North,Individual,2,Medium,1,0,3,Chat,0,1,0,17.2,24.8,0,0.0,3.2,67.2,-31.8,2,8,1
CUST-2189,49,Standard,North,Individual,0,Medium,1,0,1,Ticket,0,0,1,108.9,127.3,1,0.0,3.1,125.6,9.7,4,70,0
CUST-2190,3,Basic,South,Individual,3,High,0,0,5,Call,1,0,1,0.5,5.0,0,0.0,3.8,83.0,27.2,9,29,1
CUST-2191,45,Standard,West,Individual,0,Low,0,1,1,Call,0,0,1,14.0,24.8,0,1.9,4.5,162.0,-5.8,3,86,1
CUST-2192,14,Standard,East,Individual,0,High,2,0,1,Email,1,0,1,74.6,95.7,1,0.0,5.0,99.0,-15.1,5,58,1
CUST-2193,30,Basic,North,Small Business,1,Low,0,0,2,Call,0,0,1,58.2,60.6,1,0.0,4.4,103.1,-4.3,2,10,1
CUST-2194,68,Standard,South,Small Business,1,Low,0,0,2,Email,1,1,1,4.9,10.1,0,0.0,3.9,76.7,-14.2,0,3,0
CUST-2195,18,Basic,West,Individual,0,Low,0,1,0,Chat,0,0,1,35.1,38.7,0,0.0,4.0,111.5,-10.4,2,60,0
CUST-2196,62,Basic,East,Small Business,0,Low,0,0,0,Ticket,0,1,0,32.7,45.5,0,0.0,3.0,104.8,-4.4,0,125,0
CUST-2197,37,Standard,East,Individual,1,Medium,0,0,1,Chat,0,1,1,65.7,73.6,1,0.0,3.9,83.1,-16.7,2,15,1
CUST-2198,25,Basic,North,Individual,0,Medium,3,1,0,Ticket,1,1,0,14.2,20.1,0,1.5,3.3,109.7,-8.5,1,58,1
CUST-2199,48,Standard,North,Small Business,0,Low,0,0,0,Ticket,0,0,1,15.1,21.7,0,0.0,2.2,94.2,-11.5,1,138,0
CUST-2200,65,Basic,West,Individual,2,Low,0,0,3,Call,0,0,0,30.9,40.4,0,0.0,5.0,92.9,-8.8,5,29,1
CUST-2201,53,Standard,South,Enterprise,3,Low,0,0,3,Email,0,0,1,137.9,146.1,1,0.0,2.0,135.0,-18.5,1,2,1
CUST-2202,15,Premium,West,Individual,1,Low,0,0,2,Email,0,0,1,7.4,25.8,0,0.0,2.7,61.8,-20.7,5,24,0
CUST-2203,49,Standard,North,Individual,3,Low,1,0,3,Chat,0,0,0,23.0,40.7,0,0.0,3.1,129.7,-3.4,0,9,0
CUST-2204,68,Standard,West,Individual,3,Low,0,1,4,Call,1,0,1,22.2,22.6,0,3.9,3.1,61.4,-21.8,5,14,0
CUST-2205,12,Premium,South,Small Business,0,Low,2,1,0,Email,0,0,1,38.9,57.5,0,0.9,4.0,95.8,-9.3,0,115,0
CUST-2206,59,Basic,East,Small Business,3,Low,0,0,3,Email,0,0,0,21.0,24.7,0,0.0,2.5,110.4,-14.6,0,20,0
CUST-2207,37,Basic,East,Small Business,0,Medium,0,1,0,Email,0,0,1,12.3,20.4,0,1.1,4.3,92.9,-18.5,3,169,0
CUST-2208,61,Standard,East,Small Business,1,Low,0,0,1,Chat,4,0,0,7.4,11.2,0,0.0,4.6,123.9,-14.7,22,5,1
CUST-2209,43,Basic,East,Individual,2,Low,1,0,2,Call,0,0,1,69.6,71.5,1,0.0,2.3,114.7,-22.2,5,28,0
CUST-2210,70,Premium,North,Individual,0,Low,3,1,1,Email,0,0,1,8.2,21.3,0,1.0,2.6,70.0,-16.4,0,65,1
CUST-2211,39,Basic,North,Small Business,0,Low,0,1,0,Call,2,0,0,5.9,51.0,0,0.8,1.6,92.6,-19.5,7,144,0
CUST-2212,56,Standard,South,Individual,0,Medium,1,1,0,Email,0,0,1,31.5,38.4,0,6.7,3.4,106.1,-8.7,2,171,0
CUST-2213,63,Standard,South,Enterprise,1,High,1,0,1,Chat,1,0,1,13.8,30.8,0,0.0,3.6,134.2,-8.5,24,15,1
CUST-2214,46,Basic,South,Individual,0,Medium,1,0,0,Call,1,0,1,4.0,13.1,0,0.0,4.2,129.2,-8.6,4,162,0
CUST-2215,11,Standard,South,Individual,0,Medium,0,0,1,Email,0,0,1,8.9,11.9,0,0.0,3.2,100.1,-6.2,12,71,0
CUST-2216,62,Basic,West,Individual,1,Low,0,1,2,Chat,0,0,1,4.5,42.6,0,3.1,4.9,149.8,-5.2,0,29,0
CUST-2217,25,Standard,South,Small Business,0,Low,0,0,2,Chat,0,0,1,4.7,13.6,0,0.0,4.6,49.5,-5.3,2,89,0
CUST-2218,71,Basic,East,Enterprise,1,Medium,0,1,1,Chat,0,0,0,1.6,1.7,0,0.5,3.7,77.2,-24.3,1,14,1
CUST-2219,52,Premium,East,Individual,1,High,0,0,1,Email,0,1,1,20.7,29.9,0,0.0,3.2,95.4,-7.8,2,6,0
CUST-2220,4,Premium,East,Individual,0,High,0,0,0,Chat,0,2,0,9.3,9.4,0,0.0,2.6,110.2,-15.2,1,153,0
CUST-2221,59,Basic,West,Individual,2,Low,0,0,2,Ticket,0,0,1,1.2,24.9,0,0.0,2.4,117.7,-8.8,1,11,1
CUST-2222,20,Basic,South,Individual,0,Low,0,0,0,Chat,0,0,1,21.1,27.9,0,0.0,3.0,62.9,3.3,3,72,0
CUST-2223,63,Standard,East,Enterprise,2,Low,0,1,3,Ticket,0,0,0,7.0,21.3,0,1.6,3.5,96.1,4.6,7,1,0
CUST-2224,54,Basic,East,Individual,0,Low,3,1,0,Chat,0,0,0,3.5,25.4,0,2.1,4.1,115.4,-20.9,5,118,0
CUST-2225,57,Premium,East,Individual,3,Medium,0,1,4,Chat,0,0,1,64.5,65.0,1,0.7,1.3,69.6,3.0,2,3,0
CUST-2226,41,Standard,East,Individual,1,Low,1,0,2,Chat,0,0,0,1.6,12.5,0,0.0,3.9,96.6,6.1,4,26,0
CUST-2227,3,Basic,North,Individual,3,Low,0,1,3,Email,0,2,0,9.8,25.0,0,2.6,3.2,120.6,-13.9,11,25,1
CUST-2228,6,Premium,South,Small Business,0,Medium,0,1,0,Call,0,0,0,19.1,28.7,0,0.2,4.2,156.0,11.2,1,81,0
CUST-2229,5,Standard,South,Individual,0,Low,0,2,0,Email,0,0,1,100.5,105.9,1,29.2,3.7,83.3,8.7,3,137,0
CUST-2230,5,Premium,West,Individual,2,Low,4,0,2,Email,0,0,1,1.7,11.1,0,0.0,2.7,110.2,0.0,12,5,0
CUST-2231,54,Premium,North,Enterprise,1,Low,0,0,1,Email,0,1,0,53.6,61.1,1,0.0,4.9,111.9,-21.0,6,5,1
CUST-2232,47,Basic,West,Individual,2,Low,0,2,2,Call,0,0,0,42.6,56.7,0,1.6,2.1,70.4,-17.1,0,6,1
CUST-2233,49,Basic,East,Small Business,0,Low,0,1,0,Call,0,0,1,30.2,39.7,0,0.7,1.7,126.4,-21.1,7,31,1
CUST-2234,9,Premium,West,Individual,2,Medium,0,2,2,Chat,0,0,0,2.2,4.3,0,0.1,2.4,98.1,-17.2,8,5,0
CUST-2235,20,Premium,East,Individual,2,Medium,1,1,3,Call,1,0,0,6.9,8.2,0,1.4,4.3,113.7,-10.4,6,1,1
CUST-2236,61,Basic,East,Individual,0,Medium,1,1,1,Email,0,0,0,6.3,9.0,0,0.3,3.9,91.3,-20.9,4,134,0
CUST-2237,35,Premium,South,Individual,3,Medium,0,0,4,Ticket,1,0,1,15.3,16.3,0,0.0,2.0,93.0,-22.9,0,27,0
CUST-2238,50,Standard,South,Individual,2,Medium,1,1,2,Chat,0,0,0,2.6,6.9,0,0.5,3.8,87.1,-34.8,3,4,1
CUST-2239,62,Basic,South,Individual,1,Low,1,1,2,Ticket,0,0,1,33.9,35.0,0,2.9,3.7,72.6,17.8,0,10,0
CUST-2240,17,Premium,South,Individual,0,Medium,0,0,0,Ticket,0,1,0,22.9,36.8,0,0.0,3.9,39.7,23.0,3,68,0
CUST-2241,3,Basic,South,Individual,2,Low,1,0,2,Ticket,0,0,1,39.5,48.3,0,0.0,2.1,102.4,-3.8,2,13,0
CUST-2242,32,Premium,North,Small Business,1,Low,2,0,2,Call,0,0,1,5.0,9.5,0,0.0,4.2,83.4,-29.7,0,15,0
CUST-2243,13,Basic,South,Enterprise,2,Low,2,0,2,Email,0,0,0,19.4,19.6,0,0.0,2.4,74.7,-16.2,7,7,1
CUST-2244,68,Standard,West,Individual,2,Low,2,0,3,Chat,1,0,1,38.1,40.4,0,0.0,4.5,116.5,-2.4,5,4,1
CUST-2245,14,Basic,East,Individual,2,High,1,0,2,Chat,0,0,0,1.0,17.5,0,0.0,1.8,104.4,-20.0,1,19,0
CUST-2246,11,Standard,South,Small Business,2,Low,1,1,2,Chat,0,0,0,16.0,20.3,0,0.5,3.5,65.7,0.9,5,11,1
CUST-2247,56,Standard,North,Small Business,1,Low,0,1,1,Ticket,1,0,1,26.0,32.1,0,1.4,2.3,99.2,-28.5,3,28,0
CUST-2248,67,Basic,West,Individual,0,Medium,1,2,0,Email,0,0,0,9.3,10.5,0,2.0,2.4,87.1,-16.8,3,100,0
CUST-2249,29,Standard,West,Individual,1,Low,0,0,2,Chat,0,1,0,8.7,20.6,0,0.0,3.9,109.6,-18.9,2,9,0
CUST-2250,9,Standard,East,Individual,1,High,0,3,1,Email,0,1,1,0.7,25.1,0,19.5,2.6,134.6,-8.1,0,22,0
CUST-2251,67,Basic,West,Individual,1,High,0,0,1,Call,0,1,1,13.5,20.0,0,0.0,3.1,76.5,-2.9,21,22,0
CUST-2252,25,Premium,West,Enterprise,2,Low,0,0,2,Chat,1,0,0,18.1,20.0,0,0.0,2.1,89.2,-16.9,3,3,1
CUST-2253,42,Basic,West,Small Business,0,Low,0,0,0,Call,0,0,0,27.0,73.1,0,0.0,5.0,114.5,-10.9,0,43,1
CUST-2254,9,Standard,West,Small Business,1,Low,0,0,1,Chat,3,0,1,1.8,12.5,0,0.0,2.9,82.7,-12.5,0,6,1
CUST-2255,40,Standard,North,Individual,1,Low,0,0,1,Ticket,0,0,0,10.8,12.2,0,0.0,4.3,104.7,-1.4,7,11,1
CUST-2256,25,Standard,East,Individual,1,Low,0,0,1,Chat,0,0,1,6.0,16.3,0,0.0,2.8,88.1,-33.2,2,22,0
CUST-2257,5,Basic,South,Small Business,0,Low,0,1,1,Chat,0,0,1,4.6,5.3,0,1.0,2.2,127.9,-7.4,2,88,0
CUST-2258,11,Standard,West,Individual,1,Medium,0,0,1,Email,0,1,1,5.6,6.5,0,0.0,3.4,113.9,-2.0,4,21,1
CUST-2259,59,Standard,North,Individual,0,Low,0,0,0,Ticket,0,0,1,8.9,14.7,0,0.0,4.6,87.5,-15.1,0,110,1
CUST-2260,38,Standard,East,Individual,1,Low,0,2,1,Ticket,0,0,1,26.4,43.4,0,6.9,3.3,95.4,-24.1,3,25,1
CUST-2261,5,Premium,South,Individual,0,Low,1,0,1,Call,0,0,0,11.4,29.8,0,0.0,3.5,61.8,-45.4,5,107,1
CUST-2262,48,Standard,East,Individual,0,Medium,0,0,0,Chat,0,1,1,1.3,36.1,0,0.0,4.0,96.4,43.0,2,39,0
CUST-2263,18,Basic,North,Individual,2,Low,0,0,2,Chat,0,0,0,8.5,10.2,0,0.0,3.9,73.2,-18.7,0,12,1
CUST-2264,70,Basic,North,Small Business,1,Low,0,0,1,Email,1,0,0,2.3,11.7,0,0.0,3.7,106.6,-22.3,9,29,1
CUST-2265,37,Basic,North,Small Business,1,Low,1,0,1,Chat,0,0,1,4.8,14.5,0,0.0,2.6,114.4,16.2,2,18,0
CUST-2266,60,Basic,West,Individual,3,Low,0,0,3,Email,0,1,1,2.8,12.0,0,0.0,2.2,99.0,-12.0,28,28,0
CUST-2267,48,Basic,North,Small Business,4,Low,0,1,5,Ticket,0,0,0,71.5,99.1,1,0.1,3.2,109.6,-16.2,3,25,1
CUST-2268,28,Basic,South,Individual,1,High,1,0,1,Chat,0,0,0,42.4,67.4,0,0.0,2.6,108.1,-12.8,0,12,0
CUST-2269,69,Basic,West,Individual,0,Medium,0,0,1,Call,0,0,1,19.6,30.2,0,0.0,3.5,125.1,1.6,0,76,0
CUST-2270,40,Basic,East,Small Business,1,Medium,1,1,2,Email,0,0,0,5.8,28.4,0,1.1,4.4,31.8,-43.4,1,12,1
CUST-2271,45,Basic,South,Individual,2,High,1,0,4,Ticket,0,1,1,3.8,4.7,0,0.0,3.4,121.6,15.7,11,25,1
CUST-2272,62,Basic,West,Individual,0,Medium,0,1,2,Email,0,1,1,36.9,48.3,0,0.8,3.7,146.7,6.2,3,95,0
CUST-2273,58,Basic,North,Small Business,2,Medium,0,0,3,Chat,0,0,1,1.5,3.0,0,0.0,1.9,117.0,-10.7,8,21,1
CUST-2274,67,Standard,East,Enterprise,2,Low,0,0,2,Ticket,1,2,1,23.6,53.9,0,0.0,1.6,69.3,-15.3,5,27,0
CUST-2275,56,Standard,North,Individual,3,Medium,0,1,5,Ticket,1,0,1,7.0,17.5,0,0.7,3.3,132.1,-18.4,9,22,0
CUST-2276,40,Basic,South,Individual,1,Low,1,1,1,Call,0,1,1,13.5,13.7,0,1.6,3.6,91.2,11.0,3,17,0
CUST-2277,40,Standard,South,Individual,2,Low,1,0,2,Ticket,1,0,1,26.1,38.1,0,0.0,1.9,91.6,-2.8,8,1,0
CUST-2278,33,Basic,West,Individual,1,Low,2,0,1,Chat,0,0,0,0.7,20.8,0,0.0,4.5,113.9,-6.3,14,1,1
CUST-2279,6,Basic,South,Individual,1,Medium,0,0,1,Email,0,0,0,3.9,6.0,0,0.0,2.3,108.5,-11.2,0,21,0
CUST-2280,19,Basic,East,Individual,1,Low,1,0,1,Ticket,0,0,0,20.8,25.8,0,0.0,2.8,128.4,-7.9,29,27,0
CUST-2281,40,Standard,West,Small Business,0,Medium,1,0,1,Chat,0,0,1,50.4,59.4,1,0.0,3.3,55.2,-27.5,6,45,1
CUST-2282,59,Standard,East,Individual,2,Medium,0,0,2,Call,0,0,0,6.0,14.0,0,0.0,4.7,90.0,82.0,4,19,1
CUST-2283,59,Basic,North,Individual,0,Low,1,0,0,Email,0,0,1,3.2,13.7,0,0.0,4.3,65.6,-18.7,24,128,1
CUST-2284,48,Basic,East,Individual,0,Low,0,0,1,Call,1,0,1,51.8,52.0,1,0.0,4.0,33.6,-26.4,0,43,1
CUST-2285,41,Premium,East,Individual,1,Low,0,1,1,Call,0,0,1,40.1,60.2,0,3.3,2.8,79.8,-13.5,5,26,0
CUST-2286,13,Basic,South,Enterprise,1,Low,0,0,1,Ticket,0,0,0,48.1,53.8,1,0.0,2.8,109.6,-11.4,1,6,0
CUST-2287,45,Basic,North,Individual,1,Medium,0,0,2,Email,0,0,1,2.7,20.8,0,0.0,2.5,137.1,-22.7,3,28,1
CUST-2288,53,Premium,South,Small Business,0,Medium,0,0,1,Ticket,0,0,1,51.4,80.4,1,0.0,5.0,145.1,6.0,0,37,1
CUST-2289,42,Premium,North,Small Business,1,Low,1,2,1,Call,0,0,1,17.4,34.8,0,5.6,2.5,99.4,-17.5,2,24,0
CUST-2290,63,Standard,North,Small Business,2,Medium,0,5,3,Chat,1,1,0,22.0,38.7,0,26.4,2.0,82.3,9.7,10,12,1
CUST-2291,27,Standard,East,Individual,0,High,0,0,0,Email,0,0,0,12.1,25.1,0,0.0,3.5,109.4,-8.3,7,113,1
CUST-2292,38,Basic,South,Enterprise,0,Low,0,1,0,Call,0,0,0,8.8,8.8,0,0.6,5.0,143.0,-10.0,2,177,1
CUST-2293,60,Basic,East,Individual,1,Medium,0,0,2,Ticket,0,0,1,2.4,37.5,0,0.0,3.6,102.6,0.4,0,25,0
CUST-2294,7,Standard,East,Individual,2,Low,0,0,4,Call,1,1,1,5.1,32.0,0,0.0,2.8,141.5,-1.7,0,10,1
CUST-2295,5,Basic,East,Individual,0,Medium,1,1,0,Ticket,0,0,0,17.7,21.0,0,1.1,2.8,126.9,12.2,15,177,0
CUST-2296,45,Standard,North,Individual,2,Low,1,0,3,Chat,0,0,1,7.6,10.6,0,0.0,4.0,122.2,11.6,2,29,1
CUST-2297,58,Premium,South,Individual,1,Medium,1,2,1,Chat,0,0,0,2.5,3.1,0,1.3,4.8,103.8,3.1,6,9,0
CUST-2298,31,Premium,South,Individual,1,Low,0,0,1,Ticket,0,1,0,24.7,31.9,0,0.0,2.4,183.5,-8.7,11,1,1
CUST-2299,23,Basic,East,Individual,1,High,1,0,1,Chat,0,0,1,15.0,78.2,0,0.0,2.9,118.9,-5.0,6,10,0
CUST-2300,42,Standard,North,Small Business,0,Low,0,0,1,Chat,0,0,1,0.8,2.4,0,0.0,3.1,108.4,-10.6,3,117,1
CUST-2301,10,Standard,South,Individual,1,Low,2,0,1,Ticket,0,0,1,22.3,34.8,0,0.0,2.9,127.7,-5.6,2,4,0
CUST-2302,32,Premium,West,Individual,0,Low,0,2,2,Ticket,0,1,0,39.5,44.2,0,1.8,3.8,52.2,-29.6,10,47,0
CUST-2303,53,Basic,South,Enterprise,1,Medium,0,0,4,Ticket,0,0,1,29.9,59.6,0,0.0,2.6,87.9,-10.5,1,9,1
CUST-2304,30,Basic,East,Individual,0,Medium,0,1,0,Call,0,0,0,51.7,62.3,1,1.3,3.6,80.6,10.0,1,90,0
CUST-2305,39,Basic,West,Small Business,1,High,0,0,1,Call,0,0,1,8.2,37.1,0,0.0,2.8,78.3,-11.3,7,16,0
CUST-2306,31,Basic,North,Enterprise,2,Medium,0,1,4,Call,1,0,0,1.8,41.6,0,0.6,2.8,114.6,-6.5,4,7,1
CUST-2307,2,Basic,West,Individual,1,Medium,0,1,1,Ticket,0,0,1,25.0,40.1,0,2.3,3.6,164.4,8.1,2,19,0
CUST-2308,12,Standard,West,Individual,3,Low,0,1,3,Email,0,0,0,46.4,51.4,0,2.2,3.5,82.7,-20.1,2,18,1
CUST-2309,39,Standard,East,Small Business,1,Low,0,0,1,Ticket,0,0,0,7.7,16.6,0,0.0,3.7,87.0,-18.8,4,27,0
CUST-2310,66,Basic,South,Enterprise,0,High,0,1,2,Call,1,0,1,6.2,21.1,0,0.7,4.0,91.0,-19.2,2,51,1
CUST-2311,13,Standard,North,Small Business,1,High,0,0,1,Email,0,0,1,25.1,40.9,0,0.0,5.0,103.9,-11.3,1,9,1
CUST-2312,46,Basic,West,Individual,3,Low,0,2,4,Call,0,0,0,26.1,27.1,0,7.6,3.2,78.7,-7.8,11,22,1
CUST-2313,27,Premium,East,Enterprise,1,Medium,0,0,2,Chat,0,0,1,35.4,41.9,0,0.0,4.9,70.7,-13.4,3,4,0
CUST-2314,17,Premium,South,Individual,0,Medium,2,1,0,Call,0,0,1,27.4,38.8,0,1.0,4.1,108.8,-14.0,1,171,0
CUST-2315,60,Premium,West,Individual,2,Medium,0,1,3,Email,0,0,0,10.2,16.4,0,0.6,2.6,61.9,-14.3,0,10,1
CUST-2316,64,Premium,East,Individual,1,Medium,1,0,2,Chat,1,0,0,11.0,23.9,0,0.0,4.7,79.6,-27.1,1,6,1
CUST-2317,35,Basic,East,Individual,1,Low,0,0,1,Call,0,0,1,32.7,35.6,0,0.0,4.6,147.8,-15.0,21,20,1
CUST-2318,70,Basic,East,Small Business,0,High,0,0,1,Ticket,0,0,1,6.2,6.7,0,0.0,4.1,89.7,-5.7,12,155,0
CUST-2319,30,Standard,North,Small Business,0,Low,0,0,1,Email,1,1,1,2.3,8.6,0,0.0,4.3,65.3,4.0,0,83,0
CUST-2320,71,Premium,South,Small Business,2,Low,0,0,4,Ticket,0,1,1,4.9,17.5,0,0.0,3.0,131.1,-9.5,0,9,0
CUST-2321,63,Basic,West,Individual,1,Low,1,0,1,Ticket,0,1,1,14.1,14.2,0,0.0,4.3,97.2,-22.2,2,8,0
CUST-2322,28,Basic,South,Individual,2,Medium,1,0,2,Call,0,0,0,16.9,31.1,0,0.0,3.5,79.4,-20.2,3,1,0
CUST-2323,60,Premium,South,Small Business,1,Medium,0,0,3,Chat,0,0,0,1.5,8.0,0,0.0,3.5,101.5,-6.9,1,3,1
CUST-2324,37,Basic,West,Individual,2,Medium,0,0,3,Email,0,0,0,7.2,81.9,0,0.0,1.6,37.2,21.8,5,29,1
CUST-2325,22,Standard,South,Enterprise,1,Medium,1,0,1,Chat,1,1,0,27.7,50.6,0,0.0,5.0,111.2,29.4,2,15,1
CUST-2326,68,Standard,North,Small Business,1,Medium,0,0,1,Email,0,0,0,39.7,44.8,0,0.0,5.0,71.9,-0.8,3,3,1
CUST-2327,20,Basic,West,Small Business,1,Low,0,0,1,Chat,0,0,0,2.8,56.1,0,0.0,3.3,118.0,-11.3,1,26,0
CUST-2328,68,Basic,West,Individual,0,High,0,0,0,Email,1,0,0,14.6,19.5,0,0.0,3.3,181.7,-2.5,0,62,1
CUST-2329,64,Standard,East,Small Business,2,Low,0,0,2,Email,0,0,1,3.2,5.0,0,0.0,3.1,171.6,8.5,5,19,1
CUST-2330,17,Standard,South,Enterprise,1,Medium,0,2,2,Call,0,0,1,25.6,26.0,0,4.3,3.5,129.6,-6.9,6,12,0
CUST-2331,12,Premium,West,Individual,1,Low,0,1,1,Chat,0,0,1,3.4,26.4,0,4.3,4.4,154.5,-19.5,3,3,0
CUST-2332,22,Basic,West,Small Business,1,Low,0,0,2,Call,0,0,0,2.0,7.8,0,0.0,1.3,111.4,1.2,9,16,0
CUST-2333,17,Basic,North,Individual,4,Low,1,1,4,Chat,1,0,1,11.6,74.0,0,3.4,2.9,78.0,6.4,1,28,1
CUST-2334,10,Standard,East,Individual,0,High,0,0,1,Ticket,0,0,0,2.0,16.4,0,0.0,2.2,59.5,-26.4,6,178,0
CUST-2335,65,Standard,West,Small Business,0,Low,0,4,1,Chat,1,1,1,33.9,36.6,0,4.6,2.4,95.2,-16.8,4,170,0
CUST-2336,22,Basic,North,Small Business,1,Low,0,0,2,Call,0,1,1,35.1,41.2,0,0.0,4.0,49.7,25.4,2,19,1
CUST-2337,50,Standard,West,Small Business,1,Medium,1,0,1,Email,1,0,0,14.3,25.1,0,0.0,3.5,61.6,-8.6,1,5,1
CUST-2338,14,Basic,West,Individual,2,Low,0,0,3,Chat,0,0,1,17.0,36.2,0,0.0,3.7,128.3,16.6,5,26,0
CUST-2339,64,Basic,West,Individual,0,Medium,0,0,0,Email,0,1,0,2.8,16.3,0,0.0,2.6,95.9,-24.5,0,31,1
CUST-2340,47,Basic,North,Small Business,1,High,0,1,2,Chat,0,0,1,6.5,11.0,0,4.9,1.9,76.1,-25.6,6,4,0
CUST-2341,29,Basic,South,Individual,2,Medium,0,0,2,Call,0,0,1,2.6,12.3,0,0.0,3.6,100.7,-14.4,1,13,1
CUST-2342,36,Standard,West,Individual,1,Low,0,0,2,Ticket,1,0,0,4.8,8.5,0,0.0,1.9,70.1,-25.4,0,26,1
CUST-2343,52,Standard,West,Individual,0,Low,0,0,0,Ticket,0,0,0,10.0,16.5,0,0.0,2.0,133.3,-7.6,1,82,1
CUST-2344,7,Standard,South,Individual,0,Low,1,1,0,Ticket,0,0,0,22.9,27.9,0,2.1,3.7,83.5,-5.6,9,103,1
CUST-2345,29,Premium,West,Small Business,0,Low,0,1,0,Email,0,1,1,26.0,60.4,0,3.3,2.2,85.5,39.4,0,70,0
CUST-2346,11,Basic,East,Small Business,1,Low,0,0,1,Call,0,0,0,11.8,35.0,0,0.0,3.0,98.6,-26.3,0,26,1
CUST-2347,33,Basic,West,Individual,2,High,1,0,3,Chat,0,1,1,6.9,18.3,0,0.0,2.6,88.7,-17.0,3,7,1
CUST-2348,6,Basic,East,Individual,1,Medium,1,0,3,Call,0,0,1,33.2,36.0,0,0.0,3.7,144.7,-17.4,0,18,1
CUST-2349,32,Basic,South,Individual,4,Low,0,1,4,Chat,0,0,0,11.5,25.0,0,2.5,2.9,150.4,-7.3,5,11,0
CUST-2350,51,Standard,North,Individual,0,Low,2,1,0,Ticket,0,0,1,16.4,23.0,0,1.3,5.0,103.0,5.4,4,149,0
CUST-2351,58,Standard,South,Individual,2,Medium,0,1,3,Email,1,0,1,6.2,6.8,0,0.5,1.9,157.1,-16.0,1,23,0
CUST-2352,26,Standard,West,Individual,2,Low,0,0,2,Ticket,0,1,1,1.4,18.9,0,0.0,1.1,117.1,10.3,2,2,1
CUST-2353,46,Basic,East,Small Business,0,High,0,0,2,Email,0,0,0,3.6,8.0,0,0.0,1.5,101.3,-20.4,7,43,1
CUST-2354,29,Basic,North,Small Business,0,Low,2,1,0,Call,0,0,1,25.0,29.0,0,3.5,4.2,131.1,-15.4,1,137,0
CUST-2355,4,Standard,West,Individual,3,High,0,0,3,Call,0,0,0,6.5,22.8,0,0.0,3.5,105.4,-21.9,4,16,0
CUST-2356,13,Basic,North,Small Business,0,Medium,1,0,1,Email,0,0,1,2.7,33.5,0,0.0,4.3,102.8,-15.1,2,166,1
CUST-2357,39,Standard,North,Enterprise,0,High,0,1,1,Call,1,0,0,20.5,25.5,0,2.2,5.0,96.8,3.6,2,35,1
CUST-2358,15,Premium,West,Individual,2,Low,1,0,2,Ticket,0,0,0,13.0,35.5,0,0.0,2.1,80.8,15.2,1,11,1
CUST-2359,29,Basic,South,Individual,1,Low,0,1,1,Call,1,0,1,0.5,33.0,0,0.8,3.0,80.5,-25.6,3,11,1
CUST-2360,29,Standard,West,Individual,0,Medium,1,0,0,Email,0,1,0,93.8,97.4,1,0.0,2.6,52.1,-12.4,1,73,1
CUST-2361,32,Standard,West,Individual,1,High,0,0,1,Chat,1,0,1,9.6,47.0,0,0.0,1.0,54.6,-19.2,5,8,0
CUST-2362,2,Basic,South,Small Business,1,Medium,0,0,1,Call,1,0,0,21.3,26.3,0,0.0,3.8,74.8,-13.9,0,1,1
CUST-2363,47,Standard,East,Small Business,3,Medium,0,1,4,Call,0,0,1,82.2,85.9,1,3.3,3.5,41.9,-31.0,9,29,0
CUST-2364,22,Basic,West,Individual,0,Low,0,0,0,Ticket,0,0,0,20.1,26.8,0,0.0,3.1,87.2,36.1,7,101,0
CUST-2365,27,Basic,North,Small Business,1,Low,2,0,1,Email,0,0,0,7.5,11.4,0,0.0,2.9,68.0,-17.7,2,26,1
CUST-2366,67,Standard,West,Small Business,2,Low,1,1,2,Ticket,0,0,0,13.4,26.1,0,0.3,3.0,112.0,0.2,0,7,0
CUST-2367,56,Premium,West,Individual,3,Medium,0,0,5,Chat,0,1,1,2.2,11.8,0,0.0,3.2,118.2,-4.4,2,13,1
CUST-2368,21,Basic,North,Individual,1,Low,0,0,1,Chat,0,0,0,3.7,20.3,0,0.0,3.2,77.9,-1.7,5,21,0
CUST-2369,47,Basic,South,Small Business,0,Low,2,2,0,Call,0,0,1,7.5,26.8,0,5.6,3.3,147.0,1.3,2,121,0
CUST-2370,59,Premium,East,Enterprise,2,Medium,0,1,2,Call,1,0,1,1.8,3.1,0,0.6,4.3,84.0,38.4,0,5,0
CUST-2371,6,Premium,East,Small Business,0,High,1,1,0,Chat,0,0,1,2.4,4.9,0,1.7,4.0,125.6,-0.9,0,141,1
CUST-2372,19,Standard,North,Enterprise,0,Medium,1,0,0,Call,0,0,1,36.6,60.0,0,0.0,4.9,81.7,-16.6,5,95,0
CUST-2373,57,Basic,South,Individual,0,Medium,0,0,0,Chat,0,1,1,5.7,6.8,0,0.0,4.5,114.9,-16.4,9,178,1
CUST-2374,69,Premium,West,Individual,0,High,0,0,0,Ticket,0,0,1,7.8,23.9,0,0.0,2.6,104.2,-11.5,8,72,1
CUST-2375,3,Basic,West,Individual,1,Low,0,0,1,Ticket,1,0,1,3.8,20.2,0,0.0,5.0,87.2,19.3,6,15,1
CUST-2376,1,Standard,West,Individual,0,Low,1,0,0,Ticket,1,1,0,10.4,30.4,0,0.0,3.2,135.2,-10.0,7,71,1
CUST-2377,58,Basic,West,Small Business,0,Medium,0,0,1,Ticket,1,0,0,23.9,27.6,0,0.0,3.9,94.3,-18.9,19,53,0
CUST-2378,38,Standard,West,Enterprise,1,Low,0,2,1,Call,1,0,1,58.1,60.6,1,5.3,4.0,94.6,7.2,0,3,0
CUST-2379,15,Basic,North,Small Business,0,Low,0,1,1,Call,0,0,1,15.5,24.4,0,0.6,3.1,123.9,18.1,3,83,0
CUST-2380,34,Standard,West,Individual,2,Low,0,0,2,Email,0,0,1,7.1,7.8,0,0.0,3.2,55.8,-20.7,1,22,0
CUST-2381,61,Basic,West,Individual,2,Medium,0,0,2,Chat,0,0,1,14.3,41.9,0,0.0,4.2,123.4,-13.1,1,27,1
CUST-2382,35,Basic,South,Individual,1,Low,0,0,3,Chat,0,0,1,2.7,23.3,0,0.0,4.1,119.0,-25.3,2,4,1
CUST-2383,64,Standard,West,Individual,1,Low,1,0,1,Call,0,1,0,22.6,55.0,0,0.0,2.7,87.3,-11.8,2,26,1
CUST-2384,25,Premium,East,Small Business,0,Low,0,1,0,Email,0,1,0,8.0,9.0,0,6.7,2.8,94.7,-17.3,5,67,0
CUST-2385,24,Premium,North,Individual,3,Low,1,0,3,Ticket,1,0,0,58.0,96.0,1,0.0,2.7,65.8,-36.1,2,5,1
CUST-2386,12,Basic,North,Enterprise,1,High,0,1,1,Chat,0,0,0,21.5,42.7,0,3.2,3.9,167.7,7.7,1,20,0
CUST-2387,18,Standard,North,Small Business,0,High,0,0,0,Ticket,1,0,1,12.9,14.7,0,0.0,4.2,63.2,-31.5,0,40,0
CUST-2388,15,Standard,East,Individual,2,Medium,0,1,5,Call,0,0,1,5.2,6.9,0,0.9,3.8,69.7,16.5,1,3,1
CUST-2389,27,Basic,West,Individual,0,High,0,0,1,Call,0,0,0,1.9,36.5,0,0.0,4.1,159.0,5.7,3,168,0
CUST-2390,60,Basic,North,Small Business,1,Low,2,0,2,Email,1,0,1,4.2,13.6,0,0.0,1.6,161.9,0.3,4,5,1
CUST-2391,46,Standard,East,Individual,0,Medium,0,3,0,Ticket,0,1,1,16.9,118.4,0,0.4,3.1,70.3,71.2,5,167,0
CUST-2392,17,Premium,South,Small Business,1,Low,0,0,1,Chat,0,0,0,14.7,29.8,0,0.0,2.8,128.7,-9.8,1,15,0
CUST-2393,53,Standard,West,Individual,2,Medium,0,1,2,Chat,2,0,0,0.2,17.7,0,1.0,4.8,119.8,7.2,2,2,0
CUST-2394,8,Standard,East,Individual,2,Low,0,0,2,Call,1,1,1,27.3,36.7,0,0.0,4.9,84.9,-28.6,2,9,1
CUST-2395,27,Standard,West,Individual,3,Medium,0,0,3,Call,0,0,1,0.8,9.4,0,0.0,2.5,88.9,-23.4,0,7,0
CUST-2396,46,Basic,South,Individual,1,Low,1,0,1,Ticket,0,0,0,1.6,25.9,0,0.0,4.8,97.5,-14.1,10,16,1
CUST-2397,50,Standard,East,Small Business,0,Low,0,0,0,Email,0,0,0,24.9,33.8,0,0.0,3.6,141.1,-9.5,5,145,1
CUST-2398,71,Standard,West,Individual,0,Medium,0,0,0,Ticket,0,0,1,20.8,31.1,0,0.0,4.0,141.9,-17.8,5,128,1
CUST-2399,3,Basic,East,Small Business,2,Medium,0,2,2,Ticket,0,0,1,4.9,12.3,0,6.2,3.3,80.4,-4.4,4,25,0
CUST-2400,64,Premium,North,Small Business,0,Medium,1,0,0,Chat,0,0,1,21.7,25.0,0,0.0,5.0,106.5,-2.3,3,109,1
CUST-2401,44,Basic,West,Small Business,2,Medium,0,0,2,Chat,1,0,1,0.4,28.7,0,0.0,3.7,86.5,25.6,1,21,0
CUST-2402,53,Premium,East,Individual,2,Low,3,1,4,Email,0,0,0,6.5,10.3,0,3.0,2.8,22.1,-36.4,2,12,0
CUST-2403,24,Basic,North,Small Business,3,Medium,0,0,3,Chat,0,1,0,28.5,33.9,0,0.0,5.0,122.6,-21.6,0,19,1
CUST-2404,60,Basic,South,Individual,0,Low,0,0,2,Email,0,0,0,12.9,26.4,0,0.0,3.7,93.4,13.5,8,151,1
CUST-2405,3,Basic,West,Individual,0,Medium,0,0,0,Chat,1,0,1,38.7,44.6,0,0.0,4.2,74.2,-29.6,1,105,0
CUST-2406,20,Standard,West,Small Business,2,Medium,1,0,2,Email,1,0,0,3.1,9.6,0,0.0,2.8,98.9,-4.8,1,27,1
CUST-2407,46,Basic,South,Individual,4,High,1,0,5,Email,2,0,1,39.7,39.8,0,0.0,1.9,72.9,-24.7,0,17,1
CUST-2408,15,Standard,North,Small Business,1,Low,0,0,1,Call,1,0,1,13.3,37.5,0,0.0,3.5,151.6,24.1,2,4,0
CUST-2409,25,Standard,South,Individual,1,Low,0,1,1,Ticket,0,0,0,2.1,12.4,0,0.4,3.6,134.0,5.9,6,18,1
CUST-2410,71,Standard,West,Small Business,1,Low,0,0,1,Ticket,1,1,1,1.0,4.2,0,0.0,3.8,123.0,-13.2,0,18,0
CUST-2411,17,Basic,East,Individual,0,Low,0,0,2,Ticket,0,0,1,0.0,18.7,0,0.0,1.0,77.1,-18.7,3,75,1
CUST-2412,9,Standard,North,Small Business,0,Low,1,1,0,Chat,0,0,0,20.3,36.3,0,1.5,3.4,94.1,-7.2,13,111,0
CUST-2413,38,Basic,North,Enterprise,2,Medium,0,1,2,Call,0,0,1,5.0,12.1,0,0.0,3.1,67.5,-17.1,2,16,1
CUST-2414,48,Standard,North,Individual,3,Low,1,0,4,Email,1,0,1,3.2,16.1,0,0.0,3.1,99.4,-5.8,7,20,1
CUST-2415,60,Basic,South,Individual,0,Medium,0,0,0,Email,0,0,1,18.4,34.9,0,0.0,4.5,83.1,-17.4,8,54,1
CUST-2416,63,Premium,South,Small Business,2,Low,0,0,2,Email,0,0,1,10.5,11.5,0,0.0,1.0,100.3,-23.7,5,4,1
CUST-2417,2,Standard,East,Individual,2,Low,0,0,3,Chat,1,0,1,11.9,20.0,0,0.0,3.0,127.3,-5.1,2,2,1
CUST-2418,11,Standard,East,Individual,1,Medium,0,0,2,Ticket,0,1,0,2.9,14.0,0,0.0,3.8,107.4,-9.4,7,13,1
CUST-2419,64,Standard,North,Individual,0,High,3,0,0,Call,0,0,0,5.8,25.1,0,0.0,5.0,89.3,-12.2,14,168,0
CUST-2420,21,Basic,East,Small Business,0,Low,1,1,2,Email,1,0,0,2.1,9.3,0,2.3,4.0,73.4,17.7,1,95,1
CUST-2421,18,Basic,South,Small Business,2,Low,0,0,3,Chat,0,0,1,8.2,11.0,0,0.0,4.4,18.9,-15.8,3,9,1
CUST-2422,64,Premium,East,Small Business,0,Low,2,0,1,Email,1,1,0,7.4,8.8,0,0.0,2.4,134.1,11.5,4,57,1
CUST-2423,38,Premium,South,Small Business,0,High,0,1,1,Email,1,0,1,30.1,54.9,0,2.9,3.9,111.7,-11.2,4,160,0
CUST-2424,32,Basic,East,Small Business,4,Medium,0,0,4,Email,1,0,0,86.5,96.2,1,0.0,3.1,144.7,1.2,2,13,1
CUST-2425,11,Standard,West,Individual,0,High,0,0,0,Email,0,0,1,142.2,146.1,1,0.0,3.0,84.0,-17.8,3,113,0
CUST-2426,45,Standard,South,Individual,1,Low,0,0,2,Call,0,0,0,9.8,34.3,0,0.0,4.3,28.8,-55.4,0,27,0
CUST-2427,33,Standard,West,Individual,0,High,0,3,2,Email,0,0,1,31.5,56.6,0,6.1,2.6,117.0,-18.4,0,148,0
CUST-2428,41,Basic,South,Enterprise,0,Medium,0,0,1,Email,0,0,0,6.5,22.3,0,0.0,2.3,67.2,-14.6,13,142,1
CUST-2429,8,Basic,East,Small Business,2,High,0,0,3,Call,0,0,1,3.1,5.0,0,0.0,3.7,144.7,-10.3,4,16,0
CUST-2430,11,Basic,West,Individual,1,Low,0,0,1,Call,1,0,0,20.4,25.9,0,0.0,5.0,66.6,67.1,1,16,0
CUST-2431,51,Premium,East,Small Business,2,Medium,0,2,2,Email,1,0,1,13.0,45.1,0,1.1,4.1,97.3,-4.8,1,6,1
CUST-2432,41,Standard,South,Individual,2,Medium,1,0,4,Call,0,0,0,18.0,20.0,0,0.0,3.2,114.8,-11.3,6,26,0
CUST-2433,17,Standard,West,Small Business,0,Medium,0,0,0,Ticket,0,0,0,9.1,27.2,0,0.0,3.5,110.7,-1.5,5,150,0
CUST-2434,46,Premium,North,Individual,1,Low,0,1,1,Call,1,0,0,7.2,11.6,0,1.2,3.1,97.5,2.3,5,6,1
CUST-2435,32,Standard,East,Individual,2,Medium,0,2,2,Ticket,0,0,1,52.6,53.1,1,0.2,3.5,92.9,7.4,1,26,1
CUST-2436,54,Premium,South,Small Business,0,High,0,0,0,Call,0,0,1,43.0,60.5,0,0.0,2.2,132.6,-3.7,8,134,1
CUST-2437,20,Standard,West,Small Business,1,Medium,0,1,2,Call,0,1,0,2.6,7.3,0,0.9,2.7,92.3,-12.5,0,25,1
CUST-2438,33,Basic,East,Individual,5,Medium,1,0,6,Email,0,0,0,21.1,41.5,0,0.0,3.6,107.0,-11.1,2,27,1
CUST-2439,40,Premium,West,Individual,4,Medium,1,0,5,Chat,0,1,0,8.9,15.7,0,0.0,3.3,142.4,-4.2,7,9,0
CUST-2440,32,Standard,East,Small Business,1,Medium,0,0,1,Chat,0,0,0,16.8,20.5,0,0.0,3.5,106.6,-1.1,1,8,1
CUST-2441,2,Basic,East,Small Business,1,Low,0,0,1,Email,1,0,0,4.6,40.8,0,0.0,4.0,61.1,-20.2,1,20,1
CUST-2442,33,Basic,East,Small Business,2,Low,1,0,2,Chat,0,0,0,25.7,32.3,0,0.0,3.4,126.9,14.8,0,15,0
CUST-2443,30,Basic,West,Individual,1,Medium,0,3,3,Ticket,1,0,1,7.4,44.3,0,2.0,5.0,96.1,0.8,3,29,1
CUST-2444,33,Standard,West,Enterprise,3,Low,0,0,3,Ticket,0,0,0,23.3,72.1,0,0.0,1.7,125.2,-5.1,12,17,1
CUST-2445,26,Premium,East,Small Business,0,Medium,1,0,0,Call,0,1,1,3.1,10.9,0,0.0,3.2,80.2,11.4,3,40,0
CUST-2446,22,Premium,North,Small Business,1,Medium,0,0,2,Chat,0,0,1,2.9,21.9,0,0.0,3.7,85.5,-14.7,13,16,0
CUST-2447,66,Premium,North,Small Business,0,Medium,1,1,0,Email,0,1,0,8.5,16.1,0,2.6,4.7,102.0,-13.0,1,59,0
CUST-2448,38,Basic,North,Individual,0,High,0,1,1,Ticket,2,0,0,117.5,133.5,1,0.7,5.0,83.2,-27.4,2,136,1
CUST-2449,46,Basic,South,Individual,1,Low,2,0,2,Chat,0,0,1,39.5,61.6,0,0.0,5.0,88.6,-31.5,23,28,1
CUST-2450,15,Basic,North,Small Business,3,Low,0,1,4,Email,0,0,1,19.4,34.7,0,0.8,2.1,143.5,-6.8,8,19,1
CUST-2451,44,Premium,West,Individual,1,Low,0,1,1,Chat,0,1,1,7.4,12.5,0,0.6,2.4,95.3,-9.6,4,18,0
CUST-2452,49,Basic,North,Small Business,0,High,1,2,0,Call,0,0,1,3.6,9.1,0,0.3,3.6,47.8,-4.8,0,162,0
CUST-2453,61,Standard,West,Individual,0,High,1,0,1,Call,0,0,1,27.2,56.9,0,0.0,5.0,126.2,-12.8,0,99,1
CUST-2454,67,Standard,South,Individual,1,Low,0,1,2,Call,0,0,0,4.6,17.0,0,1.5,3.5,122.9,-22.1,2,3,0
CUST-2455,6,Standard,West,Individual,2,Low,0,0,3,Ticket,0,0,1,10.6,45.4,0,0.0,2.9,143.3,-4.4,8,29,1
CUST-2456,9,Basic,West,Small Business,1,Low,0,1,1,Chat,0,0,0,15.1,23.2,0,1.3,4.0,91.0,2.9,6,18,0
CUST-2457,6,Premium,West,Individual,1,Medium,0,1,1,Ticket,0,0,1,1.9,6.5,0,0.5,3.1,80.1,-17.5,9,22,0
CUST-2458,32,Premium,North,Small Business,2,Medium,1,1,2,Ticket,0,0,1,30.2,44.3,0,0.2,3.4,121.4,-14.4,2,13,1
CUST-2459,41,Basic,East,Individual,2,Medium,0,1,2,Chat,0,0,1,56.7,89.8,1,1.4,3.2,103.9,-17.5,4,3,0
CUST-2460,8,Standard,West,Small Business,3,Medium,1,0,4,Chat,0,1,1,3.2,13.6,0,0.0,3.0,136.9,-15.4,1,19,0
CUST-2461,50,Premium,North,Individual,3,Medium,0,0,3,Call,0,0,0,40.4,45.3,0,0.0,2.4,129.8,-5.3,3,13,0
CUST-2462,62,Basic,North,Individual,0,Low,0,1,2,Chat,0,0,0,13.3,17.0,0,1.4,3.7,107.3,-6.1,4,137,1
CUST-2463,62,Standard,North,Small Business,2,Low,1,1,2,Ticket,2,1,1,2.9,11.9,0,5.4,3.1,68.1,-47.9,3,27,1
CUST-2464,7,Basic,East,Individual,1,Medium,1,3,1,Chat,1,2,0,18.7,47.6,0,6.1,2.7,124.2,16.0,1,11,1
CUST-2465,4,Standard,East,Individual,3,Medium,0,0,3,Ticket,0,0,1,53.3,58.3,1,0.0,2.0,120.2,-18.9,2,29,0
CUST-2466,6,Basic,East,Enterprise,1,Low,0,0,3,Email,0,0,1,63.1,75.2,1,0.0,2.1,120.5,-4.6,4,10,0
CUST-2467,58,Standard,East,Individual,2,Low,0,0,2,Call,0,1,0,25.4,28.3,0,0.0,4.0,73.3,11.4,4,24,1
CUST-2468,22,Basic,South,Individual,3,Medium,0,0,4,Chat,0,0,1,13.6,34.0,0,0.0,4.0,118.5,-4.5,2,5,0
CUST-2469,26,Standard,East,Individual,1,Low,0,0,3,Ticket,0,0,1,4.1,13.4,0,0.0,4.1,43.3,44.9,0,4,1
CUST-2470,3,Premium,East,Individual,1,Medium,0,0,1,Ticket,0,0,1,18.3,22.4,0,0.0,3.9,76.2,-8.8,3,18,0
CUST-2471,41,Premium,East,Individual,4,Medium,1,2,4,Email,0,0,0,19.0,40.1,0,1.3,5.0,100.6,-8.1,4,2,0
CUST-2472,60,Premium,West,Individual,5,Low,1,1,5,Email,0,0,0,2.4,21.9,0,6.3,1.9,114.8,-7.8,1,3,1
CUST-2473,14,Standard,West,Small Business,1,Medium,2,0,1,Email,0,0,0,5.9,6.4,0,0.0,3.4,121.5,-9.6,0,7,0
CUST-2474,12,Basic,East,Individual,0,Low,0,0,0,Call,0,0,1,7.3,16.1,0,0.0,3.8,65.4,-10.7,3,143,0
CUST-2475,12,Basic,South,Small Business,2,Low,0,1,2,Ticket,1,0,0,39.3,52.8,0,0.1,3.2,138.3,-7.8,2,8,1
CUST-2476,13,Premium,West,Individual,3,Low,0,1,4,Email,0,0,0,17.5,22.0,0,2.1,1.0,77.6,-19.0,5,25,1
CUST-2477,25,Basic,North,Individual,2,Medium,1,1,3,Ticket,0,0,0,5.6,6.5,0,1.4,4.1,88.0,-34.2,0,17,1
CUST-2478,45,Basic,West,Individual,3,Medium,0,3,4,Call,0,0,0,7.4,12.4,0,7.9,2.4,90.6,-24.9,3,1,1
CUST-2479,19,Standard,North,Small Business,1,Low,1,0,1,Email,0,0,0,3.2,33.4,0,0.0,3.0,53.8,-7.0,11,28,0
CUST-2480,55,Basic,West,Small Business,1,Medium,0,1,1,Chat,0,0,1,0.9,7.1,0,2.3,3.9,75.5,-29.6,12,11,0
CUST-2481,45,Basic,East,Small Business,1,Low,0,0,1,Ticket,2,0,0,14.3,37.4,0,0.0,3.2,106.9,-2.1,10,22,1
CUST-2482,8,Premium,West,Individual,0,Medium,0,1,0,Call,0,0,1,0.6,18.8,0,2.0,3.6,142.5,2.3,8,169,0
CUST-2483,53,Premium,East,Small Business,2,Medium,0,0,3,Call,0,0,1,96.7,144.4,1,0.0,2.2,112.4,11.6,13,24,1
CUST-2484,55,Standard,East,Small Business,1,Medium,1,1,3,Chat,0,1,0,29.6,60.4,0,3.8,2.3,129.1,-15.2,17,21,1
CUST-2485,32,Premium,West,Individual,2,Low,0,0,3,Ticket,1,0,1,30.1,72.7,0,0.0,3.9,66.2,-40.0,1,20,1
CUST-2486,51,Standard,North,Individual,0,Low,0,0,0,Email,0,0,1,28.1,28.4,0,0.0,4.1,108.8,-15.2,3,150,1
CUST-2487,44,Standard,North,Individual,2,Low,0,1,2,Call,0,0,1,20.5,25.8,0,0.5,4.9,103.8,-6.9,6,9,0
CUST-2488,70,Basic,West,Small Business,2,Low,1,0,2,Call,0,0,1,1.5,32.4,0,0.0,1.6,92.2,-28.7,3,2,1
CUST-2489,18,Basic,East,Individual,1,High,1,1,2,Ticket,0,0,0,12.2,19.2,0,1.5,3.4,94.9,-10.0,11,29,0
CUST-2490,22,Standard,North,Small Business,1,Low,0,1,1,Call,0,0,1,6.5,7.4,0,0.4,3.2,51.5,-39.9,18,19,1
CUST-2491,37,Premium,South,Individual,3,Low,0,0,3,Call,1,0,1,7.1,46.7,0,0.0,2.5,111.9,-0.9,3,2,1
CUST-2492,56,Standard,East,Individual,1,Low,0,0,1,Call,0,0,1,9.3,18.3,0,0.0,4.0,102.5,-11.6,2,23,1
CUST-2493,59,Basic,West,Individual,2,Medium,1,0,2,Chat,0,0,0,7.7,8.5,0,0.0,3.2,98.5,-24.2,2,16,1
CUST-2494,3,Basic,East,Individual,0,Medium,1,2,0,Call,0,0,0,21.7,26.7,0,1.8,4.6,127.6,-7.3,5,94,1
CUST-2495,28,Premium,South,Individual,3,Low,0,1,3,Call,0,0,1,0.1,29.2,0,1.9,1.8,136.3,-1.6,6,15,0
CUST-2496,35,Basic,South,Individual,3,Low,0,1,3,Chat,0,0,1,9.1,32.5,0,3.3,2.6,88.7,-3.4,2,26,1
CUST-2497,61,Standard,North,Small Business,0,Medium,0,0,1,Email,0,1,1,57.8,146.2,1,0.0,2.6,178.3,-5.9,9,152,0
CUST-2498,54,Basic,South,Individual,2,Low,0,2,2,Call,0,0,1,6.0,14.7,0,5.2,2.3,122.0,-24.3,0,4,0
CUST-2499,63,Basic,East,Individual,0,Medium,0,0,2,Chat,0,0,1,19.4,24.8,0,0.0,2.5,49.6,-14.0,0,72,0
CUST-2500,7,Standard,North,Individual,1,Medium,1,1,2,Chat,0,0,1,16.4,18.6,0,0.3,4.3,108.4,3.1,19,7,1
CUST-2501,49,Standard,South,Individual,2,Low,1,1,2,Email,0,0,1,13.4,18.7,0,5.9,2.8,141.1,-4.0,12,11,1
CUST-2502,31,Basic,North,Individual,0,Low,0,3,0,Ticket,1,0,0,2.6,5.9,0,2.2,4.0,107.4,-0.8,1,146,0
CUST-2503,58,Basic,North,Individual,2,Low,0,0,3,Call,0,0,1,36.1,52.7,0,0.0,1.1,62.4,-23.5,15,19,0
CUST-2504,61,Premium,West,Individual,0,Medium,0,0,0,Call,0,1,0,16.8,38.6,0,0.0,4.4,87.4,0.5,1,163,0
CUST-2505,24,Basic,North,Individual,1,Medium,0,0,2,Email,0,1,1,15.5,39.9,0,0.0,3.4,89.0,-23.4,3,28,1
CUST-2506,20,Standard,North,Enterprise,2,Low,0,2,2,Chat,0,0,1,59.6,80.5,1,8.4,3.3,71.3,8.4,3,17,1
CUST-2507,37,Premium,South,Individual,0,Low,3,2,0,Ticket,0,0,0,1.7,11.8,0,2.9,5.0,103.4,-29.0,5,159,1
CUST-2508,4,Basic,East,Individual,1,Medium,0,1,1,Chat,0,0,1,13.5,21.0,0,0.7,3.8,145.0,-12.9,3,29,1
CUST-2509,20,Premium,East,Individual,1,Low,0,0,1,Chat,1,0,0,24.5,26.1,0,0.0,1.9,62.9,16.1,12,15,1
CUST-2510,60,Basic,South,Individual,2,Low,1,2,2,Email,0,2,1,31.9,44.9,0,10.5,3.7,84.7,-13.7,4,8,1
CUST-2511,24,Standard,East,Small Business,1,Medium,0,0,2,Email,0,0,1,0.0,9.1,0,0.0,4.4,178.5,-17.1,0,17,0
CUST-2512,50,Basic,North,Individual,3,Medium,0,1,3,Ticket,0,0,1,22.9,27.1,0,4.7,1.3,75.9,-11.3,0,11,0
CUST-2513,49,Premium,West,Individual,0,Low,0,0,0,Chat,0,0,1,62.3,86.7,1,0.0,3.9,68.9,14.6,15,64,0
CUST-2514,51,Basic,North,Small Business,0,Low,1,0,0,Call,1,0,1,26.2,44.8,0,0.0,2.4,104.1,-15.1,0,88,0
CUST-2515,36,Basic,North,Individual,1,Medium,0,1,1,Call,1,0,1,10.9,23.5,0,3.3,4.4,54.7,-23.3,7,26,1
CUST-2516,66,Premium,West,Enterprise,0,Low,0,0,0,Chat,0,1,0,41.8,45.1,0,0.0,4.0,80.7,0.6,18,46,0
CUST-2517,34,Standard,South,Small Business,0,Medium,0,2,1,Call,0,0,1,42.2,54.8,0,2.3,3.7,126.7,-11.4,0,82,0
CUST-2518,36,Standard,North,Individual,1,Medium,0,0,3,Chat,0,0,1,23.3,26.7,0,0.0,3.2,29.1,-41.9,9,7,1
CUST-2519,6,Basic,North,Individual,0,Low,0,1,2,Chat,0,0,1,21.9,41.7,0,0.5,3.0,81.2,10.2,6,154,0
CUST-2520,39,Standard,South,Individual,1,Medium,1,0,1,Ticket,0,2,0,8.4,11.3,0,0.0,2.9,21.8,3356.2,0,13,0
CUST-2521,42,Basic,North,Individual,0,Low,1,0,2,Call,0,0,0,5.6,25.7,0,0.0,3.3,138.2,-18.4,4,128,0
CUST-2522,58,Basic,North,Individual,3,Medium,0,0,3,Ticket,0,0,1,19.9,31.5,0,0.0,3.3,77.5,-1.0,12,3,0
CUST-2523,12,Standard,East,Individual,2,Medium,0,0,2,Call,0,0,1,0.2,56.5,0,0.0,3.2,97.8,-17.5,2,12,1
CUST-2524,3,Basic,South,Enterprise,2,Medium,0,0,2,Email,0,0,1,37.0,46.5,0,0.0,3.0,84.8,5.6,6,28,1
CUST-2525,18,Premium,North,Individual,3,Medium,0,1,3,Ticket,0,0,1,46.6,50.7,0,1.4,1.0,63.4,6.2,1,1,0
CUST-2526,40,Premium,North,Small Business,1,Low,1,1,1,Call,1,0,0,3.6,31.0,0,0.6,4.9,114.1,-26.2,2,15,0
CUST-2527,21,Standard,West,Small Business,0,Low,0,0,0,Call,0,0,0,17.0,30.0,0,0.0,4.8,90.0,-17.6,5,107,1
CUST-2528,15,Premium,West,Small Business,0,Low,0,0,1,Call,0,0,0,3.9,15.5,0,0.0,3.0,108.8,-12.0,0,138,0
CUST-2529,26,Standard,West,Individual,2,High,0,2,3,Call,1,0,1,13.6,15.3,0,1.5,3.1,118.5,2.0,6,13,1
CUST-2530,8,Basic,North,Individual,1,High,0,3,1,Chat,0,1,1,20.3,27.5,0,12.7,3.7,111.6,-19.2,1,5,0
CUST-2531,42,Standard,North,Small Business,1,Low,1,0,1,Ticket,0,0,1,9.9,10.0,0,0.0,4.7,103.9,-13.6,9,6,0
CUST-2532,44,Basic,West,Small Business,2,Low,0,1,3,Call,0,0,1,45.0,48.7,0,3.5,4.4,92.8,-21.2,4,19,0
CUST-2533,14,Basic,East,Enterprise,0,Low,0,1,0,Chat,0,0,1,44.4,55.5,0,4.5,3.7,56.7,7.1,1,131,0
CUST-2534,2,Premium,East,Small Business,2,High,0,0,3,Ticket,0,0,0,15.1,24.7,0,0.0,1.9,112.3,-18.0,5,2,0
CUST-2535,37,Standard,East,Individual,2,Low,0,0,2,Chat,1,1,0,17.4,29.9,0,0.0,3.7,92.7,2.8,12,3,0
CUST-2536,69,Premium,East,Individual,0,Medium,1,0,0,Email,1,0,1,0.1,30.4,0,0.0,5.0,141.9,8.6,3,76,0
CUST-2537,38,Basic,South,Individual,3,Low,0,0,4,Ticket,0,0,1,8.2,12.8,0,0.0,2.2,132.7,-21.6,9,26,1
CUST-2538,41,Standard,West,Small Business,1,Low,0,1,1,Chat,0,0,1,28.6,45.6,0,1.1,3.5,139.0,-15.4,13,4,0
CUST-2539,62,Basic,North,Individual,2,Low,0,0,2,Ticket,1,0,0,102.5,114.5,1,0.0,3.3,113.9,-12.3,2,15,1
CUST-2540,60,Standard,West,Small Business,1,Low,0,0,2,Call,0,2,0,58.1,83.9,1,0.0,2.9,133.2,-12.0,8,29,1
CUST-2541,14,Standard,East,Enterprise,0,Low,0,0,2,Email,0,0,1,2.0,6.7,0,0.0,2.0,100.9,10.7,7,162,0
CUST-2542,2,Standard,North,Small Business,4,Low,0,1,4,Email,1,0,1,10.8,80.3,0,2.0,1.4,162.5,-13.2,4,5,1
CUST-2543,70,Basic,South,Individual,2,Low,1,1,3,Email,0,0,1,1.1,17.5,0,1.9,3.7,44.4,0.9,0,1,1
CUST-2544,17,Basic,West,Individual,2,Low,0,0,3,Chat,1,0,1,36.3,37.0,0,0.0,3.2,131.4,-20.0,8,15,0
CUST-2545,28,Basic,North,Small Business,1,High,0,0,1,Chat,1,2,0,26.2,26.3,0,0.0,3.4,73.5,-11.5,0,24,0
CUST-2546,66,Standard,North,Individual,0,Medium,0,0,0,Chat,0,1,1,51.0,81.3,1,0.0,2.7,94.5,-9.4,17,177,0
CUST-2547,35,Premium,East,Individual,2,Medium,0,0,3,Email,0,0,1,13.9,18.5,0,0.0,3.3,86.8,-12.1,3,16,0
CUST-2548,5,Basic,East,Individual,0,Low,0,1,1,Ticket,0,0,1,2.2,6.2,0,10.8,4.1,65.1,19.2,0,169,1
CUST-2549,65,Standard,West,Individual,1,Medium,0,0,3,Ticket,0,0,1,17.5,29.5,0,0.0,3.0,74.3,-12.7,1,28,1
CUST-2550,40,Premium,South,Individual,1,Low,0,0,1,Chat,0,0,0,40.4,43.2,0,0.0,3.6,51.7,-3.9,1,10,1
CUST-2551,56,Standard,North,Enterprise,2,Low,0,0,2,Ticket,0,0,0,1.0,6.1,0,0.0,2.8,59.9,-18.3,9,20,1
CUST-2552,36,Standard,East,Enterprise,1,Low,0,0,1,Chat,1,0,1,33.7,44.6,0,0.0,3.6,18.2,-2299.5,0,20,1
CUST-2553,45,Premium,West,Enterprise,0,Low,1,0,0,Ticket,0,0,1,19.5,79.7,0,0.0,5.0,85.7,-28.2,0,74,0
CUST-2554,23,Basic,East,Individual,1,Low,0,0,2,Ticket,0,1,0,2.8,5.3,0,0.0,2.7,68.0,-20.7,2,21,1
CUST-2555,47,Basic,West,Enterprise,3,Low,0,0,3,Email,0,1,0,21.5,22.2,0,0.0,5.0,73.2,-3.8,0,24,1
CUST-2556,31,Basic,East,Enterprise,0,Low,1,0,0,Ticket,0,0,0,1.3,19.7,0,0.0,5.0,148.3,1.7,1,143,0
CUST-2557,11,Premium,South,Enterprise,1,Low,0,0,2,Email,1,0,0,3.8,18.2,0,0.0,4.2,74.2,-25.7,1,19,1
CUST-2558,10,Premium,North,Small Business,1,Medium,0,0,1,Call,0,0,0,1.2,6.8,0,0.0,4.6,43.4,35.0,0,19,1
CUST-2559,67,Standard,East,Small Business,0,Medium,1,3,0,Ticket,0,1,0,17.6,22.5,0,16.9,3.3,167.9,-0.1,4,41,1
CUST-2560,14,Basic,North,Individual,2,High,0,2,2,Ticket,0,0,0,6.8,37.1,0,5.3,3.2,141.0,-0.2,0,26,1
CUST-2561,10,Standard,West,Small Business,1,Low,0,1,1,Email,1,0,0,6.8,12.6,0,0.0,3.7,131.9,0.1,2,12,0
CUST-2562,1,Basic,South,Individual,1,Low,0,0,1,Email,0,0,1,20.8,34.3,0,0.0,4.3,89.1,-4.6,5,1,0
CUST-2563,5,Basic,North,Individual,0,High,1,1,0,Email,0,0,0,2.3,10.6,0,2.7,3.8,58.1,5.4,1,44,1
CUST-2564,20,Standard,East,Enterprise,0,Low,0,1,0,Call,0,0,0,20.1,31.3,0,2.3,5.0,22.4,38.8,2,149,0
CUST-2565,8,Premium,North,Individual,2,Medium,0,1,2,Call,0,0,0,23.9,56.8,0,0.1,4.6,34.8,-40.1,7,23,1
CUST-2566,43,Premium,North,Individual,1,Low,0,2,1,Call,1,0,1,39.0,47.9,0,1.9,3.5,109.5,-18.7,7,15,1
CUST-2567,1,Standard,West,Enterprise,0,Low,0,0,0,Email,0,0,0,22.3,48.4,0,0.0,3.1,61.6,-25.9,6,163,1
CUST-2568,57,Basic,South,Enterprise,1,Low,0,0,1,Call,0,0,1,21.2,35.0,0,0.0,4.7,103.6,-2.9,2,1,1
CUST-2569,64,Basic,South,Individual,1,High,0,1,1,Ticket,0,0,1,21.4,28.2,0,0.5,3.9,103.1,-6.8,3,20,1
CUST-2570,28,Basic,North,Small Business,0,Low,0,0,2,Ticket,0,0,1,0.8,1.2,0,0.0,3.9,65.1,0.9,10,158,0
CUST-2571,37,Standard,North,Individual,3,Low,0,0,4,Email,1,1,0,11.7,28.2,0,0.0,2.1,84.7,-16.2,2,6,0
CUST-2572,47,Premium,West,Individual,2,Medium,1,0,2,Chat,1,1,0,16.0,33.9,0,0.0,3.3,68.3,-22.2,1,20,1
CUST-2573,37,Basic,North,Individual,1,Medium,0,0,2,Ticket,0,0,0,21.9,96.2,0,0.0,3.3,100.6,15.6,0,19,0
CUST-2574,49,Standard,West,Individual,1,High,1,2,1,Call,0,0,0,6.9,25.5,0,2.7,1.9,96.0,-11.2,4,19,1
CUST-2575,44,Basic,South,Individual,0,Low,0,1,2,Chat,0,0,0,22.7,48.4,0,3.9,4.3,135.2,-9.0,1,174,0
CUST-2576,56,Basic,South,Individual,0,Medium,1,0,0,Ticket,1,0,0,10.1,12.8,0,0.0,4.5,85.8,-20.5,6,143,1
CUST-2577,28,Standard,West,Enterprise,1,Low,1,0,2,Ticket,0,1,1,25.1,46.7,0,0.0,3.4,120.4,-0.9,0,17,1
CUST-2578,6,Basic,North,Small Business,2,Low,1,0,3,Ticket,0,0,0,4.1,10.6,0,0.0,3.4,103.7,6.3,2,17,1
CUST-2579,61,Standard,South,Small Business,1,Medium,2,0,1,Email,0,0,1,7.3,65.9,0,0.0,5.0,137.0,-4.1,2,27,0
CUST-2580,20,Premium,East,Small Business,2,Low,0,0,2,Chat,0,0,0,59.8,68.8,1,0.0,3.5,91.0,-20.8,1,6,1
CUST-2581,2,Standard,West,Individual,0,Medium,1,3,0,Call,0,0,0,28.4,37.7,0,2.1,4.2,60.0,-2.9,22,38,1
CUST-2582,37,Basic,South,Enterprise,0,High,0,0,1,Ticket,0,0,0,45.8,56.1,0,0.0,4.0,68.8,18.8,0,104,1
CUST-2583,20,Basic,South,Small Business,0,Low,1,1,1,Call,0,0,1,4.5,10.0,0,2.5,5.0,76.5,19.4,0,79,1
CUST-2584,26,Standard,South,Individual,2,Medium,1,0,3,Email,0,0,1,57.3,64.4,1,0.0,4.2,145.5,-6.6,0,12,1
CUST-2585,29,Basic,East,Individual,2,Medium,1,1,2,Call,0,0,0,27.3,34.7,0,0.8,4.6,131.5,-11.2,0,4,1
CUST-2586,1,Basic,East,Small Business,0,Medium,0,1,2,Chat,0,0,1,17.9,28.7,0,2.4,4.4,109.3,-25.0,9,37,0
CUST-2587,35,Standard,East,Small Business,0,High,1,1,1,Chat,0,0,0,0.3,2.5,0,0.6,4.7,83.7,-10.3,0,148,1
CUST-2588,70,Standard,North,Small Business,2,Low,0,0,2,Call,1,0,1,1.1,14.7,0,0.0,2.3,185.4,-8.1,4,20,0
CUST-2589,59,Standard,West,Individual,0,Medium,1,0,0,Call,0,0,0,29.6,41.2,0,0.0,3.8,51.8,-22.3,5,104,1
CUST-2590,69,Basic,North,Individual,2,Low,1,0,2,Email,2,0,0,22.1,82.6,0,0.0,3.8,86.7,-13.5,7,22,1
CUST-2591,33,Premium,East,Individual,0,Medium,0,0,0,Chat,0,0,0,4.8,35.9,0,0.0,5.0,147.7,-9.7,0,107,1
CUST-2592,51,Basic,West,Small Business,2,Low,0,2,2,Ticket,1,0,1,11.6,21.0,0,0.5,4.3,110.7,14.0,0,19,1
CUST-2593,12,Basic,North,Individual,1,High,0,0,1,Call,0,0,1,21.3,39.3,0,0.0,3.3,176.7,-8.3,1,14,1
CUST-2594,20,Standard,North,Individual,1,High,1,0,1,Chat,0,0,0,0.3,16.3,0,0.0,3.2,94.4,-9.8,0,4,1
CUST-2595,53,Standard,North,Individual,1,Medium,0,0,1,Email,0,0,1,22.6,26.6,0,0.0,3.2,70.3,-34.2,1,11,1
CUST-2596,43,Premium,East,Small Business,0,Medium,0,1,3,Ticket,0,0,0,10.3,16.3,0,1.5,2.4,94.8,-14.3,4,154,0
CUST-2597,50,Standard,South,Individual,1,Medium,0,1,1,Chat,0,0,1,2.0,2.5,0,1.5,3.9,111.2,-4.9,2,17,0
CUST-2598,29,Premium,West,Individual,1,Low,0,1,4,Email,0,0,1,3.6,5.1,0,0.9,3.3,53.6,37.2,1,7,0
CUST-2599,57,Premium,East,Small Business,1,Low,2,0,1,Ticket,1,1,1,11.1,16.7,0,0.0,3.2,91.3,-18.5,2,10,1
CUST-2600,39,Standard,West,Enterprise,1,Low,1,0,1,Chat,0,2,0,19.7,42.3,0,0.0,4.9,96.3,-21.1,1,5,1
CUST-2601,56,Standard,East,Individual,2,Medium,1,0,2,Email,0,0,0,8.4,27.3,0,0.0,3.0,96.8,-16.6,2,10,0
CUST-2602,43,Standard,North,Individual,2,Low,3,0,3,Call,0,0,0,2.3,52.3,0,0.0,2.6,72.8,-34.3,3,10,1
CUST-2603,50,Premium,North,Enterprise,2,Low,0,0,2,Call,0,0,0,35.0,41.9,0,0.0,4.2,33.7,32.0,11,4,0
CUST-2604,23,Standard,South,Individual,1,Low,0,0,1,Email,1,0,0,13.9,20.2,0,0.0,5.0,69.6,4.4,5,11,1
CUST-2605,44,Basic,South,Small Business,1,Low,0,0,1,Ticket,3,0,0,6.7,8.3,0,0.0,3.5,74.8,-12.2,4,18,1
CUST-2606,38,Standard,West,Small Business,1,Low,0,0,2,Chat,0,1,0,23.0,46.2,0,0.0,3.2,134.1,-10.7,1,6,1
CUST-2607,23,Basic,South,Individual,1,Low,0,0,1,Ticket,2,1,0,8.2,10.9,0,0.0,3.4,111.9,-13.8,2,21,1
CUST-2608,45,Standard,South,Small Business,1,Low,0,1,1,Chat,0,0,0,9.0,55.0,0,5.5,4.4,155.6,-10.2,10,24,1
CUST-2609,52,Basic,West,Small Business,1,Medium,0,0,1,Chat,0,0,1,6.5,12.2,0,0.0,3.3,101.5,-2.3,4,10,1
CUST-2610,50,Standard,East,Individual,0,Low,0,0,0,Ticket,0,0,0,9.0,24.6,0,0.0,4.2,113.3,-17.8,0,154,1
CUST-2611,8,Premium,South,Individual,2,High,0,1,3,Call,0,1,0,6.1,15.1,0,5.0,2.4,107.6,-2.9,6,18,0
CUST-2612,1,Basic,East,Enterprise,0,Medium,0,1,0,Call,0,0,0,80.8,84.6,1,4.6,5.0,72.6,-9.0,0,158,1
CUST-2613,8,Basic,North,Individual,0,Low,0,0,1,Chat,1,0,1,6.0,15.1,0,0.0,3.5,127.9,13.0,11,54,0
CUST-2614,29,Basic,South,Small Business,2,Low,1,0,2,Call,0,0,0,20.8,26.7,0,0.0,3.7,118.6,-16.1,3,14,1
CUST-2615,5,Standard,North,Small Business,1,Medium,1,0,4,Call,0,0,0,4.3,19.0,0,0.0,4.1,139.5,6.0,19,18,1
CUST-2616,47,Basic,North,Individual,0,Low,2,0,1,Call,0,0,1,16.3,28.3,0,0.0,4.7,104.3,-10.1,1,65,0
CUST-2617,34,Basic,East,Small Business,3,High,0,0,3,Ticket,1,0,0,14.2,15.5,0,0.0,2.1,111.2,-0.6,0,10,1
CUST-2618,65,Basic,West,Enterprise,1,Low,0,1,2,Email,1,1,1,16.1,17.3,0,1.0,3.9,127.7,1.6,3,21,1
CUST-2619,55,Standard,South,Individual,1,Medium,0,0,2,Email,0,0,0,8.8,59.2,0,0.0,3.9,110.1,-15.0,3,10,1
CUST-2620,43,Basic,East,Individual,3,High,0,2,3,Call,0,0,1,40.9,46.3,0,0.3,1.9,79.6,-21.5,6,17,0
CUST-2621,30,Standard,West,Enterprise,1,Medium,1,2,1,Call,0,0,0,7.1,8.5,0,6.0,3.4,128.9,3.0,4,17,1
CUST-2622,17,Basic,North,Individual,2,High,1,0,3,Ticket,1,0,1,41.0,44.0,0,0.0,1.8,164.4,-18.5,2,28,0
CUST-2623,26,Standard,South,Individual,2,High,0,1,3,Call,1,0,1,10.4,12.9,0,4.6,2.4,99.8,9.5,1,13,0
CUST-2624,8,Basic,North,Enterprise,3,High,0,0,4,Chat,1,0,0,21.1,24.7,0,0.0,1.6,120.1,17.0,10,23,1
CUST-2625,47,Standard,North,Small Business,0,Medium,0,1,0,Email,1,1,1,0.2,0.9,0,2.7,3.8,61.9,31.4,1,167,1
CUST-2626,46,Basic,South,Enterprise,1,Low,1,2,1,Chat,0,0,0,11.6,14.9,0,5.5,3.8,73.2,-22.1,1,3,1
CUST-2627,68,Standard,West,Individual,2,Low,2,2,2,Ticket,0,0,0,21.0,63.5,0,7.9,3.3,127.0,13.6,1,1,1
CUST-2628,33,Premium,West,Individual,1,Low,0,1,3,Call,0,0,0,7.1,19.8,0,1.5,4.5,91.9,-25.7,3,24,1
CUST-2629,1,Premium,South,Individual,0,High,1,1,0,Ticket,0,0,0,7.8,13.7,0,1.0,4.7,97.7,-16.0,0,103,1
CUST-2630,19,Standard,South,Small Business,0,Low,0,2,1,Ticket,0,0,0,10.1,33.5,0,0.4,4.5,115.7,-31.6,7,101,1
CUST-2631,31,Standard,East,Small Business,5,Low,0,0,5,Call,0,0,1,6.3,40.2,0,0.0,2.3,79.7,-12.3,7,28,0
CUST-2632,14,Premium,East,Individual,2,Medium,1,0,3,Chat,0,0,1,18.5,19.6,0,0.0,4.5,128.3,5.0,10,9,1
CUST-2633,53,Standard,North,Individual,1,Low,2,1,1,Ticket,0,0,0,1.0,7.3,0,9.0,2.8,114.7,-8.6,8,5,1
CUST-2634,48,Basic,South,Small Business,3,Medium,0,2,3,Call,2,0,0,35.6,61.2,0,1.4,2.4,133.1,-13.1,0,5,1
CUST-2635,69,Premium,West,Individual,0,High,0,0,0,Email,0,0,1,64.4,78.4,1,0.0,3.6,148.6,-9.0,3,161,0
CUST-2636,62,Standard,North,Individual,1,Medium,0,2,1,Email,0,0,1,3.6,20.8,0,2.2,3.7,116.1,-24.8,0,16,1
CUST-2637,66,Basic,North,Enterprise,1,Medium,0,0,1,Call,0,0,1,5.1,17.4,0,0.0,5.0,108.7,5.6,0,8,0
CUST-2638,64,Basic,North,Individual,1,Medium,0,1,1,Email,0,2,0,59.5,60.7,1,0.5,4.5,83.1,-26.4,0,18,1
CUST-2639,70,Basic,North,Small Business,0,Medium,1,2,1,Ticket,0,0,0,3.6,32.1,0,1.3,3.0,109.5,0.1,0,42,0
CUST-2640,63,Standard,West,Small Business,1,Low,1,1,2,Call,0,0,0,2.2,6.3,0,1.2,5.0,99.9,-26.5,2,4,1
CUST-2641,33,Basic,North,Individual,1,Low,1,0,1,Call,1,0,1,31.5,33.2,0,0.0,2.6,95.6,-24.9,0,16,1
CUST-2642,41,Basic,South,Individual,2,Low,1,0,2,Ticket,0,0,0,22.6,28.9,0,0.0,3.4,103.6,2.9,2,2,1
CUST-2643,48,Basic,East,Individual,3,Medium,0,0,3,Ticket,1,0,1,22.8,43.3,0,0.0,4.1,112.6,-11.2,0,13,1
CUST-2644,13,Standard,West,Small Business,3,Medium,0,0,3,Call,0,0,0,5.1,36.9,0,0.0,3.4,84.2,-9.2,8,24,1
CUST-2645,31,Standard,South,Individual,3,Low,0,0,4,Email,0,0,1,9.4,25.2,0,0.0,2.8,100.2,-7.7,2,10,0
CUST-2646,68,Basic,South,Small Business,0,Medium,0,0,0,Chat,0,0,0,3.5,10.1,0,0.0,4.6,108.7,12.0,5,84,0
CUST-2647,4,Basic,South,Enterprise,0,Low,1,0,0,Email,0,1,1,3.5,23.1,0,0.0,5.0,141.6,-1.1,3,45,0
CUST-2648,19,Basic,East,Enterprise,1,Low,0,1,1,Email,0,0,1,13.7,35.5,0,2.5,3.9,114.3,-9.3,3,14,0
CUST-2649,70,Premium,East,Individual,0,Low,0,1,0,Chat,0,0,0,22.3,60.8,0,0.7,3.9,109.6,-11.7,3,79,0
CUST-2650,13,Standard,East,Small Business,0,Medium,1,0,0,Ticket,0,0,1,7.7,9.6,0,0.0,4.8,119.5,-13.2,1,75,0
CUST-2651,23,Standard,South,Enterprise,1,Medium,0,0,1,Email,1,0,1,12.9,15.2,0,0.0,2.6,164.4,-1.1,0,13,0
CUST-2652,1,Basic,East,Individual,3,Low,0,0,4,Call,1,0,1,8.6,17.2,0,0.0,2.1,115.5,-16.7,10,10,1
CUST-2653,54,Standard,North,Individual,1,Medium,1,1,1,Email,0,0,0,49.3,55.5,1,4.3,3.9,112.0,-0.3,7,14,1
CUST-2654,71,Standard,East,Individual,0,Low,0,0,0,Ticket,0,1,1,24.3,46.5,0,0.0,4.7,142.3,12.9,1,101,0
CUST-2655,15,Basic,West,Individual,2,High,0,0,2,Call,0,0,0,19.6,32.9,0,0.0,1.4,122.2,33.5,0,29,0
CUST-2656,65,Basic,South,Small Business,0,Low,0,0,2,Ticket,0,1,0,26.2,27.7,0,0.0,4.4,49.6,27.7,3,119,1
CUST-2657,71,Basic,South,Individual,2,High,0,1,2,Call,0,0,0,6.2,17.7,0,1.7,3.6,66.8,-0.5,0,11,0
CUST-2658,15,Premium,North,Small Business,2,Medium,0,1,3,Ticket,2,0,1,53.1,58.2,1,3.5,3.7,115.5,-8.4,6,11,1
CUST-2659,21,Premium,East,Small Business,0,Medium,1,1,0,Email,0,1,1,4.5,12.3,0,0.0,3.9,63.3,-38.6,1,110,0
CUST-2660,19,Standard,East,Small Business,0,Medium,0,0,1,Ticket,0,2,1,3.0,4.2,0,0.0,2.2,115.9,1.3,4,168,1
CUST-2661,60,Standard,West,Small Business,1,Low,0,1,3,Chat,0,0,0,47.3,47.8,0,3.8,3.6,130.9,-16.0,2,23,1
CUST-2662,33,Basic,North,Individual,2,Medium,0,1,3,Email,1,0,1,6.0,56.4,0,5.5,4.9,102.7,5.3,0,25,0
CUST-2663,49,Standard,West,Small Business,0,Low,0,1,1,Ticket,0,2,0,37.7,58.0,0,1.4,4.7,99.4,-16.4,19,179,0
CUST-2664,35,Standard,West,Individual,1,Low,0,0,1,Email,0,0,1,7.1,23.0,0,0.0,2.8,97.3,-3.5,0,3,1
CUST-2665,44,Basic,South,Individual,2,Medium,0,1,3,Ticket,1,0,1,7.0,23.9,0,0.3,4.2,111.2,-22.8,13,26,1
CUST-2666,11,Premium,South,Individual,1,Low,1,1,1,Ticket,2,0,1,63.3,78.5,1,2.2,4.7,59.4,-37.4,5,24,1
CUST-2667,66,Basic,East,Enterprise,1,Low,0,0,1,Email,1,0,0,67.2,74.4,1,0.0,3.0,118.8,-24.1,3,24,1
CUST-2668,46,Basic,East,Enterprise,2,High,0,0,2,Call,0,0,1,65.3,75.6,1,0.0,2.9,131.6,-5.7,8,27,0
CUST-2669,9,Standard,West,Individual,1,High,0,0,1,Call,0,2,1,3.0,41.9,0,0.0,1.7,140.3,-11.0,0,24,0
CUST-2670,3,Standard,East,Individual,1,Medium,2,1,1,Ticket,0,0,1,17.0,23.9,0,0.1,3.0,54.8,-16.6,0,1,0
CUST-2671,26,Standard,West,Small Business,2,Medium,0,0,3,Chat,0,0,0,0.7,3.9,0,0.0,2.8,142.7,-11.2,4,11,0
CUST-2672,48,Basic,East,Individual,1,High,0,0,1,Chat,2,0,1,23.2,24.0,0,0.0,4.3,103.8,-19.3,3,21,0
CUST-2673,66,Premium,East,Individual,2,Medium,0,0,2,Ticket,1,0,0,22.2,26.8,0,0.0,3.9,112.0,-8.5,3,12,1
CUST-2674,70,Standard,South,Small Business,1,High,1,0,1,Ticket,0,0,1,97.4,99.5,1,0.0,4.2,107.4,-12.5,9,10,0
CUST-2675,28,Standard,South,Individual,2,Low,0,1,2,Email,1,0,0,42.0,57.8,0,0.7,2.9,87.3,-33.3,5,10,1
CUST-2676,26,Premium,South,Individual,1,Medium,0,0,2,Chat,0,0,1,4.9,9.0,0,0.0,3.8,65.5,-33.8,2,3,1
CUST-2677,25,Standard,South,Individual,2,Low,1,0,2,Email,0,0,1,11.7,17.8,0,0.0,5.0,63.4,12.5,4,25,1
CUST-2678,12,Basic,North,Individual,2,Medium,0,0,2,Call,0,0,0,5.9,7.5,0,0.0,4.7,119.6,-7.9,5,23,0
CUST-2679,5,Standard,South,Individual,1,Medium,0,1,1,Email,0,0,1,1.0,9.6,0,6.5,5.0,63.7,7.1,1,16,0
CUST-2680,48,Basic,North,Individual,3,Low,0,0,3,Ticket,1,0,1,9.6,56.1,0,0.0,3.6,102.7,-18.3,0,4,1
CUST-2681,37,Basic,South,Individual,0,Medium,0,1,0,Email,0,0,1,2.3,10.9,0,7.6,5.0,122.6,10.9,3,94,0
CUST-2682,44,Standard,East,Individual,0,High,0,0,0,Email,1,0,1,29.0,49.8,0,0.0,5.0,80.5,-26.3,5,100,0
CUST-2683,15,Premium,West,Small Business,1,High,0,0,1,Email,0,0,0,9.9,22.5,0,0.0,5.0,155.5,3.7,10,6,1
CUST-2684,43,Basic,East,Enterprise,1,Low,0,0,2,Ticket,0,0,1,0.6,6.4,0,0.0,4.6,93.3,10.4,4,14,1
CUST-2685,48,Standard,East,Individual,3,Medium,0,2,3,Ticket,0,1,0,6.3,48.9,0,7.1,2.1,107.0,13.6,4,17,0
CUST-2686,70,Basic,North,Small Business,1,Low,0,2,1,Chat,0,0,0,8.1,19.0,0,1.6,4.9,92.9,28.0,3,4,1
CUST-2687,46,Standard,South,Individual,0,Medium,1,0,0,Email,1,0,1,12.1,34.3,0,0.0,2.5,77.3,-7.8,12,102,0
CUST-2688,43,Standard,West,Individual,2,Low,0,0,3,Call,0,0,0,22.9,24.8,0,0.0,3.6,133.1,-4.6,9,24,1
CUST-2689,21,Standard,West,Individual,0,Low,0,0,1,Email,0,1,1,31.0,34.9,0,0.0,5.0,82.3,11.7,3,108,0
CUST-2690,23,Basic,South,Individual,0,Low,0,0,0,Call,0,0,1,85.1,94.1,1,0.0,4.2,84.1,11.7,5,61,0
CUST-2691,47,Standard,North,Small Business,2,Low,0,0,2,Chat,1,0,1,38.5,60.5,0,0.0,1.7,57.9,-32.3,5,3,0
CUST-2692,15,Premium,North,Individual,2,Medium,0,1,2,Email,1,1,1,12.2,37.6,0,0.4,2.4,91.1,-16.0,1,28,0
CUST-2693,25,Standard,North,Individual,1,Low,1,1,2,Call,0,0,1,2.2,59.4,0,0.3,3.8,80.3,-17.5,1,17,1
CUST-2694,36,Standard,West,Small Business,1,Medium,0,0,2,Email,0,0,1,21.8,67.0,0,0.0,2.2,153.2,0.1,34,25,1
CUST-2695,51,Premium,North,Individual,1,High,0,0,1,Email,1,0,1,11.0,19.2,0,0.0,4.4,122.4,2.4,8,26,1
CUST-2696,15,Basic,North,Individual,0,Medium,0,0,2,Chat,0,0,1,10.4,21.8,0,0.0,3.6,79.7,30.8,6,31,0
CUST-2697,68,Standard,West,Individual,1,Low,0,2,1,Call,0,0,0,8.2,8.6,0,1.5,4.4,107.0,-19.2,12,18,1
CUST-2698,21,Premium,West,Individual,2,Medium,0,1,2,Call,0,0,0,3.7,13.8,0,3.0,4.2,83.8,-27.2,6,28,1
CUST-2699,13,Basic,East,Individual,1,Low,0,0,2,Ticket,0,0,0,1.9,2.4,0,0.0,3.2,79.7,-20.1,8,11,1
CUST-2700,19,Standard,West,Individual,2,Low,0,0,3,Call,0,0,1,34.2,34.4,0,0.0,5.0,48.6,-9.6,1,23,1
CUST-2701,34,Basic,South,Individual,0,High,0,0,0,Email,3,1,1,4.1,16.3,0,0.0,3.4,74.4,-1.8,3,63,1
CUST-2702,68,Standard,West,Individual,1,Low,0,0,3,Chat,1,0,1,24.1,58.2,0,0.0,3.7,126.6,-14.4,2,8,0
CUST-2703,52,Standard,West,Small Business,1,High,1,1,1,Ticket,0,0,0,25.9,76.2,0,2.0,4.2,100.8,-22.8,1,2,1
CUST-2704,27,Basic,North,Small Business,3,Low,1,0,4,Ticket,0,0,1,7.3,27.2,0,0.0,4.5,96.6,-18.4,6,2,0
CUST-2705,29,Standard,East,Enterprise,0,Low,0,0,1,Email,0,0,0,16.2,36.9,0,0.0,4.3,86.3,-3.8,3,115,0
CUST-2706,28,Basic,North,Enterprise,0,Low,0,1,0,Chat,0,1,0,24.9,33.6,0,2.7,3.6,87.9,-23.5,12,51,1
CUST-2707,35,Basic,East,Enterprise,3,Medium,1,0,3,Ticket,0,0,0,2.9,15.4,0,0.0,4.4,135.8,-15.3,2,10,1
CUST-2708,8,Basic,North,Small Business,0,Low,1,0,0,Chat,0,0,1,3.7,16.9,0,0.0,4.0,107.2,-17.7,2,159,0
CUST-2709,16,Premium,South,Small Business,0,Low,0,2,0,Call,0,0,1,25.3,26.4,0,0.3,3.6,121.7,8.9,11,163,0
CUST-2710,36,Basic,North,Individual,0,Medium,1,0,1,Ticket,0,0,0,6.6,7.3,0,0.0,4.3,108.4,11.8,0,97,1
CUST-2711,30,Premium,North,Small Business,3,High,0,0,3,Ticket,0,0,0,2.3,4.6,0,0.0,2.8,124.4,-2.4,3,19,1
CUST-2712,18,Standard,South,Individual,1,Medium,1,2,1,Chat,0,0,0,14.7,38.4,0,3.0,4.2,125.3,-21.9,1,6,1
CUST-2713,2,Basic,South,Small Business,2,Low,1,0,2,Ticket,0,0,1,32.8,45.2,0,0.0,3.6,85.1,-13.4,2,16,1
CUST-2714,49,Standard,West,Individual,2,Low,0,0,5,Call,0,0,1,7.3,20.7,0,0.0,3.4,114.9,12.0,5,12,0
CUST-2715,4,Standard,North,Small Business,0,Medium,1,0,0,Ticket,0,1,1,6.0,12.5,0,0.0,4.2,124.7,-5.1,4,163,0
CUST-2716,7,Standard,South,Individual,1,Medium,1,1,2,Email,2,0,1,4.7,35.1,0,0.4,2.8,87.5,-5.0,2,27,1
CUST-2717,39,Basic,South,Individual,0,High,0,1,1,Ticket,0,0,0,13.0,62.6,0,0.3,4.4,91.8,-27.5,1,157,0
CUST-2718,13,Basic,West,Individual,1,Medium,1,0,2,Email,0,0,0,17.0,20.6,0,0.0,2.1,146.3,-6.6,2,13,0
CUST-2719,31,Basic,East,Individual,3,Low,1,0,4,Ticket,0,0,0,2.9,8.6,0,0.0,1.2,135.5,-7.5,6,18,1
CUST-2720,71,Basic,South,Individual,2,Low,1,0,2,Ticket,1,0,1,32.3,38.3,0,0.0,3.4,97.5,-35.3,2,19,1
CUST-2721,63,Basic,South,Individual,1,Medium,0,1,1,Ticket,1,0,1,15.1,64.5,0,4.5,2.3,111.5,-4.0,0,7,0
CUST-2722,56,Basic,North,Individual,4,Low,1,1,4,Chat,0,0,0,16.5,27.5,0,1.6,1.7,118.5,-20.6,12,17,1
CUST-2723,42,Basic,West,Individual,2,High,1,0,3,Ticket,2,0,1,2.5,15.1,0,0.0,4.0,110.9,8.2,2,7,0
CUST-2724,61,Basic,North,Small Business,0,Low,0,0,1,Ticket,0,1,1,19.5,26.4,0,0.0,4.6,87.5,-12.3,3,97,0
CUST-2725,42,Basic,East,Individual,1,Medium,0,0,1,Call,0,0,1,22.7,57.1,0,0.0,4.1,139.0,-0.3,3,6,0
CUST-2726,56,Basic,West,Individual,0,Low,0,0,0,Call,0,0,0,10.3,13.5,0,0.0,4.4,81.5,-21.9,6,33,1
CUST-2727,36,Premium,North,Enterprise,1,Low,1,0,2,Email,0,0,1,18.3,27.4,0,0.0,4.1,141.4,-1.1,1,29,1
CUST-2728,68,Basic,South,Individual,2,Medium,0,0,3,Chat,0,1,1,5.3,9.1,0,0.0,4.4,111.4,-21.2,7,18,0
CUST-2729,7,Standard,South,Individual,0,Medium,0,0,0,Call,0,1,1,20.4,33.6,0,0.0,3.9,100.0,-25.4,0,54,1
CUST-2730,54,Basic,West,Individual,1,Low,0,0,1,Call,1,0,1,15.2,27.1,0,0.0,2.7,99.7,-2.3,6,18,0
CUST-2731,1,Premium,South,Small Business,0,Low,0,1,1,Chat,0,0,0,17.5,19.6,0,0.4,3.3,111.7,-11.8,0,163,1
CUST-2732,44,Basic,North,Individual,2,Medium,0,0,3,Email,0,0,1,5.8,32.4,0,0.0,3.3,130.4,-7.7,1,18,0
CUST-2733,45,Premium,West,Individual,1,Medium,0,1,2,Ticket,0,0,0,31.1,33.1,0,2.3,3.9,130.1,17.8,3,1,1
CUST-2734,47,Standard,South,Small Business,1,Low,1,2,2,Ticket,1,0,0,35.0,37.9,0,0.7,3.7,127.5,0.5,1,27,0
CUST-2735,13,Basic,South,Individual,2,Medium,0,0,2,Ticket,0,0,1,2.2,6.9,0,0.0,1.3,17.9,-22.1,0,20,1
CUST-2736,22,Premium,East,Small Business,1,Low,0,0,3,Call,1,0,1,40.4,65.6,0,0.0,1.8,40.1,-8.6,1,4,1
CUST-2737,21,Standard,East,Individual,1,Medium,1,0,2,Call,0,1,0,29.9,33.3,0,0.0,4.5,47.1,64.5,11,13,0
CUST-2738,9,Basic,West,Individual,1,Medium,1,1,2,Chat,0,0,0,16.1,19.8,0,7.8,2.7,114.0,-12.5,6,22,1
CUST-2739,26,Standard,East,Small Business,0,Low,0,0,0,Chat,0,1,1,1.1,17.0,0,0.0,2.7,125.4,3.1,0,71,0
CUST-2740,9,Premium,North,Individual,2,Medium,0,2,3,Ticket,0,0,1,14.8,41.4,0,2.3,4.1,126.9,9.3,8,28,1
CUST-2741,15,Standard,South,Small Business,1,Low,1,1,1,Ticket,0,1,1,12.6,30.7,0,1.2,4.2,126.8,8.7,15,10,0
CUST-2742,10,Basic,South,Enterprise,1,Low,0,1,1,Ticket,1,0,1,5.1,16.6,0,6.0,2.0,106.7,-7.5,0,10,1
CUST-2743,42,Standard,South,Individual,1,Medium,0,0,1,Call,0,1,1,35.9,51.6,0,0.0,4.6,122.5,10.9,6,24,0
CUST-2744,24,Standard,West,Enterprise,1,Low,0,0,1,Ticket,0,1,1,7.7,19.6,0,0.0,2.9,145.9,-9.1,1,1,0
CUST-2745,49,Premium,West,Individual,3,Medium,0,1,4,Call,0,0,1,17.4,24.0,0,4.0,1.4,92.4,-23.1,3,21,1
CUST-2746,26,Standard,East,Small Business,3,Low,0,1,3,Ticket,0,0,1,12.0,29.6,0,0.6,5.0,119.2,5.7,1,8,0
CUST-2747,37,Basic,South,Individual,2,Medium,0,1,3,Chat,0,0,0,42.2,59.6,0,5.5,1.9,82.4,-16.5,0,29,0
CUST-2748,68,Premium,South,Individual,2,Low,0,2,3,Chat,0,0,0,13.9,28.9,0,1.1,2.2,137.3,-15.7,4,8,1
CUST-2749,50,Basic,South,Individual,1,Low,1,0,2,Call,0,1,0,6.5,21.6,0,0.0,5.0,57.3,18.8,8,29,0
CUST-2750,24,Basic,South,Individual,1,Medium,1,1,1,Ticket,1,0,1,25.6,29.7,0,2.1,3.3,72.1,-21.4,16,22,1
CUST-2751,19,Standard,South,Individual,0,Low,0,0,1,Ticket,1,0,0,29.2,68.5,0,0.0,2.8,96.2,-22.2,8,58,1
CUST-2752,60,Standard,North,Enterprise,0,High,0,1,0,Chat,1,0,1,54.6,127.5,1,1.3,3.3,106.0,-16.6,1,155,1
CUST-2753,39,Basic,South,Small Business,2,Medium,0,0,2,Call,1,0,1,27.4,39.6,0,0.0,3.0,71.8,-14.4,5,17,0
CUST-2754,18,Standard,North,Individual,1,Low,0,0,1,Chat,2,0,1,1.0,4.8,0,0.0,3.1,176.1,-19.0,0,6,0
CUST-2755,19,Basic,South,Individual,3,High,0,2,3,Call,0,0,0,35.3,41.1,0,4.0,1.6,154.7,-5.7,2,25,1
CUST-2756,36,Standard,West,Small Business,1,Low,0,0,1,Call,0,1,1,13.2,33.4,0,0.0,5.0,85.7,4.8,0,24,0
CUST-2757,55,Premium,West,Individual,0,Low,2,1,1,Chat,0,0,1,3.2,7.9,0,0.6,5.0,92.2,17.2,7,80,0
CUST-2758,69,Basic,North,Individual,2,Low,1,0,2,Email,0,0,1,76.8,90.8,1,0.0,2.5,81.7,-20.1,0,23,1
CUST-2759,47,Basic,South,Individual,1,High,1,0,1,Ticket,0,0,1,21.0,22.6,0,0.0,2.8,119.7,-0.5,6,25,0
CUST-2760,49,Basic,West,Individual,0,Medium,0,3,0,Call,0,2,0,44.6,96.1,0,22.1,2.8,60.7,-1.2,0,103,0
CUST-2761,33,Premium,West,Individual,1,Medium,0,0,1,Ticket,1,1,1,3.9,31.5,0,0.0,4.8,142.2,0.3,3,1,1
CUST-2762,21,Basic,South,Small Business,2,Medium,0,0,2,Ticket,1,0,1,30.0,55.8,0,0.0,3.0,138.3,-9.5,1,11,0
CUST-2763,22,Basic,South,Small Business,2,Medium,1,0,3,Ticket,0,0,0,18.2,40.6,0,0.0,1.9,119.0,-1.9,0,10,1
CUST-2764,48,Standard,West,Individual,2,Medium,0,0,2,Ticket,1,0,1,9.8,9.8,0,0.0,1.8,96.6,13.6,2,19,0
CUST-2765,37,Standard,South,Enterprise,1,Low,0,1,2,Email,0,1,0,4.8,5.9,0,0.3,3.5,59.8,-34.7,16,18,1
CUST-2766,15,Basic,East,Individual,0,Low,0,1,0,Email,0,0,1,8.3,21.7,0,1.8,5.0,55.8,5.1,0,92,0
CUST-2767,35,Standard,South,Individual,1,Low,1,1,1,Ticket,0,0,1,15.3,37.2,0,9.0,3.3,70.6,-12.3,2,8,0
CUST-2768,71,Basic,West,Individual,2,High,1,0,4,Chat,0,1,0,26.4,47.5,0,0.0,2.7,127.7,-8.8,0,10,1
CUST-2769,32,Premium,West,Individual,3,Medium,0,0,5,Ticket,0,0,1,11.5,22.8,0,0.0,1.8,128.9,-7.4,1,7,0
CUST-2770,11,Basic,North,Individual,0,Medium,0,0,0,Call,0,0,1,10.0,21.0,0,0.0,3.6,80.3,-24.9,1,71,0
CUST-2771,10,Basic,East,Individual,2,Low,0,0,2,Ticket,1,0,0,0.2,1.5,0,0.0,3.0,134.4,-12.4,3,18,0
CUST-2772,57,Standard,West,Individual,1,Low,0,0,1,Email,1,0,0,59.6,99.2,1,0.0,3.9,121.0,0.7,7,19,1
CUST-2773,25,Basic,East,Individual,1,Medium,0,0,2,Call,0,0,1,29.5,35.1,0,0.0,3.4,37.3,-16.8,2,9,0
CUST-2774,2,Standard,South,Small Business,0,Low,1,0,0,Call,0,0,1,109.9,113.4,1,0.0,4.2,80.8,-8.4,7,91,1
CUST-2775,64,Basic,West,Small Business,0,Medium,0,2,0,Email,1,0,1,50.6,64.2,1,4.9,4.0,84.4,-16.6,0,144,0
CUST-2776,35,Basic,North,Individual,0,Low,0,2,1,Email,1,0,1,39.8,40.1,0,0.3,2.0,130.0,-5.1,0,43,0
CUST-2777,7,Standard,West,Small Business,1,Medium,0,0,1,Call,0,1,1,1.2,49.9,0,0.0,3.6,111.9,-5.9,0,9,1
CUST-2778,18,Standard,North,Enterprise,2,Medium,0,0,2,Email,0,1,1,19.1,26.0,0,0.0,3.5,139.5,-4.7,2,18,1
CUST-2779,67,Standard,East,Small Business,2,Medium,0,1,3,Email,0,0,0,5.1,10.4,0,0.4,4.3,143.4,4.5,2,25,1
CUST-2780,42,Basic,North,Individual,0,Low,2,0,0,Ticket,0,0,1,42.7,45.1,0,0.0,3.9,129.8,-6.1,6,47,0
CUST-2781,39,Basic,South,Individual,0,Medium,0,0,0,Call,0,0,1,34.3,44.9,0,0.0,2.9,99.1,-10.0,24,134,0
CUST-2782,41,Basic,South,Small Business,0,Low,0,0,1,Email,0,0,1,3.7,11.1,0,0.0,1.7,102.6,-20.0,8,133,1
CUST-2783,24,Basic,South,Individual,3,High,0,2,3,Email,0,0,0,30.9,36.4,0,3.0,3.7,112.8,-8.6,8,14,0
CUST-2784,60,Standard,West,Individual,0,Medium,0,0,1,Call,0,0,1,86.7,88.9,1,0.0,2.8,92.3,-17.1,22,161,0
CUST-2785,46,Premium,South,Individual,1,Low,0,0,2,Ticket,1,0,0,8.8,14.8,0,0.0,3.4,19.5,-45.2,3,6,1
CUST-2786,19,Basic,South,Small Business,0,Medium,1,0,0,Email,1,0,1,9.1,34.8,0,0.0,4.2,120.8,-20.7,16,98,1
CUST-2787,68,Basic,West,Small Business,1,Medium,0,0,1,Ticket,0,0,0,0.5,24.2,0,0.0,3.5,111.6,-11.0,4,24,0
CUST-2788,42,Basic,East,Individual,1,Medium,1,1,1,Ticket,0,0,0,26.0,38.7,0,3.8,3.8,137.3,-8.0,5,28,1
CUST-2789,32,Basic,South,Individual,1,Low,0,0,1,Ticket,0,1,0,35.1,56.0,0,0.0,3.6,67.0,-18.0,0,16,1
CUST-2790,39,Basic,South,Enterprise,1,Low,1,0,2,Chat,0,0,0,1.0,15.2,0,0.0,2.7,72.1,-6.1,3,2,1
CUST-2791,36,Premium,West,Individual,1,High,1,0,1,Call,0,0,0,58.1,60.0,1,0.0,2.0,155.5,-13.8,18,2,0
CUST-2792,36,Standard,East,Individual,5,High,1,0,5,Chat,0,0,1,1.5,40.5,0,0.0,3.6,50.0,7.7,13,3,1
CUST-2793,3,Premium,East,Individual,0,Low,0,0,1,Call,0,0,0,16.8,27.2,0,0.0,4.6,66.7,-32.1,2,93,1
CUST-2794,8,Premium,East,Small Business,3,Low,0,0,4,Ticket,0,0,1,52.4,72.7,1,0.0,1.9,115.1,-8.0,4,25,0
CUST-2795,70,Standard,West,Small Business,1,Low,0,1,1,Ticket,0,0,0,52.7,83.9,1,4.0,2.2,47.8,-18.1,9,16,1
CUST-2796,41,Standard,North,Enterprise,3,Low,1,0,4,Ticket,0,0,0,2.9,34.6,0,0.0,3.3,64.5,3.1,1,9,0
CUST-2797,68,Basic,North,Individual,2,Low,1,2,2,Ticket,1,0,1,71.0,111.6,1,0.8,2.4,112.5,-8.2,1,8,1
CUST-2798,13,Standard,South,Individual,3,Low,1,0,3,Ticket,1,0,1,6.3,21.9,0,0.0,2.0,81.0,-13.7,0,10,0
CUST-2799,49,Premium,South,Individual,2,Medium,0,1,2,Chat,2,1,1,8.4,23.4,0,1.0,2.8,89.1,-4.7,0,24,1
CUST-2800,60,Basic,South,Small Business,2,Low,3,0,4,Ticket,0,0,1,22.5,26.6,0,0.0,3.3,108.0,9.3,11,23,0
CUST-2801,2,Premium,North,Individual,0,Medium,1,0,0,Ticket,1,1,1,2.4,8.0,0,0.0,4.3,121.7,-5.1,4,124,0
CUST-2802,60,Basic,West,Individual,1,Medium,1,0,4,Ticket,0,0,1,15.3,29.2,0,0.0,5.0,123.5,-0.4,3,15,0
CUST-2803,5,Premium,South,Small Business,2,Medium,0,0,2,Chat,0,1,1,33.9,38.2,0,0.0,4.4,103.1,0.5,0,5,0
CUST-2804,44,Premium,West,Individual,0,Medium,2,1,0,Email,0,0,1,13.7,20.4,0,1.7,2.7,105.8,-13.5,2,55,1
CUST-2805,27,Standard,South,Individual,1,Medium,1,0,1,Call,0,0,1,1.3,4.0,0,0.0,2.8,143.5,-16.4,23,23,1
CUST-2806,32,Standard,West,Small Business,0,Medium,0,0,1,Call,0,1,1,32.7,53.5,0,0.0,4.5,122.2,-9.7,3,57,0
CUST-2807,21,Standard,West,Individual,2,Medium,1,0,2,Email,0,0,0,5.5,20.5,0,0.0,3.3,125.1,-2.3,0,20,1
CUST-2808,8,Premium,North,Individual,2,Low,0,0,2,Email,0,0,1,32.8,52.1,0,0.0,4.2,105.6,-31.7,2,9,0
CUST-2809,50,Premium,West,Individual,2,Low,2,0,2,Chat,0,0,1,55.7,64.5,1,0.0,2.2,119.8,-14.1,0,15,1
CUST-2810,67,Standard,East,Individual,0,Medium,0,2,1,Call,1,0,0,28.1,48.1,0,1.4,3.8,122.4,-28.4,5,91,0
CUST-2811,44,Standard,North,Individual,0,Medium,0,0,0,Email,0,0,0,0.7,10.1,0,0.0,4.2,72.9,-15.6,2,129,1
CUST-2812,58,Standard,South,Small Business,0,High,1,0,2,Email,1,0,1,21.5,33.0,0,0.0,5.0,99.0,2.0,0,108,0
CUST-2813,3,Premium,North,Individual,0,Low,2,2,0,Chat,0,0,0,6.4,8.4,0,0.8,3.5,56.0,-41.7,9,76,0
CUST-2814,70,Standard,East,Enterprise,1,Low,1,0,3,Chat,0,0,0,4.4,5.0,0,0.0,4.5,135.2,-20.2,4,16,1
CUST-2815,2,Premium,East,Individual,3,Low,0,1,3,Ticket,0,0,1,28.6,49.1,0,1.7,2.5,38.7,-52.9,3,8,0
CUST-2816,44,Standard,West,Individual,1,Low,0,3,1,Email,2,0,1,6.8,40.0,0,3.6,3.7,114.0,-19.4,7,20,0
CUST-2817,2,Basic,East,Individual,0,Medium,1,0,0,Chat,0,0,1,3.1,9.8,0,0.0,3.1,132.1,-1.9,4,78,0
CUST-2818,35,Basic,East,Small Business,0,Medium,0,0,1,Call,0,0,1,3.7,31.9,0,0.0,3.8,58.6,27.8,0,165,0
CUST-2819,30,Standard,East,Individual,3,Medium,0,1,3,Chat,0,0,0,22.6,27.5,0,0.3,2.2,63.7,-6.2,1,6,0
CUST-2820,8,Basic,East,Small Business,1,Low,1,0,1,Call,0,0,0,12.2,32.0,0,0.0,3.8,102.4,-8.9,4,9,1
CUST-2821,22,Basic,South,Small Business,1,Medium,0,0,1,Ticket,0,0,1,4.7,17.8,0,0.0,2.5,55.8,8.6,0,5,0
CUST-2822,44,Standard,South,Enterprise,0,Medium,0,0,1,Email,0,0,1,1.7,2.2,0,0.0,2.8,101.9,12.0,1,84,0
CUST-2823,58,Basic,North,Small Business,0,Medium,1,4,0,Email,0,1,0,55.4,59.5,1,8.6,2.3,156.1,-0.0,4,106,1
CUST-2824,36,Basic,West,Individual,2,Medium,1,1,2,Chat,0,0,1,120.1,134.9,1,0.6,4.6,101.0,-12.0,12,21,0
CUST-2825,69,Standard,South,Small Business,2,Medium,0,0,3,Ticket,0,0,0,10.0,13.5,0,0.0,5.0,134.3,-3.9,6,23,0
CUST-2826,31,Premium,East,Enterprise,0,Low,0,0,0,Email,0,0,1,5.7,19.1,0,0.0,5.0,110.6,-10.1,3,113,0
CUST-2827,47,Standard,West,Enterprise,1,Medium,0,1,1,Chat,0,0,0,0.9,19.3,0,0.2,4.7,116.8,-21.6,1,24,1
CUST-2828,55,Premium,South,Individual,0,Medium,0,1,0,Chat,0,0,1,7.3,13.7,0,0.0,2.5,43.0,-21.7,1,110,0
CUST-2829,62,Standard,North,Small Business,1,Low,1,0,1,Chat,0,0,0,17.5,35.1,0,0.0,2.6,95.9,-23.0,7,4,1
CUST-2830,30,Basic,East,Individual,1,Low,0,0,1,Chat,1,1,1,14.9,30.3,0,0.0,4.4,121.0,5.6,13,16,1
CUST-2831,55,Standard,West,Individual,4,Low,0,1,5,Call,0,0,1,10.6,76.1,0,3.3,2.0,131.8,0.5,0,27,1
CUST-2832,16,Standard,South,Small Business,3,Low,2,1,4,Ticket,0,0,0,9.0,23.3,0,0.4,2.8,148.1,-4.3,5,14,1
CUST-2833,12,Basic,West,Enterprise,0,Medium,0,2,0,Call,1,0,0,76.5,81.4,1,2.9,2.5,80.3,17.7,6,166,1
CUST-2834,17,Basic,South,Individual,5,Low,0,0,5,Email,0,0,0,13.9,18.1,0,0.0,2.6,89.1,5.9,3,25,1
CUST-2835,16,Standard,North,Small Business,1,Low,1,0,2,Ticket,1,0,0,0.2,16.3,0,0.0,5.0,84.4,-15.9,2,27,1
CUST-2836,12,Basic,East,Individual,2,Low,0,0,3,Chat,0,0,0,24.0,25.7,0,0.0,4.4,80.2,-24.9,6,12,0
CUST-2837,8,Standard,North,Individual,2,Low,0,1,3,Email,0,0,0,17.5,21.4,0,2.0,3.4,111.7,4.1,3,14,1
CUST-2838,3,Basic,East,Individual,0,Medium,1,2,2,Chat,0,1,0,3.4,3.6,0,3.9,2.6,105.9,-8.5,3,124,0
CUST-2839,16,Standard,East,Individual,1,Medium,0,0,1,Email,2,1,1,24.6,35.4,0,0.0,2.2,124.7,-5.9,0,10,1
CUST-2840,30,Standard,West,Small Business,1,Low,1,0,1,Ticket,0,0,1,0.4,23.5,0,0.0,4.0,47.0,-27.3,4,29,1
CUST-2841,23,Basic,South,Individual,1,High,1,2,1,Ticket,0,1,1,25.9,36.6,0,0.4,2.8,83.8,-6.9,0,11,1
CUST-2842,5,Basic,North,Individual,0,Low,0,0,1,Call,0,0,0,3.2,8.3,0,0.0,3.9,149.1,-5.3,1,146,0
CUST-2843,65,Standard,North,Individual,0,Medium,0,0,0,Ticket,1,0,1,83.4,110.7,1,0.0,2.3,106.1,-14.0,0,35,1
CUST-2844,30,Premium,North,Individual,5,Medium,0,1,5,Email,0,0,0,14.3,24.3,0,5.7,1.9,92.1,25.0,14,28,1
CUST-2845,21,Premium,West,Enterprise,1,Medium,0,0,1,Ticket,0,1,0,0.2,17.8,0,0.0,3.1,118.1,-19.6,0,14,1
CUST-2846,70,Standard,West,Individual,0,High,0,1,0,Ticket,0,0,1,36.4,100.9,0,4.2,3.5,68.5,-14.8,3,109,0
CUST-2847,22,Standard,West,Individual,1,Medium,0,1,1,Ticket,0,0,1,34.8,60.0,0,3.0,5.0,138.6,3.1,4,27,0
CUST-2848,32,Basic,East,Small Business,2,High,0,1,3,Chat,0,0,1,28.8,57.3,0,0.6,2.5,90.2,-4.9,3,18,0
CUST-2849,33,Basic,North,Individual,0,Low,0,0,1,Chat,0,0,1,15.4,17.4,0,0.0,3.5,44.2,-38.0,5,54,0
CUST-2850,16,Basic,East,Small Business,2,Medium,0,2,2,Ticket,0,0,1,4.9,16.6,0,3.8,3.2,140.3,24.7,0,6,0
CUST-2851,38,Standard,North,Individual,1,Medium,0,0,2,Email,0,0,0,20.4,107.7,0,0.0,3.4,133.4,-8.2,13,25,1
CUST-2852,14,Basic,North,Individual,1,High,0,0,2,Ticket,0,0,1,37.7,43.5,0,0.0,5.0,87.4,-16.1,2,4,0
CUST-2853,36,Basic,South,Enterprise,0,High,0,0,0,Email,1,0,1,13.6,14.2,0,0.0,3.9,134.5,-21.6,2,126,0
CUST-2854,23,Standard,North,Small Business,0,High,0,0,1,Ticket,0,0,0,1.4,1.9,0,0.0,4.1,125.1,11.2,3,66,0
CUST-2855,66,Standard,West,Individual,1,Medium,0,0,2,Chat,0,0,0,74.0,131.7,1,0.0,2.3,145.3,-7.1,5,3,0
CUST-2856,2,Basic,West,Small Business,1,Low,0,0,2,Email,1,0,1,22.6,31.1,0,0.0,3.6,97.3,-7.4,0,10,1
CUST-2857,65,Basic,West,Enterprise,2,Low,0,1,3,Call,0,0,1,80.2,85.3,1,1.3,3.3,105.6,-31.6,2,7,0
CUST-2858,67,Standard,South,Individual,1,Low,1,0,1,Chat,0,0,0,4.1,15.0,0,0.0,4.3,149.9,-13.8,4,11,1
CUST-2859,52,Standard,South,Individual,0,Low,0,0,0,Chat,0,2,1,4.5,18.7,0,0.0,4.0,25.1,-55.5,3,177,0
CUST-2860,62,Standard,East,Individual,1,Low,2,1,1,Ticket,0,0,1,2.1,34.0,0,1.0,2.7,92.6,-20.3,0,17,1
CUST-2861,23,Basic,North,Individual,2,Low,0,2,3,Call,0,0,1,4.7,13.5,0,2.9,4.1,134.1,9.4,6,10,0
CUST-2862,26,Standard,North,Individual,2,Low,2,1,2,Email,0,0,1,2.3,31.1,0,2.3,3.0,67.1,-23.4,2,4,0
CUST-2863,68,Premium,West,Small Business,1,High,0,0,1,Call,0,1,0,6.4,10.9,0,0.0,4.3,105.2,-21.2,0,28,0
CUST-2864,55,Basic,West,Individual,1,Low,0,1,2,Ticket,1,0,1,17.4,29.3,0,8.4,3.0,86.9,-32.6,7,19,0
CUST-2865,6,Premium,West,Small Business,1,Low,0,1,3,Chat,0,0,0,34.3,57.1,0,1.0,2.2,63.1,-13.6,0,17,1
CUST-2866,35,Basic,West,Individual,1,Medium,0,1,1,Call,1,0,1,2.0,10.8,0,0.3,4.6,87.8,32.1,1,8,1
CUST-2867,22,Basic,West,Individual,2,Medium,0,1,2,Email,0,0,1,3.4,8.3,0,0.7,3.8,105.8,-4.3,6,20,1
CUST-2868,43,Standard,West,Small Business,1,Low,2,0,2,Email,0,1,0,6.8,31.7,0,0.0,5.0,126.7,-5.5,4,19,1
CUST-2869,15,Basic,North,Individual,1,Low,0,1,1,Chat,1,0,0,8.4,33.1,0,0.6,4.0,159.8,-6.2,4,17,0
CUST-2870,60,Basic,South,Individual,3,Low,1,0,3,Ticket,0,0,1,44.0,49.0,0,0.0,1.1,84.2,-38.2,3,15,0
CUST-2871,12,Standard,West,Individual,0,Low,1,0,0,Chat,0,1,1,5.1,19.1,0,0.0,3.6,116.9,-7.9,15,36,0
CUST-2872,49,Standard,North,Small Business,2,Low,0,0,2,Call,0,0,0,2.7,7.0,0,0.0,4.1,138.5,-2.5,0,3,0
CUST-2873,42,Premium,West,Individual,1,Medium,0,0,1,Ticket,1,0,1,41.4,75.4,0,0.0,4.0,111.2,-1.8,3,18,0
CUST-2874,38,Standard,East,Individual,0,Medium,1,0,1,Email,0,0,0,42.9,44.0,0,0.0,3.1,71.2,-15.6,17,104,0
CUST-2875,45,Basic,East,Enterprise,0,Medium,0,0,1,Ticket,3,0,0,30.8,38.0,0,0.0,2.0,134.6,-0.8,1,165,1
CUST-2876,35,Standard,North,Enterprise,4,Low,0,0,5,Ticket,1,0,1,9.6,25.4,0,0.0,1.7,143.2,7.9,0,21,0
CUST-2877,30,Standard,South,Individual,1,Low,1,0,1,Call,0,0,1,48.8,78.3,1,0.0,3.1,122.0,-7.7,3,1,0
CUST-2878,30,Premium,East,Individual,3,Low,1,2,4,Chat,0,0,1,11.6,35.4,0,0.5,3.0,88.2,-18.5,7,3,0
CUST-2879,6,Premium,East,Small Business,0,Low,0,1,0,Call,0,0,0,31.4,48.6,0,6.6,5.0,97.5,9.5,1,153,0
CUST-2880,67,Premium,South,Small Business,2,Medium,0,0,4,Email,0,1,1,11.4,50.5,0,0.0,2.7,39.9,-19.1,1,21,0
CUST-2881,7,Standard,East,Individual,0,High,0,2,1,Chat,0,0,0,13.2,13.5,0,2.3,2.8,107.9,-22.6,0,77,0
CUST-2882,52,Standard,West,Individual,2,Low,2,0,2,Ticket,1,0,1,39.4,97.7,0,0.0,2.5,132.0,15.6,2,8,1
CUST-2883,14,Basic,South,Small Business,0,High,0,0,0,Call,1,0,1,0.0,6.4,0,0.0,5.0,65.4,-5.1,10,171,1
CUST-2884,15,Premium,East,Enterprise,1,High,1,0,1,Ticket,2,0,1,6.4,27.1,0,0.0,4.8,101.6,-18.0,1,13,1
CUST-2885,21,Basic,South,Small Business,3,Low,0,0,3,Call,0,0,0,20.6,25.6,0,0.0,4.4,82.4,-6.7,1,1,1
CUST-2886,35,Basic,West,Individual,2,Low,0,0,3,Email,2,0,0,51.0,59.0,1,0.0,2.9,141.3,-6.7,10,16,1
CUST-2887,66,Basic,East,Individual,0,Low,1,0,0,Email,0,0,0,0.3,31.6,0,0.0,2.7,124.6,-12.7,13,134,0
CUST-2888,2,Standard,North,Small Business,0,Medium,0,0,0,Call,1,0,1,12.5,21.4,0,0.0,3.2,132.2,11.6,0,77,0
CUST-2889,35,Standard,East,Individual,2,Low,0,0,2,Email,0,1,0,14.5,47.0,0,0.0,4.9,102.0,8.9,3,25,0
CUST-2890,20,Standard,East,Individual,1,Low,0,0,1,Ticket,0,1,1,148.3,160.2,1,0.0,1.7,115.2,-13.6,1,8,1
CUST-2891,10,Premium,West,Individual,1,High,0,0,1,Chat,0,1,1,23.9,28.5,0,0.0,4.7,65.8,-22.3,0,5,0
CUST-2892,25,Premium,North,Individual,2,Low,2,0,2,Call,0,1,0,2.7,12.7,0,0.0,1.3,101.1,-1.0,3,13,0
CUST-2893,66,Basic,North,Individual,1,Low,0,2,2,Ticket,0,0,1,16.2,17.6,0,1.2,2.1,76.0,-31.8,7,2,1
CUST-2894,25,Basic,North,Small Business,3,Medium,0,0,3,Call,1,0,1,3.3,13.1,0,0.0,2.7,75.2,-13.3,0,10,0
CUST-2895,54,Premium,West,Small Business,1,High,0,0,1,Chat,1,0,1,25.9,49.1,0,0.0,3.5,67.3,4.3,1,16,0
CUST-2896,33,Premium,West,Enterprise,3,Low,0,0,4,Email,0,0,0,9.0,10.1,0,0.0,1.9,61.0,-25.6,4,9,1
CUST-2897,36,Standard,West,Small Business,0,Low,1,0,0,Chat,0,0,0,21.6,25.6,0,0.0,3.8,81.0,-11.3,11,64,1
CUST-2898,14,Standard,West,Individual,1,Medium,0,0,2,Chat,1,0,1,45.0,53.2,0,0.0,1.4,109.9,3.5,11,6,0
CUST-2899,65,Basic,West,Individual,0,Medium,0,0,0,Call,0,1,0,31.4,52.6,0,0.0,3.7,98.6,18.4,5,161,1
CUST-2900,54,Premium,North,Individual,2,High,0,0,3,Chat,1,0,1,31.9,52.7,0,0.0,2.4,153.5,-3.5,6,19,1
CUST-2901,52,Standard,South,Individual,1,Low,0,0,1,Email,0,0,0,6.6,39.3,0,0.0,2.7,135.8,4.2,0,17,0
CUST-2902,3,Standard,West,Enterprise,0,Medium,0,1,1,Call,0,0,1,17.9,20.2,0,2.0,3.3,119.3,-9.5,5,65,0
CUST-2903,41,Basic,South,Individual,0,Low,0,2,1,Email,1,0,1,4.2,6.7,0,5.9,3.9,112.1,-14.5,2,173,0
CUST-2904,6,Premium,East,Individual,3,High,0,0,3,Chat,0,0,1,5.0,21.6,0,0.0,4.2,85.9,32.4,6,6,0
CUST-2905,25,Standard,East,Individual,2,Low,1,0,3,Chat,0,0,1,24.6,27.6,0,0.0,3.0,133.3,-4.6,0,19,1
CUST-2906,13,Basic,West,Individual,2,Low,0,0,3,Email,0,0,0,10.4,18.5,0,0.0,4.0,87.0,-32.8,4,1,0
CUST-2907,8,Standard,East,Small Business,2,Low,1,0,2,Call,1,0,0,43.9,55.5,0,0.0,1.7,114.9,-9.4,2,1,1
CUST-2908,21,Standard,South,Individual,1,Low,0,0,1,Chat,0,0,0,13.4,17.8,0,0.0,3.3,150.9,-2.4,2,22,1
CUST-2909,68,Standard,East,Individual,2,Low,0,0,2,Ticket,1,1,1,1.4,19.1,0,0.0,4.4,71.1,-15.6,0,28,0
CUST-2910,25,Standard,East,Individual,0,Low,0,0,0,Chat,0,0,0,10.7,40.0,0,0.0,3.8,78.4,-22.0,5,82,1
CUST-2911,68,Standard,South,Enterprise,2,Low,0,0,2,Chat,1,0,1,2.9,3.1,0,0.0,2.3,62.0,-18.8,6,10,0
CUST-2912,45,Premium,East,Individual,0,Low,1,3,0,Ticket,2,0,1,104.0,109.1,1,5.2,3.8,51.4,34.8,0,129,1
CUST-2913,60,Basic,West,Individual,1,Medium,0,0,1,Call,0,0,1,0.5,19.2,0,0.0,2.7,102.3,-3.0,3,28,0
CUST-2914,12,Basic,South,Individual,0,Low,0,0,0,Call,1,0,1,16.5,21.3,0,0.0,5.0,123.9,-0.0,7,148,0
CUST-2915,32,Basic,South,Individual,2,Medium,0,2,2,Chat,0,0,1,9.1,20.2,0,0.6,3.2,127.3,-10.6,1,22,1
CUST-2916,13,Standard,North,Individual,0,Medium,0,2,0,Ticket,1,0,0,18.7,39.9,0,5.6,2.9,83.5,-11.0,0,83,0
CUST-2917,31,Standard,North,Small Business,1,Low,0,1,2,Call,0,0,0,15.5,21.8,0,0.4,3.6,122.0,-14.9,12,2,1
CUST-2918,20,Premium,South,Small Business,1,Low,0,0,2,Ticket,0,0,1,50.0,73.3,1,0.0,5.0,139.5,6.4,7,2,0
CUST-2919,18,Standard,South,Small Business,0,Medium,0,0,0,Ticket,0,0,1,4.0,29.4,0,0.0,3.5,135.6,-18.2,1,124,0
CUST-2920,60,Standard,North,Individual,2,Low,0,2,3,Ticket,0,0,1,2.5,73.4,0,2.5,3.2,61.9,-37.9,6,28,0
CUST-2921,63,Premium,West,Individual,1,Low,0,0,1,Ticket,1,0,1,40.9,49.4,0,0.0,2.5,85.2,21.8,0,11,1
CUST-2922,6,Basic,East,Individual,2,Low,0,0,2,Email,0,0,0,53.7,63.4,1,0.0,4.0,102.5,-17.9,8,27,0
CUST-2923,32,Premium,East,Individual,1,Low,0,1,1,Chat,0,0,1,8.8,31.7,0,0.3,3.5,85.4,-0.8,2,6,1
CUST-2924,43,Standard,East,Individual,1,Low,0,0,4,Email,0,0,1,62.6,93.0,1,0.0,2.8,73.0,-11.9,1,4,0
CUST-2925,2,Standard,South,Individual,0,High,0,1,1,Ticket,1,0,0,8.4,19.0,0,3.1,4.6,143.9,-3.4,1,118,1
CUST-2926,60,Standard,West,Small Business,0,High,1,1,0,Call,0,1,0,17.6,17.9,0,4.0,3.5,86.9,-24.8,2,107,1
CUST-2927,23,Standard,North,Small Business,0,High,2,0,0,Call,0,0,0,22.0,31.2,0,0.0,5.0,88.0,-7.0,5,69,0
CUST-2928,31,Basic,West,Small Business,1,Low,0,0,1,Email,0,0,1,102.1,106.0,1,0.0,1.2,124.7,6.0,7,2,0
CUST-2929,5,Standard,West,Small Business,1,High,1,1,2,Ticket,1,1,1,3.7,5.3,0,0.3,3.5,80.7,-8.9,0,22,1
CUST-2930,34,Standard,East,Individual,1,Medium,0,0,1,Ticket,0,0,1,7.0,13.2,0,0.0,3.1,93.5,33.6,14,22,0
CUST-2931,10,Premium,North,Individual,1,Medium,1,0,3,Call,0,0,0,15.8,23.3,0,0.0,2.9,65.5,29.3,9,23,0
CUST-2932,2,Standard,West,Individual,0,Medium,0,0,0,Chat,0,1,1,4.8,64.8,0,0.0,5.0,128.9,-14.3,16,77,1
CUST-2933,11,Premium,North,Individual,2,Low,1,1,2,Email,1,0,1,17.4,26.5,0,3.2,3.4,112.6,-8.6,1,11,1
CUST-2934,50,Standard,South,Individual,0,High,1,0,0,Email,0,0,0,30.1,81.5,0,0.0,3.8,160.4,0.9,0,175,0
CUST-2935,31,Standard,East,Individual,0,Low,0,0,0,Chat,0,0,1,42.3,62.1,0,0.0,5.0,104.0,-11.3,10,138,0
CUST-2936,56,Standard,North,Individual,0,High,1,1,0,Ticket,0,0,1,8.2,12.6,0,1.0,3.9,148.8,8.5,0,122,0
CUST-2937,9,Standard,South,Small Business,1,Low,0,0,1,Call,0,0,0,3.8,21.9,0,0.0,3.1,102.0,30.7,2,27,1
CUST-2938,21,Premium,South,Small Business,0,High,0,0,0,Email,0,0,1,23.1,30.9,0,0.0,4.2,119.8,-8.4,2,39,1
CUST-2939,28,Standard,South,Individual,1,Low,0,0,1,Email,0,0,0,23.2,36.2,0,0.0,1.0,120.1,-19.8,1,11,1
CUST-2940,62,Standard,West,Individual,1,Low,1,0,1,Ticket,1,0,0,11.5,22.5,0,0.0,4.1,123.9,5.1,1,22,1
CUST-2941,7,Basic,West,Individual,1,Medium,0,0,3,Chat,0,1,0,18.0,58.3,0,0.0,3.0,118.3,-5.6,5,23,1
CUST-2942,16,Standard,East,Small Business,2,Medium,0,0,3,Call,0,1,0,32.0,34.1,0,0.0,1.7,111.1,-15.5,1,25,1
CUST-2943,4,Basic,East,Individual,0,Medium,0,2,1,Ticket,1,0,1,26.4,35.2,0,3.4,3.8,109.2,-16.0,0,170,0
CUST-2944,4,Standard,South,Small Business,1,Low,0,0,1,Email,0,0,1,22.4,23.6,0,0.0,3.8,129.9,-12.6,2,10,1
CUST-2945,40,Basic,East,Individual,1,Low,0,1,1,Call,0,1,1,21.7,26.1,0,0.5,5.0,97.5,7.0,3,24,0
CUST-2946,17,Basic,West,Individual,3,Low,0,2,3,Ticket,0,0,1,25.8,27.0,0,11.8,1.9,93.7,-11.6,0,19,1
CUST-2947,52,Basic,East,Individual,3,Low,0,0,3,Email,0,0,0,18.7,60.6,0,0.0,3.1,81.3,2.6,23,18,1
CUST-2948,52,Basic,North,Individual,2,Medium,0,0,3,Call,1,0,1,1.8,7.4,0,0.0,3.6,95.5,6.5,6,28,0
CUST-2949,36,Basic,West,Individual,3,Low,1,1,4,Ticket,0,0,1,17.5,40.3,0,5.6,3.1,122.4,-8.8,0,24,0
CUST-2950,38,Premium,South,Small Business,4,Low,1,0,4,Email,0,0,0,44.1,64.8,0,0.0,2.8,104.9,-0.4,0,27,1
CUST-2951,50,Standard,South,Individual,0,High,0,1,1,Call,0,0,0,0.8,3.0,0,0.7,4.0,132.9,-9.4,23,65,0
CUST-2952,63,Standard,East,Individual,1,Low,1,0,1,Call,0,0,0,10.2,12.5,0,0.0,2.2,87.1,-4.7,4,12,1
CUST-2953,63,Standard,West,Enterprise,1,Medium,1,0,1,Email,0,0,1,10.0,17.1,0,0.0,4.3,92.3,-14.1,4,2,0
CUST-2954,62,Basic,South,Individual,0,Low,0,0,1,Call,0,1,0,5.9,18.5,0,0.0,4.8,69.6,-27.9,1,133,1
CUST-2955,7,Premium,South,Individual,1,Low,2,0,3,Call,0,0,0,17.1,25.4,0,0.0,3.0,121.7,-5.0,10,8,0
CUST-2956,27,Basic,West,Individual,0,Medium,0,1,1,Chat,0,0,1,3.7,25.7,0,1.1,3.6,43.7,6.7,0,170,1
CUST-2957,14,Basic,West,Small Business,0,Low,1,2,1,Chat,3,0,1,49.6,61.1,1,4.3,3.1,140.3,-15.2,7,173,1
CUST-2958,71,Standard,South,Small Business,2,Medium,0,0,2,Chat,0,0,1,3.4,35.4,0,0.0,1.3,132.6,-14.0,0,28,1
CUST-2959,5,Basic,East,Individual,0,High,0,0,2,Ticket,0,0,0,67.1,80.5,1,0.0,4.3,145.5,-11.1,8,82,1
CUST-2960,55,Standard,East,Enterprise,1,Medium,3,0,1,Ticket,1,1,1,0.2,13.7,0,0.0,3.3,110.7,-6.1,1,12,1
CUST-2961,2,Basic,East,Small Business,2,High,1,2,3,Chat,0,0,0,13.4,29.6,0,11.8,3.8,173.3,4.2,18,25,1
CUST-2962,62,Standard,North,Individual,1,Medium,1,0,3,Call,1,0,1,0.7,14.6,0,0.0,3.7,133.7,-11.5,1,22,0
CUST-2963,21,Standard,West,Small Business,2,Low,0,1,3,Email,0,0,1,41.9,56.1,0,2.1,2.2,129.7,-6.3,4,15,0
CUST-2964,21,Basic,South,Individual,1,Low,0,0,1,Ticket,0,0,1,32.1,41.0,0,0.0,3.1,113.3,-3.3,10,14,0
CUST-2965,10,Standard,North,Small Business,1,Medium,0,0,1,Email,0,2,1,5.1,6.5,0,0.0,3.7,59.9,-15.6,2,18,0
CUST-2966,58,Basic,East,Individual,2,Medium,0,0,3,Chat,0,0,1,3.0,9.9,0,0.0,1.7,100.3,-3.3,3,23,1
CUST-2967,39,Standard,North,Small Business,0,Low,0,0,0,Email,2,0,0,4.8,26.7,0,0.0,5.0,90.3,-20.3,14,111,1
CUST-2968,5,Basic,South,Individual,1,Low,1,1,2,Email,0,1,1,1.6,2.2,0,0.7,3.8,95.2,-12.1,0,14,1
CUST-2969,65,Standard,South,Small Business,0,Low,0,0,0,Call,1,1,0,5.4,23.0,0,0.0,2.9,98.2,-26.3,3,166,1
CUST-2970,13,Standard,West,Individual,0,Low,0,0,0,Call,0,0,1,1.4,60.7,0,0.0,3.0,122.8,-19.3,2,165,0
CUST-2971,53,Basic,East,Small Business,3,Low,0,0,3,Email,1,0,0,38.3,46.9,0,0.0,2.4,103.5,0.3,3,3,1
CUST-2972,45,Premium,East,Individual,1,Medium,0,0,1,Call,1,2,0,38.4,41.9,0,0.0,3.3,67.1,20.2,1,8,1
CUST-2973,32,Premium,North,Enterprise,0,Low,2,0,0,Chat,0,0,1,15.9,16.3,0,0.0,3.0,57.0,-23.9,0,176,0
CUST-2974,36,Standard,East,Small Business,3,Medium,1,0,5,Chat,1,0,0,50.5,79.4,1,0.0,3.2,120.8,-8.6,1,2,1
CUST-2975,60,Standard,North,Individual,2,Medium,0,3,2,Email,0,0,0,8.6,11.0,0,22.3,3.3,74.8,-25.5,0,18,1
CUST-2976,11,Basic,South,Enterprise,0,Low,0,1,0,Ticket,0,0,1,3.9,4.6,0,2.1,4.9,46.2,2.2,0,44,0
CUST-2977,63,Standard,South,Individual,1,Low,0,2,1,Email,1,0,0,7.3,17.2,0,2.8,1.9,101.5,6.3,1,12,1
CUST-2978,21,Basic,South,Small Business,1,Low,4,1,1,Ticket,0,1,0,2.6,9.9,0,5.4,4.4,116.5,-12.5,1,18,0
CUST-2979,52,Basic,South,Small Business,2,Medium,0,1,3,Ticket,0,1,1,34.6,82.8,0,3.0,4.2,102.2,-23.6,2,3,1
CUST-2980,55,Premium,South,Individual,0,Medium,0,2,0,Ticket,0,1,1,28.6,37.9,0,3.0,5.0,81.3,4.5,11,148,0
CUST-2981,26,Standard,North,Enterprise,1,Low,1,3,2,Chat,0,0,0,4.2,31.3,0,0.0,5.0,152.9,-5.3,4,25,1
CUST-2982,68,Standard,South,Individual,2,Low,1,0,2,Email,1,1,1,15.8,56.1,0,0.0,2.6,64.9,-27.8,11,22,0
CUST-2983,34,Basic,North,Individual,2,Low,0,0,3,Ticket,0,0,1,6.6,9.6,0,0.0,3.1,113.8,-13.0,0,15,0
CUST-2984,52,Standard,South,Small Business,2,Medium,0,0,2,Email,1,1,1,2.8,9.2,0,0.0,5.0,116.5,-3.2,2,16,1
CUST-2985,52,Basic,North,Small Business,2,Low,0,0,2,Call,0,1,1,5.6,44.1,0,0.0,1.8,107.4,-14.7,2,12,1
CUST-2986,29,Basic,North,Individual,2,Medium,0,0,2,Call,0,0,1,18.3,30.5,0,0.0,4.5,113.7,-14.5,0,9,0
CUST-2987,38,Basic,North,Individual,0,Medium,1,1,0,Ticket,0,0,1,21.0,26.9,0,4.6,4.3,130.2,-8.3,12,98,1
CUST-2988,42,Standard,East,Small Business,1,Low,0,1,2,Chat,0,0,1,4.1,15.2,0,9.0,3.8,81.9,-8.3,1,29,0
CUST-2989,21,Standard,North,Individual,2,Medium,1,0,2,Chat,0,0,1,29.7,49.4,0,0.0,3.6,114.9,-9.9,7,1,1
CUST-2990,42,Basic,North,Enterprise,0,Low,0,0,0,Ticket,0,0,1,17.1,31.6,0,0.0,3.0,95.6,2.6,3,124,1
CUST-2991,13,Standard,South,Small Business,1,Low,0,0,1,Chat,0,2,0,11.2,51.9,0,0.0,3.8,76.1,-8.1,2,2,0
CUST-2992,64,Basic,North,Individual,0,Low,0,1,1,Chat,0,0,1,20.8,70.2,0,2.7,2.8,68.3,-18.5,9,59,0
CUST-2993,17,Standard,North,Individual,3,Low,1,0,4,Ticket,0,0,0,8.1,26.8,0,0.0,3.3,91.2,-22.9,2,13,1
CUST-2994,9,Premium,West,Individual,2,Low,0,0,2,Chat,0,0,1,6.1,22.5,0,0.0,2.5,112.6,2.5,0,15,0
CUST-2995,41,Standard,East,Individual,1,Medium,0,1,2,Call,0,1,1,52.2,52.4,1,2.2,4.0,93.7,-15.8,3,28,1
CUST-2996,1,Premium,West,Small Business,0,High,0,2,0,Email,1,0,0,45.9,68.9,0,1.3,3.3,117.1,3.1,1,168,1
CUST-2997,2,Premium,South,Enterprise,1,Medium,0,0,1,Ticket,0,0,1,12.9,23.3,0,0.0,3.7,119.7,-15.0,2,19,1
CUST-2998,60,Standard,East,Individual,1,Low,1,0,1,Chat,0,0,0,18.5,49.7,0,0.0,2.5,94.6,-23.4,2,14,0
CUST-2999,48,Standard,East,Individual,2,High,1,0,2,Chat,1,0,1,21.4,62.0,0,0.0,1.7,114.9,6.2,11,24,0
CUST-3000,29,Premium,West,Individual,1,Low,0,0,2,Ticket,0,0,1,21.3,28.2,0,0.0,2.4,170.7,-0.9,10,23,0
CUST-3001,10,Basic,East,Small Business,0,Low,1,1,0,Call,0,0,0,15.0,50.4,0,1.7,2.7,130.9,1.5,13,56,1
CUST-3002,58,Basic,West,Small Business,1,Low,0,0,2,Call,0,0,1,7.5,23.7,0,0.0,4.8,49.0,-14.0,4,6,0
CUST-3003,60,Premium,North,Small Business,0,Medium,0,0,2,Call,0,1,1,44.1,52.4,0,0.0,3.9,156.1,-2.0,4,58,0
CUST-3004,21,Standard,West,Individual,0,Low,0,2,1,Call,0,1,0,16.5,17.3,0,4.5,3.2,121.7,-17.0,3,48,1
CUST-3005,28,Basic,East,Small Business,1,Medium,0,0,1,Email,1,0,1,47.6,67.9,0,0.0,2.5,74.6,-16.0,6,8,0
CUST-3006,34,Standard,East,Individual,1,Low,0,1,1,Ticket,0,0,1,35.3,68.8,0,0.2,2.6,85.9,-15.1,12,26,1
CUST-3007,8,Standard,South,Small Business,3,Medium,0,0,3,Email,0,0,1,21.0,34.1,0,0.0,4.6,136.7,-4.2,0,24,0
CUST-3008,59,Standard,South,Small Business,3,Medium,0,0,3,Call,0,0,1,24.8,32.5,0,0.0,4.4,117.2,-13.5,1,17,1
CUST-3009,49,Standard,South,Small Business,2,Medium,0,1,5,Call,0,0,0,48.4,57.4,1,0.2,3.1,120.5,-18.2,0,13,1
CUST-3010,17,Standard,South,Individual,2,High,2,0,2,Ticket,0,0,0,20.0,38.4,0,0.0,4.3,73.6,-5.0,2,7,1
CUST-3011,60,Standard,East,Small Business,2,Medium,0,1,2,Chat,1,0,1,12.6,15.9,0,1.3,5.0,93.5,-19.5,9,27,1
CUST-3012,45,Standard,South,Individual,0,Low,0,0,1,Ticket,0,0,1,11.7,15.1,0,0.0,2.5,86.7,6.7,3,119,0
CUST-3013,69,Standard,West,Small Business,3,Medium,0,1,5,Email,0,0,1,78.1,84.5,1,1.5,3.3,124.3,-27.4,11,14,0
CUST-3014,32,Standard,North,Individual,0,Low,1,0,0,Chat,0,0,1,27.9,28.3,0,0.0,3.5,102.2,1.3,9,137,1
CUST-3015,44,Standard,East,Individual,1,High,0,1,1,Call,2,0,0,22.3,38.8,0,0.3,2.8,103.7,-21.7,0,20,0
CUST-3016,65,Basic,South,Individual,1,Medium,0,1,2,Ticket,0,1,0,2.0,10.9,0,0.5,4.1,104.5,0.3,1,28,1
CUST-3017,8,Standard,East,Small Business,0,Low,0,2,0,Chat,0,0,0,17.7,51.4,0,2.9,4.2,91.2,-12.3,4,107,1
CUST-3018,43,Premium,South,Individual,1,Medium,0,0,2,Ticket,0,1,1,4.2,19.8,0,0.0,3.0,63.8,-25.0,2,22,0
CUST-3019,1,Basic,East,Small Business,1,Low,1,1,1,Call,1,0,0,9.9,28.2,0,1.0,3.9,122.9,-16.0,4,4,0
CUST-3020,51,Basic,South,Small Business,1,Low,0,0,2,Email,0,2,1,16.3,33.0,0,0.0,3.3,115.8,-11.6,4,11,0
CUST-3021,24,Standard,North,Small Business,2,Medium,0,0,2,Chat,0,0,0,0.2,8.3,0,0.0,3.9,98.6,-19.2,0,2,1
CUST-3022,24,Premium,South,Individual,0,Low,1,0,2,Chat,1,0,1,39.7,80.1,0,0.0,4.2,99.3,13.1,2,33,0
CUST-3023,17,Basic,West,Small Business,2,High,0,0,2,Chat,0,1,0,11.5,48.4,0,0.0,4.3,89.0,-11.5,2,2,0
CUST-3024,5,Basic,East,Individual,0,Low,0,2,0,Email,0,0,0,19.5,29.4,0,0.3,5.0,131.0,-19.1,11,52,0
CUST-3025,20,Basic,East,Individual,2,Medium,0,1,2,Email,0,1,1,4.5,27.2,0,3.8,2.0,107.1,-17.7,6,16,1
CUST-3026,21,Standard,West,Individual,0,Medium,0,2,0,Chat,0,0,0,24.2,87.3,0,5.8,5.0,82.6,-9.4,1,149,0
CUST-3027,58,Basic,West,Individual,0,High,0,1,0,Chat,0,0,1,7.4,13.5,0,2.4,3.2,108.9,-10.7,4,163,0
CUST-3028,31,Basic,North,Individual,0,Low,0,2,0,Chat,0,0,1,14.5,29.2,0,11.6,3.1,72.3,1.5,2,157,0
CUST-3029,11,Standard,East,Individual,0,Low,0,0,0,Call,0,0,1,7.8,20.5,0,0.0,5.0,91.0,29.9,11,150,0
CUST-3030,52,Premium,North,Individual,1,Medium,0,0,3,Ticket,0,0,1,20.7,32.4,0,0.0,3.1,105.9,-17.8,0,12,1
CUST-3031,15,Standard,East,Individual,2,Medium,1,0,2,Call,0,0,1,38.0,78.6,0,0.0,1.0,113.3,-13.2,28,25,0
CUST-3032,7,Basic,East,Individual,3,Low,0,0,3,Call,0,0,0,20.5,22.5,0,0.0,1.1,82.0,-14.7,0,6,0
CUST-3033,28,Standard,North,Individual,0,Medium,0,2,0,Email,0,1,1,3.9,14.8,0,2.3,4.2,87.4,20.6,4,68,1
CUST-3034,51,Premium,East,Enterprise,0,High,0,0,1,Chat,0,0,1,5.7,6.1,0,0.0,3.4,101.0,-6.0,1,123,1
CUST-3035,58,Standard,East,Individual,0,Medium,2,0,0,Call,1,0,1,14.8,20.3,0,0.0,3.5,68.0,27.5,3,159,1
CUST-3036,5,Premium,North,Individual,2,Medium,1,0,2,Chat,0,0,1,6.3,23.2,0,0.0,3.1,72.0,45.8,1,27,0
CUST-3037,5,Premium,South,Individual,2,Medium,0,0,2,Email,1,0,0,4.3,27.1,0,0.0,2.1,91.8,-0.5,2,28,1
CUST-3038,8,Basic,North,Individual,0,Low,0,0,0,Call,1,1,0,1.0,29.8,0,0.0,5.0,65.5,-35.1,1,107,1
CUST-3039,64,Standard,East,Individual,0,High,0,1,1,Chat,0,0,1,2.2,3.4,0,2.5,5.0,95.0,-13.6,0,84,1
CUST-3040,10,Basic,West,Individual,1,Medium,0,1,1,Email,1,0,0,16.6,19.7,0,3.1,5.0,104.7,-5.2,4,11,0
CUST-3041,38,Standard,South,Enterprise,3,Low,0,1,4,Email,0,0,0,4.3,12.0,0,2.0,2.1,66.8,-5.6,10,8,0
CUST-3042,8,Basic,West,Small Business,0,Low,0,0,0,Call,0,0,1,13.8,21.0,0,0.0,3.4,102.6,-1.6,4,54,0
CUST-3043,25,Basic,South,Small Business,1,Low,1,1,1,Email,2,0,0,20.5,24.9,0,0.1,2.8,52.4,-35.6,3,9,1
CUST-3044,66,Premium,West,Enterprise,1,Medium,0,0,2,Ticket,0,1,1,5.8,47.2,0,0.0,3.3,98.9,-8.9,0,14,0
CUST-3045,50,Basic,South,Enterprise,1,Medium,1,0,1,Email,0,0,1,59.7,71.2,1,0.0,4.5,98.0,-25.7,3,20,0
CUST-3046,67,Premium,North,Small Business,3,High,0,0,3,Call,0,0,1,5.9,22.0,0,0.0,2.1,96.1,-9.1,6,29,1
CUST-3047,49,Basic,South,Small Business,1,High,1,0,1,Chat,0,0,1,3.5,24.3,0,0.0,3.2,141.6,-22.0,0,5,0
CUST-3048,36,Basic,South,Individual,3,Low,0,1,3,Ticket,1,0,0,12.2,24.0,0,0.6,3.7,137.4,-15.5,7,1,1
CUST-3049,68,Premium,South,Individual,5,Medium,1,1,6,Email,0,0,1,11.7,38.6,0,1.6,1.3,61.7,-13.3,3,21,0
CUST-3050,41,Standard,East,Individual,0,Medium,1,2,0,Chat,0,0,1,39.1,101.9,0,0.0,4.1,108.6,2.2,7,46,0
CUST-3051,62,Standard,West,Individual,1,Low,0,0,1,Chat,0,0,1,1.0,8.4,0,0.0,3.4,82.3,-14.9,0,23,1
CUST-3052,10,Basic,North,Enterprise,3,Medium,0,0,3,Chat,0,0,1,6.4,21.8,0,0.0,4.7,123.8,5.5,1,11,1
CUST-3053,21,Standard,West,Individual,1,Low,1,3,2,Call,0,0,0,42.3,48.0,0,0.7,5.0,86.9,-13.1,2,28,1
CUST-3054,36,Standard,West,Small Business,0,Low,1,0,0,Email,1,0,1,28.4,29.5,0,0.0,4.4,118.6,-23.8,3,69,0
CUST-3055,12,Standard,North,Individual,1,Low,1,0,2,Ticket,0,0,1,0.1,0.5,0,0.0,4.1,111.0,-17.6,25,27,0
CUST-3056,2,Standard,East,Individual,0,Medium,0,0,1,Call,0,2,0,15.0,19.0,0,0.0,4.1,89.3,-3.6,21,136,0
CUST-3057,13,Premium,South,Individual,1,Medium,1,0,1,Chat,1,0,0,5.6,8.3,0,0.0,3.6,90.4,-4.2,3,9,0
CUST-3058,53,Standard,East,Individual,0,Medium,0,1,0,Email,0,1,1,88.9,108.1,1,3.9,4.7,113.1,-12.9,1,34,0
CUST-3059,32,Premium,East,Individual,0,Medium,2,0,0,Chat,0,0,1,82.2,91.5,1,0.0,4.0,106.6,-3.1,5,113,1
CUST-3060,16,Standard,South,Individual,1,Low,0,0,2,Ticket,0,1,0,52.4,64.1,1,0.0,5.0,63.2,-20.9,1,2,0
CUST-3061,32,Standard,West,Individual,1,Low,0,3,1,Chat,0,0,0,0.2,1.5,0,0.4,3.3,156.5,-1.2,1,5,1
CUST-3062,32,Basic,South,Individual,4,Low,2,0,5,Call,0,2,0,47.1,47.4,0,0.0,3.2,118.9,0.6,3,27,0
CUST-3063,11,Basic,North,Small Business,3,Low,0,0,5,Call,0,1,0,7.9,16.5,0,0.0,2.5,105.7,-1.1,14,9,1
CUST-3064,10,Premium,South,Individual,2,High,0,1,3,Ticket,0,1,0,20.5,25.0,0,2.7,4.5,121.9,-16.3,0,26,1
CUST-3065,15,Basic,West,Individual,4,Medium,0,2,5,Ticket,0,0,0,11.9,26.5,0,2.3,1.7,67.3,-18.1,5,20,1
CUST-3066,17,Basic,East,Individual,1,Low,2,0,2,Email,0,0,0,8.8,19.5,0,0.0,3.8,63.7,-21.3,10,1,0
CUST-3067,40,Basic,East,Individual,0,Low,1,1,1,Email,1,0,1,6.8,33.2,0,1.7,3.7,56.0,-39.0,6,175,0
CUST-3068,18,Basic,South,Individual,1,Medium,0,0,1,Chat,1,0,1,11.2,38.5,0,0.0,3.6,42.3,-5.3,3,25,0
CUST-3069,55,Premium,North,Individual,0,Medium,0,1,1,Chat,1,0,1,7.0,18.6,0,0.5,2.4,104.4,12.8,9,34,0
CUST-3070,25,Premium,West,Individual,0,Medium,0,1,1,Ticket,1,0,1,52.1,87.7,1,0.7,4.6,89.3,-14.5,7,151,1
CUST-3071,59,Standard,East,Small Business,0,Low,0,1,1,Ticket,0,0,1,11.5,52.0,0,9.7,1.5,106.0,-13.2,6,153,1
CUST-3072,22,Basic,South,Individual,1,Medium,0,0,1,Ticket,0,0,1,57.9,62.1,1,0.0,3.5,97.7,-14.2,0,11,0
CUST-3073,30,Standard,North,Individual,0,Low,0,2,0,Chat,1,0,0,9.3,66.2,0,1.5,2.2,135.1,-3.9,6,126,1
CUST-3074,44,Standard,North,Individual,1,Medium,1,0,3,Call,0,0,0,6.0,70.0,0,0.0,3.1,98.5,-18.9,0,1,0
CUST-3075,32,Premium,East,Individual,1,Low,1,1,3,Ticket,0,0,1,33.1,34.1,0,1.2,3.0,53.8,-31.9,11,22,1
CUST-3076,51,Standard,East,Individual,3,Low,0,1,5,Ticket,0,0,1,14.7,14.7,0,3.1,2.5,82.5,-24.2,5,2,0
CUST-3077,46,Basic,West,Small Business,0,Medium,0,1,0,Email,0,0,0,3.6,4.5,0,2.3,5.0,172.1,-7.4,10,45,1
CUST-3078,21,Standard,North,Small Business,1,Low,0,1,2,Call,0,1,0,52.6,59.1,1,1.6,4.3,73.3,-6.4,0,23,1
CUST-3079,32,Premium,West,Individual,1,Medium,0,0,1,Call,0,0,0,65.5,90.2,1,0.0,3.5,116.1,-13.2,4,7,1
CUST-3080,39,Standard,North,Enterprise,3,Low,0,2,3,Chat,0,0,0,23.3,33.8,0,1.2,3.2,132.7,-1.6,0,29,0
CUST-3081,12,Standard,North,Individual,3,Low,0,0,4,Ticket,1,0,0,71.4,76.7,1,0.0,1.4,108.9,-13.4,0,20,1
CUST-3082,47,Basic,South,Small Business,1,High,0,0,1,Chat,0,0,1,22.4,23.3,0,0.0,1.0,58.6,-26.8,2,17,0
CUST-3083,18,Standard,East,Small Business,1,Low,0,2,1,Chat,0,0,0,19.5,27.1,0,2.4,4.9,96.6,-6.8,1,14,0
CUST-3084,21,Standard,North,Small Business,3,Low,0,0,4,Call,1,0,0,35.0,35.5,0,0.0,3.1,53.2,-1.3,8,23,1
CUST-3085,13,Basic,West,Individual,0,Low,0,0,0,Chat,1,0,0,1.4,4.2,0,0.0,5.0,125.4,15.3,3,72,1
CUST-3086,21,Standard,East,Individual,3,High,0,1,3,Ticket,0,0,1,11.7,43.3,0,1.3,3.2,100.5,-25.8,11,21,0
CUST-3087,8,Basic,West,Individual,1,Medium,0,0,1,Call,0,0,0,11.3,32.8,0,0.0,3.8,155.2,13.0,15,9,1
CUST-3088,46,Basic,East,Individual,1,High,0,0,1,Call,0,0,1,19.4,101.2,0,0.0,3.4,117.7,-9.7,10,3,0
CUST-3089,7,Basic,East,Individual,2,Medium,0,1,2,Ticket,0,0,0,8.5,42.3,0,1.4,4.8,27.9,-50.6,1,5,0
CUST-3090,23,Basic,North,Individual,1,Medium,0,3,2,Call,0,1,0,12.1,41.1,0,1.0,3.0,88.9,9.6,4,10,1
CUST-3091,22,Standard,South,Individual,0,Low,0,1,0,Email,1,0,1,37.9,40.8,0,3.0,4.4,43.4,-47.7,7,48,0
CUST-3092,22,Basic,North,Small Business,2,Medium,0,0,3,Ticket,0,0,0,59.1,74.8,1,0.0,3.4,144.6,-14.8,3,18,1
CUST-3093,29,Basic,East,Individual,1,Low,0,2,4,Call,0,0,0,13.2,27.0,0,4.5,4.8,62.1,28.2,2,27,0
CUST-3094,13,Premium,North,Small Business,0,Medium,1,0,0,Chat,0,1,1,24.4,61.9,0,0.0,5.0,127.8,-7.5,1,109,1
CUST-3095,2,Standard,North,Individual,1,Medium,0,0,1,Chat,0,0,0,15.9,38.6,0,0.0,1.9,123.0,-20.1,16,5,1
CUST-3096,29,Standard,East,Small Business,1,Medium,0,0,1,Ticket,0,0,1,40.4,62.8,0,0.0,2.5,81.8,-5.3,1,2,0
CUST-3097,52,Standard,East,Individual,1,Low,1,0,2,Ticket,2,0,1,6.1,12.0,0,0.0,4.5,135.5,-12.7,8,25,1
CUST-3098,27,Standard,North,Individual,0,Medium,0,1,0,Ticket,0,2,1,39.8,41.8,0,1.3,3.9,104.0,-13.4,0,149,1
CUST-3099,50,Basic,North,Small Business,1,Medium,0,1,1,Email,1,0,0,14.5,21.4,0,0.4,4.0,172.5,-11.9,22,12,1
CUST-3100,23,Premium,North,Individual,0,Low,0,0,1,Chat,0,0,1,12.2,15.7,0,0.0,3.1,58.8,0.3,2,85,0
CUST-3101,44,Basic,West,Individual,2,High,0,1,3,Chat,0,0,1,60.7,80.2,1,0.6,3.2,139.5,11.8,7,1,1
CUST-3102,22,Standard,North,Individual,1,Medium,0,1,1,Ticket,1,0,1,7.3,16.5,0,2.0,1.7,118.3,-13.4,0,11,0
CUST-3103,43,Basic,West,Individual,1,Low,0,1,1,Chat,0,0,1,1.7,5.7,0,2.9,2.6,74.9,-28.9,6,4,0
CUST-3104,37,Standard,South,Individual,2,Medium,2,0,2,Email,0,0,0,22.3,38.4,0,0.0,4.7,142.7,-4.3,5,4,0
CUST-3105,61,Standard,West,Individual,3,Medium,1,0,3,Call,0,0,1,6.1,7.2,0,0.0,2.1,77.6,-18.7,2,21,0
CUST-3106,56,Standard,North,Small Business,1,High,1,1,2,Email,0,0,0,20.5,58.0,0,0.2,4.7,143.0,-12.9,0,3,1
CUST-3107,3,Basic,South,Small Business,2,Medium,0,0,2,Ticket,0,1,1,1.2,14.1,0,0.0,2.6,68.4,3.8,2,24,1
CUST-3108,63,Standard,West,Individual,1,Low,1,0,1,Email,1,0,1,16.5,25.8,0,0.0,3.5,111.3,7.6,4,23,1
CUST-3109,19,Premium,West,Small Business,2,Low,1,0,2,Chat,0,0,0,5.4,9.7,0,0.0,3.4,105.0,3.5,0,1,0
CUST-3110,23,Premium,East,Individual,4,Low,0,0,6,Chat,0,0,0,1.6,13.5,0,0.0,1.7,163.2,-4.6,1,1,1
CUST-3111,29,Basic,South,Individual,1,Low,2,0,2,Email,1,0,1,1.1,6.2,0,0.0,4.2,99.6,-8.1,19,24,0
CUST-3112,30,Basic,East,Individual,1,Medium,0,0,4,Ticket,0,0,0,63.2,70.7,1,0.0,5.0,50.3,41.0,12,5,0
CUST-3113,39,Premium,South,Small Business,2,Low,0,0,3,Ticket,0,0,0,6.2,39.1,0,0.0,3.9,91.7,-15.5,8,18,1
CUST-3114,25,Standard,West,Individual,2,Low,0,0,2,Call,0,0,1,17.4,20.7,0,0.0,2.0,62.5,-20.6,0,12,1
CUST-3115,8,Standard,East,Small Business,1,Medium,1,3,2,Email,0,0,1,13.3,19.7,0,3.5,3.8,160.0,-7.2,2,24,1
CUST-3116,58,Premium,North,Individual,1,Low,0,0,1,Call,0,0,0,9.0,25.0,0,0.0,4.8,96.4,4.7,1,8,1
CUST-3117,16,Premium,West,Enterprise,0,Low,0,0,1,Chat,0,0,0,15.6,35.0,0,0.0,3.2,72.8,-30.9,1,55,1
CUST-3118,1,Standard,South,Small Business,1,Medium,0,0,1,Email,2,0,1,16.4,18.2,0,0.0,3.7,88.1,-2.5,10,7,0
CUST-3119,5,Standard,South,Individual,1,Low,0,1,1,Call,0,0,0,36.3,77.6,0,0.7,2.7,156.4,3.6,2,16,0
CUST-3120,3,Basic,East,Small Business,0,Medium,0,1,0,Email,0,0,1,9.8,10.2,0,2.9,3.2,151.2,-14.4,9,110,1
CUST-3121,65,Standard,East,Individual,1,Medium,0,0,2,Email,0,0,1,8.7,9.7,0,0.0,3.2,117.5,-6.6,2,18,1
CUST-3122,4,Basic,South,Individual,0,High,0,0,0,Chat,0,1,1,22.7,44.3,0,0.0,4.0,72.2,130.1,0,84,0
CUST-3123,64,Basic,West,Individual,0,Low,0,1,1,Call,1,1,1,9.3,31.4,0,1.8,5.0,100.5,-10.0,0,87,1
CUST-3124,10,Basic,East,Individual,1,Low,0,0,2,Call,0,0,1,14.3,30.8,0,0.0,3.2,71.0,1.9,0,9,0
CUST-3125,21,Basic,North,Small Business,2,Medium,0,0,2,Call,0,0,1,3.8,14.9,0,0.0,2.9,118.2,10.9,1,11,0
CUST-3126,46,Standard,South,Individual,2,Low,0,1,3,Call,0,0,1,6.7,11.8,0,0.2,4.4,70.4,-5.5,3,11,1
CUST-3127,27,Standard,North,Individual,2,Low,0,0,6,Call,0,0,0,4.5,32.0,0,0.0,2.9,133.0,3.4,1,9,1
CUST-3128,66,Standard,South,Individual,5,Low,0,0,5,Chat,0,0,1,36.7,54.7,0,0.0,3.1,78.1,5.6,4,2,0
CUST-3129,41,Basic,North,Individual,1,Medium,0,0,1,Email,0,0,0,32.0,83.6,0,0.0,2.5,101.9,-11.3,1,26,1
CUST-3130,13,Premium,West,Individual,2,High,0,0,3,Chat,1,0,0,10.0,19.0,0,0.0,3.2,112.0,-18.5,3,18,0
CUST-3131,9,Basic,South,Small Business,3,High,0,0,4,Email,2,0,1,11.6,21.1,0,0.0,4.4,94.0,22.1,1,14,1
CUST-3132,36,Standard,West,Enterprise,2,Medium,0,0,3,Call,0,1,0,10.6,34.1,0,0.0,1.6,126.9,-17.3,4,2,1
CUST-3133,58,Premium,East,Individual,2,Low,0,0,2,Chat,0,0,1,4.3,78.8,0,0.0,3.1,101.7,-7.1,5,5,1
CUST-3134,54,Standard,South,Individual,1,Medium,3,0,2,Ticket,0,0,1,30.6,64.6,0,0.0,2.3,96.8,-26.8,9,14,1
CUST-3135,12,Standard,West,Individual,3,Low,0,0,3,Email,0,0,1,35.3,40.6,0,0.0,3.4,106.3,-18.4,8,13,0
CUST-3136,14,Premium,North,Small Business,1,High,1,0,2,Email,0,0,1,18.8,64.9,0,0.0,4.1,108.1,21.3,3,24,0
CUST-3137,34,Basic,West,Individual,1,High,0,1,1,Email,2,3,0,27.1,30.4,0,0.6,2.0,120.8,-10.5,2,19,1
CUST-3138,53,Standard,South,Individual,1,High,0,1,2,Call,1,0,0,21.1,29.4,0,1.1,3.2,32.0,-38.1,1,9,1
CUST-3139,20,Standard,West,Small Business,0,High,0,0,0,Chat,0,0,0,2.2,34.9,0,0.0,2.0,131.7,2.3,4,80,1
CUST-3140,16,Basic,North,Individual,0,Medium,1,0,1,Email,0,0,0,16.0,21.7,0,0.0,3.9,82.1,-22.8,3,116,1
CUST-3141,70,Premium,North,Individual,2,Medium,0,2,2,Call,0,0,0,8.5,15.0,0,3.8,3.8,56.0,-27.0,0,24,0
CUST-3142,56,Premium,North,Small Business,1,High,1,0,1,Chat,0,0,1,5.0,83.8,0,0.0,4.3,62.4,-9.5,0,18,0
CUST-3143,58,Standard,East,Individual,2,Medium,2,1,2,Ticket,0,0,0,21.9,30.9,0,0.1,4.2,142.2,-6.3,0,22,0
CUST-3144,4,Basic,South,Individual,0,Medium,0,0,0,Email,0,0,0,43.9,88.1,0,0.0,4.4,118.7,-5.0,6,37,1
CUST-3145,4,Basic,North,Individual,2,High,0,0,3,Call,0,0,0,176.5,181.3,1,0.0,2.2,37.6,-30.2,9,9,1
CUST-3146,20,Standard,East,Individual,2,Medium,1,0,3,Email,0,0,1,17.2,27.6,0,0.0,3.7,103.7,-21.0,0,7,0
CUST-3147,10,Basic,North,Individual,1,Low,0,1,1,Call,0,0,1,22.3,29.6,0,6.8,4.2,85.1,-5.3,8,27,1
CUST-3148,24,Standard,West,Enterprise,3,Low,0,1,3,Ticket,0,0,0,21.1,33.5,0,0.1,3.3,97.8,-13.9,3,25,1
CUST-3149,26,Standard,South,Individual,1,Low,0,1,2,Chat,0,0,0,23.8,58.1,0,1.5,2.6,43.8,-32.9,2,22,1
CUST-3150,37,Standard,West,Small Business,0,Low,0,1,1,Email,1,0,1,5.7,76.1,0,0.8,4.4,114.2,-25.9,3,173,0
CUST-3151,54,Standard,East,Individual,2,Low,1,1,2,Ticket,0,1,0,3.5,13.9,0,7.3,5.0,116.0,2.1,13,9,1
CUST-3152,21,Standard,West,Individual,2,Medium,1,2,2,Ticket,0,0,0,10.5,13.4,0,12.6,5.0,94.9,12.7,4,18,0
CUST-3153,38,Basic,West,Individual,0,Low,0,0,0,Ticket,1,0,1,12.5,13.3,0,0.0,5.0,97.6,-5.1,0,130,0
CUST-3154,46,Basic,North,Individual,2,High,0,0,2,Call,0,0,1,28.8,31.4,0,0.0,2.7,73.2,-26.1,3,10,0
CUST-3155,4,Standard,West,Individual,1,Low,0,0,2,Call,0,0,1,19.5,40.1,0,0.0,2.5,91.5,19.1,19,18,0
CUST-3156,60,Standard,North,Individual,1,High,0,1,1,Call,0,0,1,16.1,29.6,0,3.5,2.8,137.2,-10.5,0,20,1
CUST-3157,57,Standard,North,Individual,2,Low,1,0,2,Chat,0,0,1,13.8,34.5,0,0.0,3.4,92.3,2.8,3,5,1
CUST-3158,45,Standard,South,Individual,1,Medium,0,0,1,Ticket,0,0,0,5.0,51.2,0,0.0,4.5,130.1,-1.6,5,10,0
CUST-3159,20,Premium,East,Enterprise,0,Medium,0,0,2,Call,0,0,1,9.3,27.7,0,0.0,4.7,83.0,-9.1,2,143,0
CUST-3160,17,Basic,East,Individual,1,Medium,0,1,2,Email,0,0,0,2.3,24.9,0,0.7,3.1,106.1,-9.2,7,2,0
CUST-3161,71,Basic,East,Individual,1,Medium,0,0,1,Chat,0,1,0,1.4,9.7,0,0.0,2.8,106.2,11.1,1,8,1
CUST-3162,4,Basic,North,Individual,3,Low,0,0,4,Email,0,0,1,0.3,11.0,0,0.0,2.2,90.7,6.6,0,21,0
CUST-3163,14,Standard,East,Individual,3,Low,0,1,3,Call,0,1,1,1.8,27.8,0,0.1,2.2,145.2,-6.9,1,16,0
CUST-3164,3,Standard,North,Small Business,2,Low,0,3,3,Ticket,0,0,0,18.1,33.4,0,0.4,4.5,113.3,-19.6,10,9,1
CUST-3165,58,Premium,South,Individual,0,Low,0,0,0,Call,0,0,0,71.2,82.7,1,0.0,3.1,128.0,-21.2,6,166,0
CUST-3166,55,Standard,East,Individual,0,Medium,1,1,1,Email,0,0,0,0.6,4.3,0,1.1,4.7,74.8,-28.0,20,135,1
CUST-3167,4,Premium,North,Individual,0,Medium,0,0,1,Email,0,1,0,30.6,44.4,0,0.0,1.4,150.5,6.3,2,34,1
CUST-3168,24,Premium,East,Small Business,2,Medium,0,0,2,Chat,1,0,1,21.9,27.1,0,0.0,3.5,91.6,-5.5,3,18,0
CUST-3169,34,Basic,East,Individual,1,High,0,0,1,Call,1,0,1,39.1,52.5,0,0.0,2.6,126.7,-4.8,2,8,1
CUST-3170,30,Standard,South,Individual,0,Low,0,0,2,Ticket,0,0,0,58.1,67.5,1,0.0,1.0,86.8,-22.3,3,120,0
CUST-3171,19,Standard,West,Individual,1,Low,0,1,2,Chat,0,1,1,33.5,35.1,0,2.9,2.0,74.8,-28.0,0,3,1
CUST-3172,31,Basic,East,Individual,1,Medium,1,1,1,Call,3,0,1,32.0,61.2,0,2.8,3.3,143.7,-9.0,1,20,1
CUST-3173,60,Standard,South,Individual,1,Low,1,0,1,Ticket,0,0,1,1.8,14.9,0,0.0,4.2,82.9,-24.1,3,14,1
CUST-3174,60,Standard,East,Small Business,2,Medium,2,2,3,Email,0,0,1,8.9,43.9,0,0.1,3.9,107.5,-34.8,17,10,0
CUST-3175,19,Basic,East,Small Business,1,Medium,0,1,2,Ticket,1,1,1,19.2,58.4,0,3.5,5.0,80.4,-26.3,14,7,1
CUST-3176,49,Standard,East,Individual,1,Medium,2,0,1,Chat,0,0,0,0.3,11.3,0,0.0,2.8,40.1,-10.6,0,12,1
CUST-3177,63,Standard,East,Individual,1,High,0,2,1,Call,0,0,0,12.9,29.9,0,3.4,3.7,104.0,7.4,4,3,1
CUST-3178,22,Basic,West,Individual,0,High,1,0,0,Email,0,0,1,0.2,34.0,0,0.0,5.0,147.5,-3.6,4,77,1
CUST-3179,24,Standard,West,Individual,1,High,0,0,1,Chat,0,0,1,27.1,44.2,0,0.0,4.9,74.9,-40.0,5,17,0
CUST-3180,30,Basic,East,Individual,1,Medium,0,1,1,Chat,2,0,0,6.2,10.4,0,3.9,4.3,79.2,24.0,5,20,1
CUST-3181,58,Standard,East,Individual,2,High,0,1,2,Chat,0,0,1,28.1,32.6,0,2.2,4.4,104.9,-1.5,0,24,1
CUST-3182,31,Basic,South,Enterprise,1,Low,1,0,1,Email,1,0,0,13.1,21.2,0,0.0,3.6,108.9,-22.6,3,29,1
CUST-3183,64,Premium,South,Individual,1,Medium,1,0,1,Chat,0,0,1,2.3,2.9,0,0.0,3.4,82.5,8.1,0,18,0
CUST-3184,19,Standard,North,Enterprise,0,Low,0,1,0,Call,1,0,1,50.3,57.3,1,0.7,2.8,60.4,-24.6,12,36,0
CUST-3185,48,Basic,West,Individual,0,Medium,0,0,1,Email,0,0,1,23.9,26.3,0,0.0,2.9,112.8,-17.3,0,81,1
CUST-3186,45,Standard,East,Individual,3,Low,2,0,4,Chat,0,1,1,25.8,52.1,0,0.0,3.2,82.6,35.4,7,2,0
CUST-3187,55,Standard,West,Individual,2,Low,1,0,4,Email,0,0,1,5.2,28.1,0,0.0,1.7,126.2,5.7,1,1,1
CUST-3188,55,Standard,South,Small Business,2,Low,0,0,2,Call,0,1,1,2.7,5.6,0,0.0,4.4,72.7,8.7,4,14,0
CUST-3189,18,Standard,West,Individual,2,Low,1,0,3,Chat,0,0,1,61.8,66.8,1,0.0,3.3,87.5,-17.0,3,25,0
CUST-3190,63,Standard,West,Small Business,1,Low,1,0,1,Email,0,0,0,8.5,21.2,0,0.0,4.9,72.3,-11.2,3,10,0
CUST-3191,47,Basic,East,Small Business,3,Low,1,0,3,Email,1,0,1,5.3,9.6,0,0.0,2.6,99.3,-8.2,4,19,0
CUST-3192,57,Basic,East,Small Business,1,Medium,0,0,1,Ticket,1,0,1,42.1,43.0,0,0.0,3.3,76.2,-4.1,20,28,1
CUST-3193,45,Standard,South,Small Business,0,High,0,1,0,Call,2,1,0,12.4,34.2,0,3.4,3.1,117.8,3.1,7,72,1
CUST-3194,33,Standard,East,Small Business,2,Medium,0,1,3,Call,0,0,1,21.2,22.7,0,5.1,2.3,95.0,-24.3,8,2,0
CUST-3195,17,Basic,South,Small Business,1,Medium,1,1,1,Ticket,0,0,0,6.2,23.2,0,0.2,3.4,107.2,-29.6,11,9,1
CUST-3196,70,Premium,South,Individual,0,Medium,0,0,0,Email,0,0,1,69.6,72.0,1,0.0,4.4,105.8,-11.1,12,126,0
CUST-3197,4,Basic,North,Small Business,3,High,1,0,5,Chat,0,0,0,12.8,13.0,0,0.0,2.6,69.3,-4.5,9,21,0
CUST-3198,20,Standard,North,Small Business,0,Medium,0,0,1,Chat,0,0,1,11.0,23.4,0,0.0,4.2,151.4,0.3,6,96,1
CUST-3199,47,Basic,North,Individual,2,Medium,1,1,3,Email,0,2,1,1.3,6.4,0,1.1,2.2,138.2,11.9,0,21,0
CUST-3200,15,Basic,West,Enterprise,2,High,0,1,4,Call,1,1,0,24.6,26.7,0,1.4,1.6,76.4,-10.3,4,26,0
CUST-3201,70,Premium,North,Individual,1,Low,0,0,1,Ticket,0,0,0,15.6,32.9,0,0.0,4.4,58.0,73.3,0,22,0
CUST-3202,47,Basic,East,Individual,0,Low,0,2,1,Chat,0,0,1,67.8,83.3,1,0.1,5.0,95.0,-14.2,0,96,0
CUST-3203,9,Standard,East,Individual,0,Medium,0,2,0,Chat,0,0,0,2.7,10.7,0,4.8,4.4,72.9,-4.6,0,65,1
CUST-3204,16,Basic,North,Individual,1,Low,0,0,3,Call,0,0,0,9.9,11.3,0,0.0,2.0,88.5,-27.3,13,21,0
CUST-3205,69,Standard,West,Small Business,1,Low,0,0,1,Call,0,1,0,5.9,15.3,0,0.0,3.3,89.8,-14.3,1,8,0
CUST-3206,61,Premium,South,Enterprise,2,Low,0,1,4,Call,1,0,1,22.0,23.7,0,3.8,2.5,53.5,11.4,4,15,1
CUST-3207,10,Basic,West,Small Business,2,Medium,0,1,4,Ticket,0,0,1,1.5,79.1,0,1.7,3.3,65.0,-26.7,1,11,0
CUST-3208,50,Premium,West,Enterprise,1,High,0,0,1,Email,0,0,0,98.2,102.2,1,0.0,2.3,60.9,14.1,7,27,1
CUST-3209,3,Standard,South,Individual,2,Low,1,0,3,Ticket,1,0,0,25.1,25.1,0,0.0,4.3,120.0,-8.1,8,25,1
CUST-3210,70,Standard,South,Individual,1,Low,0,2,2,Email,1,0,0,9.6,13.3,0,4.0,3.2,87.0,-0.2,2,25,1
CUST-3211,51,Standard,South,Individual,1,Low,1,0,4,Ticket,1,1,1,9.2,23.7,0,0.0,4.2,124.4,-13.5,0,7,0
CUST-3212,19,Premium,East,Small Business,1,Medium,0,0,2,Email,0,0,1,13.1,69.3,0,0.0,4.2,55.2,-10.7,5,2,0
CUST-3213,42,Basic,South,Individual,1,Low,1,0,1,Call,0,1,1,23.9,35.1,0,0.0,3.3,107.2,4.1,10,13,0
CUST-3214,35,Basic,South,Enterprise,1,Low,1,0,2,Email,0,0,0,17.9,26.7,0,0.0,2.0,110.2,-14.0,0,19,0
CUST-3215,46,Premium,West,Small Business,1,Low,0,0,1,Call,0,0,0,13.2,86.1,0,0.0,5.0,104.0,-13.6,6,21,1
CUST-3216,26,Standard,West,Enterprise,1,Low,0,0,1,Ticket,1,0,1,4.3,7.1,0,0.0,5.0,119.1,-18.1,1,18,1
CUST-3217,69,Basic,North,Individual,3,Low,1,2,4,Email,0,0,1,3.8,7.1,0,10.4,2.3,76.9,-10.7,2,29,0
CUST-3218,64,Standard,West,Individual,1,Medium,0,0,2,Email,1,0,0,49.5,56.7,1,0.0,2.2,121.8,-10.1,2,8,0
CUST-3219,37,Standard,South,Small Business,1,Low,1,1,1,Chat,0,0,1,16.0,36.7,0,3.1,4.9,75.8,-23.9,11,20,1
CUST-3220,49,Standard,East,Small Business,1,Medium,0,0,1,Call,1,0,0,17.3,22.7,0,0.0,3.3,85.6,-25.0,1,23,0
CUST-3221,21,Basic,West,Individual,0,Low,1,1,0,Chat,0,0,1,11.3,20.9,0,1.6,2.8,116.6,1.7,16,52,0
CUST-3222,64,Standard,West,Enterprise,2,Low,1,0,3,Ticket,0,0,0,24.6,66.7,0,0.0,2.0,138.7,-3.0,0,9,1
CUST-3223,5,Basic,South,Small Business,0,Low,1,0,0,Ticket,0,0,0,32.3,63.3,0,0.0,4.7,51.1,-44.1,12,138,1
CUST-3224,70,Standard,West,Individual,0,Medium,0,0,1,Call,0,0,0,10.6,54.7,0,0.0,3.5,67.1,-22.7,5,129,1
CUST-3225,4,Premium,West,Individual,2,Medium,0,2,2,Ticket,1,0,0,1.1,3.8,0,3.6,4.0,105.3,-14.8,1,20,1
CUST-3226,39,Standard,South,Individual,3,High,0,0,4,Ticket,1,0,1,5.8,15.7,0,0.0,2.5,133.1,25.1,0,6,0
CUST-3227,35,Basic,West,Individual,1,Low,1,0,1,Email,0,0,0,34.5,53.2,0,0.0,2.1,26.6,58.8,0,27,1
CUST-3228,1,Basic,East,Small Business,1,Low,1,1,1,Email,1,0,1,16.4,36.2,0,0.7,3.2,40.9,-20.3,13,23,1
CUST-3229,24,Standard,North,Individual,2,Low,1,0,3,Email,0,1,1,42.6,54.6,0,0.0,1.6,151.1,-14.0,3,8,0
CUST-3230,57,Standard,West,Small Business,2,Low,0,0,3,Call,0,0,1,9.6,35.4,0,0.0,3.1,175.4,7.5,4,24,0
CUST-3231,70,Basic,East,Small Business,0,Low,0,0,1,Call,0,0,1,7.6,8.2,0,0.0,3.0,105.7,4.9,8,65,1
CUST-3232,41,Standard,West,Individual,0,Low,1,1,0,Email,1,3,1,0.0,3.3,0,0.2,2.9,85.4,0.6,4,82,0
CUST-3233,54,Basic,North,Individual,3,Low,0,1,6,Ticket,0,0,1,4.0,9.9,0,0.4,3.9,94.8,-11.5,1,12,0
CUST-3234,46,Basic,South,Individual,1,Medium,0,0,1,Chat,0,0,0,8.2,27.7,0,0.0,3.4,48.9,-22.8,4,1,1
CUST-3235,60,Basic,North,Individual,1,Medium,0,2,1,Email,0,0,1,1.7,36.5,0,4.3,1.3,99.0,-19.5,5,1,0
CUST-3236,60,Basic,West,Individual,1,Low,1,1,2,Email,0,0,0,18.6,29.8,0,1.9,3.3,48.2,4.6,1,13,1
CUST-3237,57,Basic,North,Enterprise,1,Low,0,0,3,Ticket,0,0,0,91.5,110.0,1,0.0,4.7,72.3,6.8,13,12,0
CUST-3238,31,Standard,North,Individual,0,Medium,2,1,0,Ticket,0,0,0,1.2,14.7,0,5.5,5.0,92.0,7.3,0,93,0
CUST-3239,24,Premium,South,Individual,2,Low,1,0,2,Email,0,0,0,9.9,48.7,0,0.0,3.6,106.8,5.5,6,4,1
CUST-3240,36,Standard,West,Individual,2,Medium,1,0,2,Email,0,0,1,10.2,44.8,0,0.0,2.4,130.8,1.4,11,11,1
CUST-3241,30,Basic,North,Individual,0,High,0,0,0,Chat,1,0,0,1.4,26.2,0,0.0,3.9,51.3,-27.8,2,91,0
CUST-3242,24,Basic,North,Individual,0,High,1,0,1,Chat,0,1,1,4.1,9.0,0,0.0,4.3,184.1,-3.9,9,43,0
CUST-3243,30,Basic,South,Small Business,4,Low,0,0,4,Ticket,0,0,0,12.1,19.1,0,0.0,4.4,100.2,-0.4,4,12,1
CUST-3244,7,Basic,East,Individual,0,Medium,1,2,0,Chat,0,0,0,62.3,70.4,1,5.8,2.9,55.9,-10.5,1,137,0
CUST-3245,35,Standard,West,Enterprise,0,Medium,0,0,0,Ticket,0,0,0,16.9,17.0,0,0.0,3.3,129.4,-8.3,6,32,1
CUST-3246,55,Standard,East,Individual,2,Low,0,0,3,Call,0,0,1,2.1,6.0,0,0.0,3.2,114.7,-12.6,2,6,0
CUST-3247,14,Basic,East,Small Business,0,Medium,1,1,0,Email,0,0,1,27.1,45.9,0,1.1,3.0,67.7,10.4,1,92,0
CUST-3248,10,Basic,South,Small Business,3,Low,0,0,3,Call,0,1,1,38.9,50.7,0,0.0,2.6,69.8,-9.7,12,24,1
CUST-3249,16,Basic,South,Individual,1,Medium,0,2,1,Email,0,0,1,33.0,80.5,0,0.1,3.0,124.7,-13.3,3,2,0
CUST-3250,54,Basic,West,Individual,0,Low,0,1,1,Chat,0,0,1,34.1,34.6,0,3.9,5.0,81.0,-24.0,7,104,0
CUST-3251,70,Standard,East,Individual,0,Low,1,0,0,Email,0,1,0,33.4,40.5,0,0.0,4.0,70.9,-4.9,14,100,1
CUST-3252,44,Basic,North,Small Business,0,Medium,0,0,1,Ticket,0,0,0,5.0,23.5,0,0.0,4.0,102.8,-5.5,6,161,1
CUST-3253,45,Standard,East,Small Business,2,Low,0,0,2,Ticket,0,0,1,18.0,20.2,0,0.0,3.1,61.6,-6.4,3,15,1
CUST-3254,56,Standard,South,Individual,2,Low,0,1,3,Chat,0,1,1,3.5,13.9,0,0.9,2.4,150.5,-8.0,9,17,1
CUST-3255,57,Premium,North,Individual,1,Low,0,0,1,Ticket,0,0,0,8.0,8.2,0,0.0,4.7,107.3,-20.1,4,26,1
CUST-3256,21,Premium,North,Small Business,0,Low,0,1,0,Email,2,0,0,10.8,13.8,0,3.7,4.3,107.7,13.7,0,86,1
CUST-3257,68,Standard,South,Enterprise,3,Medium,0,3,3,Email,0,1,1,11.3,53.1,0,0.2,3.2,58.8,-28.7,4,17,1
CUST-3258,50,Basic,North,Small Business,3,Low,0,1,4,Chat,0,0,0,11.5,25.2,0,1.4,4.0,79.0,-26.5,0,21,1
CUST-3259,33,Standard,East,Small Business,3,Low,0,0,3,Email,0,0,0,30.6,52.0,0,0.0,2.5,132.7,-8.2,18,10,1
CUST-3260,7,Standard,South,Individual,1,Low,0,1,2,Chat,0,1,1,19.4,21.0,0,0.5,5.0,79.8,-10.5,3,25,1
CUST-3261,70,Basic,West,Small Business,0,Low,0,0,1,Chat,0,0,1,20.5,24.5,0,0.0,3.4,71.9,-15.2,0,128,0
CUST-3262,15,Standard,South,Small Business,1,Medium,1,0,1,Ticket,0,1,0,29.3,32.5,0,0.0,4.5,71.3,-4.9,1,5,1
CUST-3263,32,Premium,West,Small Business,1,Low,0,0,3,Ticket,0,0,0,4.6,9.5,0,0.0,2.4,72.0,8.2,5,20,1
CUST-3264,20,Standard,West,Individual,1,Medium,1,0,2,Email,1,0,1,12.5,17.0,0,0.0,3.4,99.9,10.1,1,15,0
CUST-3265,15,Basic,South,Individual,2,Low,0,1,4,Ticket,0,0,1,38.6,51.1,0,1.4,4.3,77.7,15.1,2,5,0
CUST-3266,48,Basic,South,Individual,1,Low,1,0,2,Chat,0,0,1,24.5,42.8,0,0.0,3.8,89.8,-14.0,1,21,0
CUST-3267,71,Standard,West,Individual,2,Medium,0,1,2,Call,0,0,0,42.4,54.3,0,1.7,4.7,126.6,13.0,4,21,0
CUST-3268,21,Basic,West,Individual,2,Low,0,0,3,Ticket,0,0,1,12.1,17.4,0,0.0,2.8,99.7,-15.6,1,2,0
CUST-3269,42,Standard,North,Small Business,0,Low,0,1,0,Ticket,0,0,1,29.0,46.8,0,0.8,4.4,146.6,-7.2,8,104,0
CUST-3270,26,Standard,South,Individual,2,Low,0,0,3,Call,0,0,1,6.2,18.2,0,0.0,2.1,77.5,-27.6,6,24,0
CUST-3271,14,Basic,South,Individual,0,Low,0,1,0,Email,0,0,0,40.5,55.7,0,0.6,4.4,60.4,65.7,1,33,0
CUST-3272,57,Premium,North,Small Business,0,Medium,0,3,0,Chat,0,0,0,7.0,10.6,0,9.7,3.7,134.7,-9.0,4,48,0
CUST-3273,37,Standard,South,Small Business,2,Medium,0,0,2,Call,1,0,1,8.3,56.5,0,0.0,2.0,107.2,3.5,3,2,0
CUST-3274,58,Basic,North,Individual,0,Low,0,0,1,Call,1,0,0,25.3,31.2,0,0.0,3.9,99.0,-24.5,0,33,0
CUST-3275,21,Standard,North,Individual,1,Medium,0,0,1,Chat,0,0,1,27.5,34.5,0,0.0,5.0,92.1,1.1,2,16,0
CUST-3276,69,Standard,South,Enterprise,0,High,1,0,0,Call,0,0,1,1.1,12.7,0,0.0,3.7,72.6,7.0,0,57,0
CUST-3277,3,Standard,East,Small Business,1,High,1,0,2,Call,0,0,1,3.3,4.0,0,0.0,3.9,28.0,-26.3,0,20,1
CUST-3278,37,Premium,West,Individual,5,Low,0,0,7,Ticket,1,0,1,5.7,8.9,0,0.0,2.4,126.4,0.3,0,8,1
CUST-3279,49,Standard,South,Individual,3,Low,0,1,4,Email,0,0,1,178.4,203.5,1,4.8,2.9,127.4,-8.9,2,23,0
CUST-3280,19,Premium,East,Individual,0,Low,0,1,1,Email,0,0,1,34.6,58.3,0,1.7,2.9,69.5,-27.1,12,117,0
CUST-3281,12,Standard,North,Small Business,1,Low,1,1,1,Ticket,1,0,1,25.1,27.4,0,5.0,4.0,56.9,3.6,7,7,1
CUST-3282,61,Standard,East,Individual,0,Low,1,0,1,Ticket,0,0,1,66.2,79.5,1,0.0,2.9,80.3,-23.6,9,146,0
CUST-3283,41,Premium,South,Individual,2,Low,1,0,2,Chat,0,0,0,23.2,24.3,0,0.0,5.0,56.3,-18.9,6,5,0
CUST-3284,33,Standard,South,Individual,2,Low,0,1,2,Chat,0,0,1,23.5,24.7,0,1.3,2.2,137.8,-12.8,17,29,0
CUST-3285,50,Basic,East,Small Business,2,Medium,0,0,3,Call,2,1,1,45.7,69.8,0,0.0,4.5,63.1,-6.2,6,23,1
CUST-3286,68,Standard,South,Individual,1,Low,0,0,1,Email,0,0,1,7.2,16.7,0,0.0,2.0,124.8,-11.7,7,6,1
CUST-3287,71,Standard,West,Individual,0,Low,1,0,0,Chat,0,0,0,0.0,39.2,0,0.0,3.8,72.9,-10.9,8,71,0
CUST-3288,33,Basic,East,Enterprise,1,Low,0,0,3,Call,0,0,0,25.1,34.9,0,0.0,3.0,123.5,-12.5,5,17,1
CUST-3289,24,Premium,North,Individual,0,Medium,0,0,0,Email,0,0,0,3.4,28.1,0,0.0,3.0,115.4,-15.1,1,91,0
CUST-3290,61,Basic,East,Individual,0,Medium,0,1,0,Chat,1,1,0,6.8,22.0,0,0.8,4.5,147.6,-8.7,17,138,1
CUST-3291,61,Basic,East,Small Business,2,High,3,1,3,Email,0,0,1,34.6,43.0,0,3.3,3.8,64.0,-32.5,3,26,1
CUST-3292,28,Premium,East,Individual,0,High,0,0,1,Call,1,1,1,30.1,42.2,0,0.0,2.5,61.8,23.9,8,47,1
CUST-3293,58,Standard,East,Small Business,1,Medium,2,0,1,Ticket,0,1,0,12.9,53.7,0,0.0,3.7,80.2,23.8,8,7,0
CUST-3294,43,Basic,North,Individual,1,Medium,1,1,2,Call,0,0,0,2.2,3.4,0,1.6,3.8,169.3,-7.1,2,28,0
CUST-3295,41,Standard,North,Individual,2,Low,1,1,3,Ticket,1,0,1,7.1,18.4,0,1.8,3.5,77.0,70.0,9,20,0
CUST-3296,39,Standard,North,Enterprise,0,Medium,1,0,0,Ticket,0,0,1,12.9,13.7,0,0.0,3.6,98.1,6.8,1,57,0
CUST-3297,49,Basic,East,Individual,3,Medium,0,0,5,Call,0,0,0,29.2,41.4,0,0.0,2.0,105.6,-23.0,2,15,0
CUST-3298,17,Premium,West,Small Business,1,Medium,0,1,1,Ticket,0,1,0,83.6,97.6,1,0.9,4.9,89.8,8.4,1,7,0
CUST-3299,70,Standard,West,Individual,3,Low,0,1,4,Email,0,0,1,19.6,44.4,0,0.2,3.1,133.4,-17.8,0,8,1
CUST-3300,70,Standard,North,Individual,0,Low,0,0,0,Chat,1,0,1,1.1,25.1,0,0.0,2.6,98.8,-27.8,1,135,0
CUST-3301,65,Standard,West,Small Business,1,Low,0,1,2,Chat,0,0,0,5.0,5.2,0,5.9,5.0,132.4,-14.6,5,5,0
CUST-3302,5,Standard,West,Individual,0,Medium,0,0,1,Call,0,0,0,6.0,7.1,0,0.0,1.4,148.4,-13.7,7,148,0
CUST-3303,2,Basic,West,Individual,0,High,1,0,0,Call,1,0,0,20.1,37.4,0,0.0,2.6,106.2,28.5,2,132,1
CUST-3304,22,Basic,West,Individual,0,Low,0,0,0,Call,0,0,1,0.4,3.4,0,0.0,4.1,89.6,-9.8,6,36,0
CUST-3305,57,Standard,West,Individual,1,High,0,0,2,Call,2,0,1,14.1,25.4,0,0.0,3.1,117.0,-3.8,0,14,0
CUST-3306,66,Premium,South,Small Business,0,Low,0,0,1,Email,0,1,1,109.1,113.0,1,0.0,4.0,135.6,-1.2,7,101,0
CUST-3307,16,Basic,North,Small Business,3,High,2,0,4,Call,1,1,1,29.3,56.3,0,0.0,2.5,81.9,-22.2,9,8,0
CUST-3308,51,Standard,East,Small Business,1,Medium,0,0,1,Call,0,0,0,29.3,46.5,0,0.0,3.2,122.7,-15.8,24,11,1
CUST-3309,39,Premium,West,Small Business,2,Low,0,0,3,Chat,1,0,1,27.4,35.9,0,0.0,2.1,104.6,1.2,11,8,0
CUST-3310,40,Basic,South,Individual,1,Low,1,0,1,Email,1,0,1,23.0,26.8,0,0.0,3.7,101.1,4.8,5,25,0
CUST-3311,38,Basic,East,Individual,3,Low,1,0,4,Call,1,0,0,7.1,23.2,0,0.0,1.9,3.2,-130.7,2,18,1
CUST-3312,60,Basic,South,Small Business,0,High,0,0,0,Email,0,0,1,30.5,37.0,0,0.0,4.0,126.2,-13.8,1,134,0
CUST-3313,59,Standard,West,Individual,1,Low,1,1,3,Call,0,0,0,20.8,34.1,0,2.2,4.3,103.9,0.5,0,15,1
CUST-3314,10,Basic,West,Individual,1,Medium,0,1,1,Email,3,1,0,5.2,21.7,0,3.0,4.1,100.5,-11.5,1,27,1
CUST-3315,64,Standard,West,Enterprise,1,Low,0,0,2,Call,0,0,1,77.3,79.5,1,0.0,3.3,78.7,2.6,1,29,1
CUST-3316,63,Standard,West,Individual,1,High,1,0,1,Call,0,0,0,83.4,84.1,1,0.0,2.5,55.4,-7.9,6,20,1
CUST-3317,49,Standard,East,Individual,3,Low,0,0,3,Email,1,0,1,9.4,19.6,0,0.0,2.0,71.6,-17.9,6,16,1
CUST-3318,64,Basic,East,Individual,2,Low,0,0,2,Call,1,1,0,28.0,30.6,0,0.0,2.7,71.8,-32.3,3,16,0
CUST-3319,32,Standard,South,Small Business,1,Low,0,1,1,Call,1,1,0,22.9,24.3,0,0.4,4.8,137.7,3.1,7,23,1
CUST-3320,7,Standard,North,Individual,0,Low,2,0,1,Email,0,0,1,17.5,18.9,0,0.0,3.5,73.8,6.3,2,102,1
CUST-3321,21,Premium,West,Individual,1,Low,0,0,1,Chat,0,0,1,4.0,22.2,0,0.0,1.7,82.9,-1.0,3,16,1
CUST-3322,20,Premium,South,Enterprise,1,Medium,0,1,1,Ticket,0,0,0,12.6,48.0,0,1.2,2.6,116.8,-10.8,0,3,1
CUST-3323,26,Standard,South,Small Business,2,Low,0,0,2,Chat,0,0,1,26.2,66.5,0,0.0,4.2,141.9,-11.4,3,25,0
CUST-3324,68,Standard,South,Small Business,1,Medium,0,0,2,Call,0,0,1,89.0,130.2,1,0.0,3.9,112.3,-6.9,2,5,0
CUST-3325,15,Basic,West,Individual,3,Low,0,1,3,Email,0,0,1,19.0,35.7,0,3.3,3.9,156.8,-5.7,0,2,0
CUST-3326,14,Basic,West,Individual,0,Low,0,0,2,Chat,0,0,0,27.9,66.9,0,0.0,2.9,134.6,20.8,0,99,0
CUST-3327,27,Basic,South,Individual,1,Low,0,1,1,Email,0,1,1,49.0,51.2,1,0.5,3.5,129.3,-1.4,5,12,1
CUST-3328,40,Standard,West,Individual,0,Medium,2,1,0,Chat,0,0,1,19.0,32.8,0,0.9,2.3,122.9,-4.1,6,45,1
CUST-3329,58,Basic,South,Individual,3,Low,0,0,4,Ticket,1,1,1,28.9,50.3,0,0.0,2.4,121.5,-7.6,0,16,0
CUST-3330,28,Basic,East,Individual,3,Low,0,0,3,Call,0,0,1,12.3,55.2,0,0.0,5.0,72.2,57.2,7,27,0
CUST-3331,26,Premium,West,Individual,2,Medium,3,1,2,Email,0,0,1,6.9,12.9,0,5.5,3.3,75.8,-24.0,9,27,0
CUST-3332,63,Basic,East,Small Business,3,Low,0,0,6,Call,0,0,0,13.6,26.8,0,0.0,3.9,101.4,7.7,4,23,1
CUST-3333,66,Basic,North,Small Business,2,Medium,3,1,2,Call,0,0,0,1.9,9.6,0,1.7,2.6,153.6,-13.3,3,26,1
CUST-3334,25,Basic,West,Individual,2,Low,0,1,4,Ticket,0,0,1,53.2,64.8,1,4.1,2.8,77.3,-17.8,3,9,0
CUST-3335,3,Standard,North,Individual,1,Low,0,0,1,Ticket,1,0,0,7.4,17.9,0,0.0,4.0,88.0,6.6,1,11,1
CUST-3336,44,Standard,South,Individual,1,Medium,2,0,3,Call,0,0,0,12.4,40.8,0,0.0,5.0,76.3,17.8,11,16,1
CUST-3337,42,Basic,West,Individual,2,Low,1,0,2,Email,0,0,0,21.2,47.3,0,0.0,2.7,104.7,-21.1,10,5,1
CUST-3338,6,Standard,West,Individual,1,Low,0,1,1,Ticket,0,0,1,14.0,21.6,0,1.5,5.0,111.5,-11.8,3,21,1
CUST-3339,39,Standard,West,Individual,2,Medium,0,1,3,Ticket,0,0,1,6.6,11.6,0,1.0,5.0,83.8,1.6,1,22,0
CUST-3340,52,Premium,North,Small Business,0,Low,0,0,1,Ticket,0,0,1,83.1,111.6,1,0.0,3.2,118.0,9.7,12,98,1
CUST-3341,23,Premium,North,Small Business,0,Medium,0,0,0,Chat,0,1,0,37.7,84.1,0,0.0,3.3,109.9,-6.0,6,106,0
CUST-3342,50,Premium,South,Small Business,3,High,0,0,3,Ticket,0,0,0,2.2,2.5,0,0.0,2.8,74.0,-30.5,8,9,1
CUST-3343,43,Standard,East,Small Business,2,Medium,1,0,3,Call,1,1,1,9.2,19.6,0,0.0,2.7,141.9,-1.2,8,25,1
CUST-3344,19,Basic,East,Small Business,3,Low,1,0,4,Email,0,0,0,4.3,26.5,0,0.0,3.3,106.6,-12.3,1,5,0
CUST-3345,69,Basic,North,Small Business,1,Medium,2,1,3,Chat,2,0,1,13.0,77.0,0,0.9,1.7,174.7,2.7,0,28,0
CUST-3346,51,Basic,West,Individual,3,Low,0,0,3,Ticket,0,0,0,4.7,16.0,0,0.0,1.3,139.1,-6.1,3,17,1
CUST-3347,11,Standard,East,Individual,1,Low,0,0,2,Call,1,0,0,7.5,26.5,0,0.0,4.3,102.5,-4.0,3,23,0
CUST-3348,12,Premium,East,Small Business,1,Medium,0,0,2,Chat,0,1,0,14.7,55.3,0,0.0,5.0,92.2,1.7,1,27,0
CUST-3349,8,Standard,North,Individual,1,Low,0,1,2,Chat,0,0,0,3.1,10.2,0,0.3,4.5,147.6,5.6,6,9,1
CUST-3350,24,Basic,South,Small Business,0,Low,0,0,1,Email,0,0,1,39.5,71.9,0,0.0,2.3,81.1,18.0,4,54,0
CUST-3351,41,Standard,North,Enterprise,3,Low,1,1,3,Ticket,1,0,0,9.0,13.7,0,1.3,1.9,59.9,-32.7,2,4,1
CUST-3352,36,Premium,North,Small Business,1,High,0,0,4,Email,0,0,0,49.1,68.5,1,0.0,3.0,96.2,-18.9,3,17,0
CUST-3353,55,Standard,West,Individual,2,Low,0,1,2,Email,1,0,1,0.6,47.4,0,1.9,1.6,39.3,13.4,3,17,1
CUST-3354,9,Premium,North,Individual,2,Low,0,0,2,Chat,0,1,1,29.5,45.2,0,0.0,1.0,107.8,-28.4,14,24,0
CUST-3355,47,Premium,West,Small Business,1,Medium,1,1,1,Ticket,1,0,1,40.0,47.1,0,0.8,4.0,103.7,-16.7,3,19,1
CUST-3356,15,Premium,South,Enterprise,1,Medium,1,0,1,Chat,1,0,1,83.4,84.6,1,0.0,1.9,66.2,20.2,5,2,1
CUST-3357,48,Standard,West,Individual,1,Low,0,0,1,Email,1,0,0,2.8,6.2,0,0.0,3.1,122.3,0.1,12,6,0
CUST-3358,42,Standard,South,Small Business,2,High,0,0,2,Chat,0,0,1,11.4,31.0,0,0.0,1.9,124.8,0.4,6,2,0
CUST-3359,60,Basic,South,Small Business,3,Low,0,1,3,Chat,1,0,1,28.6,97.2,0,3.1,3.7,53.1,-21.3,3,20,1
CUST-3360,70,Basic,South,Individual,3,Low,2,0,3,Chat,0,0,1,14.4,42.8,0,0.0,2.6,129.8,1.3,2,10,1
CUST-3361,12,Standard,North,Small Business,0,Low,1,1,0,Email,1,0,0,34.4,57.9,0,1.9,3.1,126.1,-10.1,0,163,0
CUST-3362,2,Basic,West,Individual,3,Medium,0,1,4,Call,0,0,1,82.6,82.9,1,2.2,4.7,104.2,-17.6,7,1,0
CUST-3363,7,Premium,East,Individual,0,Low,0,0,0,Call,1,0,0,28.3,48.1,0,0.0,3.7,77.1,-3.6,7,118,1
CUST-3364,3,Basic,North,Individual,0,Medium,1,0,0,Email,0,0,1,27.1,53.5,0,0.0,3.3,85.8,25.2,17,162,1
CUST-3365,3,Premium,South,Small Business,1,High,0,2,1,Ticket,0,0,1,16.8,22.7,0,4.9,3.5,114.7,-26.6,3,9,1
CUST-3366,27,Basic,East,Small Business,0,Low,0,0,0,Chat,0,0,1,12.4,134.3,0,0.0,4.8,78.8,-21.3,6,126,0
CUST-3367,40,Basic,North,Individual,1,High,1,0,2,Email,1,0,0,36.0,36.6,0,0.0,4.2,149.5,-0.3,19,20,0
CUST-3368,33,Premium,East,Small Business,0,Low,0,0,0,Call,0,0,1,5.3,12.7,0,0.0,4.1,122.5,-12.9,4,110,0
CUST-3369,1,Basic,South,Small Business,0,Low,3,0,1,Email,0,1,1,39.5,43.1,0,0.0,3.3,158.7,-21.8,8,178,0
CUST-3370,8,Basic,East,Small Business,1,Medium,1,1,1,Call,1,0,0,36.3,90.2,0,5.5,2.4,82.9,3.7,2,26,1
CUST-3371,32,Basic,East,Individual,1,Medium,0,0,1,Ticket,0,0,0,26.7,43.5,0,0.0,5.0,84.8,8.3,1,20,0
CUST-3372,48,Standard,South,Individual,2,Medium,0,0,2,Call,0,0,1,23.8,31.9,0,0.0,3.9,72.7,-22.0,9,17,0
CUST-3373,4,Basic,East,Individual,0,Low,2,0,0,Ticket,0,0,1,0.2,54.1,0,0.0,4.7,117.4,8.8,2,134,0
CUST-3374,70,Standard,North,Small Business,2,High,0,0,2,Ticket,0,0,0,93.0,93.9,1,0.0,4.7,128.4,5.9,6,10,0
CUST-3375,19,Standard,East,Individual,0,Medium,1,0,0,Ticket,0,0,1,9.9,13.7,0,0.0,4.2,93.7,-14.4,3,39,0
CUST-3376,32,Standard,West,Enterprise,1,Low,0,2,1,Email,0,1,0,9.6,17.8,0,0.1,5.0,78.1,-13.1,3,1,1
CUST-3377,9,Standard,North,Small Business,1,High,0,1,1,Email,0,0,1,89.1,91.1,1,3.8,2.3,86.1,12.7,0,23,0
CUST-3378,12,Standard,East,Small Business,1,High,0,0,2,Ticket,0,0,0,5.5,92.4,0,0.0,3.4,162.8,-15.2,7,26,0
CUST-3379,11,Basic,West,Small Business,3,Low,3,0,3,Call,0,0,1,61.2,74.0,1,0.0,2.3,113.4,17.4,1,18,1
CUST-3380,46,Premium,West,Individual,1,Medium,1,0,1,Chat,0,0,0,9.7,12.4,0,0.0,4.3,192.1,1.5,2,22,1
CUST-3381,16,Basic,West,Small Business,0,Medium,0,2,0,Chat,0,0,0,2.1,6.4,0,0.2,1.5,92.5,-7.5,2,139,1
CUST-3382,1,Standard,East,Individual,0,Medium,0,1,0,Call,3,0,1,14.8,22.4,0,0.6,2.4,81.7,-16.7,5,178,1
CUST-3383,63,Standard,South,Small Business,0,Low,1,1,0,Chat,0,0,1,24.5,43.9,0,7.3,2.4,72.6,-14.6,6,157,1
CUST-3384,21,Premium,West,Small Business,0,Medium,0,0,0,Call,1,0,0,18.8,24.2,0,0.0,2.5,132.4,2.3,8,135,1
CUST-3385,30,Standard,South,Small Business,2,High,1,0,2,Call,0,0,1,60.8,66.1,1,0.0,2.6,116.8,0.1,5,17,0
CUST-3386,13,Basic,North,Small Business,0,Low,1,1,1,Ticket,0,1,0,9.7,24.4,0,0.3,4.3,141.4,-1.7,11,36,1
CUST-3387,34,Standard,South,Individual,1,Medium,1,0,2,Call,1,0,1,11.7,12.4,0,0.0,2.9,72.5,-22.6,1,8,0
CUST-3388,4,Standard,South,Individual,0,Medium,0,1,1,Email,1,0,0,5.6,24.3,0,5.4,3.3,81.2,13.1,3,33,1
CUST-3389,28,Basic,South,Small Business,2,Low,1,1,2,Email,0,0,1,17.2,29.1,0,2.2,3.5,71.9,-2.0,17,9,1
CUST-3390,59,Standard,South,Individual,2,Low,0,1,2,Email,1,0,0,56.2,64.7,1,0.0,5.0,93.1,2.6,1,1,0
CUST-3391,27,Standard,South,Individual,0,Medium,0,1,0,Call,0,0,1,8.5,16.0,0,0.1,3.8,104.4,-28.6,6,106,0
CUST-3392,69,Premium,North,Individual,2,Low,0,0,3,Email,0,1,1,2.4,6.2,0,0.0,2.9,106.5,11.0,1,26,1
CUST-3393,25,Standard,North,Individual,0,Low,0,0,0,Ticket,0,0,1,9.1,13.2,0,0.0,4.3,80.4,1.5,3,123,0
CUST-3394,3,Basic,South,Individual,2,Low,1,0,3,Ticket,0,0,0,42.9,53.3,0,0.0,4.1,146.5,2.2,3,28,1
CUST-3395,68,Basic,South,Small Business,2,Medium,0,0,2,Chat,1,0,1,46.1,49.4,0,0.0,2.5,100.0,10.2,8,3,0
CUST-3396,25,Premium,West,Small Business,2,Low,0,0,3,Chat,0,0,1,2.6,15.2,0,0.0,1.9,134.9,-15.2,4,20,0
CUST-3397,20,Premium,North,Individual,1,Medium,1,0,1,Ticket,1,0,0,28.9,44.7,0,0.0,3.1,38.7,-1.4,0,21,1
CUST-3398,34,Basic,East,Enterprise,2,Medium,1,0,2,Email,0,0,1,3.1,12.2,0,0.0,5.0,85.1,-39.5,2,17,0
CUST-3399,26,Basic,North,Individual,0,Low,0,0,1,Ticket,0,0,1,43.2,44.9,0,0.0,2.8,173.8,1.3,2,125,1
CUST-3400,5,Standard,East,Individual,1,Medium,0,0,2,Email,0,0,1,12.9,54.5,0,0.0,4.2,101.2,-8.7,3,11,0
CUST-3401,61,Basic,West,Small Business,0,Medium,1,2,0,Call,0,0,1,45.8,72.7,0,9.2,5.0,81.0,-4.3,11,109,0
CUST-3402,9,Basic,South,Small Business,0,Low,0,2,0,Email,0,0,1,1.5,47.6,0,5.1,4.7,123.0,2.7,12,61,1
CUST-3403,50,Basic,West,Individual,1,High,0,2,1,Email,0,0,1,1.6,8.5,0,0.7,3.4,98.3,9.6,3,5,1
CUST-3404,6,Basic,South,Enterprise,2,Low,0,0,3,Email,0,0,1,54.8,55.3,1,0.0,1.6,151.3,-20.6,6,11,0
CUST-3405,60,Standard,North,Enterprise,0,Low,0,1,0,Call,1,0,0,29.6,38.2,0,1.3,3.7,60.0,-9.3,2,46,1
CUST-3406,44,Standard,South,Individual,2,Low,0,0,4,Ticket,1,0,0,3.1,12.5,0,0.0,1.5,55.8,-18.5,1,17,1
CUST-3407,11,Basic,East,Individual,1,Low,0,0,4,Chat,0,0,0,44.2,62.6,0,0.0,2.9,59.4,1.2,3,3,0
CUST-3408,66,Basic,East,Small Business,3,Low,1,0,3,Call,1,0,1,38.5,58.4,0,0.0,2.8,121.2,-16.1,9,8,1
CUST-3409,47,Basic,West,Individual,1,Low,0,1,1,Email,0,0,1,15.4,23.7,0,1.6,3.4,87.4,-2.2,3,16,0
CUST-3410,3,Standard,North,Individual,1,Low,0,0,1,Email,0,0,1,3.6,60.3,0,0.0,3.1,102.6,-10.3,3,20,0
CUST-3411,30,Basic,East,Small Business,1,Medium,1,2,2,Chat,0,0,0,11.0,12.8,0,5.2,2.0,102.2,-20.2,0,2,1
CUST-3412,21,Standard,West,Individual,0,Low,0,0,0,Email,0,0,0,16.0,50.9,0,0.0,3.5,132.9,-13.6,6,37,0
CUST-3413,28,Standard,North,Individual,2,High,0,1,2,Ticket,1,0,1,4.7,26.7,0,3.4,3.0,147.8,-23.5,2,11,1
CUST-3414,62,Basic,North,Individual,0,Medium,0,1,0,Call,1,0,1,39.1,50.5,0,1.9,4.2,142.6,-7.1,7,101,0
CUST-3415,33,Basic,West,Small Business,1,Medium,0,2,1,Call,1,0,1,35.9,57.4,0,1.1,3.2,96.7,-27.9,17,23,0
CUST-3416,35,Basic,East,Individual,1,Medium,0,0,1,Call,0,1,0,0.5,21.5,0,0.0,2.7,105.9,-8.0,0,8,0
CUST-3417,52,Standard,East,Individual,2,Medium,2,2,2,Call,0,1,1,0.4,3.1,0,1.4,4.0,153.4,-2.8,9,7,0
CUST-3418,34,Premium,West,Individual,2,Medium,0,0,2,Ticket,1,1,0,11.5,22.9,0,0.0,4.2,143.5,-3.0,0,19,1
CUST-3419,41,Basic,East,Individual,2,Medium,0,1,4,Ticket,0,1,1,51.6,61.1,1,0.4,3.5,91.9,-22.2,10,2,0
CUST-3420,51,Premium,West,Enterprise,0,Low,1,0,0,Email,1,0,1,29.2,39.5,0,0.0,3.5,133.5,2.6,6,121,0
CUST-3421,47,Basic,East,Enterprise,0,Low,1,1,0,Call,0,1,0,63.6,66.4,1,0.1,4.5,72.9,7.8,2,103,1
CUST-3422,58,Premium,East,Individual,1,Medium,0,0,3,Email,0,0,0,6.7,14.0,0,0.0,4.0,49.0,-11.3,3,4,1
CUST-3423,57,Standard,West,Small Business,3,Medium,2,0,5,Call,0,0,0,68.9,79.9,1,0.0,2.4,51.8,5.5,1,8,0
CUST-3424,23,Standard,West,Small Business,2,Low,1,1,2,Ticket,0,0,1,15.2,32.5,0,2.9,3.5,79.5,-9.7,6,18,0
CUST-3425,48,Standard,East,Small Business,2,Low,0,0,3,Chat,0,0,0,18.9,27.1,0,0.0,2.4,96.9,-18.8,11,12,0
CUST-3426,22,Standard,West,Individual,1,Low,0,0,1,Chat,0,1,0,5.2,20.8,0,0.0,3.8,124.8,6.8,4,8,1
CUST-3427,17,Premium,East,Individual,2,Low,0,0,3,Call,0,0,0,12.4,26.8,0,0.0,2.3,143.1,-18.4,1,24,1
CUST-3428,69,Standard,South,Small Business,0,High,0,0,1,Ticket,0,0,1,28.2,53.4,0,0.0,3.2,57.5,-5.4,6,152,0
CUST-3429,11,Standard,North,Individual,1,Low,0,0,2,Chat,0,0,1,8.6,16.7,0,0.0,3.7,104.3,-5.6,1,10,0
CUST-3430,15,Basic,North,Individual,0,Low,1,0,1,Chat,0,0,0,1.4,32.4,0,0.0,4.4,132.1,26.4,1,53,0
CUST-3431,35,Basic,East,Small Business,1,Low,0,0,1,Chat,1,0,1,36.4,36.8,0,0.0,3.3,120.3,2.7,5,7,0
CUST-3432,33,Premium,North,Enterprise,2,Low,0,0,3,Ticket,0,1,1,0.7,35.3,0,0.0,3.4,56.8,49.1,0,23,0
CUST-3433,16,Standard,East,Individual,2,Low,0,0,2,Chat,1,0,0,2.0,47.4,0,0.0,1.6,96.8,-24.4,2,19,1
CUST-3434,34,Standard,West,Small Business,3,High,0,1,5,Email,0,0,1,20.3,28.3,0,6.7,3.6,69.4,-31.3,2,17,1
CUST-3435,66,Standard,South,Individual,3,High,1,2,4,Call,0,0,0,22.1,66.8,0,5.8,2.6,109.4,-5.3,0,24,0
CUST-3436,40,Premium,North,Small Business,1,High,1,0,1,Chat,1,0,1,16.0,45.9,0,0.0,1.0,142.1,-4.2,12,13,0
CUST-3437,28,Standard,North,Individual,0,Medium,0,0,0,Ticket,1,0,0,1.6,2.5,0,0.0,4.9,54.2,10.0,13,58,0
CUST-3438,47,Standard,West,Individual,4,Medium,0,0,5,Email,0,0,1,30.0,45.8,0,0.0,2.9,104.9,-12.2,2,29,0
CUST-3439,39,Standard,South,Individual,1,High,0,1,1,Chat,0,0,0,18.2,55.7,0,0.0,4.3,113.3,-11.3,2,6,0
CUST-3440,70,Basic,South,Individual,2,High,0,2,2,Email,0,0,1,22.2,25.7,0,0.2,3.0,141.5,-5.6,0,23,1
CUST-3441,20,Basic,South,Individual,2,High,0,0,2,Ticket,3,0,1,0.1,38.1,0,0.0,3.6,124.8,6.2,4,27,1
CUST-3442,1,Premium,West,Individual,0,High,0,0,0,Call,0,0,1,1.8,5.3,0,0.0,4.3,115.9,-7.4,2,136,0
CUST-3443,63,Basic,North,Small Business,0,Medium,1,0,1,Email,0,0,1,25.5,40.5,0,0.0,3.1,77.7,-15.5,9,135,0
CUST-3444,67,Premium,North,Individual,3,Low,0,0,3,Call,1,0,1,22.7,29.8,0,0.0,1.4,124.2,-4.7,6,11,0
CUST-3445,4,Basic,South,Small Business,2,Low,0,0,2,Ticket,1,0,1,4.4,16.3,0,0.0,2.0,74.3,-21.3,0,23,1
CUST-3446,58,Basic,West,Individual,2,Medium,0,1,2,Email,0,0,1,14.1,19.0,0,1.6,2.1,101.1,8.1,1,11,0
CUST-3447,25,Premium,West,Small Business,1,Medium,0,0,3,Ticket,0,0,0,7.5,15.3,0,0.0,3.7,129.5,-19.2,0,27,0
CUST-3448,47,Standard,West,Individual,1,Medium,0,1,2,Email,0,0,1,19.6,30.1,0,1.1,3.4,100.3,12.2,0,13,0
CUST-3449,38,Basic,South,Individual,2,Medium,0,0,4,Ticket,0,0,1,31.9,42.4,0,0.0,1.4,98.6,-15.2,0,19,0
CUST-3450,15,Standard,West,Individual,2,Medium,0,0,3,Ticket,0,0,1,4.2,81.2,0,0.0,5.0,119.6,-9.5,2,15,0
CUST-3451,63,Standard,South,Individual,2,Low,0,0,2,Chat,0,1,1,21.0,49.9,0,0.0,2.5,39.6,-53.3,4,24,0
CUST-3452,21,Standard,South,Small Business,1,Low,0,1,1,Chat,0,0,0,11.4,13.8,0,1.7,2.6,153.9,2.2,16,7,1
CUST-3453,57,Basic,South,Small Business,1,Low,1,0,1,Ticket,0,0,1,4.3,52.8,0,0.0,2.0,72.6,38.2,2,21,1
CUST-3454,53,Premium,East,Individual,1,Low,0,0,1,Email,2,1,0,10.1,22.7,0,0.0,3.7,70.0,75.3,15,15,1
CUST-3455,46,Premium,South,Individual,0,Medium,0,1,1,Email,0,0,1,2.2,16.3,0,5.0,3.3,55.0,-14.9,0,98,0
CUST-3456,14,Basic,West,Individual,2,Low,2,1,3,Email,1,1,0,21.4,26.3,0,0.8,2.6,121.8,-19.1,0,16,1
CUST-3457,17,Premium,East,Individual,0,Low,0,0,0,Ticket,1,0,0,126.4,131.8,1,0.0,3.8,60.1,-31.0,2,56,1
CUST-3458,39,Premium,North,Small Business,1,Low,0,0,2,Call,0,0,1,26.4,28.7,0,0.0,1.8,117.8,-14.6,2,14,1
CUST-3459,9,Standard,North,Individual,1,Medium,1,1,1,Email,0,0,1,38.2,64.8,0,4.6,3.5,81.2,-19.3,0,7,1
CUST-3460,6,Standard,West,Individual,1,Low,0,0,1,Call,0,0,1,5.1,15.0,0,0.0,3.0,106.1,-12.1,0,15,1
CUST-3461,23,Basic,West,Individual,2,Medium,0,0,2,Call,0,0,1,2.2,3.8,0,0.0,3.8,97.0,-32.2,1,25,1
CUST-3462,59,Basic,West,Individual,1,Low,0,1,2,Ticket,0,0,1,0.0,8.9,0,6.2,3.5,60.7,-18.1,1,23,0
CUST-3463,46,Standard,West,Individual,1,Low,0,1,3,Call,0,0,1,26.2,32.4,0,0.8,2.7,102.4,-19.8,1,16,0
CUST-3464,38,Premium,East,Individual,1,Medium,0,0,1,Call,0,1,1,34.6,52.2,0,0.0,3.6,75.5,-7.5,3,13,1
CUST-3465,14,Standard,West,Individual,0,High,1,2,0,Call,1,0,0,4.2,7.3,0,3.3,2.8,114.5,0.5,1,112,1
CUST-3466,62,Standard,South,Individual,1,Medium,0,0,2,Call,0,0,0,13.0,54.1,0,0.0,3.9,94.9,0.2,3,12,1
CUST-3467,35,Basic,North,Individual,1,Medium,0,1,1,Ticket,0,0,1,17.6,40.4,0,0.3,4.5,112.0,-23.5,0,27,0
CUST-3468,19,Basic,West,Small Business,1,Medium,0,1,1,Ticket,0,0,1,63.5,70.9,1,0.5,3.5,75.4,-9.3,3,21,0
CUST-3469,30,Standard,South,Individual,0,Medium,1,1,0,Call,0,0,0,49.1,52.2,1,1.6,4.1,89.5,-25.8,6,122,1
CUST-3470,25,Basic,West,Individual,2,Low,0,0,2,Ticket,0,0,0,0.3,22.2,0,0.0,1.8,118.6,12.9,12,6,1
CUST-3471,40,Standard,South,Individual,1,Medium,0,0,1,Email,0,2,0,1.0,2.9,0,0.0,2.2,141.4,5.9,11,15,1
CUST-3472,14,Basic,East,Individual,1,High,1,0,2,Call,0,0,1,63.8,65.2,1,0.0,1.6,86.4,-7.2,5,16,0
CUST-3473,26,Standard,North,Individual,1,Medium,0,2,1,Email,0,0,1,1.2,18.3,0,1.7,2.1,111.8,21.3,20,11,0
CUST-3474,22,Basic,North,Small Business,2,Medium,0,0,4,Email,0,0,1,17.4,20.8,0,0.0,3.4,62.1,-25.1,2,23,1
CUST-3475,48,Standard,East,Small Business,1,Low,2,0,2,Call,0,0,1,1.7,17.1,0,0.0,5.0,83.8,-13.0,5,13,1
CUST-3476,51,Standard,South,Individual,0,Low,0,0,3,Email,0,0,1,22.0,28.6,0,0.0,3.5,61.0,4.9,22,82,0
CUST-3477,3,Basic,West,Small Business,1,Medium,0,0,1,Ticket,0,0,1,4.1,5.6,0,0.0,2.6,95.7,-17.5,5,5,1
CUST-3478,42,Basic,South,Individual,1,Low,0,0,1,Email,0,0,0,0.7,15.4,0,0.0,2.7,115.3,18.5,1,9,1
CUST-3479,19,Basic,North,Individual,1,High,0,0,2,Call,0,0,1,6.5,22.1,0,0.0,2.1,116.0,-2.8,8,1,0
CUST-3480,28,Premium,East,Enterprise,0,High,0,1,1,Email,0,0,0,15.2,26.8,0,1.8,4.0,141.9,-13.0,2,55,1
CUST-3481,45,Basic,East,Small Business,0,Medium,1,1,1,Ticket,0,0,1,15.3,21.8,0,7.3,5.0,75.2,12.1,1,101,1
CUST-3482,71,Standard,South,Enterprise,0,High,1,2,0,Email,0,0,1,28.8,65.6,0,4.4,4.0,49.7,13.2,8,138,0
CUST-3483,63,Premium,South,Individual,0,Low,0,0,1,Ticket,1,0,1,1.2,18.4,0,0.0,5.0,82.6,-7.0,2,163,1
CUST-3484,19,Standard,East,Individual,1,High,1,1,1,Chat,0,0,1,0.2,12.3,0,0.2,4.2,97.7,-35.7,5,1,0
CUST-3485,47,Basic,North,Individual,2,Low,0,0,2,Chat,0,1,1,25.0,34.9,0,0.0,2.0,46.4,-29.7,10,19,0
CUST-3486,14,Premium,West,Small Business,0,Low,0,2,0,Call,0,0,0,61.7,89.5,1,5.8,4.0,69.5,-20.3,0,61,1
CUST-3487,38,Basic,West,Individual,1,Medium,1,0,1,Call,0,0,0,4.3,53.0,0,0.0,2.7,90.6,3.5,4,14,1
CUST-3488,53,Standard,South,Small Business,3,Low,0,0,3,Call,1,0,1,3.2,15.5,0,0.0,2.2,139.4,-9.2,0,21,0
CUST-3489,61,Premium,East,Individual,0,High,1,1,0,Call,0,1,1,8.4,9.2,0,1.3,3.7,120.9,2.8,4,79,1
CUST-3490,36,Standard,East,Individual,2,Low,0,0,3,Call,0,0,1,24.2,34.4,0,0.0,5.0,147.7,-15.3,3,16,0
CUST-3491,40,Standard,East,Small Business,1,High,0,1,1,Ticket,0,0,0,28.7,44.2,0,1.2,2.1,64.3,-21.8,10,13,1
CUST-3492,30,Basic,North,Small Business,2,Low,0,2,3,Chat,0,1,0,55.2,80.7,1,4.4,3.0,111.4,-11.8,11,20,1
CUST-3493,9,Basic,South,Individual,0,Medium,0,1,0,Chat,0,0,0,32.4,38.0,0,1.5,3.3,101.9,-17.3,7,56,1
CUST-3494,64,Standard,South,Enterprise,0,Medium,0,0,0,Email,0,0,0,0.6,17.5,0,0.0,4.4,41.1,-44.4,4,89,1
CUST-3495,33,Basic,South,Individual,0,Medium,0,1,0,Chat,0,0,1,4.6,5.3,0,5.2,3.9,76.1,-25.1,1,100,0
CUST-3496,52,Premium,North,Individual,0,Low,1,0,1,Call,0,0,0,8.8,15.3,0,0.0,3.8,93.9,-32.3,3,116,0
CUST-3497,14,Premium,South,Small Business,0,Medium,0,1,0,Ticket,0,0,0,58.7,64.0,1,1.5,4.3,127.3,-12.5,0,109,1
CUST-3498,53,Premium,West,Enterprise,0,Low,1,0,0,Ticket,0,0,0,18.6,20.0,0,0.0,3.9,70.6,-16.8,0,94,0
CUST-3499,59,Standard,South,Small Business,3,Medium,0,0,3,Ticket,0,0,0,112.1,130.2,1,0.0,2.8,110.8,-14.5,4,25,0
CUST-3500,41,Standard,South,Small Business,0,Medium,2,2,0,Chat,1,0,0,7.6,14.5,0,2.5,2.6,72.4,-26.5,1,107,1
CUST-3501,68,Premium,South,Small Business,3,Low,1,2,4,Email,1,0,0,50.9,54.5,1,1.5,3.0,139.6,3.6,1,29,1
CUST-3502,68,Premium,North,Enterprise,3,Low,1,0,4,Call,1,0,1,24.0,26.4,0,0.0,1.4,85.9,-9.0,0,16,0
CUST-3503,8,Standard,West,Individual,1,Low,0,1,1,Ticket,1,0,1,43.6,78.7,0,0.4,2.4,89.3,3.6,0,13,1
CUST-3504,2,Basic,West,Small Business,1,High,2,1,1,Ticket,0,0,1,51.2,53.4,1,2.9,2.7,102.2,16.3,1,12,0
CUST-3505,41,Basic,East,Small Business,0,Medium,1,0,2,Call,0,0,0,12.1,42.2,0,0.0,3.5,49.0,13.2,1,84,1
CUST-3506,55,Standard,East,Individual,1,Medium,1,0,1,Email,0,0,0,41.1,52.1,0,0.0,5.0,91.3,7.8,2,14,1
CUST-3507,16,Standard,West,Individual,2,Medium,0,1,3,Chat,0,0,0,81.8,82.2,1,1.2,1.0,114.4,-12.4,0,9,0
CUST-3508,62,Premium,South,Individual,4,High,0,1,4,Email,0,1,1,22.0,69.6,0,0.5,3.1,88.2,-1.4,3,27,1
CUST-3509,48,Basic,South,Small Business,1,Low,1,0,3,Call,0,0,1,6.0,18.1,0,0.0,4.7,89.0,-29.4,0,7,0
CUST-3510,30,Basic,South,Individual,1,Low,0,0,2,Call,0,1,0,6.3,12.0,0,0.0,5.0,51.1,-8.5,1,20,1
CUST-3511,12,Basic,North,Small Business,1,Medium,0,0,1,Ticket,0,0,1,27.9,32.6,0,0.0,3.2,92.5,12.7,9,12,0
CUST-3512,35,Basic,South,Individual,1,Medium,0,0,1,Chat,0,0,1,8.0,13.7,0,0.0,3.5,120.0,-19.2,0,25,1
CUST-3513,11,Basic,North,Individual,2,Medium,1,1,3,Email,0,1,0,10.6,14.2,0,0.7,4.0,142.0,-0.7,0,2,1
CUST-3514,64,Standard,West,Small Business,2,Low,2,0,3,Chat,0,0,0,15.0,19.2,0,0.0,2.6,68.9,-26.6,4,22,0
CUST-3515,50,Standard,South,Individual,1,Low,0,0,2,Call,0,0,1,48.5,55.7,1,0.0,2.0,145.4,-10.5,1,26,0
CUST-3516,21,Standard,South,Individual,1,Low,0,0,2,Ticket,0,0,1,24.8,35.9,0,0.0,5.0,160.8,8.8,7,11,1
CUST-3517,69,Basic,East,Individual,1,Medium,0,0,2,Ticket,0,2,0,6.9,26.3,0,0.0,2.1,99.7,-1.6,2,17,1
CUST-3518,48,Basic,West,Small Business,1,Medium,0,1,1,Email,1,0,0,2.9,8.3,0,0.9,5.0,75.9,-1.6,4,3,0
CUST-3519,20,Standard,South,Enterprise,2,Low,1,0,3,Email,0,0,1,6.8,9.0,0,0.0,1.8,101.6,7.4,0,23,1
CUST-3520,67,Premium,North,Enterprise,1,Medium,1,0,4,Chat,0,1,1,8.1,8.4,0,0.0,3.4,107.8,3.7,5,8,0
CUST-3521,44,Basic,West,Small Business,0,Low,0,1,0,Call,0,0,1,26.4,33.4,0,0.6,3.4,97.7,-4.0,14,55,1
CUST-3522,33,Premium,East,Individual,0,Medium,0,0,0,Email,0,0,1,11.1,34.6,0,0.0,3.1,21.3,7.1,16,112,1
CUST-3523,61,Basic,West,Individual,0,Medium,0,1,1,Chat,0,0,1,123.7,129.6,1,1.5,4.1,101.2,-11.2,5,33,1
CUST-3524,9,Premium,North,Individual,1,Low,1,1,1,Ticket,0,0,0,0.7,4.4,0,1.7,4.2,109.5,32.9,0,13,1
CUST-3525,68,Premium,East,Individual,0,Low,1,0,1,Call,0,0,0,8.7,45.1,0,0.0,2.9,122.7,-7.6,9,164,1
CUST-3526,35,Basic,North,Individual,1,Low,0,0,2,Ticket,0,0,0,1.8,18.1,0,0.0,2.3,156.6,-1.1,25,5,1
CUST-3527,65,Standard,West,Individual,0,High,0,0,0,Call,0,0,0,8.8,64.6,0,0.0,5.0,56.1,-25.6,0,93,1
CUST-3528,8,Basic,East,Small Business,2,Medium,0,0,3,Call,0,0,0,11.4,23.7,0,0.0,2.4,132.2,4.0,8,27,1
CUST-3529,45,Premium,North,Individual,0,Low,0,0,0,Chat,1,0,1,44.4,56.0,0,0.0,2.6,82.7,-13.0,0,130,1
CUST-3530,47,Standard,West,Small Business,1,Low,0,0,1,Ticket,0,0,1,11.1,64.7,0,0.0,3.1,72.3,6.5,2,21,1
CUST-3531,40,Standard,North,Enterprise,4,High,0,0,5,Call,0,0,1,0.5,14.7,0,0.0,2.8,121.3,-18.7,12,7,1
CUST-3532,54,Standard,South,Small Business,3,Medium,1,1,3,Ticket,0,0,1,62.1,73.0,1,8.8,3.7,134.5,-19.3,13,6,1
CUST-3533,46,Premium,West,Small Business,1,Low,0,0,1,Chat,0,0,1,3.1,7.2,0,0.0,2.0,107.2,-7.2,4,17,0
CUST-3534,47,Basic,East,Small Business,4,Low,0,0,5,Call,1,0,1,29.7,37.0,0,0.0,2.4,88.9,3.9,13,25,0
CUST-3535,15,Standard,East,Individual,0,Medium,0,0,0,Chat,0,0,1,4.5,16.9,0,0.0,4.9,90.0,-8.4,0,56,0
CUST-3536,19,Basic,South,Individual,2,Low,0,0,3,Chat,0,0,0,51.4,63.8,1,0.0,1.7,166.6,2.7,5,3,1
CUST-3537,26,Basic,North,Individual,1,Low,0,0,1,Email,1,0,1,5.1,14.3,0,0.0,2.3,90.1,7.1,2,3,0
CUST-3538,52,Standard,North,Individual,2,High,1,0,3,Ticket,0,0,0,38.6,56.2,0,0.0,3.3,122.0,-16.3,4,16,0
CUST-3539,22,Basic,East,Small Business,1,High,1,0,2,Chat,0,0,0,10.7,13.3,0,0.0,2.9,95.8,-17.6,1,22,0
CUST-3540,21,Basic,North,Enterprise,0,High,0,4,1,Email,1,0,0,11.9,42.2,0,13.9,4.2,101.6,25.1,1,100,1
CUST-3541,51,Premium,West,Enterprise,1,Low,1,0,2,Ticket,0,0,1,19.8,39.9,0,0.0,3.9,137.9,-10.4,6,7,0
CUST-3542,38,Basic,West,Individual,0,Low,0,0,0,Call,0,0,0,13.4,39.4,0,0.0,1.8,156.0,-18.8,7,47,1
CUST-3543,20,Standard,East,Enterprise,2,Low,0,1,2,Call,0,0,1,8.2,8.8,0,7.4,2.3,83.9,12.5,5,13,1
CUST-3544,29,Basic,West,Individual,1,Medium,1,0,1,Chat,1,1,0,5.6,28.4,0,0.0,3.6,81.8,9.2,2,7,1
CUST-3545,51,Basic,East,Small Business,2,Medium,0,0,2,Call,0,0,1,6.2,26.4,0,0.0,2.1,107.1,-13.7,6,3,0
CUST-3546,4,Basic,North,Individual,0,Medium,0,0,0,Ticket,2,0,1,24.3,24.6,0,0.0,4.2,85.8,-37.9,3,107,0
CUST-3547,55,Standard,North,Individual,1,High,1,0,2,Call,0,0,1,2.3,11.3,0,0.0,2.6,49.0,-17.5,6,13,1
CUST-3548,71,Standard,North,Individual,1,Medium,0,1,1,Chat,0,0,0,16.5,21.9,0,1.0,2.9,59.9,-10.1,1,20,1
CUST-3549,28,Basic,South,Small Business,0,Low,0,0,0,Ticket,0,0,1,9.5,14.0,0,0.0,4.5,107.9,-24.3,3,37,0
CUST-3550,4,Basic,East,Individual,1,Low,0,1,1,Call,0,0,1,8.7,11.3,0,0.2,4.3,101.4,-11.2,0,18,1
CUST-3551,22,Premium,West,Individual,1,Low,1,1,1,Call,0,0,0,25.1,29.5,0,4.0,4.8,39.4,-30.6,16,7,0
CUST-3552,45,Basic,North,Enterprise,3,Low,1,0,4,Ticket,2,0,0,14.0,35.5,0,0.0,2.1,93.1,-17.2,25,5,1
CUST-3553,67,Premium,South,Enterprise,0,Low,0,1,0,Ticket,0,0,1,1.6,37.4,0,0.3,3.2,124.8,-21.4,2,69,0
CUST-3554,66,Basic,West,Individual,0,Medium,0,1,1,Call,0,0,0,48.1,54.5,1,1.0,3.5,123.3,-3.1,2,31,0
CUST-3555,34,Standard,West,Small Business,0,Low,1,2,0,Email,1,1,1,45.7,50.7,0,1.9,4.1,86.4,-22.5,2,174,0
CUST-3556,55,Basic,West,Individual,0,Medium,0,1,1,Call,0,0,0,11.1,16.3,0,0.3,3.6,116.2,19.6,1,138,1
CUST-3557,1,Premium,North,Individual,2,Medium,0,0,3,Ticket,1,0,0,0.3,11.7,0,0.0,2.7,58.4,19.0,1,16,1
CUST-3558,38,Standard,West,Individual,1,Low,0,2,1,Ticket,0,1,1,1.2,1.9,0,0.4,3.7,125.2,-22.0,18,13,1
CUST-3559,6,Standard,East,Individual,3,Low,1,1,4,Chat,1,0,0,13.5,26.4,0,0.5,3.8,94.7,34.8,2,12,0
CUST-3560,25,Basic,South,Individual,2,Low,0,0,2,Chat,0,1,0,1.7,39.6,0,0.0,2.3,121.0,-1.5,10,10,1
CUST-3561,17,Standard,West,Individual,3,Low,0,0,3,Call,0,2,0,11.7,21.9,0,0.0,3.6,110.1,-7.0,0,18,1
CUST-3562,61,Standard,West,Individual,2,Medium,1,1,3,Chat,0,0,1,4.2,11.8,0,2.1,4.7,122.4,4.2,4,20,0
CUST-3563,12,Basic,East,Small Business,2,Medium,0,2,4,Ticket,0,0,1,32.4,33.0,0,0.9,3.2,157.8,-22.9,1,5,1
CUST-3564,6,Basic,West,Small Business,2,Medium,1,0,2,Chat,0,0,1,9.2,21.1,0,0.0,4.6,154.4,-15.6,4,7,1
CUST-3565,27,Premium,North,Individual,4,Low,1,0,4,Chat,0,0,1,9.5,11.7,0,0.0,1.7,59.7,-1.0,5,21,0
CUST-3566,8,Basic,North,Individual,0,Low,0,0,0,Chat,0,0,1,0.5,9.8,0,0.0,2.0,89.9,5.9,8,142,0
CUST-3567,65,Standard,North,Small Business,3,Medium,0,0,4,Ticket,0,1,1,21.2,26.8,0,0.0,3.8,142.4,-16.0,1,1,1
CUST-3568,57,Standard,West,Small Business,0,Low,2,1,0,Call,0,0,0,29.7,34.2,0,3.0,5.0,75.1,2.6,5,36,1
CUST-3569,40,Premium,South,Small Business,3,Low,0,0,4,Ticket,0,1,0,6.1,53.5,0,0.0,2.3,161.0,-13.8,0,21,1
CUST-3570,14,Premium,South,Individual,0,High,0,2,1,Chat,1,0,1,19.2,42.4,0,5.9,4.3,104.1,-15.6,36,34,1
CUST-3571,35,Premium,West,Individual,3,Low,0,0,3,Email,0,0,0,20.8,22.7,0,0.0,3.2,73.3,-2.0,2,12,1
CUST-3572,48,Basic,South,Small Business,1,Medium,0,1,2,Email,0,0,1,19.9,25.6,0,2.4,1.2,104.4,-10.0,1,2,0
CUST-3573,56,Premium,South,Individual,5,Low,2,1,6,Ticket,0,0,1,24.0,42.2,0,0.2,3.9,80.1,-14.3,5,17,0
CUST-3574,49,Basic,West,Enterprise,1,Low,0,1,1,Email,0,0,1,30.7,56.8,0,3.6,3.0,92.1,-17.9,3,14,1
CUST-3575,13,Standard,North,Small Business,1,Medium,2,0,1,Ticket,0,0,0,28.4,39.6,0,0.0,4.8,107.7,39.6,0,18,0
CUST-3576,61,Standard,West,Individual,1,High,1,3,2,Call,0,1,0,17.1,51.7,0,12.4,4.9,81.3,-18.2,2,16,1
CUST-3577,49,Basic,North,Individual,0,Medium,0,0,2,Ticket,0,0,1,55.9,62.6,1,0.0,4.3,104.1,-6.8,8,84,0
CUST-3578,46,Premium,North,Small Business,0,Low,0,0,1,Ticket,0,0,1,30.3,31.5,0,0.0,3.0,81.5,-15.6,1,123,1
CUST-3579,62,Basic,South,Individual,2,High,0,0,2,Ticket,0,1,1,44.3,86.9,0,0.0,4.4,88.7,-12.0,16,26,1
CUST-3580,8,Standard,South,Individual,0,Low,0,1,0,Chat,1,0,0,14.2,22.2,0,3.3,4.1,66.7,-17.6,9,113,1
CUST-3581,43,Standard,North,Small Business,2,Low,1,0,2,Call,1,0,1,24.1,24.5,0,0.0,2.5,91.4,-17.5,2,14,0
CUST-3582,20,Standard,North,Small Business,0,Low,0,1,1,Ticket,0,0,1,39.8,58.8,0,0.4,2.9,123.2,-4.4,2,75,0
CUST-3583,39,Basic,South,Individual,1,Low,0,1,2,Chat,0,0,0,15.5,19.9,0,0.0,2.4,107.8,13.8,3,8,0
CUST-3584,49,Standard,East,Individual,0,Medium,0,0,1,Chat,0,0,1,41.4,42.9,0,0.0,2.6,138.8,-3.2,5,136,1
CUST-3585,64,Premium,North,Enterprise,1,Low,0,0,1,Chat,0,1,1,25.8,53.7,0,0.0,3.1,100.2,-28.6,1,4,0
CUST-3586,62,Basic,North,Enterprise,1,High,0,2,2,Chat,0,0,0,28.0,32.2,0,0.8,3.1,114.3,22.3,0,21,1
CUST-3587,54,Standard,North,Small Business,1,Medium,1,0,3,Chat,0,0,0,52.4,64.2,1,0.0,2.4,119.6,12.3,2,1,1
CUST-3588,9,Basic,South,Enterprise,1,Medium,0,0,1,Call,1,0,1,8.0,22.2,0,0.0,3.0,92.4,-3.9,3,1,0
CUST-3589,37,Standard,West,Individual,0,Medium,1,1,0,Call,0,0,0,18.1,61.6,0,2.6,3.7,47.3,18.8,6,91,1
CUST-3590,49,Premium,North,Individual,0,Medium,0,0,1,Email,0,0,0,6.4,13.9,0,0.0,5.0,66.9,-33.3,0,40,1
CUST-3591,41,Standard,North,Individual,2,Low,2,0,3,Call,2,0,1,15.1,25.5,0,0.0,2.5,161.9,-6.4,4,26,1
CUST-3592,17,Standard,North,Individual,1,Medium,0,2,1,Email,0,0,0,11.7,17.1,0,8.3,4.1,120.0,-1.3,0,14,0
CUST-3593,21,Standard,West,Individual,2,High,0,1,2,Email,1,0,1,12.2,21.7,0,1.6,3.4,77.1,18.2,3,21,0
CUST-3594,51,Standard,West,Individual,2,Medium,0,0,2,Chat,0,0,1,4.7,4.8,0,0.0,3.9,160.6,7.1,1,22,1
CUST-3595,59,Basic,North,Small Business,0,Low,0,1,0,Call,0,0,0,19.6,49.0,0,2.5,3.4,74.3,-21.3,10,58,0
CUST-3596,39,Basic,North,Small Business,0,Low,0,0,0,Call,0,1,0,31.8,32.8,0,0.0,3.9,41.3,-6.0,2,147,0
CUST-3597,55,Standard,East,Small Business,1,High,1,1,1,Chat,0,0,1,6.3,10.5,0,3.0,3.4,110.2,29.8,0,4,0
CUST-3598,41,Standard,West,Individual,1,Low,1,2,3,Ticket,0,0,1,2.6,21.7,0,2.1,4.7,104.3,-14.2,0,15,0
CUST-3599,39,Standard,East,Individual,0,Medium,1,1,0,Chat,0,1,0,5.9,21.3,0,0.2,3.5,72.4,-24.0,9,120,0
CUST-3600,13,Basic,North,Individual,0,Low,2,0,0,Email,0,0,0,28.1,49.0,0,0.0,2.3,101.1,38.0,13,58,0
CUST-3601,64,Basic,North,Small Business,0,Low,1,0,0,Call,0,0,0,1.3,11.9,0,0.0,4.4,85.1,3.5,6,109,0
CUST-3602,11,Basic,North,Individual,0,Medium,0,1,1,Call,1,0,1,19.2,58.8,0,5.7,4.3,103.7,-18.7,5,116,1
CUST-3603,19,Premium,North,Individual,2,Low,0,0,2,Email,0,1,0,34.3,77.8,0,0.0,3.7,92.1,-11.6,1,22,0
CUST-3604,11,Standard,South,Individual,0,Low,0,1,1,Email,0,0,1,32.4,53.6,0,0.9,3.8,147.6,-7.1,6,49,1
CUST-3605,46,Basic,South,Small Business,2,Low,1,0,2,Email,0,0,1,87.7,93.5,1,0.0,5.0,120.3,-19.3,0,14,0
CUST-3606,45,Basic,South,Small Business,1,Medium,0,2,1,Chat,0,0,0,31.2,31.8,0,3.1,3.7,147.7,-10.3,8,21,0
CUST-3607,1,Premium,East,Small Business,1,Low,0,0,1,Ticket,0,0,1,2.9,14.9,0,0.0,4.3,112.8,-18.3,2,13,0
CUST-3608,40,Basic,West,Individual,1,Low,0,1,2,Email,0,0,1,8.5,8.7,0,2.3,3.8,56.8,-8.1,10,21,1
CUST-3609,19,Premium,North,Individual,1,Medium,1,1,2,Email,0,0,0,4.9,29.8,0,0.9,2.3,66.5,-30.5,2,13,1
CUST-3610,61,Basic,West,Individual,2,Low,1,1,2,Chat,0,0,0,9.4,22.7,0,0.3,5.0,175.8,-8.1,0,11,1
CUST-3611,12,Premium,South,Individual,3,Low,0,2,3,Email,0,0,0,20.3,34.7,0,3.3,3.9,3.2,-76.0,8,21,1
CUST-3612,61,Premium,North,Individual,1,Medium,1,1,2,Email,1,1,1,6.8,7.8,0,1.3,3.8,98.3,-12.7,10,27,1
CUST-3613,33,Standard,North,Individual,1,Medium,0,0,2,Call,1,0,1,2.8,16.0,0,0.0,2.9,36.2,11.3,0,6,0
CUST-3614,45,Basic,East,Individual,1,Low,0,2,1,Email,0,1,0,25.0,28.0,0,3.4,5.0,118.3,-8.0,1,8,1
CUST-3615,69,Basic,West,Individual,0,High,4,3,3,Ticket,0,0,0,2.5,10.2,0,1.2,2.3,65.2,40.6,1,86,0
CUST-3616,8,Standard,East,Individual,0,Medium,0,1,0,Ticket,1,0,1,59.1,64.9,1,0.9,3.6,102.4,-8.6,4,166,0
CUST-3617,25,Standard,South,Small Business,1,Low,2,0,2,Email,1,0,1,19.3,23.5,0,0.0,4.1,110.8,-18.3,1,1,0
CUST-3618,46,Basic,West,Enterprise,3,Medium,1,1,4,Chat,0,0,1,28.9,37.8,0,3.6,4.4,127.4,-8.8,13,20,1
CUST-3619,30,Basic,South,Small Business,2,Low,0,0,2,Email,0,0,0,34.8,56.3,0,0.0,3.5,98.3,2.0,16,9,0
CUST-3620,47,Standard,East,Individual,2,Low,0,0,3,Call,0,0,0,20.6,24.6,0,0.0,2.9,61.5,-11.6,4,14,1
CUST-3621,49,Standard,East,Individual,0,High,0,0,0,Ticket,0,0,0,24.2,34.9,0,0.0,2.9,130.1,-8.3,21,64,1
CUST-3622,47,Basic,North,Small Business,2,Low,2,0,2,Call,0,0,1,31.2,37.9,0,0.0,3.3,141.8,-8.6,0,22,0
CUST-3623,18,Basic,West,Individual,1,High,1,2,2,Chat,0,0,0,12.1,28.0,0,2.9,3.4,120.5,-13.3,0,5,1
CUST-3624,66,Premium,West,Small Business,1,Low,1,0,2,Call,0,0,0,0.1,12.6,0,0.0,2.8,121.2,-2.8,2,21,0
CUST-3625,68,Standard,North,Individual,1,Low,1,0,1,Chat,0,0,1,68.2,84.0,1,0.0,4.6,118.8,-0.0,7,14,1
CUST-3626,33,Standard,West,Enterprise,1,Low,0,0,1,Ticket,0,0,0,5.6,66.1,0,0.0,3.4,109.3,-8.7,4,14,1
CUST-3627,36,Standard,South,Small Business,1,Low,1,1,2,Call,0,0,0,3.2,13.9,0,0.8,3.1,91.4,-10.8,4,20,1
CUST-3628,19,Basic,South,Small Business,2,Medium,0,0,2,Call,1,0,0,50.3,51.9,1,0.0,2.5,125.0,-13.4,15,5,1
CUST-3629,28,Basic,East,Small Business,2,Medium,0,1,4,Email,3,0,1,15.6,16.3,0,2.6,2.5,144.3,-6.3,4,18,1
CUST-3630,40,Basic,South,Individual,1,Medium,0,0,1,Chat,0,0,1,6.4,7.2,0,0.0,4.6,77.3,-10.1,2,9,1
CUST-3631,15,Premium,West,Individual,1,Medium,0,1,3,Email,0,0,1,53.7,60.2,1,2.1,4.5,124.8,-3.6,7,19,1
CUST-3632,41,Standard,North,Individual,1,Medium,0,1,2,Chat,1,0,1,38.7,58.0,0,3.4,4.4,107.9,-14.9,7,1,1
CUST-3633,39,Basic,East,Individual,0,High,1,1,1,Email,0,0,1,12.2,39.7,0,8.2,4.4,15.6,-64.5,14,89,1
CUST-3634,2,Premium,North,Individual,1,Low,0,0,2,Ticket,0,1,0,62.6,76.1,1,0.0,4.0,93.4,-11.1,4,29,0
CUST-3635,63,Basic,East,Individual,1,Medium,1,1,1,Call,0,0,0,2.0,11.8,0,1.3,4.7,74.0,9.1,0,2,1
CUST-3636,29,Premium,East,Small Business,2,Low,1,0,4,Email,0,0,0,55.5,83.6,1,0.0,2.5,116.0,-19.7,2,21,0
CUST-3637,66,Premium,North,Individual,0,Medium,0,0,0,Call,0,1,0,12.3,13.2,0,0.0,2.6,90.0,-13.6,2,68,0
CUST-3638,51,Basic,South,Individual,0,High,1,0,0,Chat,1,0,0,12.4,18.2,0,0.0,5.0,62.7,-27.5,6,63,0
CUST-3639,10,Basic,South,Individual,2,Low,1,1,3,Chat,0,0,0,12.1,13.0,0,2.9,2.5,108.3,-13.4,4,21,0
CUST-3640,14,Standard,South,Individual,1,Medium,0,0,2,Ticket,0,1,1,11.3,51.4,0,0.0,5.0,82.4,7.6,5,27,0
CUST-3641,51,Standard,South,Individual,1,High,1,0,1,Ticket,0,0,1,15.4,16.8,0,0.0,3.8,99.4,-12.0,1,19,1
CUST-3642,39,Standard,North,Enterprise,1,Low,1,1,1,Call,0,1,1,106.6,154.7,1,0.1,3.0,127.4,-14.0,8,22,1
CUST-3643,28,Premium,West,Individual,1,High,0,1,1,Email,1,0,0,0.3,20.0,0,0.2,2.9,96.5,-23.6,1,20,1
CUST-3644,3,Standard,East,Individual,2,Low,0,0,2,Ticket,0,0,1,13.9,24.1,0,0.0,3.3,55.1,-32.0,6,2,0
CUST-3645,70,Basic,North,Individual,0,Medium,1,1,0,Call,0,1,0,6.7,12.3,0,0.3,3.2,103.1,-2.3,1,47,1
CUST-3646,27,Basic,South,Individual,0,High,1,1,0,Email,0,0,0,3.8,15.3,0,0.1,3.8,76.2,-16.6,5,105,1
CUST-3647,2,Standard,South,Small Business,1,Low,1,0,1,Ticket,0,0,0,51.8,67.3,1,0.0,4.0,83.6,-18.0,3,6,1
CUST-3648,38,Basic,North,Individual,1,Low,0,0,1,Call,0,0,1,9.7,19.6,0,0.0,4.0,104.4,22.7,0,17,1
CUST-3649,3,Standard,East,Individual,2,Low,0,0,2,Call,0,0,1,15.8,53.2,0,0.0,1.9,93.4,-7.5,1,29,0
CUST-3650,16,Basic,North,Individual,1,Low,1,0,3,Ticket,0,1,1,53.3,55.5,1,0.0,4.3,128.7,-13.0,3,23,0
CUST-3651,40,Basic,North,Enterprise,2,Low,0,0,2,Ticket,0,0,1,13.1,15.1,0,0.0,5.0,123.1,-2.0,2,1,0
CUST-3652,2,Basic,West,Individual,0,Medium,1,0,2,Ticket,0,0,1,6.8,29.5,0,0.0,4.9,132.6,-18.1,2,105,0
CUST-3653,41,Standard,North,Small Business,4,High,0,1,4,Chat,0,0,1,2.0,14.4,0,0.9,2.2,36.2,-45.9,6,29,0
CUST-3654,12,Basic,West,Individual,1,Medium,0,1,1,Email,0,0,1,18.2,26.1,0,1.7,3.8,86.2,-13.8,6,10,1
CUST-3655,35,Standard,East,Individual,1,Medium,0,1,2,Ticket,0,0,0,48.5,74.3,1,6.2,3.5,21.4,101.5,24,4,1
CUST-3656,65,Standard,North,Small Business,0,Medium,0,1,0,Email,0,0,0,1.7,43.7,0,2.3,3.0,57.4,-14.3,0,48,0
CUST-3657,55,Standard,North,Individual,3,Medium,0,0,3,Call,0,0,0,11.8,23.0,0,0.0,2.2,109.0,-11.5,1,16,1
CUST-3658,45,Standard,South,Individual,1,Medium,0,0,1,Email,1,0,0,21.9,34.5,0,0.0,3.3,85.4,-23.1,1,25,0
CUST-3659,62,Basic,North,Individual,2,Medium,0,2,2,Ticket,0,0,1,2.1,3.0,0,4.3,2.5,121.5,-9.1,1,25,0
CUST-3660,49,Standard,South,Individual,2,Low,0,0,4,Call,1,0,0,1.6,12.0,0,0.0,3.9,109.1,-11.5,2,19,1
CUST-3661,25,Basic,South,Small Business,0,Low,0,2,1,Ticket,1,0,1,4.6,4.9,0,0.6,3.3,41.8,-33.1,4,117,0
CUST-3662,23,Standard,South,Individual,2,Medium,0,1,2,Ticket,0,0,0,2.8,10.6,0,3.3,2.5,103.0,-21.3,0,15,0
CUST-3663,24,Basic,East,Small Business,2,Low,0,1,3,Call,0,0,0,9.5,60.4,0,4.2,3.2,122.9,0.4,3,4,1
CUST-3664,38,Standard,West,Individual,0,Low,0,0,0,Email,1,0,0,10.6,32.1,0,0.0,5.0,94.7,-36.5,6,57,1
CUST-3665,28,Premium,South,Individual,3,Medium,1,0,3,Email,1,1,1,12.1,31.9,0,0.0,1.9,144.7,0.5,6,17,0
CUST-3666,21,Standard,North,Small Business,0,High,1,1,0,Call,0,0,0,13.5,36.6,0,2.3,1.6,32.5,-45.6,4,163,1
CUST-3667,54,Standard,North,Individual,2,Medium,0,1,4,Ticket,0,0,1,1.2,29.6,0,3.4,3.0,84.5,-17.4,12,21,0
CUST-3668,18,Standard,South,Individual,2,Low,0,1,2,Email,0,0,0,21.8,22.4,0,5.9,3.6,79.2,24.1,1,14,0
CUST-3669,36,Basic,South,Individual,0,Medium,2,1,1,Email,1,0,1,26.5,58.2,0,0.8,2.9,99.3,-6.6,21,69,1
CUST-3670,45,Premium,North,Individual,2,High,0,0,2,Ticket,2,0,1,3.0,25.3,0,0.0,3.4,113.4,-11.8,0,15,1
CUST-3671,53,Basic,South,Small Business,1,Medium,1,0,3,Email,0,0,1,5.1,22.4,0,0.0,3.3,126.2,-8.2,2,13,0
CUST-3672,30,Premium,West,Individual,1,Low,1,0,1,Email,1,0,1,6.6,14.4,0,0.0,3.5,82.9,-21.8,0,9,0
CUST-3673,60,Standard,West,Individual,1,Medium,0,1,1,Chat,0,0,1,10.8,16.1,0,1.7,3.8,81.6,40.0,16,18,1
CUST-3674,32,Standard,East,Small Business,0,Low,0,0,3,Chat,1,0,1,10.3,13.5,0,0.0,4.2,101.4,24.3,4,159,0
CUST-3675,67,Standard,South,Individual,0,High,0,1,1,Call,0,0,0,4.6,10.9,0,0.5,3.1,97.9,-10.7,5,178,0
CUST-3676,67,Standard,East,Individual,2,Medium,0,1,3,Call,0,0,1,1.5,33.1,0,1.0,4.5,107.3,-4.8,16,26,0
CUST-3677,28,Standard,East,Individual,0,Medium,0,0,1,Ticket,1,1,1,6.9,7.7,0,0.0,4.2,125.1,-2.9,7,107,0
CUST-3678,44,Basic,East,Small Business,2,Medium,0,0,3,Chat,0,0,1,30.2,49.6,0,0.0,3.7,90.0,-23.4,19,26,0
CUST-3679,41,Standard,South,Enterprise,0,High,0,2,0,Call,0,1,1,1.2,2.5,0,0.8,5.0,68.8,-6.5,3,118,0
CUST-3680,63,Standard,East,Small Business,0,Low,1,0,0,Chat,1,0,1,9.1,11.0,0,0.0,5.0,91.2,-4.1,6,130,0
CUST-3681,23,Premium,West,Individual,3,Low,0,0,3,Call,0,0,0,4.3,7.6,0,0.0,3.1,69.2,-38.5,0,3,1
CUST-3682,48,Standard,East,Small Business,2,Low,0,0,2,Email,1,0,0,24.9,41.7,0,0.0,3.0,154.9,7.4,0,16,0
CUST-3683,32,Basic,West,Individual,1,Medium,0,3,1,Email,1,0,1,8.1,36.7,0,2.5,3.7,91.9,-13.2,2,18,0
CUST-3684,57,Basic,West,Individual,1,Medium,1,0,1,Ticket,0,0,0,10.1,12.4,0,0.0,2.0,83.3,-19.1,0,10,1
CUST-3685,33,Standard,South,Enterprise,0,Medium,0,0,0,Chat,0,1,0,49.8,53.8,1,0.0,4.8,86.7,-9.2,3,161,1
CUST-3686,24,Basic,East,Individual,3,Medium,0,0,3,Chat,1,0,0,18.9,34.0,0,0.0,2.1,128.1,-11.2,2,2,1
CUST-3687,39,Basic,South,Individual,1,Low,0,0,2,Chat,0,0,1,34.7,43.9,0,0.0,3.6,131.5,0.7,1,1,0
CUST-3688,34,Premium,West,Small Business,1,Low,0,0,2,Chat,0,1,0,23.1,38.2,0,0.0,4.5,107.2,0.1,20,16,0
CUST-3689,56,Standard,North,Small Business,0,Low,0,0,0,Email,0,1,1,64.4,67.0,1,0.0,4.0,91.8,1.4,14,117,0
CUST-3690,28,Standard,East,Individual,1,Medium,0,0,1,Email,1,0,1,17.0,26.2,0,0.0,2.6,88.4,4.4,1,23,0
CUST-3691,37,Basic,South,Individual,1,Medium,1,1,2,Chat,0,0,1,5.8,12.0,0,2.2,2.3,36.9,-29.1,2,22,1
CUST-3692,7,Standard,North,Individual,1,Medium,0,0,2,Ticket,0,0,1,23.7,32.3,0,0.0,3.1,127.4,11.5,5,4,0
CUST-3693,68,Basic,East,Individual,1,Low,1,2,3,Chat,1,0,1,34.3,39.6,0,7.7,3.2,147.7,8.6,3,13,1
CUST-3694,37,Standard,East,Individual,0,Low,0,1,0,Call,0,0,1,68.6,70.9,1,3.3,4.0,77.0,32.5,12,90,0
CUST-3695,56,Basic,South,Individual,1,High,0,0,3,Email,1,0,0,19.2,35.7,0,0.0,3.0,110.0,-2.6,21,6,0
CUST-3696,65,Premium,North,Enterprise,0,Low,0,0,2,Email,1,3,0,34.5,51.1,0,0.0,3.2,126.3,-15.6,0,153,0
CUST-3697,65,Standard,South,Individual,0,Low,0,0,0,Chat,0,2,1,24.8,29.4,0,0.0,1.7,82.1,0.9,2,165,1
CUST-3698,47,Standard,East,Individual,1,Low,1,2,1,Call,0,0,1,29.8,42.7,0,12.6,4.6,95.7,-12.3,2,6,0
CUST-3699,20,Standard,East,Individual,1,Medium,0,0,1,Ticket,0,0,1,18.2,67.1,0,0.0,2.7,121.3,-6.1,0,25,1
CUST-3700,19,Standard,West,Individual,0,Low,1,0,0,Email,0,0,0,6.9,18.4,0,0.0,4.9,113.4,-25.3,12,30,0
CUST-3701,29,Basic,East,Individual,0,Low,0,0,2,Call,0,1,1,1.8,7.5,0,0.0,5.0,118.8,-1.9,0,32,0
CUST-3702,60,Standard,East,Enterprise,1,Medium,0,0,1,Call,0,0,1,25.5,31.0,0,0.0,4.0,55.8,-36.4,0,28,0
CUST-3703,18,Basic,North,Small Business,0,Low,1,0,2,Email,1,0,1,35.4,62.1,0,0.0,5.0,104.7,-12.4,0,176,1
CUST-3704,35,Premium,North,Individual,2,Low,0,0,2,Email,0,0,1,29.5,39.5,0,0.0,3.0,79.5,-15.8,2,25,0
CUST-3705,43,Premium,West,Small Business,1,Medium,0,1,3,Call,0,0,1,0.8,5.4,0,2.7,2.6,85.1,-13.7,2,14,0
CUST-3706,11,Basic,West,Individual,1,Medium,0,1,2,Ticket,0,1,0,1.1,16.1,0,0.3,2.4,120.2,-24.7,11,13,0
CUST-3707,49,Premium,West,Small Business,0,Low,0,1,2,Call,1,0,1,2.2,32.2,0,1.1,2.5,55.2,-40.4,0,130,0
CUST-3708,38,Basic,South,Individual,0,Low,1,0,0,Email,1,0,0,34.8,54.3,0,0.0,3.3,124.7,-8.1,12,123,0
CUST-3709,64,Basic,South,Small Business,1,Low,2,0,1,Chat,0,0,0,18.9,20.2,0,0.0,3.1,83.7,-9.2,2,26,1
CUST-3710,69,Premium,West,Individual,0,Medium,1,2,0,Ticket,0,0,0,17.8,24.1,0,2.0,4.3,138.2,9.5,1,114,1
CUST-3711,8,Standard,South,Individual,0,Medium,1,0,0,Call,0,0,1,4.8,29.9,0,0.0,3.8,94.5,-8.3,18,30,1
CUST-3712,34,Standard,East,Small Business,1,Low,0,0,3,Email,0,2,0,1.6,9.7,0,0.0,3.4,164.4,-18.9,12,3,1
CUST-3713,48,Basic,West,Individual,0,Low,0,2,4,Call,0,0,1,31.8,130.7,0,5.0,4.1,40.8,-41.0,4,112,0
CUST-3714,56,Basic,West,Individual,0,Low,0,0,1,Ticket,0,0,0,35.3,41.5,0,0.0,2.5,41.9,-25.8,0,164,1
CUST-3715,65,Premium,South,Individual,0,Low,0,1,1,Ticket,0,0,0,5.8,41.5,0,2.5,4.6,136.4,11.0,7,101,0
CUST-3716,31,Basic,North,Small Business,0,Low,0,0,2,Ticket,0,1,1,35.0,44.2,0,0.0,2.5,135.7,-4.1,0,89,0
CUST-3717,4,Basic,West,Individual,1,High,1,0,3,Ticket,1,0,1,7.5,48.7,0,0.0,3.7,56.7,15.0,1,15,0
CUST-3718,50,Standard,South,Individual,3,Medium,1,0,3,Ticket,1,1,0,33.4,41.6,0,0.0,1.4,75.3,0.0,4,24,0
CUST-3719,69,Standard,South,Enterprise,3,Low,0,0,3,Email,1,1,1,1.4,10.9,0,0.0,5.0,90.3,-2.6,0,23,1
CUST-3720,30,Standard,North,Individual,1,High,1,2,3,Call,0,0,0,8.5,20.1,0,2.3,3.9,107.5,-14.9,1,24,1
CUST-3721,59,Basic,West,Individual,1,Low,0,1,1,Call,0,0,1,29.4,30.0,0,2.7,4.0,131.6,-16.7,2,24,0
CUST-3722,67,Basic,North,Small Business,0,Low,1,0,0,Chat,0,0,0,6.8,8.1,0,0.0,3.3,97.3,-15.1,0,132,0
CUST-3723,45,Basic,East,Small Business,1,High,0,0,1,Ticket,0,0,1,0.8,29.7,0,0.0,3.4,138.7,-10.6,4,14,1
CUST-3724,4,Premium,North,Enterprise,2,Low,3,1,2,Call,3,0,0,3.3,7.9,0,0.2,3.1,119.7,-20.6,5,18,1
CUST-3725,26,Basic,North,Individual,0,High,0,1,0,Ticket,0,0,0,65.2,80.0,1,1.9,3.0,106.7,-0.9,0,136,1
CUST-3726,27,Standard,South,Individual,3,Medium,0,0,3,Call,0,1,0,18.3,22.9,0,0.0,5.0,77.2,4.7,2,4,1
CUST-3727,46,Standard,North,Small Business,1,High,2,0,1,Call,1,0,0,3.9,10.4,0,0.0,2.1,138.0,-14.0,1,22,0
CUST-3728,64,Premium,East,Small Business,2,Medium,0,1,3,Email,0,1,1,20.9,34.8,0,0.8,2.9,64.1,-21.0,3,15,0
CUST-3729,51,Premium,South,Small Business,4,Low,1,1,5,Email,1,0,0,19.5,25.7,0,1.7,3.1,72.9,-15.2,13,23,0
CUST-3730,50,Basic,East,Individual,0,High,0,0,1,Email,1,0,0,10.5,29.9,0,0.0,3.6,124.9,5.8,3,52,0
CUST-3731,6,Basic,North,Individual,3,Low,0,0,4,Ticket,1,0,0,22.0,32.9,0,0.0,3.9,98.6,-22.2,0,15,1
CUST-3732,59,Standard,East,Individual,0,Medium,1,1,0,Ticket,0,0,1,2.4,23.6,0,2.9,3.7,133.2,-13.2,0,157,1
CUST-3733,15,Basic,East,Enterprise,0,Medium,0,0,0,Email,0,0,0,7.8,11.4,0,0.0,5.0,84.2,-29.6,2,94,1
CUST-3734,30,Standard,North,Individual,2,Medium,0,0,2,Call,0,0,0,0.8,16.3,0,0.0,1.7,150.4,-0.4,0,1,1
CUST-3735,42,Standard,North,Individual,2,Medium,2,0,3,Ticket,0,0,0,49.2,54.8,1,0.0,2.2,85.0,-20.9,1,26,1
CUST-3736,37,Premium,South,Individual,1,Medium,2,0,1,Ticket,0,1,1,44.7,51.2,0,0.0,2.8,96.7,-6.2,5,24,0
CUST-3737,42,Basic,South,Individual,2,Medium,0,2,2,Chat,1,0,1,4.6,7.7,0,0.4,4.9,137.2,6.2,1,14,0
CUST-3738,35,Premium,West,Individual,0,Medium,1,1,1,Call,0,1,1,24.6,26.7,0,0.4,2.8,92.5,1.9,0,146,0
CUST-3739,6,Basic,South,Small Business,0,Low,0,0,0,Call,2,0,0,33.5,65.5,0,0.0,5.0,104.0,-11.6,6,53,1
CUST-3740,68,Standard,North,Individual,0,High,1,1,0,Chat,1,0,0,10.5,54.3,0,0.7,2.3,68.8,1.5,12,152,0
CUST-3741,18,Standard,East,Individual,0,Medium,1,1,0,Chat,0,0,0,34.0,41.5,0,8.0,2.7,64.5,-3.3,12,89,0
CUST-3742,29,Standard,East,Individual,1,Medium,1,0,1,Chat,2,0,0,13.6,35.2,0,0.0,3.6,165.1,-11.4,5,20,1
CUST-3743,59,Standard,South,Small Business,1,High,0,0,2,Chat,0,0,1,31.9,56.3,0,0.0,3.6,89.2,-21.8,1,18,1
CUST-3744,47,Premium,South,Enterprise,0,Low,0,0,2,Chat,0,0,1,28.3,30.6,0,0.0,5.0,136.5,-0.1,10,37,0
CUST-3745,17,Premium,North,Small Business,1,Low,2,0,1,Chat,2,0,0,16.5,58.5,0,0.0,4.7,96.8,-30.9,7,22,0
CUST-3746,22,Premium,East,Small Business,0,Medium,0,0,1,Ticket,1,0,1,14.2,38.9,0,0.0,3.6,81.8,-22.7,9,81,0
CUST-3747,68,Basic,West,Individual,1,Low,1,0,2,Ticket,0,0,0,6.9,30.3,0,0.0,3.2,87.9,57.9,0,7,1
CUST-3748,69,Premium,West,Small Business,1,Medium,0,0,1,Ticket,0,0,1,10.6,49.4,0,0.0,3.4,60.2,-20.5,3,1,0
CUST-3749,37,Standard,South,Enterprise,2,High,1,2,2,Email,0,0,1,9.9,16.5,0,2.1,3.0,80.0,-26.1,3,2,1
CUST-3750,49,Basic,West,Individual,1,Low,0,0,3,Chat,1,0,1,2.2,34.8,0,0.0,4.4,143.5,2.0,7,23,1
CUST-3751,13,Basic,North,Individual,1,High,2,1,3,Chat,0,1,1,14.9,108.1,0,1.3,3.0,157.8,-12.8,1,19,0
CUST-3752,34,Basic,West,Enterprise,1,High,1,1,2,Chat,0,0,0,17.4,21.3,0,2.2,4.6,125.2,-26.0,2,29,1
CUST-3753,53,Basic,South,Small Business,2,Low,0,1,2,Chat,1,0,1,69.5,71.4,1,5.7,3.8,120.9,-3.3,10,16,0
CUST-3754,51,Standard,North,Individual,1,Medium,1,0,1,Ticket,0,1,1,6.7,8.4,0,0.0,3.7,88.1,-13.0,6,5,1
CUST-3755,3,Premium,East,Enterprise,0,Low,0,3,1,Chat,0,0,0,10.2,17.3,0,2.6,2.7,72.6,37.2,5,57,0
CUST-3756,42,Standard,North,Individual,1,Medium,0,0,1,Email,0,1,0,16.1,40.9,0,0.0,1.0,107.0,-13.2,0,13,0
CUST-3757,32,Standard,South,Individual,1,Low,1,1,1,Ticket,0,0,0,38.4,59.2,0,1.3,3.1,83.7,-25.5,0,28,1
CUST-3758,51,Premium,South,Small Business,1,High,1,0,1,Ticket,0,1,1,6.0,9.3,0,0.0,3.5,103.7,-23.1,5,19,0
CUST-3759,46,Basic,West,Individual,0,Low,0,2,1,Ticket,0,1,1,5.3,16.8,0,1.6,4.0,112.9,22.3,3,94,0
CUST-3760,21,Premium,West,Small Business,2,Medium,0,0,2,Email,0,0,1,15.2,21.9,0,0.0,3.4,75.4,-28.5,20,26,1
CUST-3761,44,Standard,East,Individual,1,Medium,0,1,1,Ticket,0,0,1,2.8,29.5,0,2.2,3.8,120.2,-12.7,9,22,1
CUST-3762,11,Standard,East,Individual,0,Low,0,0,0,Email,0,0,1,23.8,48.3,0,0.0,4.3,46.8,-29.4,4,142,0
CUST-3763,68,Basic,South,Individual,2,Medium,0,0,4,Call,0,0,0,39.3,64.2,0,0.0,2.7,126.1,-14.8,0,14,0
CUST-3764,1,Standard,South,Individual,0,High,0,1,2,Chat,0,0,0,0.6,11.8,0,0.3,2.7,99.3,-9.6,0,146,0
CUST-3765,63,Basic,South,Individual,0,Medium,0,1,0,Email,1,0,0,4.3,29.0,0,0.3,3.2,70.3,-6.7,3,50,0
CUST-3766,24,Standard,East,Enterprise,2,Medium,1,1,4,Chat,0,0,1,17.3,37.1,0,4.5,3.6,78.5,-32.7,0,26,1
CUST-3767,13,Basic,South,Individual,1,Medium,0,0,1,Chat,0,0,1,35.2,46.3,0,0.0,3.2,96.1,18.9,5,13,0
CUST-3768,11,Premium,East,Individual,1,Medium,0,0,3,Ticket,1,0,1,13.5,35.7,0,0.0,3.0,119.7,-22.1,0,8,0
CUST-3769,51,Basic,South,Individual,1,Low,0,1,2,Ticket,0,0,1,30.7,37.8,0,0.8,4.7,102.6,-23.6,25,15,0
CUST-3770,17,Basic,North,Small Business,1,Medium,0,0,1,Email,1,0,0,11.0,33.7,0,0.0,4.1,124.3,0.6,14,2,1
CUST-3771,24,Standard,North,Individual,2,Medium,0,0,2,Email,0,0,0,9.8,24.5,0,0.0,3.5,79.8,34.0,4,20,0
CUST-3772,19,Basic,South,Individual,0,Medium,0,0,0,Ticket,0,1,1,4.0,33.7,0,0.0,5.0,96.1,-9.1,1,70,0
CUST-3773,37,Standard,North,Individual,2,Low,0,0,2,Chat,0,0,0,3.3,36.7,0,0.0,3.8,116.6,-9.3,1,21,0
CUST-3774,8,Premium,East,Individual,0,Low,0,1,0,Ticket,0,0,0,27.4,34.7,0,1.8,5.0,132.3,6.1,1,48,0
CUST-3775,28,Standard,West,Individual,2,Medium,0,1,2,Chat,1,0,0,3.7,8.8,0,0.2,1.2,67.2,59.6,1,4,0
CUST-3776,5,Basic,North,Small Business,1,Low,0,1,1,Call,1,1,1,10.5,15.4,0,2.8,1.5,30.8,-5.6,0,5,1
CUST-3777,17,Standard,West,Enterprise,0,Low,2,2,0,Email,1,0,0,15.7,21.7,0,1.8,3.5,85.1,23.5,5,128,1
CUST-3778,36,Standard,North,Individual,2,Low,0,0,2,Ticket,1,0,0,6.1,6.9,0,0.0,3.2,78.6,-5.6,6,13,1
CUST-3779,19,Premium,East,Small Business,2,Medium,0,1,4,Chat,0,1,1,35.7,75.9,0,3.4,3.9,122.8,-5.0,1,20,1
CUST-3780,64,Basic,North,Enterprise,0,High,0,0,0,Call,0,1,1,10.4,12.4,0,0.0,3.6,72.1,-17.7,7,113,0
CUST-3781,11,Standard,North,Enterprise,2,High,0,0,3,Chat,0,0,1,9.5,41.0,0,0.0,3.4,146.8,-4.9,0,23,0
CUST-3782,54,Standard,South,Enterprise,0,Low,0,2,0,Email,0,0,0,3.9,14.0,0,1.5,3.8,106.4,-19.7,1,97,1
CUST-3783,45,Basic,West,Small Business,1,Low,0,0,1,Ticket,1,0,1,5.0,39.6,0,0.0,3.0,96.5,11.1,7,16,0
CUST-3784,47,Basic,West,Individual,2,High,0,2,3,Chat,0,0,1,6.9,47.3,0,1.3,5.0,81.1,-16.3,19,21,1
CUST-3785,12,Standard,East,Individual,2,High,0,0,2,Email,0,0,0,8.6,34.4,0,0.0,4.0,57.8,-11.6,7,3,1
CUST-3786,21,Premium,East,Individual,2,Low,0,0,3,Ticket,1,0,0,24.2,32.0,0,0.0,3.1,82.3,-25.6,1,25,1
CUST-3787,11,Premium,West,Small Business,0,Medium,0,0,0,Call,0,0,0,112.0,120.0,1,0.0,3.5,104.9,-4.6,1,102,1
CUST-3788,5,Standard,South,Individual,3,Low,0,2,5,Chat,2,0,0,14.1,65.0,0,2.4,5.0,107.8,-18.1,5,3,1
CUST-3789,56,Basic,South,Individual,0,Medium,0,2,0,Ticket,2,0,0,24.4,30.6,0,0.7,3.1,75.9,-14.2,15,56,1
CUST-3790,20,Basic,West,Individual,1,Low,0,1,1,Ticket,0,0,1,5.6,13.5,0,1.8,3.2,151.0,-3.4,26,6,0
CUST-3791,41,Premium,North,Small Business,0,High,0,0,1,Ticket,1,0,0,58.8,63.9,1,0.0,4.3,145.3,6.6,4,83,1
CUST-3792,46,Premium,West,Small Business,0,Medium,0,0,0,Email,1,0,1,33.3,44.1,0,0.0,2.5,134.9,4.0,2,137,0
CUST-3793,12,Premium,North,Individual,1,Low,0,0,1,Call,0,0,1,23.1,37.2,0,0.0,4.3,109.7,-6.1,1,28,1
CUST-3794,70,Standard,West,Individual,1,Medium,0,2,1,Call,0,0,1,7.5,23.8,0,9.1,3.5,70.3,-9.8,0,4,1
CUST-3795,17,Basic,North,Small Business,3,Low,0,0,3,Email,0,0,0,1.7,4.3,0,0.0,3.5,84.5,-17.3,1,2,0
CUST-3796,19,Premium,South,Individual,3,Low,2,0,5,Chat,0,0,0,69.0,75.4,1,0.0,2.5,104.2,-21.5,4,15,1
CUST-3797,26,Standard,West,Individual,0,Low,0,2,2,Email,1,1,0,25.8,108.5,0,7.1,5.0,127.7,-21.4,5,136,1
CUST-3798,48,Basic,East,Individual,1,Medium,0,1,1,Call,0,0,1,2.9,4.1,0,0.3,3.1,82.0,-16.5,2,12,1
CUST-3799,52,Standard,North,Enterprise,1,Low,0,0,2,Email,0,0,0,16.1,23.0,0,0.0,3.4,116.9,12.0,16,14,0
CUST-3800,70,Basic,South,Individual,2,Medium,2,0,3,Call,1,0,1,18.9,22.5,0,0.0,5.0,69.2,4.6,0,27,1
CUST-3801,55,Basic,East,Individual,0,Medium,0,0,0,Call,0,1,0,11.7,16.7,0,0.0,3.2,97.1,5.2,6,73,0
CUST-3802,33,Standard,South,Small Business,1,Medium,0,1,1,Call,0,0,0,12.8,22.2,0,0.4,3.3,96.9,22.4,2,29,1
CUST-3803,62,Standard,North,Individual,0,Low,0,0,0,Call,0,0,1,15.8,80.5,0,0.0,3.5,72.4,-36.9,7,130,0
CUST-3804,23,Premium,West,Individual,3,Low,1,1,4,Chat,2,1,1,32.3,57.4,0,0.5,2.8,121.3,17.6,9,4,1
CUST-3805,15,Basic,South,Individual,1,Low,0,0,2,Call,1,1,0,33.4,37.5,0,0.0,4.4,104.7,10.8,6,18,1
CUST-3806,27,Basic,West,Enterprise,0,Low,0,0,3,Ticket,0,0,0,64.7,66.9,1,0.0,3.4,95.9,2.5,4,160,1
CUST-3807,64,Basic,West,Individual,0,Medium,1,0,1,Ticket,0,0,1,3.8,17.8,0,0.0,3.4,85.3,-22.2,0,140,0
CUST-3808,51,Basic,South,Small Business,0,High,1,1,0,Call,0,0,1,2.3,33.7,0,2.2,5.0,73.7,-22.3,0,130,1
CUST-3809,53,Basic,South,Enterprise,4,Low,0,1,5,Call,0,0,0,18.9,22.2,0,1.0,2.9,132.2,14.0,4,1,0
CUST-3810,51,Standard,South,Small Business,1,Medium,0,0,1,Email,1,0,1,24.3,27.6,0,0.0,3.3,54.9,10.6,16,16,1
CUST-3811,47,Standard,West,Small Business,2,Low,2,1,3,Chat,3,0,1,8.3,25.6,0,2.5,4.0,116.0,-5.3,3,7,1
CUST-3812,4,Standard,East,Small Business,2,Low,0,0,2,Call,1,0,0,83.8,89.1,1,0.0,3.7,50.9,23.0,11,23,1
CUST-3813,7,Premium,North,Enterprise,1,Medium,0,0,1,Email,0,0,1,36.8,37.4,0,0.0,3.3,123.8,-14.5,12,8,1
CUST-3814,35,Standard,East,Enterprise,2,Medium,0,0,2,Call,0,0,0,13.6,19.0,0,0.0,4.4,114.0,32.7,0,19,1
CUST-3815,48,Basic,West,Enterprise,0,High,0,0,0,Chat,0,1,1,25.8,29.3,0,0.0,1.0,84.2,-21.0,3,60,0
CUST-3816,45,Basic,South,Small Business,5,Medium,0,0,5,Chat,0,0,1,12.1,18.0,0,0.0,3.8,127.7,-12.8,6,20,1
CUST-3817,19,Premium,South,Individual,1,Low,0,0,1,Ticket,0,0,1,4.5,29.7,0,0.0,3.2,112.9,-13.3,2,27,1
CUST-3818,63,Standard,North,Individual,1,Medium,0,2,2,Chat,1,0,0,3.5,20.3,0,1.6,3.9,89.7,-5.1,1,19,0
CUST-3819,38,Premium,North,Individual,0,Medium,1,0,0,Ticket,0,0,1,6.8,11.8,0,0.0,3.7,126.6,-21.6,12,118,0
CUST-3820,67,Premium,East,Enterprise,1,Medium,0,0,1,Chat,0,0,1,45.2,53.1,0,0.0,3.2,97.8,18.9,4,18,1
CUST-3821,59,Premium,East,Small Business,2,High,0,0,4,Email,0,0,1,9.4,13.0,0,0.0,1.3,69.9,26.8,4,22,0
CUST-3822,69,Premium,North,Individual,2,Low,1,0,2,Chat,1,0,1,47.4,59.5,0,0.0,4.5,139.1,-24.8,6,29,0
CUST-3823,13,Standard,West,Individual,1,Medium,0,1,1,Email,2,1,0,32.0,35.8,0,2.5,3.2,57.3,-15.5,18,19,1
CUST-3824,47,Basic,East,Individual,0,Low,2,1,0,Ticket,0,1,1,18.7,58.0,0,2.7,5.0,110.6,-20.0,4,58,1
CUST-3825,61,Premium,South,Individual,0,Medium,0,1,0,Email,0,0,1,45.5,50.3,0,2.5,5.0,132.6,2.6,0,111,0
CUST-3826,31,Standard,South,Small Business,1,Medium,0,1,1,Ticket,0,0,1,4.2,22.9,0,5.8,5.0,88.4,-1.1,16,17,0
CUST-3827,22,Basic,West,Individual,1,Low,0,0,1,Chat,0,0,1,1.6,9.1,0,0.0,3.2,76.6,-35.1,1,11,1
CUST-3828,43,Standard,North,Individual,3,High,0,1,3,Email,1,0,1,27.8,61.4,0,2.1,3.7,100.5,-15.2,16,24,0
CUST-3829,67,Standard,East,Individual,0,Low,0,2,2,Email,0,0,0,47.2,52.9,0,6.6,4.2,51.4,-28.5,2,162,1
CUST-3830,54,Premium,South,Individual,1,Low,0,1,1,Ticket,0,0,1,9.7,9.9,0,0.0,4.4,148.8,-4.9,9,13,0
CUST-3831,10,Standard,North,Enterprise,0,High,0,0,1,Chat,0,0,0,0.1,1.8,0,0.0,3.2,87.7,2.0,2,66,0
CUST-3832,42,Basic,East,Individual,2,Low,0,2,3,Call,2,0,1,29.1,30.1,0,1.1,2.8,91.2,-21.9,4,7,1
CUST-3833,64,Premium,West,Enterprise,0,Low,1,1,0,Call,1,0,0,9.1,14.6,0,0.4,3.8,127.9,-2.6,2,50,1
CUST-3834,21,Premium,South,Individual,3,Medium,0,1,3,Email,0,0,0,17.6,34.4,0,0.3,3.1,132.8,-2.9,6,1,1
CUST-3835,66,Standard,West,Individual,2,Medium,0,0,4,Ticket,0,0,1,4.7,15.6,0,0.0,3.0,104.3,-5.4,8,2,1
CUST-3836,41,Basic,West,Small Business,1,High,0,0,2,Ticket,0,0,0,22.9,27.2,0,0.0,2.6,62.8,-15.8,9,21,1
CUST-3837,24,Basic,West,Small Business,0,Medium,0,0,0,Ticket,0,0,0,15.2,115.6,0,0.0,2.8,111.9,1.7,1,130,1
CUST-3838,35,Standard,East,Individual,0,Medium,1,1,1,Chat,0,0,0,0.6,1.6,0,0.4,4.7,112.9,3.9,8,160,0
CUST-3839,56,Basic,West,Individual,1,High,0,1,3,Chat,0,2,0,0.1,14.8,0,0.4,4.6,102.7,-1.1,2,8,1
CUST-3840,30,Basic,East,Individual,1,Medium,0,0,2,Chat,0,0,0,11.5,35.8,0,0.0,5.0,118.3,0.3,4,11,0
CUST-3841,57,Standard,East,Small Business,1,Low,0,0,1,Call,0,0,1,3.6,51.1,0,0.0,3.1,110.6,41.3,0,25,0
CUST-3842,47,Standard,West,Individual,1,Medium,0,0,1,Email,0,1,1,47.2,53.8,0,0.0,2.3,47.5,-41.5,4,4,0
CUST-3843,35,Standard,West,Individual,3,Low,1,0,4,Chat,0,0,0,2.2,14.9,0,0.0,3.3,70.2,-16.2,8,22,1
CUST-3844,19,Basic,North,Small Business,0,Low,1,0,2,Email,0,0,1,25.2,29.5,0,0.0,3.5,103.9,-0.2,1,76,0
CUST-3845,8,Standard,South,Individual,3,Medium,1,0,3,Ticket,0,0,1,8.6,9.1,0,0.0,2.8,95.2,-22.2,3,21,0
CUST-3846,26,Standard,North,Individual,1,High,1,0,2,Chat,1,0,1,54.7,65.6,1,0.0,3.1,99.0,17.8,8,23,0
CUST-3847,71,Basic,South,Individual,1,Low,1,1,1,Chat,1,1,1,2.9,16.3,0,3.3,3.7,93.2,-16.7,1,18,0
CUST-3848,30,Basic,South,Enterprise,2,Low,1,1,2,Chat,0,0,0,30.1,34.9,0,0.7,3.4,93.3,-7.2,12,4,1
CUST-3849,7,Standard,North,Individual,1,Low,0,1,2,Email,0,0,1,64.0,68.0,1,3.3,5.0,78.8,-6.4,0,25,0
CUST-3850,67,Premium,North,Enterprise,0,Low,0,0,0,Call,0,0,0,62.9,67.9,1,0.0,5.0,88.4,-2.7,3,164,1
CUST-3851,65,Standard,South,Individual,0,Low,0,1,1,Call,2,0,0,5.9,17.1,0,1.3,2.5,110.3,-18.7,5,159,1
CUST-3852,36,Basic,South,Small Business,1,Medium,0,0,1,Ticket,0,0,0,7.0,24.1,0,0.0,4.8,61.7,-8.4,3,18,1
CUST-3853,25,Basic,South,Individual,1,Low,0,0,2,Email,0,0,0,3.2,22.4,0,0.0,5.0,76.8,-12.0,2,20,0
CUST-3854,37,Premium,East,Individual,1,Low,0,1,2,Chat,0,0,1,9.3,14.2,0,0.2,4.4,88.8,-29.2,5,9,0
CUST-3855,1,Basic,South,Small Business,3,High,0,0,4,Call,0,0,0,22.9,52.0,0,0.0,4.3,98.5,-11.4,10,9,1
CUST-3856,15,Standard,West,Small Business,1,Medium,0,0,2,Ticket,0,1,0,0.2,10.2,0,0.0,4.8,108.4,-4.2,5,15,0
CUST-3857,37,Standard,West,Small Business,2,Low,0,0,3,Call,0,0,1,21.0,32.9,0,0.0,3.1,160.2,-6.4,4,6,0
CUST-3858,13,Basic,West,Small Business,0,Medium,0,2,1,Email,1,0,1,0.4,4.2,0,0.2,3.9,85.8,-19.0,6,64,0
CUST-3859,8,Premium,North,Individual,2,Low,0,0,2,Ticket,1,0,0,22.0,29.3,0,0.0,3.5,133.3,4.5,2,2,1
CUST-3860,5,Standard,North,Individual,0,High,0,1,0,Email,0,0,0,36.7,37.5,0,5.1,3.9,56.9,-28.9,0,169,0
CUST-3861,60,Standard,North,Individual,1,Low,3,0,1,Ticket,0,0,0,8.9,21.8,0,0.0,5.0,193.2,-1.8,13,19,0
CUST-3862,1,Basic,South,Small Business,2,High,1,0,2,Email,0,0,0,10.4,31.2,0,0.0,4.2,117.8,-12.7,1,17,1
CUST-3863,36,Basic,West,Individual,2,Medium,0,0,3,Chat,1,0,0,26.0,37.8,0,0.0,2.9,49.4,-25.1,7,25,1
CUST-3864,35,Standard,South,Enterprise,1,Medium,2,0,1,Chat,1,0,1,33.1,39.1,0,0.0,4.1,83.1,-8.4,4,16,0
CUST-3865,66,Standard,East,Individual,1,Low,0,0,1,Email,0,0,1,159.0,186.0,1,0.0,2.5,84.3,-17.9,5,13,0
CUST-3866,63,Basic,East,Small Business,3,High,0,1,3,Email,1,0,0,15.6,16.4,0,1.2,3.3,53.2,-28.0,8,2,1
CUST-3867,23,Basic,North,Individual,1,Low,0,0,2,Call,0,0,1,38.6,42.9,0,0.0,3.0,111.9,2.5,3,22,1
CUST-3868,9,Basic,East,Individual,1,Low,0,2,1,Call,2,1,1,1.2,1.9,0,19.7,4.1,97.7,3.1,0,29,1
CUST-3869,34,Premium,West,Small Business,2,Low,1,0,2,Ticket,2,0,0,2.3,9.8,0,0.0,1.8,111.9,-18.1,16,4,1
CUST-3870,46,Standard,East,Individual,1,Medium,0,2,1,Email,1,0,0,40.9,45.2,0,13.7,4.1,100.9,-14.1,8,10,1
CUST-3871,4,Premium,North,Enterprise,1,Low,0,0,1,Email,0,0,1,9.5,26.7,0,0.0,3.9,69.8,6.2,5,19,0
CUST-3872,30,Basic,South,Small Business,0,High,0,0,0,Email,0,0,1,5.1,6.4,0,0.0,3.4,160.2,-7.6,10,47,1
CUST-3873,3,Premium,East,Individual,0,Low,1,1,2,Call,0,0,0,10.4,10.9,0,0.1,4.1,66.7,11.1,12,82,1
CUST-3874,14,Basic,West,Small Business,1,Medium,0,0,1,Call,2,0,1,14.9,27.0,0,0.0,4.2,69.6,-13.3,10,26,1
CUST-3875,60,Standard,West,Small Business,0,Low,0,1,0,Chat,0,0,1,7.8,28.4,0,1.0,3.3,139.3,7.9,0,94,1
CUST-3876,45,Premium,West,Small Business,0,Low,0,0,0,Ticket,0,0,1,4.4,13.9,0,0.0,3.8,90.5,25.9,6,138,1
CUST-3877,34,Basic,South,Individual,0,Low,1,1,0,Call,0,0,1,0.8,5.7,0,2.2,3.4,64.0,-13.3,1,109,0
CUST-3878,45,Standard,West,Individual,0,High,0,0,0,Ticket,0,0,1,29.2,39.5,0,0.0,3.4,2.7,-93.8,0,90,1
CUST-3879,61,Basic,North,Small Business,2,Low,0,1,2,Ticket,0,0,0,46.9,53.1,0,2.1,3.7,114.1,-4.9,1,12,1
CUST-3880,16,Basic,North,Small Business,0,Medium,1,0,1,Call,1,1,1,0.3,5.6,0,0.0,3.5,61.3,-6.8,5,113,0
CUST-3881,66,Standard,West,Individual,1,Low,1,1,1,Email,0,0,1,8.6,17.5,0,3.4,3.2,70.7,-20.7,12,5,0
CUST-3882,40,Standard,East,Individual,1,Medium,1,0,1,Email,0,0,1,44.6,58.9,0,0.0,3.2,112.0,-20.5,5,15,0
CUST-3883,17,Standard,West,Individual,0,Low,0,0,0,Chat,0,0,0,0.4,13.4,0,0.0,3.6,58.6,-20.0,4,147,0
CUST-3884,34,Standard,North,Individual,0,Low,0,0,1,Email,0,0,1,26.3,28.0,0,0.0,3.3,55.1,-29.6,2,68,0
CUST-3885,16,Standard,North,Small Business,0,Medium,0,2,1,Email,0,0,0,5.6,9.3,0,8.4,3.5,157.8,-8.6,1,98,1
CUST-3886,60,Basic,North,Small Business,1,Low,0,0,1,Call,1,0,1,29.7,29.8,0,0.0,3.5,93.3,-20.5,4,15,0
CUST-3887,66,Basic,East,Individual,2,Low,0,0,2,Ticket,0,0,1,22.7,31.4,0,0.0,3.1,102.5,-6.8,3,23,0
CUST-3888,66,Premium,East,Small Business,0,Low,0,0,0,Email,0,0,0,56.7,78.7,1,0.0,3.0,81.1,-25.5,5,177,1
CUST-3889,13,Basic,East,Individual,0,Medium,1,2,2,Call,1,0,1,7.3,15.3,0,6.4,4.9,123.5,-12.8,3,134,0
CUST-3890,56,Standard,North,Small Business,1,Low,1,0,2,Ticket,0,1,1,3.3,113.0,0,0.0,2.4,150.0,11.6,2,12,0
CUST-3891,31,Basic,South,Individual,2,Low,1,0,4,Call,0,0,0,13.7,34.5,0,0.0,2.5,93.6,-17.6,9,23,1
CUST-3892,34,Standard,West,Individual,0,Medium,0,1,3,Email,1,0,1,83.8,90.8,1,2.5,5.0,107.9,-24.5,7,65,1
CUST-3893,39,Standard,West,Small Business,2,Low,0,0,2,Email,0,0,1,0.8,55.1,0,0.0,3.6,90.8,-15.9,8,24,0
CUST-3894,67,Basic,North,Individual,0,Medium,0,2,1,Call,1,0,1,3.9,19.3,0,5.1,5.0,65.8,-5.5,0,145,0
CUST-3895,8,Basic,East,Individual,4,Medium,0,0,4,Chat,0,0,0,38.9,76.7,0,0.0,2.6,89.7,-31.1,0,18,1
CUST-3896,55,Standard,South,Individual,0,High,1,0,1,Ticket,1,0,0,23.2,24.6,0,0.0,3.0,111.8,-8.8,1,62,0
CUST-3897,27,Basic,South,Individual,2,Low,1,0,4,Ticket,0,1,1,11.1,23.3,0,0.0,3.1,118.7,-3.9,12,29,1
CUST-3898,53,Basic,East,Individual,2,Medium,0,1,3,Email,0,1,1,13.6,49.5,0,0.1,4.7,121.1,-11.0,2,24,1
CUST-3899,39,Standard,West,Individual,0,Low,2,0,0,Call,1,0,0,5.9,21.7,0,0.0,4.5,65.4,-27.6,5,97,1
CUST-3900,65,Basic,West,Enterprise,3,Low,0,0,3,Call,0,0,1,65.6,132.3,1,0.0,3.0,64.9,-5.1,0,21,1
CUST-3901,17,Premium,South,Small Business,0,Medium,0,1,1,Email,0,0,0,8.4,90.3,0,0.8,2.7,104.9,-8.8,6,40,0
CUST-3902,30,Standard,South,Individual,2,Low,0,0,4,Call,1,0,1,9.6,33.1,0,0.0,3.9,105.4,-18.7,7,10,1
CUST-3903,53,Basic,East,Small Business,2,Low,0,2,2,Email,0,1,0,12.7,17.6,0,5.3,2.2,81.9,-4.6,6,7,1
CUST-3904,13,Standard,West,Individual,0,Medium,1,0,0,Chat,1,0,1,4.8,33.6,0,0.0,3.1,36.1,-30.5,0,116,1
CUST-3905,21,Standard,South,Individual,0,Low,0,0,0,Ticket,0,0,0,4.4,22.6,0,0.0,2.1,98.7,-3.4,0,50,0
CUST-3906,19,Basic,West,Individual,1,Low,1,0,1,Chat,1,0,1,18.4,20.0,0,0.0,3.4,127.3,-10.7,6,1,0
CUST-3907,53,Standard,South,Individual,1,Low,1,1,1,Call,0,0,0,29.8,37.2,0,1.2,2.5,118.9,15.1,4,9,1
CUST-3908,19,Basic,East,Small Business,1,Low,0,0,3,Ticket,0,1,1,27.9,59.0,0,0.0,2.1,133.3,4.2,2,21,1
CUST-3909,57,Basic,West,Individual,2,Low,0,2,3,Email,0,1,1,16.7,35.1,0,7.5,4.8,125.5,3.4,4,25,0
CUST-3910,25,Basic,South,Small Business,3,Low,0,1,4,Email,0,0,0,20.4,28.7,0,2.6,2.9,72.8,-17.8,0,16,1
CUST-3911,31,Basic,South,Individual,3,Low,0,0,3,Ticket,0,0,1,16.6,30.8,0,0.0,2.4,116.1,-15.5,2,17,1
CUST-3912,55,Basic,South,Individual,0,Medium,1,1,0,Chat,1,0,1,41.6,83.0,0,0.3,4.1,114.2,-6.7,0,112,0
CUST-3913,23,Standard,South,Small Business,1,Low,1,0,1,Chat,0,0,0,9.8,23.5,0,0.0,3.4,135.2,10.1,16,18,1
CUST-3914,32,Standard,East,Individual,3,Medium,1,0,3,Email,0,0,0,2.6,6.5,0,0.0,3.1,148.4,-19.7,1,9,1
CUST-3915,62,Standard,West,Individual,0,High,0,2,0,Call,1,0,0,11.4,28.0,0,0.0,4.6,67.8,-14.4,7,54,1
CUST-3916,10,Standard,West,Individual,2,Low,0,0,2,Email,0,0,1,40.9,45.6,0,0.0,5.0,76.5,-26.3,0,24,1
CUST-3917,54,Premium,North,Individual,2,Low,0,0,2,Call,0,0,1,46.2,60.7,0,0.0,2.3,89.8,-23.7,0,17,1
CUST-3918,52,Standard,West,Enterprise,1,Medium,0,0,1,Call,0,0,1,17.8,33.3,0,0.0,1.4,115.6,9.4,5,29,0
CUST-3919,20,Standard,North,Individual,0,Low,1,0,0,Ticket,0,1,0,1.3,8.0,0,0.0,3.3,59.6,-1.9,7,51,1
CUST-3920,32,Basic,South,Individual,2,Medium,0,0,3,Ticket,0,0,1,25.6,45.9,0,0.0,3.9,64.0,-35.1,11,10,0
CUST-3921,14,Premium,East,Small Business,1,Low,0,0,1,Email,1,0,1,21.2,26.4,0,0.0,3.7,203.8,-4.8,5,10,1
CUST-3922,50,Basic,East,Individual,1,Low,0,1,1,Ticket,2,1,1,12.0,12.2,0,4.0,2.4,85.9,-14.3,6,22,0
CUST-3923,28,Basic,South,Individual,0,Low,1,2,0,Email,0,0,0,3.6,10.0,0,2.8,4.3,93.5,-15.6,1,126,0
CUST-3924,53,Standard,North,Individual,2,Low,0,0,2,Ticket,1,0,1,18.7,48.4,0,0.0,1.9,132.1,-11.6,14,26,0
CUST-3925,24,Basic,South,Individual,4,Low,0,1,4,Chat,0,0,1,13.2,26.1,0,0.8,2.5,66.8,-11.1,6,19,0
CUST-3926,22,Basic,East,Individual,2,Low,0,0,2,Chat,0,0,0,1.2,29.6,0,0.0,2.9,56.7,2.1,0,29,1
CUST-3927,30,Standard,East,Individual,2,Low,0,0,3,Chat,0,0,1,10.1,12.2,0,0.0,2.4,123.6,-1.9,5,20,0
CUST-3928,63,Standard,West,Small Business,1,Medium,0,0,1,Ticket,0,0,1,55.8,59.1,1,0.0,3.0,123.9,-13.3,8,10,0
CUST-3929,4,Standard,North,Individual,0,Low,2,0,0,Call,1,0,0,10.6,13.3,0,0.0,4.5,79.3,10.5,3,172,1
CUST-3930,59,Premium,West,Individual,2,Medium,1,2,2,Ticket,1,0,0,11.2,34.3,0,4.8,3.3,105.3,7.1,2,25,0
CUST-3931,8,Basic,East,Individual,0,Low,0,0,0,Chat,0,0,1,16.3,30.5,0,0.0,2.9,144.2,-3.4,9,50,0
CUST-3932,12,Basic,East,Individual,1,Low,0,0,1,Email,2,2,1,7.1,13.2,0,0.0,2.7,97.1,-1.0,9,13,1
CUST-3933,31,Standard,West,Enterprise,3,Low,0,0,4,Call,0,0,1,1.5,24.3,0,0.0,2.1,85.3,-16.0,7,25,1
CUST-3934,34,Basic,West,Individual,2,Medium,0,0,2,Chat,1,0,1,18.4,27.0,0,0.0,1.9,47.8,-46.8,1,12,0
CUST-3935,49,Standard,East,Individual,0,Medium,1,0,2,Ticket,1,0,0,13.7,28.0,0,0.0,5.0,157.8,-11.1,4,143,1
CUST-3936,57,Basic,West,Individual,2,Low,0,1,2,Email,0,2,0,23.0,51.9,0,0.4,1.2,68.6,-9.2,2,28,1
CUST-3937,26,Standard,West,Individual,0,Low,0,1,1,Ticket,0,0,1,12.9,21.2,0,3.4,3.9,123.0,32.0,5,133,0
CUST-3938,18,Standard,North,Small Business,1,High,0,0,1,Email,0,0,0,5.7,26.6,0,0.0,2.2,73.1,-11.7,11,8,1
CUST-3939,38,Standard,East,Individual,1,Medium,2,0,3,Chat,0,0,1,9.7,22.2,0,0.0,3.0,75.6,0.9,1,4,0
CUST-3940,50,Standard,South,Individual,3,Low,1,5,3,Email,0,0,1,0.3,36.0,0,0.5,3.9,128.6,-15.9,1,21,1
CUST-3941,8,Standard,North,Individual,0,Medium,0,0,0,Email,0,0,1,3.4,12.5,0,0.0,4.5,101.0,2.2,1,52,1
CUST-3942,41,Basic,South,Individual,1,Low,0,0,1,Email,1,1,1,30.8,36.2,0,0.0,3.1,79.7,5.0,7,3,1
CUST-3943,6,Basic,West,Individual,2,Low,0,1,2,Chat,1,0,0,53.7,58.4,1,4.4,2.9,93.0,-17.6,3,24,1
CUST-3944,69,Basic,West,Individual,0,Medium,0,1,2,Email,0,0,1,9.1,12.3,0,0.6,4.0,141.5,-3.0,3,49,1
CUST-3945,44,Standard,South,Enterprise,0,Medium,0,2,0,Ticket,1,0,1,52.5,59.1,1,4.2,1.9,102.1,-6.4,3,162,0
CUST-3946,64,Basic,West,Individual,0,Low,2,0,0,Call,0,0,0,20.2,28.7,0,0.0,2.7,122.1,0.5,1,128,0
CUST-3947,29,Standard,West,Enterprise,0,Medium,0,1,1,Ticket,0,1,1,6.6,8.8,0,3.8,3.4,103.4,-17.4,1,79,1
CUST-3948,28,Basic,North,Individual,1,Medium,1,0,1,Email,0,0,1,18.3,38.3,0,0.0,3.5,75.9,3.8,8,18,1
CUST-3949,11,Standard,South,Small Business,0,Low,0,0,1,Email,0,0,0,33.0,74.7,0,0.0,3.4,134.9,-9.9,4,38,0
CUST-3950,65,Premium,North,Individual,0,Low,0,0,1,Chat,0,1,1,30.8,38.8,0,0.0,4.1,129.4,14.3,6,158,1
CUST-3951,19,Basic,South,Small Business,3,Low,1,1,4,Ticket,1,0,1,43.3,82.2,0,2.1,3.9,160.6,0.5,1,10,1
CUST-3952,9,Basic,North,Individual,2,Low,0,0,2,Email,0,0,1,30.9,39.2,0,0.0,3.6,94.8,-17.4,0,14,1
CUST-3953,27,Basic,East,Individual,0,Medium,1,0,0,Chat,0,0,1,23.8,27.5,0,0.0,4.3,124.6,-13.5,1,45,1
CUST-3954,34,Standard,East,Small Business,1,Low,0,2,2,Chat,1,0,0,9.7,39.1,0,5.6,2.5,106.9,-3.0,11,11,1
CUST-3955,44,Standard,South,Individual,0,Low,0,1,0,Chat,0,0,1,4.0,38.7,0,0.3,2.0,98.8,-16.2,2,84,1
CUST-3956,68,Basic,East,Individual,1,High,0,0,1,Chat,0,0,0,2.4,17.7,0,0.0,3.9,142.3,-9.4,0,9,0
CUST-3957,15,Standard,North,Individual,1,High,1,1,1,Email,1,0,0,33.5,71.9,0,0.1,4.2,120.8,-10.9,3,24,0
CUST-3958,51,Basic,South,Individual,3,Medium,1,0,3,Email,0,0,1,29.1,35.5,0,0.0,3.5,102.8,0.8,1,23,0
CUST-3959,13,Standard,East,Individual,2,Medium,0,1,2,Chat,0,1,0,45.0,50.7,0,0.1,3.3,107.9,1.7,3,20,1
CUST-3960,49,Standard,East,Individual,3,Medium,0,1,5,Chat,0,0,1,1.5,30.4,0,2.4,4.0,62.9,-6.7,5,12,0
CUST-3961,70,Standard,South,Individual,3,Medium,1,1,4,Ticket,0,0,1,20.2,25.1,0,7.8,1.6,112.1,-3.7,15,16,0
CUST-3962,56,Basic,East,Individual,4,Low,0,0,5,Chat,1,1,1,25.5,55.7,0,0.0,2.4,119.7,-6.4,7,11,1
CUST-3963,51,Premium,East,Individual,1,Low,0,1,2,Chat,1,0,0,10.6,14.7,0,0.8,4.2,89.1,-16.3,3,3,1
CUST-3964,37,Standard,South,Individual,4,Medium,2,1,4,Email,0,0,1,15.2,33.0,0,3.0,1.0,133.8,-6.0,7,20,0
CUST-3965,17,Basic,East,Individual,1,Low,1,0,1,Call,0,0,0,13.7,39.3,0,0.0,3.4,100.7,-5.8,1,15,0
CUST-3966,58,Basic,East,Enterprise,1,Low,0,0,1,Ticket,0,1,1,11.4,41.8,0,0.0,2.8,100.1,-11.0,8,8,0
CUST-3967,29,Standard,East,Individual,3,Medium,0,0,3,Email,0,0,1,6.9,57.2,0,0.0,3.3,89.3,-31.7,4,24,1
CUST-3968,33,Premium,East,Enterprise,3,Low,0,0,3,Chat,0,0,1,90.2,95.6,1,0.0,3.7,65.8,-7.2,8,6,0
CUST-3969,60,Premium,West,Small Business,0,Low,1,1,2,Chat,1,1,0,43.0,54.8,0,7.5,4.5,71.2,-2.6,4,47,0
CUST-3970,55,Standard,South,Enterprise,1,Low,0,0,1,Chat,0,2,0,30.9,77.9,0,0.0,3.3,104.2,-12.1,2,20,0
CUST-3971,10,Premium,West,Small Business,3,Low,2,0,3,Ticket,0,0,0,36.9,37.0,0,0.0,2.2,104.5,-11.0,0,3,1
CUST-3972,47,Basic,West,Small Business,1,Medium,0,1,3,Chat,0,1,0,36.3,50.7,0,6.4,2.9,95.1,-15.9,3,8,1
CUST-3973,23,Basic,North,Individual,1,Medium,0,0,1,Call,2,0,1,1.6,4.0,0,0.0,3.8,127.6,-16.4,6,26,0
CUST-3974,21,Premium,West,Individual,2,Medium,0,0,3,Ticket,1,1,0,17.1,25.8,0,0.0,3.8,97.9,23.0,1,18,1
CUST-3975,13,Standard,West,Individual,1,Low,0,0,1,Ticket,2,0,0,12.7,14.0,0,0.0,4.7,105.5,-29.6,1,8,0
CUST-3976,33,Standard,North,Enterprise,4,Medium,1,0,4,Chat,0,1,1,4.4,10.6,0,0.0,1.7,123.2,-13.0,7,21,1
CUST-3977,24,Standard,East,Enterprise,1,Medium,1,0,1,Ticket,1,0,1,6.1,23.7,0,0.0,3.4,109.2,-14.8,1,9,0
CUST-3978,11,Premium,East,Small Business,2,Low,0,0,3,Ticket,0,0,1,3.0,28.1,0,0.0,3.1,66.2,-13.4,2,16,1
CUST-3979,17,Standard,West,Small Business,0,Low,0,0,1,Call,0,0,1,12.8,25.2,0,0.0,3.7,155.6,-2.7,4,58,0
CUST-3980,68,Premium,North,Enterprise,2,Medium,1,0,2,Email,1,1,1,5.9,14.5,0,0.0,3.5,71.4,-18.8,2,15,0
CUST-3981,47,Standard,East,Individual,1,High,0,0,1,Call,0,0,0,4.8,11.1,0,0.0,3.7,89.0,-1.6,16,8,0
CUST-3982,25,Basic,North,Small Business,3,High,0,1,6,Email,2,1,1,15.9,51.5,0,1.7,2.1,144.2,-7.0,12,15,1
CUST-3983,21,Premium,South,Individual,0,Low,0,0,1,Call,0,0,0,4.8,8.1,0,0.0,2.7,97.1,11.8,14,54,0
CUST-3984,12,Basic,South,Individual,1,Low,0,0,1,Chat,1,1,1,17.8,35.1,0,0.0,4.0,66.4,8.4,20,19,1
CUST-3985,37,Premium,South,Individual,1,Medium,0,0,1,Call,1,0,0,3.4,5.7,0,0.0,2.6,96.0,-26.1,18,4,0
CUST-3986,42,Standard,South,Individual,1,Low,0,3,1,Ticket,0,0,1,24.5,58.9,0,8.2,4.4,109.6,-14.9,1,12,0
CUST-3987,17,Standard,West,Small Business,2,Low,0,1,2,Ticket,1,0,0,7.2,12.3,0,1.0,2.4,77.0,-15.2,3,28,0
CUST-3988,48,Standard,South,Individual,0,Low,0,1,0,Ticket,0,0,1,28.8,35.8,0,1.5,3.4,130.1,3.4,7,133,0
CUST-3989,28,Basic,South,Small Business,2,Low,1,0,2,Chat,1,0,1,31.8,34.9,0,0.0,2.6,186.9,-12.9,6,6,1
CUST-3990,41,Basic,North,Individual,0,Low,1,0,2,Call,0,0,0,85.1,125.9,1,0.0,5.0,110.5,10.1,1,136,1
CUST-3991,47,Premium,East,Individual,0,Medium,0,0,1,Email,0,0,1,0.3,33.1,0,0.0,5.0,139.2,6.1,2,157,0
CUST-3992,18,Premium,North,Small Business,2,High,0,0,2,Call,1,0,0,33.2,42.8,0,0.0,3.2,126.7,2.7,13,19,1
CUST-3993,71,Basic,West,Small Business,0,Low,0,0,0,Call,0,0,0,13.2,13.6,0,0.0,3.2,45.9,-16.9,13,49,1
CUST-3994,13,Premium,South,Individual,2,Low,0,0,2,Email,0,0,1,2.6,37.9,0,0.0,2.7,69.8,-16.5,6,25,1
CUST-3995,13,Premium,East,Individual,2,Medium,0,1,2,Call,0,1,1,28.4,77.7,0,0.1,4.1,114.2,-10.4,0,28,0
CUST-3996,31,Standard,East,Individual,1,Low,0,1,2,Ticket,1,0,1,1.4,2.4,0,4.6,3.3,91.6,1.2,3,1,0
CUST-3997,2,Basic,South,Enterprise,1,High,1,0,2,Email,1,0,0,40.5,54.5,0,0.0,4.8,66.5,-21.9,1,27,1
CUST-3998,16,Premium,South,Small Business,1,Low,0,0,2,Call,0,0,1,20.0,66.8,0,0.0,3.4,120.5,-31.6,7,9,0
CUST-3999,9,Standard,West,Individual,6,High,0,0,6,Email,0,0,0,4.2,22.1,0,0.0,3.2,136.8,25.9,0,26,1
CUST-4000,38,Premium,West,Individual,2,Low,0,0,2,Email,0,0,0,22.8,33.7,0,0.0,3.0,93.9,-2.6,8,11,1
CUST-4001,54,Premium,South,Small Business,0,Medium,0,1,0,Chat,0,0,0,3.7,9.9,0,2.0,2.9,65.3,12.7,1,151,1
CUST-4002,56,Premium,South,Small Business,1,Medium,0,1,1,Email,0,0,1,16.7,36.9,0,1.1,2.0,77.5,7.4,2,18,0
CUST-4003,45,Standard,South,Small Business,1,High,0,1,1,Email,0,0,1,0.1,66.0,0,0.7,4.0,64.2,4.5,5,12,1
CUST-4004,34,Basic,South,Individual,1,Medium,0,1,1,Chat,0,0,1,55.4,70.7,1,6.4,2.1,94.5,19.2,1,21,1
CUST-4005,9,Basic,East,Small Business,1,Medium,0,0,1,Chat,0,0,1,1.3,11.9,0,0.0,4.6,109.0,2.8,9,16,0
CUST-4006,8,Basic,West,Small Business,1,Medium,0,0,1,Ticket,0,0,0,27.7,30.5,0,0.0,2.5,109.9,-10.5,13,14,1
CUST-4007,7,Basic,South,Small Business,3,Medium,0,0,5,Ticket,0,0,1,24.4,54.0,0,0.0,3.4,30.1,-39.4,22,3,0
CUST-4008,36,Standard,South,Individual,2,High,1,1,3,Email,0,1,1,21.1,28.3,0,1.5,4.8,35.2,81.9,5,1,0
CUST-4009,18,Standard,East,Small Business,0,Low,0,0,1,Chat,0,0,1,0.8,22.8,0,0.0,4.7,83.4,-29.9,4,114,0
CUST-4010,3,Premium,North,Small Business,2,Low,2,0,2,Email,1,0,0,21.3,27.7,0,0.0,2.8,160.8,15.3,11,28,0
CUST-4011,28,Basic,South,Small Business,2,Low,0,0,4,Email,0,0,0,19.0,20.9,0,0.0,5.0,92.2,25.5,1,29,1
CUST-4012,70,Standard,East,Individual,2,Low,1,0,2,Call,1,0,1,20.0,36.6,0,0.0,4.7,139.1,-10.2,3,7,0
CUST-4013,44,Basic,East,Individual,1,Medium,0,0,1,Email,0,0,1,15.5,27.3,0,0.0,4.5,156.3,-18.9,1,28,1
CUST-4014,21,Basic,North,Individual,1,Low,0,0,1,Chat,0,0,1,8.0,10.5,0,0.0,3.5,82.1,-22.3,1,29,0
CUST-4015,28,Basic,West,Individual,2,Medium,0,0,3,Call,0,0,0,5.3,31.9,0,0.0,2.7,46.3,1.5,6,18,0
CUST-4016,54,Standard,West,Individual,5,Medium,0,0,7,Call,0,0,1,12.2,17.6,0,0.0,4.7,121.8,-18.3,0,2,0
CUST-4017,54,Basic,West,Individual,1,Medium,1,0,2,Chat,0,1,0,9.7,18.5,0,0.0,3.4,111.5,-5.6,3,11,1
CUST-4018,65,Standard,South,Individual,1,Medium,0,0,1,Ticket,0,1,0,23.3,33.6,0,0.0,2.9,103.1,13.3,9,3,0
CUST-4019,21,Basic,West,Small Business,1,Low,1,0,2,Chat,1,1,0,6.3,10.6,0,0.0,3.3,96.7,24.7,3,10,0
CUST-4020,13,Premium,South,Individual,1,High,0,1,1,Call,1,0,0,31.4,41.8,0,0.4,2.4,119.6,-21.8,1,13,0
CUST-4021,57,Premium,South,Individual,3,Low,0,0,3,Chat,0,0,1,78.1,79.2,1,0.0,2.2,124.0,7.7,2,24,0
CUST-4022,49,Premium,East,Small Business,1,Medium,1,0,2,Chat,0,0,1,24.0,27.1,0,0.0,3.9,172.3,4.1,4,22,0
CUST-4023,54,Premium,West,Individual,1,Low,1,0,1,Ticket,1,1,1,14.4,19.2,0,0.0,3.8,58.9,-10.6,4,19,1
CUST-4024,10,Premium,West,Individual,1,Low,1,0,1,Email,0,0,0,3.8,10.4,0,0.0,3.9,147.9,8.2,0,19,1
CUST-4025,53,Premium,West,Individual,2,High,2,1,3,Chat,0,0,1,80.5,84.8,1,1.2,2.0,7.4,-79.8,0,10,0
CUST-4026,44,Standard,South,Individual,2,Medium,0,0,2,Email,1,0,0,6.4,15.9,0,0.0,3.7,95.7,-3.2,5,23,1
CUST-4027,47,Basic,South,Individual,0,Low,0,1,0,Chat,0,0,0,16.8,33.0,0,2.1,3.4,172.2,-6.5,0,90,0
CUST-4028,53,Basic,West,Individual,0,Medium,0,0,0,Chat,0,0,0,11.7,18.0,0,0.0,4.2,158.7,-3.2,9,134,0
CUST-4029,46,Basic,South,Enterprise,0,Low,1,0,0,Ticket,0,0,1,4.4,5.0,0,0.0,5.0,120.3,-17.3,1,55,1
CUST-4030,13,Standard,South,Individual,0,Low,1,0,0,Chat,0,0,0,30.4,45.4,0,0.0,5.0,128.1,3.2,7,38,1
CUST-4031,37,Standard,North,Individual,1,Medium,0,1,1,Ticket,0,0,0,2.5,34.3,0,0.1,4.3,70.2,-21.2,9,8,1
CUST-4032,24,Premium,North,Small Business,3,Medium,0,0,3,Chat,1,0,0,11.2,13.2,0,0.0,2.9,95.7,-19.9,13,16,1
CUST-4033,2,Premium,West,Individual,1,High,0,0,3,Call,0,0,1,4.7,7.8,0,0.0,3.5,123.7,-5.5,6,17,0
CUST-4034,14,Standard,West,Individual,1,Medium,1,0,1,Call,0,0,0,16.0,16.4,0,0.0,2.9,95.3,-18.3,9,17,1
CUST-4035,10,Standard,North,Small Business,1,Medium,0,1,3,Ticket,0,0,0,39.4,43.1,0,2.1,4.2,124.0,-6.7,1,17,1
CUST-4036,35,Premium,South,Individual,1,Low,0,1,3,Chat,0,1,0,44.3,49.5,0,5.5,2.6,114.1,-19.2,0,20,0
CUST-4037,25,Basic,South,Enterprise,1,Low,0,1,1,Call,0,0,0,15.1,24.3,0,7.0,1.9,152.2,11.6,5,24,1
CUST-4038,3,Standard,East,Individual,0,Low,0,0,1,Chat,0,0,0,5.5,23.6,0,0.0,3.4,125.1,4.9,1,147,0
CUST-4039,17,Basic,West,Small Business,1,High,1,1,1,Ticket,0,1,0,9.7,18.2,0,2.9,1.9,131.1,-5.4,6,6,0
CUST-4040,12,Standard,West,Individual,3,Low,0,1,3,Chat,0,0,0,23.3,30.2,0,1.6,2.1,97.4,31.5,2,23,1
CUST-4041,54,Basic,West,Individual,1,Low,0,0,1,Email,0,0,1,6.8,24.1,0,0.0,4.0,104.5,-4.7,7,26,0
CUST-4042,24,Premium,East,Small Business,3,Medium,0,1,3,Ticket,0,0,1,3.3,18.9,0,1.9,1.0,98.4,-4.8,7,8,1
CUST-4043,29,Standard,East,Enterprise,1,Low,0,2,3,Ticket,0,0,1,6.5,14.8,0,16.3,3.6,144.7,7.4,2,23,1
CUST-4044,43,Basic,South,Small Business,0,High,0,0,0,Email,0,0,0,2.6,8.8,0,0.0,4.3,84.0,5.9,9,173,1
CUST-4045,25,Basic,North,Small Business,1,Low,1,1,1,Chat,0,0,1,6.5,13.6,0,1.3,4.4,100.7,3.2,3,29,1
CUST-4046,60,Standard,North,Enterprise,2,Medium,0,1,2,Call,0,0,0,0.9,8.7,0,0.5,2.4,29.6,-35.1,15,22,1
CUST-4047,65,Premium,North,Individual,1,Low,0,0,1,Ticket,0,1,1,1.3,2.7,0,0.0,2.0,91.4,-16.5,0,20,0
CUST-4048,28,Standard,South,Individual,0,Low,0,0,1,Ticket,0,0,0,39.1,42.1,0,0.0,1.9,56.2,12.8,3,46,0
CUST-4049,16,Standard,North,Individual,2,Medium,1,0,2,Call,0,0,0,3.9,20.0,0,0.0,3.7,103.7,-23.3,0,27,1
CUST-4050,47,Basic,East,Small Business,2,Medium,0,0,2,Chat,0,0,1,37.1,77.3,0,0.0,2.7,43.4,-31.0,1,12,0
CUST-4051,58,Standard,East,Small Business,1,Low,1,0,1,Call,0,0,0,109.8,111.1,1,0.0,2.9,126.5,8.0,3,26,1
CUST-4052,27,Standard,West,Small Business,0,Low,0,1,0,Chat,0,1,1,9.9,11.8,0,2.6,3.7,80.5,-23.2,0,76,1
CUST-4053,53,Standard,North,Enterprise,0,Low,0,0,0,Email,0,0,0,11.9,13.4,0,0.0,5.0,80.5,3.4,8,119,0
CUST-4054,42,Basic,East,Small Business,0,Low,0,2,0,Call,2,0,1,6.7,11.2,0,3.0,1.5,111.8,-17.2,2,157,0
CUST-4055,59,Standard,West,Individual,0,Low,0,1,1,Ticket,0,0,1,2.5,26.1,0,1.2,3.2,63.6,-12.9,0,62,0
CUST-4056,47,Standard,North,Individual,1,Medium,1,2,3,Call,0,0,1,20.3,47.4,0,10.9,4.3,93.0,-7.9,1,25,1
CUST-4057,34,Premium,North,Enterprise,1,Low,0,2,2,Ticket,0,1,1,37.7,71.0,0,0.5,4.0,126.7,-15.9,0,20,0
CUST-4058,37,Premium,East,Individual,0,Low,0,0,0,Email,0,0,0,22.1,45.1,0,0.0,3.7,83.9,-12.4,3,93,1
CUST-4059,6,Standard,West,Individual,0,Medium,1,1,2,Chat,0,0,0,2.3,11.5,0,1.0,5.0,118.5,-11.5,3,87,1
CUST-4060,7,Standard,West,Individual,1,Low,1,1,2,Ticket,0,0,1,18.7,31.3,0,0.2,3.7,106.5,2.0,1,10,0
CUST-4061,25,Basic,East,Individual,3,Medium,0,0,4,Call,0,0,0,20.4,37.7,0,0.0,1.5,151.4,-8.0,17,22,1
CUST-4062,33,Premium,East,Small Business,0,Medium,0,3,0,Email,0,0,1,23.4,27.7,0,5.7,3.2,131.4,1.1,5,31,1
CUST-4063,55,Standard,East,Individual,2,Low,1,0,2,Ticket,0,0,0,1.4,13.3,0,0.0,4.8,156.5,-1.3,1,26,1
CUST-4064,58,Basic,North,Enterprise,1,Low,1,1,2,Call,0,0,0,24.0,34.8,0,1.4,3.6,76.3,-7.0,2,23,0
CUST-4065,7,Basic,East,Individual,4,Low,1,0,4,Email,0,0,1,18.6,40.4,0,0.0,3.3,109.8,-7.0,14,11,1
CUST-4066,57,Premium,East,Small Business,0,Medium,0,1,0,Call,0,1,1,40.5,44.5,0,2.1,5.0,117.6,-4.0,4,79,0
CUST-4067,12,Basic,South,Small Business,5,Medium,2,0,6,Chat,0,0,1,3.6,41.5,0,0.0,4.7,69.1,-3.8,0,6,0
CUST-4068,16,Standard,East,Small Business,2,Medium,1,0,3,Ticket,0,0,1,1.3,8.6,0,0.0,2.0,91.6,-15.0,8,3,0
CUST-4069,43,Standard,East,Enterprise,2,High,1,1,2,Call,1,0,0,33.5,43.7,0,6.4,3.1,171.2,-5.1,10,5,0
CUST-4070,7,Basic,North,Individual,1,Medium,0,0,4,Email,0,0,0,2.2,8.3,0,0.0,3.7,121.9,-11.7,5,12,0
CUST-4071,51,Basic,West,Individual,4,Medium,1,0,4,Chat,2,1,1,9.6,11.4,0,0.0,2.8,131.1,-23.2,0,1,1
CUST-4072,32,Premium,North,Individual,0,Low,0,0,0,Call,1,0,1,40.6,43.6,0,0.0,4.7,105.1,-21.2,1,71,0
CUST-4073,8,Premium,South,Small Business,2,Low,0,1,2,Ticket,0,1,0,6.5,76.0,0,0.2,4.3,85.3,-2.2,6,13,1
CUST-4074,45,Basic,East,Enterprise,0,Low,1,0,1,Email,0,0,1,11.7,18.1,0,0.0,4.0,82.1,-1.6,1,170,1
CUST-4075,59,Premium,East,Individual,3,Medium,0,1,3,Email,0,0,1,19.0,20.9,0,1.2,2.9,29.8,-24.5,2,14,0
CUST-4076,4,Standard,East,Small Business,0,Low,0,0,0,Chat,0,0,0,20.4,29.2,0,0.0,2.2,37.7,-44.7,1,81,0
CUST-4077,67,Standard,East,Individual,3,Medium,0,0,4,Call,0,1,0,18.0,20.2,0,0.0,2.5,108.9,-16.9,0,14,1
CUST-4078,29,Standard,East,Individual,1,Medium,0,0,1,Chat,0,1,0,1.3,15.6,0,0.0,4.7,161.8,-14.6,3,22,0
CUST-4079,29,Premium,East,Small Business,1,Low,0,1,1,Email,0,1,0,30.1,30.5,0,6.8,2.5,47.4,9.4,4,25,0
CUST-4080,28,Standard,South,Individual,0,Medium,0,0,1,Ticket,0,0,1,31.7,44.0,0,0.0,4.8,103.3,-11.7,1,138,1
CUST-4081,44,Basic,East,Individual,2,Low,3,0,4,Email,0,0,1,2.2,19.6,0,0.0,2.0,80.2,-34.9,1,3,1
CUST-4082,4,Premium,East,Small Business,0,Low,0,3,0,Call,0,1,1,26.9,28.2,0,16.9,4.3,127.0,-1.4,0,161,0
CUST-4083,9,Standard,East,Small Business,2,Medium,0,1,2,Email,0,0,1,14.0,16.4,0,0.8,3.5,43.5,-2.5,5,1,0
CUST-4084,5,Basic,South,Individual,1,Medium,1,0,2,Ticket,0,0,1,0.3,22.6,0,0.0,2.7,60.7,3.2,1,9,1
CUST-4085,56,Standard,East,Small Business,3,Low,0,2,4,Ticket,1,0,0,23.7,31.9,0,1.9,1.0,93.2,-24.7,2,22,1
CUST-4086,50,Standard,South,Individual,1,Low,0,2,2,Chat,1,0,0,12.4,13.8,0,0.2,3.6,148.0,9.4,0,9,1
CUST-4087,15,Premium,North,Individual,2,Low,0,0,2,Email,0,0,1,2.7,32.5,0,0.0,3.1,56.7,-6.0,4,19,1
CUST-4088,32,Standard,East,Small Business,2,Low,0,0,2,Call,0,0,1,3.9,23.9,0,0.0,4.0,94.9,-15.7,4,6,0
CUST-4089,28,Basic,West,Individual,1,High,0,0,2,Ticket,0,0,1,28.4,31.5,0,0.0,3.8,76.2,-5.7,9,3,1
CUST-4090,22,Standard,South,Individual,1,Low,1,2,1,Ticket,1,0,0,58.1,64.5,1,20.1,2.4,61.8,-12.9,21,8,0
CUST-4091,17,Standard,North,Individual,0,High,0,1,0,Call,0,1,1,3.6,16.2,0,2.0,2.6,106.5,-13.3,11,52,1
CUST-4092,59,Basic,South,Small Business,2,High,0,2,3,Email,0,0,1,10.3,10.6,0,2.4,5.0,98.6,-14.3,8,9,0
CUST-4093,71,Standard,South,Individual,3,Low,1,0,5,Ticket,0,0,0,7.7,17.8,0,0.0,2.9,22.4,-42.6,10,3,0
CUST-4094,57,Premium,North,Individual,0,Low,0,0,0,Chat,0,0,0,17.7,23.9,0,0.0,3.5,65.5,-22.1,0,144,1
CUST-4095,26,Basic,East,Individual,0,Medium,0,1,0,Ticket,0,0,1,4.3,43.4,0,1.1,3.5,56.5,-23.0,7,44,0
CUST-4096,25,Standard,East,Individual,4,Low,0,0,4,Call,0,0,0,17.3,21.1,0,0.0,3.0,70.3,-30.4,2,28,0
CUST-4097,10,Basic,South,Individual,2,Medium,0,0,2,Email,0,0,1,35.6,43.2,0,0.0,3.5,68.5,7.0,1,25,1
CUST-4098,45,Basic,North,Individual,0,Low,0,1,0,Ticket,1,1,0,20.5,23.2,0,4.4,2.4,152.7,-7.4,2,119,1
CUST-4099,11,Basic,East,Small Business,1,Low,0,1,1,Ticket,0,0,0,4.3,6.4,0,1.5,2.3,82.7,15.1,0,4,1
CUST-4100,53,Basic,South,Small Business,0,Low,0,0,1,Email,0,1,0,27.6,32.6,0,0.0,5.0,73.7,9.6,1,91,0
CUST-4101,68,Premium,West,Small Business,1,Low,0,0,1,Email,0,0,1,12.3,37.7,0,0.0,3.9,151.5,-9.6,2,1,0
CUST-4102,28,Basic,North,Individual,0,Medium,0,0,0,Chat,0,0,0,2.4,9.5,0,0.0,3.1,80.6,-9.1,4,114,1
CUST-4103,65,Standard,West,Individual,1,High,0,0,2,Ticket,0,0,0,7.9,11.0,0,0.0,2.0,105.4,-9.3,13,14,0
CUST-4104,49,Basic,West,Individual,1,Low,2,0,1,Chat,0,0,1,5.5,5.8,0,0.0,2.7,90.2,-23.9,0,10,0
CUST-4105,47,Premium,South,Individual,1,Low,0,0,2,Chat,0,1,0,37.1,49.0,0,0.0,2.1,145.2,-12.4,4,27,0
CUST-4106,52,Standard,North,Individual,2,Low,2,0,4,Call,1,0,1,5.1,15.4,0,0.0,2.4,93.1,-0.5,0,18,1
CUST-4107,54,Standard,East,Small Business,1,Low,0,0,1,Ticket,0,1,1,14.3,17.9,0,0.0,3.9,77.6,-6.4,4,21,0
CUST-4108,60,Basic,East,Individual,0,Medium,0,0,0,Email,0,0,1,21.1,27.9,0,0.0,4.9,79.7,-20.3,4,100,1
CUST-4109,57,Standard,South,Individual,4,Medium,1,1,6,Chat,1,3,0,1.2,6.3,0,1.3,2.4,111.2,20.1,2,26,1
CUST-4110,47,Basic,East,Individual,2,Low,1,0,2,Call,1,0,1,3.0,21.7,0,0.0,2.4,117.6,2.7,0,15,0
CUST-4111,31,Premium,East,Individual,2,Medium,2,2,3,Call,0,0,1,30.9,37.8,0,0.2,2.7,126.5,-8.5,8,3,1
CUST-4112,46,Standard,West,Enterprise,4,Medium,0,1,4,Ticket,2,0,1,8.4,17.9,0,4.1,1.8,82.6,-15.2,2,14,1
CUST-4113,26,Standard,West,Individual,0,Low,0,0,0,Call,0,0,0,24.2,92.4,0,0.0,1.4,66.1,-20.4,0,77,1
CUST-4114,5,Standard,North,Small Business,0,Medium,1,0,1,Call,0,0,0,28.5,62.3,0,0.0,3.2,93.1,-19.7,0,60,1
CUST-4115,52,Basic,West,Individual,2,Low,0,0,2,Ticket,0,0,1,20.6,36.7,0,0.0,3.4,112.9,-21.5,0,12,1
CUST-4116,54,Standard,East,Small Business,1,Medium,1,1,1,Chat,0,1,0,17.4,27.3,0,3.6,4.0,138.5,-8.4,10,7,0
CUST-4117,33,Standard,North,Individual,2,Low,1,1,2,Call,0,0,0,13.7,20.2,0,0.4,5.0,92.3,3.4,3,20,0
CUST-4118,50,Standard,North,Enterprise,2,Low,0,2,3,Chat,0,1,0,10.0,53.0,0,2.6,3.3,128.6,-6.4,10,14,1
CUST-4119,38,Standard,South,Individual,1,Medium,0,1,1,Chat,1,0,1,3.2,39.8,0,6.2,4.2,62.0,1.3,6,19,1
CUST-4120,27,Basic,West,Individual,0,Medium,0,2,1,Chat,0,0,1,72.1,74.8,1,5.0,3.4,99.1,-3.7,0,172,0
CUST-4121,15,Basic,North,Individual,0,Medium,0,1,0,Email,0,0,1,20.5,24.9,0,1.0,3.7,55.7,-18.4,1,131,0
CUST-4122,61,Premium,East,Individual,0,Low,0,0,0,Ticket,0,0,0,4.3,11.7,0,0.0,4.2,91.4,-30.1,3,140,0
CUST-4123,21,Standard,North,Individual,1,Medium,0,1,1,Ticket,0,1,0,36.2,45.4,0,1.8,3.8,133.4,-8.1,0,14,1
CUST-4124,46,Standard,North,Small Business,0,Low,0,1,0,Chat,1,1,0,34.6,46.3,0,1.6,5.0,124.2,9.2,15,155,1
CUST-4125,69,Premium,South,Individual,2,Medium,0,3,2,Call,1,0,1,28.0,28.6,0,4.6,3.6,72.6,9.1,12,18,1
CUST-4126,6,Basic,East,Individual,2,Medium,2,1,2,Email,1,0,1,2.5,3.5,0,2.5,5.0,81.8,-30.9,1,5,0
CUST-4127,38,Premium,East,Small Business,2,Low,0,0,2,Email,0,0,0,0.4,9.9,0,0.0,2.8,62.0,-36.1,2,21,0
CUST-4128,62,Premium,West,Individual,4,Low,1,0,4,Ticket,0,0,1,24.6,62.2,0,0.0,1.0,88.8,13.4,6,11,1
CUST-4129,62,Premium,East,Individual,2,Medium,1,0,2,Email,0,1,0,4.6,24.9,0,0.0,5.0,126.2,-22.8,0,21,0
CUST-4130,46,Premium,North,Enterprise,0,Medium,0,1,0,Chat,0,0,0,36.7,48.5,0,1.0,3.4,48.3,-32.7,1,149,0
CUST-4131,13,Basic,East,Enterprise,1,High,1,0,1,Chat,0,0,0,22.3,22.8,0,0.0,3.9,126.0,21.6,3,9,1
CUST-4132,3,Basic,East,Small Business,1,Low,0,0,1,Ticket,0,0,0,9.4,10.4,0,0.0,5.0,21.3,-40.8,2,1,0
CUST-4133,6,Standard,North,Small Business,6,Medium,0,0,6,Ticket,0,0,1,13.4,28.3,0,0.0,1.2,43.1,21.2,0,6,1
CUST-4134,8,Basic,South,Individual,1,Medium,0,0,2,Email,0,0,1,14.0,17.2,0,0.0,3.5,32.5,31.4,4,8,1
CUST-4135,44,Basic,West,Enterprise,0,Medium,1,0,0,Call,0,1,1,9.5,22.4,0,0.0,4.1,87.7,-10.1,8,159,1
CUST-4136,33,Standard,West,Individual,1,Medium,0,0,2,Email,1,0,0,4.0,13.0,0,0.0,4.0,73.0,-0.3,1,4,0
CUST-4137,50,Basic,South,Individual,1,Low,1,1,1,Ticket,0,0,1,103.5,106.6,1,0.1,5.0,138.2,-1.6,1,29,0
CUST-4138,11,Premium,North,Small Business,2,Medium,0,0,2,Chat,0,0,0,27.7,37.1,0,0.0,3.4,108.3,-25.6,0,13,1
CUST-4139,28,Premium,West,Individual,1,Medium,0,1,2,Chat,0,0,1,3.4,36.1,0,1.8,3.1,69.1,-6.1,4,12,0
CUST-4140,70,Premium,South,Individual,2,Low,1,3,4,Call,1,0,1,0.7,4.5,0,0.3,4.3,99.5,-0.9,2,24,1
CUST-4141,41,Standard,South,Individual,0,Low,1,0,0,Call,0,0,0,8.4,55.6,0,0.0,2.5,81.6,-3.9,4,133,0
CUST-4142,16,Premium,South,Individual,0,Medium,0,0,0,Email,1,0,1,16.2,20.1,0,0.0,5.0,92.3,-29.4,0,84,0
CUST-4143,68,Premium,West,Individual,1,Low,1,0,1,Chat,0,0,1,55.6,64.7,1,0.0,3.5,97.2,-17.9,5,4,0
CUST-4144,48,Standard,West,Individual,0,Low,0,0,0,Email,0,0,1,2.8,22.1,0,0.0,3.1,133.5,-8.2,13,173,0
CUST-4145,56,Basic,West,Individual,0,Medium,1,0,0,Call,1,0,0,11.6,33.9,0,0.0,3.7,156.1,-10.3,8,118,0
CUST-4146,64,Premium,West,Individual,2,Low,1,0,3,Ticket,0,0,0,3.9,9.5,0,0.0,1.0,128.8,4.5,2,10,1
CUST-4147,59,Premium,East,Individual,1,Low,0,1,2,Email,0,0,1,1.4,1.7,0,3.1,1.7,76.0,-39.0,0,7,0
CUST-4148,62,Standard,South,Individual,1,Medium,0,0,1,Email,0,0,1,18.4,33.1,0,0.0,3.1,94.9,-6.5,3,19,0
CUST-4149,11,Basic,East,Enterprise,1,Low,1,0,1,Chat,0,0,1,2.2,8.0,0,0.0,4.2,86.1,-30.4,1,28,1
CUST-4150,18,Standard,South,Individual,2,Medium,0,2,3,Chat,1,0,1,25.5,36.5,0,2.0,1.8,44.2,-29.8,0,1,0
CUST-4151,19,Basic,West,Small Business,0,Low,0,1,0,Chat,0,0,1,16.1,17.1,0,0.9,3.3,101.4,-9.5,2,132,0
CUST-4152,55,Premium,West,Individual,0,Medium,2,0,0,Email,0,0,0,5.3,12.7,0,0.0,4.4,121.3,-9.9,3,115,1
CUST-4153,26,Premium,East,Individual,1,Low,1,0,5,Chat,1,0,1,31.6,46.6,0,0.0,4.1,46.6,-17.5,7,29,0
CUST-4154,6,Basic,North,Individual,1,Low,1,0,2,Chat,0,0,0,24.1,25.4,0,0.0,2.9,75.8,-22.6,19,5,1
CUST-4155,4,Standard,West,Individual,1,Medium,1,1,1,Call,0,0,0,19.7,29.3,0,1.7,4.2,71.9,-14.4,10,9,1
CUST-4156,29,Basic,North,Individual,0,Low,0,1,0,Chat,0,1,0,4.8,13.4,0,1.6,3.6,108.4,-1.5,3,36,1
CUST-4157,59,Standard,South,Individual,0,Medium,1,1,0,Ticket,1,0,0,24.5,30.1,0,1.2,3.9,114.8,-11.4,8,169,0
CUST-4158,17,Basic,East,Individual,1,Medium,1,0,2,Call,1,0,0,15.6,79.2,0,0.0,3.1,156.8,-10.1,8,15,1
CUST-4159,43,Standard,North,Individual,2,Medium,0,0,4,Email,0,0,1,15.3,70.2,0,0.0,3.9,101.3,-10.5,17,4,0
CUST-4160,66,Basic,North,Small Business,0,Low,1,0,0,Email,1,0,1,2.5,12.6,0,0.0,3.9,125.4,6.6,1,70,1
CUST-4161,34,Basic,West,Enterprise,1,Medium,0,1,1,Chat,0,0,0,2.9,6.0,0,0.3,3.0,96.4,12.4,1,24,0
CUST-4162,8,Standard,North,Individual,0,Low,2,1,0,Ticket,0,0,1,0.7,10.1,0,1.3,4.1,87.9,-10.6,1,49,0
CUST-4163,13,Basic,North,Small Business,2,Low,0,0,2,Call,0,0,1,5.6,33.9,0,0.0,4.5,88.1,6.5,11,28,0
CUST-4164,8,Standard,South,Small Business,1,Low,0,1,2,Chat,1,0,1,13.6,19.9,0,1.0,1.0,114.3,-18.0,5,9,1
CUST-4165,65,Basic,East,Individual,3,Medium,0,0,3,Call,1,0,1,8.9,15.2,0,0.0,3.1,88.9,1.3,0,27,0
CUST-4166,43,Standard,West,Small Business,2,High,0,1,2,Chat,0,0,1,25.0,49.8,0,2.9,2.1,56.3,-26.2,16,18,0
CUST-4167,39,Premium,West,Enterprise,2,Low,1,1,3,Call,0,0,0,10.5,25.3,0,0.3,1.9,101.3,2.3,4,16,1
CUST-4168,59,Premium,North,Individual,2,High,0,0,3,Call,0,1,1,2.0,9.8,0,0.0,1.2,108.1,-15.4,0,7,1
CUST-4169,44,Premium,South,Small Business,1,Medium,0,2,1,Email,1,0,1,25.8,36.8,0,2.3,3.8,96.0,-7.7,2,4,0
CUST-4170,9,Premium,North,Small Business,0,Low,0,1,1,Call,0,1,1,4.1,17.6,0,3.9,4.2,97.3,-20.1,7,84,0
CUST-4171,37,Basic,North,Individual,0,Medium,0,2,0,Ticket,0,0,1,7.6,10.2,0,5.7,5.0,109.7,-10.4,1,107,1
CUST-4172,36,Basic,West,Individual,1,Low,1,1,3,Email,0,0,1,13.9,23.6,0,1.5,3.1,87.0,-6.6,5,6,1
CUST-4173,28,Standard,North,Enterprise,1,Medium,1,0,1,Chat,1,1,1,16.2,27.3,0,0.0,5.0,111.5,-11.7,6,15,0
CUST-4174,42,Premium,North,Small Business,0,Medium,0,0,2,Chat,0,0,1,7.0,87.6,0,0.0,3.9,105.5,8.4,8,134,0
CUST-4175,43,Premium,South,Individual,0,Low,0,2,0,Call,2,0,0,12.4,16.7,0,3.1,2.9,107.4,-22.8,4,101,0
CUST-4176,42,Basic,West,Individual,0,High,0,0,0,Email,1,0,1,1.4,5.7,0,0.0,4.0,129.4,-2.1,1,135,0
CUST-4177,66,Basic,East,Enterprise,1,Low,0,0,2,Email,1,0,0,3.5,24.9,0,0.0,1.8,113.8,-6.9,9,23,1
CUST-4178,55,Basic,South,Individual,1,Medium,1,0,2,Chat,0,0,0,18.3,24.4,0,0.0,3.7,43.0,-4.4,1,13,1
CUST-4179,48,Standard,South,Small Business,1,Low,0,0,1,Ticket,0,0,0,0.1,1.0,0,0.0,3.2,121.3,-14.8,3,7,1
CUST-4180,22,Standard,South,Individual,1,Medium,0,0,1,Ticket,0,0,0,4.1,51.6,0,0.0,5.0,137.0,-11.1,0,19,1
CUST-4181,27,Basic,West,Individual,1,Medium,1,0,4,Email,0,0,0,19.8,20.4,0,0.0,2.5,137.2,-18.7,0,5,1
CUST-4182,67,Standard,North,Individual,2,Medium,0,0,3,Email,0,0,0,5.3,43.1,0,0.0,1.0,141.6,2.8,1,26,1
CUST-4183,13,Standard,East,Individual,4,Low,1,1,4,Chat,0,0,1,34.1,59.2,0,1.4,1.9,111.6,-2.2,6,12,1
CUST-4184,45,Standard,West,Individual,0,High,0,1,1,Email,0,0,1,10.0,24.1,0,4.4,3.5,104.6,-2.4,1,117,1
CUST-4185,10,Basic,North,Individual,1,Low,1,0,2,Chat,1,0,1,25.0,57.0,0,0.0,1.1,85.2,-22.3,3,21,0
CUST-4186,9,Premium,South,Small Business,2,Low,0,1,2,Ticket,1,1,0,43.3,46.5,0,11.9,1.9,57.3,-21.6,5,17,0
CUST-4187,54,Standard,West,Individual,1,Low,1,1,2,Email,0,0,1,11.9,15.0,0,0.3,4.0,111.7,9.1,3,8,1
CUST-4188,27,Premium,North,Small Business,0,Medium,0,0,0,Ticket,0,0,0,22.5,31.3,0,0.0,3.7,98.1,-22.0,5,55,0
CUST-4189,34,Premium,East,Individual,1,Low,1,2,1,Ticket,1,0,1,37.1,121.9,0,1.8,5.0,74.0,-4.0,11,12,1
CUST-4190,1,Basic,East,Individual,1,Medium,0,0,1,Call,0,0,0,5.7,5.8,0,0.0,3.0,124.8,-2.4,16,10,1
CUST-4191,32,Basic,North,Individual,0,Medium,1,0,2,Chat,0,0,0,43.3,45.6,0,0.0,5.0,77.7,-16.0,5,169,0
CUST-4192,71,Standard,West,Individual,0,Medium,0,1,1,Chat,1,0,0,39.4,58.4,0,1.5,3.3,116.9,-15.0,1,160,0
CUST-4193,67,Basic,South,Enterprise,1,Low,0,0,2,Chat,0,0,0,1.2,5.7,0,0.0,2.6,99.6,-15.4,19,24,1
CUST-4194,20,Premium,North,Small Business,1,Medium,1,1,2,Call,0,0,0,12.7,24.9,0,0.6,2.5,138.4,0.4,0,25,1
CUST-4195,35,Standard,South,Individual,0,Low,1,3,2,Chat,1,0,1,2.4,21.1,0,0.3,2.1,150.6,-7.4,13,132,1
CUST-4196,17,Premium,East,Small Business,0,High,0,0,0,Call,0,0,0,43.5,71.0,0,0.0,5.0,121.3,-21.2,3,135,1
CUST-4197,18,Basic,North,Individual,2,Medium,0,1,4,Email,0,0,0,5.5,17.7,0,0.1,2.0,72.3,-10.8,9,3,1
CUST-4198,45,Basic,East,Individual,4,Medium,0,0,4,Call,2,0,1,9.3,10.9,0,0.0,4.3,92.4,-19.1,2,4,1
CUST-4199,53,Standard,South,Individual,0,Medium,1,1,1,Ticket,0,0,1,55.6,73.4,1,0.8,4.5,116.9,8.2,4,38,0
CUST-4200,68,Basic,South,Small Business,2,Low,0,1,2,Chat,2,0,0,16.5,26.9,0,1.0,3.6,91.1,-19.6,0,5,1
CUST-4201,65,Standard,North,Individual,2,Low,0,2,2,Call,0,0,0,52.4,70.1,1,5.6,3.6,134.0,-2.8,11,16,1
CUST-4202,1,Premium,North,Small Business,0,Low,1,0,0,Call,0,0,0,12.4,13.3,0,0.0,4.1,96.5,-3.4,1,93,0
CUST-4203,58,Standard,North,Individual,1,Low,1,0,1,Call,1,0,1,81.2,81.3,1,0.0,2.6,115.5,-6.5,1,10,0
CUST-4204,26,Standard,East,Individual,0,High,0,0,0,Call,0,0,0,62.1,97.8,1,0.0,4.3,119.8,-1.4,2,141,1
CUST-4205,20,Basic,South,Enterprise,0,Low,0,2,0,Email,0,0,1,0.4,13.0,0,2.2,3.1,117.4,-8.9,2,105,0
CUST-4206,10,Basic,South,Individual,3,High,1,0,3,Email,0,1,1,10.4,13.4,0,0.0,3.2,75.1,-11.9,0,13,1
CUST-4207,59,Premium,East,Small Business,1,High,1,2,1,Email,0,0,1,59.9,78.2,1,1.8,3.7,144.7,9.5,0,14,1
CUST-4208,41,Premium,North,Small Business,0,Medium,0,2,0,Chat,1,0,1,33.7,52.1,0,1.2,3.7,105.3,-0.4,1,85,0
CUST-4209,5,Standard,West,Enterprise,1,Medium,0,1,1,Call,1,0,0,4.8,41.7,0,0.2,3.5,92.1,-21.8,6,18,0
CUST-4210,65,Premium,North,Individual,2,Low,0,0,4,Email,0,2,1,43.2,65.1,0,0.0,3.1,55.6,-1.1,1,17,0
CUST-4211,17,Standard,West,Individual,1,Low,0,1,1,Chat,0,1,1,4.5,31.9,0,6.4,3.7,55.9,-8.1,0,4,0
CUST-4212,22,Basic,West,Small Business,3,Medium,0,0,6,Ticket,0,0,1,55.0,82.1,1,0.0,3.5,81.8,-22.6,3,26,0
CUST-4213,41,Basic,East,Individual,2,Low,0,2,3,Ticket,0,0,0,1.7,6.9,0,0.4,1.2,81.0,-36.5,5,1,1
CUST-4214,68,Premium,South,Individual,1,Low,0,3,2,Chat,0,0,0,58.5,69.6,1,1.5,3.1,61.9,38.3,21,7,1
CUST-4215,69,Basic,South,Individual,2,Medium,0,0,3,Call,0,0,1,1.7,2.3,0,0.0,2.4,84.2,-5.5,0,27,0
CUST-4216,11,Standard,South,Individual,0,High,0,0,0,Call,1,1,0,5.2,5.8,0,0.0,5.0,129.9,-15.2,3,106,1
CUST-4217,56,Standard,South,Individual,2,High,0,0,2,Ticket,1,0,0,16.7,48.7,0,0.0,3.8,111.4,-14.5,17,11,0
CUST-4218,51,Standard,East,Individual,3,Low,0,1,3,Call,0,0,0,4.2,5.0,0,7.3,1.8,64.7,3.9,5,11,1
CUST-4219,21,Standard,West,Individual,1,High,1,1,1,Call,0,1,1,9.9,21.8,0,0.9,5.0,131.0,-9.0,5,18,1
CUST-4220,26,Basic,South,Individual,0,Medium,1,0,0,Call,1,0,1,3.7,43.3,0,0.0,2.6,130.3,0.1,11,159,0
CUST-4221,19,Basic,West,Individual,3,Medium,0,0,3,Call,0,0,0,16.3,19.8,0,0.0,2.2,53.5,5.0,2,9,1
CUST-4222,60,Standard,East,Small Business,0,Low,0,1,1,Email,0,0,0,18.9,27.6,0,0.1,3.7,141.7,9.0,3,49,0
CUST-4223,71,Standard,North,Small Business,1,Medium,0,0,1,Email,0,1,0,5.0,20.6,0,0.0,1.8,119.6,8.6,3,25,1
CUST-4224,47,Standard,East,Individual,3,Medium,1,1,3,Call,0,1,1,6.9,19.3,0,1.7,3.2,130.6,-8.0,2,16,1
CUST-4225,71,Standard,South,Individual,2,Medium,0,0,3,Chat,1,0,1,26.8,33.6,0,0.0,3.1,70.9,-14.4,10,18,1
CUST-4226,26,Basic,North,Individual,0,Low,0,1,0,Email,1,0,0,1.8,25.1,0,0.4,4.0,90.1,10.3,2,118,1
CUST-4227,40,Premium,East,Individual,0,Medium,1,1,0,Call,0,0,1,12.1,20.0,0,0.6,2.6,85.5,-1.1,0,49,1
CUST-4228,5,Standard,East,Small Business,3,High,0,1,3,Email,0,3,0,6.9,14.2,0,1.3,3.3,78.6,-12.8,0,12,1
CUST-4229,21,Basic,West,Small Business,2,High,2,1,4,Chat,0,0,0,10.6,11.0,0,0.8,3.4,79.9,-19.6,0,12,1
CUST-4230,4,Standard,East,Small Business,4,Low,0,0,4,Chat,0,0,1,36.1,66.1,0,0.0,1.8,72.5,-33.4,6,10,0
CUST-4231,23,Premium,North,Individual,1,Low,0,0,2,Email,0,2,0,77.4,188.5,1,0.0,2.4,118.4,-17.5,16,29,1
CUST-4232,15,Premium,East,Individual,3,Low,0,0,3,Call,0,0,1,4.0,24.4,0,0.0,2.6,105.7,-23.1,1,29,0
CUST-4233,8,Basic,South,Small Business,1,Medium,0,1,1,Call,0,2,1,1.3,54.4,0,1.4,2.7,133.1,-18.9,0,19,1
CUST-4234,41,Standard,West,Individual,0,Medium,1,0,0,Ticket,1,0,1,4.4,14.6,0,0.0,3.5,27.9,65.6,0,32,0
CUST-4235,19,Basic,North,Individual,1,Low,1,1,2,Call,0,0,0,41.2,54.3,0,2.3,4.7,112.1,-15.9,6,6,0
CUST-4236,46,Basic,North,Individual,0,High,1,1,1,Chat,0,0,0,42.3,74.7,0,0.7,3.8,81.7,15.2,7,85,1
CUST-4237,28,Standard,East,Individual,0,Medium,1,0,0,Chat,1,0,1,6.8,17.9,0,0.0,3.9,85.8,-19.9,2,142,0
CUST-4238,68,Standard,South,Individual,1,Low,0,0,2,Chat,0,0,1,8.0,9.1,0,0.0,2.8,91.5,-8.2,0,19,0
CUST-4239,15,Standard,West,Individual,2,Low,0,0,2,Ticket,0,0,1,21.8,41.9,0,0.0,4.8,170.8,-11.5,10,20,1
CUST-4240,37,Basic,North,Small Business,1,Low,1,1,1,Ticket,1,0,0,8.4,10.6,0,4.4,2.8,78.0,-10.9,0,11,0
CUST-4241,1,Basic,West,Enterprise,1,Medium,1,0,2,Ticket,1,0,1,46.9,53.2,0,0.0,3.0,117.5,-16.3,0,23,0
CUST-4242,67,Standard,East,Individual,0,Low,2,1,2,Chat,0,0,1,32.3,60.2,0,0.4,4.3,153.3,-7.4,1,107,1
CUST-4243,24,Basic,South,Individual,0,Medium,0,1,2,Email,0,0,0,8.9,13.7,0,2.2,2.7,64.0,-27.0,5,70,1
CUST-4244,27,Basic,East,Individual,1,Medium,0,0,1,Call,0,0,0,71.7,112.6,1,0.0,3.7,98.4,8.8,2,27,1
CUST-4245,40,Basic,West,Enterprise,0,Low,0,2,0,Call,0,1,0,27.3,52.7,0,1.5,3.2,60.6,-0.6,0,54,1
CUST-4246,63,Standard,East,Individual,0,Low,0,0,0,Email,0,0,1,28.3,80.0,0,0.0,5.0,77.0,9.7,7,36,0
CUST-4247,61,Basic,West,Small Business,0,Medium,0,0,0,Email,1,0,0,64.6,66.2,1,0.0,2.9,113.8,-2.8,4,174,0
CUST-4248,36,Standard,North,Individual,2,Low,0,0,2,Call,1,0,1,11.3,16.5,0,0.0,2.7,98.5,-9.5,8,19,1
CUST-4249,24,Basic,North,Small Business,0,High,0,0,0,Call,0,0,0,0.8,24.3,0,0.0,3.3,50.1,-16.7,0,174,1
CUST-4250,24,Basic,East,Individual,1,Medium,0,0,1,Ticket,0,0,1,94.1,110.9,1,0.0,3.7,116.8,19.8,15,29,0
CUST-4251,4,Standard,North,Individual,1,Low,0,0,3,Ticket,2,0,0,54.8,76.4,1,0.0,3.7,153.8,-7.8,0,9,1
CUST-4252,67,Basic,West,Individual,0,Medium,0,0,0,Email,1,0,0,67.7,98.6,1,0.0,2.8,117.0,-19.2,4,32,0
CUST-4253,34,Standard,North,Individual,4,Medium,1,1,4,Email,0,0,1,12.8,17.6,0,1.4,2.4,84.9,-16.2,3,26,1
CUST-4254,57,Basic,South,Small Business,2,Low,0,0,2,Chat,0,0,0,3.6,57.4,0,0.0,3.4,70.0,15.9,11,13,0
CUST-4255,49,Standard,South,Small Business,0,Low,0,0,0,Email,0,0,0,4.4,25.7,0,0.0,4.7,101.6,-15.2,4,156,1
CUST-4256,53,Basic,East,Individual,0,Medium,0,0,1,Email,1,0,1,12.8,57.1,0,0.0,3.1,68.2,-22.0,1,147,0
CUST-4257,23,Basic,East,Enterprise,0,Low,0,1,1,Chat,0,0,1,22.5,24.2,0,0.2,1.8,137.1,2.3,0,171,0
CUST-4258,69,Standard,East,Individual,2,Low,0,1,2,Call,1,0,1,12.5,24.8,0,0.5,3.4,93.4,-15.4,1,11,0
CUST-4259,53,Premium,East,Enterprise,1,Medium,0,2,3,Ticket,1,0,0,10.0,35.5,0,1.2,2.7,51.8,-30.0,1,19,1
CUST-4260,62,Basic,West,Individual,2,Medium,0,0,3,Chat,1,0,1,66.2,67.6,1,0.0,4.1,85.8,-6.4,1,3,0
CUST-4261,41,Standard,West,Enterprise,0,Medium,0,0,2,Email,0,1,1,20.9,30.8,0,0.0,2.7,82.0,-0.6,1,96,0
CUST-4262,57,Standard,South,Individual,2,Low,0,0,2,Email,1,0,0,10.5,34.4,0,0.0,2.4,124.1,-17.9,9,5,1
CUST-4263,60,Standard,West,Individual,0,Low,1,1,1,Call,1,0,1,23.4,24.2,0,4.5,4.8,113.4,-18.1,10,92,1
CUST-4264,54,Premium,North,Individual,0,Medium,0,1,0,Ticket,0,0,1,31.4,50.3,0,0.1,1.8,104.1,20.7,3,88,1
CUST-4265,70,Basic,South,Individual,1,Medium,0,3,1,Ticket,0,0,0,9.2,61.0,0,10.7,2.8,80.5,-5.9,12,4,0
CUST-4266,57,Premium,East,Individual,2,Medium,1,0,2,Ticket,0,0,0,12.9,13.8,0,0.0,3.7,48.8,-9.5,3,23,1
CUST-4267,10,Basic,East,Individual,1,Low,0,2,1,Ticket,1,0,0,20.5,58.0,0,3.6,1.0,141.2,1.2,4,13,1
CUST-4268,40,Basic,West,Enterprise,0,Low,0,0,2,Call,0,0,0,20.3,28.4,0,0.0,2.2,99.9,-20.7,25,132,0
CUST-4269,7,Premium,South,Enterprise,1,Medium,1,0,1,Chat,0,0,1,3.9,4.2,0,0.0,3.2,145.0,-9.4,2,22,1
CUST-4270,38,Standard,West,Enterprise,4,Medium,0,0,5,Call,0,0,0,13.7,20.2,0,0.0,2.1,110.7,-5.7,4,23,1
CUST-4271,61,Standard,West,Enterprise,0,Low,0,0,0,Email,0,0,1,6.0,11.4,0,0.0,2.8,70.4,-10.3,5,101,1
CUST-4272,3,Standard,West,Small Business,1,Low,0,0,1,Call,1,0,0,49.0,53.3,1,0.0,3.0,115.2,-9.1,4,1,0
CUST-4273,51,Standard,South,Enterprise,1,High,0,0,1,Email,0,1,0,13.7,40.2,0,0.0,4.8,59.9,-20.9,1,28,1
CUST-4274,47,Basic,East,Small Business,3,High,0,1,3,Call,0,0,1,29.1,38.1,0,0.5,3.9,45.5,-7.5,12,9,1
CUST-4275,68,Standard,North,Individual,2,Low,1,0,2,Ticket,0,0,0,0.9,6.4,0,0.0,2.8,122.4,-0.7,11,3,1
CUST-4276,38,Basic,East,Small Business,3,Low,1,0,4,Ticket,0,0,0,9.6,15.2,0,0.0,1.9,80.9,-17.2,15,15,1
CUST-4277,36,Premium,South,Enterprise,1,Low,0,1,1,Chat,1,0,0,3.5,76.1,0,1.0,5.0,139.4,-6.0,2,3,1
CUST-4278,41,Premium,East,Small Business,1,Low,0,0,1,Ticket,0,0,0,10.0,24.5,0,0.0,4.4,67.7,-9.6,10,11,0
CUST-4279,69,Basic,East,Individual,1,Low,0,1,1,Call,1,0,0,31.7,32.3,0,1.8,5.0,149.2,3.3,4,21,1
CUST-4280,13,Standard,North,Individual,0,Low,1,0,1,Email,1,0,0,52.3,85.2,1,0.0,1.7,131.1,-8.8,27,105,1
CUST-4281,58,Basic,East,Small Business,1,Medium,1,1,3,Chat,0,0,1,49.6,69.1,1,0.9,2.3,120.8,-7.4,2,15,1
CUST-4282,50,Basic,East,Enterprise,1,Medium,0,0,1,Chat,0,0,0,2.5,6.1,0,0.0,3.4,94.2,-7.7,0,21,1
CUST-4283,30,Premium,East,Individual,1,Medium,0,0,1,Call,1,0,0,7.2,9.0,0,0.0,3.6,105.3,11.3,3,25,1
CUST-4284,62,Basic,West,Individual,0,Medium,1,0,1,Call,0,0,0,21.6,28.7,0,0.0,4.2,129.5,-18.8,3,40,0
CUST-4285,25,Standard,South,Individual,2,Low,2,2,2,Ticket,0,0,1,4.6,8.0,0,2.7,2.7,109.5,-10.4,3,8,1
CUST-4286,27,Premium,South,Individual,1,Low,1,1,2,Ticket,0,0,1,1.1,19.2,0,1.8,4.2,126.3,-9.7,2,10,1
CUST-4287,51,Premium,North,Individual,0,High,2,0,3,Ticket,0,1,1,61.4,64.3,1,0.0,3.3,108.9,-21.8,1,54,1
CUST-4288,57,Standard,West,Small Business,2,Medium,0,0,2,Chat,2,0,1,8.0,19.1,0,0.0,4.3,85.0,-11.9,6,29,0
CUST-4289,47,Standard,West,Enterprise,0,Low,1,0,0,Chat,0,0,1,10.9,26.1,0,0.0,4.3,152.4,-6.8,3,40,0
CUST-4290,39,Standard,East,Small Business,0,Low,0,0,0,Email,0,0,1,6.4,22.9,0,0.0,2.5,155.9,-10.0,0,73,0
CUST-4291,16,Premium,South,Individual,2,High,0,1,4,Chat,0,0,1,7.9,29.6,0,0.7,2.8,137.3,-16.6,0,7,1
CUST-4292,22,Standard,North,Enterprise,1,Low,0,0,1,Ticket,0,0,0,66.5,77.0,1,0.0,3.3,106.9,4.8,7,11,1
CUST-4293,54,Standard,West,Individual,1,Low,1,1,1,Chat,0,1,1,4.3,7.8,0,0.2,2.3,98.2,-31.7,4,21,0
CUST-4294,21,Basic,East,Individual,1,High,1,1,1,Chat,1,0,1,13.7,19.9,0,1.9,2.6,131.9,-6.6,3,22,0
CUST-4295,16,Basic,North,Individual,0,Medium,0,0,2,Chat,0,0,0,20.3,27.5,0,0.0,3.3,96.9,2.7,1,72,1
CUST-4296,59,Standard,West,Small Business,3,Medium,0,2,3,Email,1,1,1,5.1,22.5,0,9.5,4.4,63.7,2.8,1,7,0
CUST-4297,31,Premium,North,Small Business,3,Low,1,0,4,Chat,0,1,0,25.1,39.9,0,0.0,3.5,94.3,-30.8,8,18,0
CUST-4298,42,Premium,West,Enterprise,0,Medium,0,0,2,Email,0,0,0,22.9,33.2,0,0.0,4.1,125.8,10.6,1,31,0
CUST-4299,32,Premium,North,Individual,3,Medium,1,0,5,Chat,0,0,1,61.9,71.5,1,0.0,1.4,107.4,-2.9,0,23,1
CUST-4300,59,Standard,West,Individual,2,Medium,3,1,2,Email,0,0,0,12.3,13.3,0,1.3,3.8,99.8,8.7,5,26,0
CUST-4301,34,Standard,West,Individual,1,Low,0,0,3,Ticket,0,0,1,9.7,27.3,0,0.0,2.4,77.1,-2.4,7,6,0
CUST-4302,9,Premium,North,Small Business,0,High,0,2,1,Email,0,0,1,9.0,33.4,0,0.7,3.8,59.2,-18.0,0,98,1
CUST-4303,11,Standard,West,Small Business,0,Low,0,0,1,Call,0,0,0,9.1,42.0,0,0.0,5.0,85.9,-4.8,1,139,1
CUST-4304,10,Basic,West,Individual,2,Low,1,0,2,Email,0,1,0,0.8,1.1,0,0.0,4.5,110.5,-10.2,0,23,0
CUST-4305,17,Standard,West,Individual,2,Low,1,1,2,Email,1,0,1,5.4,36.6,0,0.1,4.2,82.1,-32.0,0,10,0
CUST-4306,68,Premium,North,Enterprise,2,Medium,1,0,3,Ticket,0,0,0,2.6,33.9,0,0.0,2.4,103.2,-11.1,0,1,1
CUST-4307,48,Basic,North,Enterprise,0,Medium,1,0,1,Email,1,0,1,42.5,58.8,0,0.0,3.2,117.6,0.5,0,94,0
CUST-4308,52,Premium,West,Individual,0,Medium,1,0,0,Ticket,1,0,0,1.2,6.1,0,0.0,3.8,123.1,-2.0,7,60,0
CUST-4309,25,Basic,West,Small Business,1,Low,0,0,1,Ticket,1,0,1,9.1,42.5,0,0.0,3.6,106.8,-15.3,4,15,0
CUST-4310,21,Standard,North,Small Business,2,High,0,0,2,Ticket,0,0,0,5.0,11.4,0,0.0,3.5,58.4,15.1,1,16,1
CUST-4311,65,Standard,East,Individual,2,Low,0,1,3,Call,0,0,1,20.7,33.8,0,0.5,2.0,110.3,-21.3,0,14,1
CUST-4312,63,Standard,West,Individual,0,Low,0,1,0,Email,1,3,0,7.9,16.6,0,0.4,4.7,94.8,-13.3,15,76,1
CUST-4313,51,Standard,East,Individual,0,Medium,1,0,1,Call,0,0,1,0.3,32.9,0,0.0,4.3,32.8,-30.1,2,144,0
CUST-4314,36,Premium,North,Individual,1,Low,0,0,2,Ticket,0,1,0,44.9,49.3,0,0.0,3.9,90.8,-7.8,0,3,0
CUST-4315,66,Standard,West,Small Business,2,Medium,0,0,2,Email,1,0,1,20.2,26.3,0,0.0,1.5,155.2,-10.8,0,1,1
CUST-4316,15,Basic,East,Individual,1,Low,0,0,2,Ticket,0,0,1,0.0,7.9,0,0.0,3.0,103.8,-19.0,1,11,0
CUST-4317,39,Standard,North,Individual,0,Low,1,0,3,Email,0,0,0,22.8,51.7,0,0.0,2.0,117.4,-0.9,8,34,1
CUST-4318,70,Basic,East,Individual,2,Low,2,0,2,Email,1,0,0,4.9,10.6,0,0.0,1.8,145.3,-16.2,7,16,1
CUST-4319,1,Basic,South,Individual,2,Low,0,0,2,Email,0,1,1,66.3,71.4,1,0.0,2.8,106.8,23.0,0,27,1
CUST-4320,23,Basic,North,Small Business,0,Low,1,1,2,Chat,0,0,1,11.8,35.6,0,1.1,2.8,101.2,3.5,1,147,0
CUST-4321,39,Premium,South,Individual,2,Low,0,0,2,Chat,1,0,0,5.1,12.4,0,0.0,2.3,56.3,19.3,6,1,1
CUST-4322,57,Standard,North,Individual,0,Medium,0,1,1,Chat,0,0,0,0.6,17.0,0,0.1,3.4,98.8,-1.7,0,110,0
CUST-4323,34,Standard,North,Enterprise,2,Low,0,1,2,Email,0,0,1,1.2,32.5,0,2.0,3.5,90.1,-16.0,2,28,0
CUST-4324,41,Basic,West,Individual,0,Medium,1,0,1,Ticket,0,0,0,1.2,5.0,0,0.0,3.7,111.6,-28.9,16,138,0
CUST-4325,13,Basic,South,Small Business,7,Medium,1,0,7,Ticket,0,0,0,0.6,10.0,0,0.0,2.1,86.5,-23.8,4,28,1
CUST-4326,70,Premium,South,Individual,3,Medium,1,0,3,Chat,1,0,1,15.9,25.9,0,0.0,3.6,82.2,-16.7,2,20,1
CUST-4327,6,Standard,South,Small Business,1,Medium,2,0,1,Call,0,1,1,37.5,50.1,0,0.0,2.7,31.9,5.1,16,13,0
CUST-4328,52,Premium,North,Small Business,0,Low,0,0,0,Email,0,0,0,8.5,46.1,0,0.0,2.9,126.6,-13.3,3,76,1
CUST-4329,3,Basic,South,Individual,0,Low,1,0,1,Ticket,1,0,1,8.6,67.7,0,0.0,3.3,68.3,6.9,4,67,0
CUST-4330,63,Basic,South,Small Business,2,Medium,0,0,3,Ticket,0,1,0,2.2,26.4,0,0.0,3.5,118.4,-22.5,3,19,1
CUST-4331,49,Premium,West,Individual,1,Medium,1,1,1,Chat,2,0,1,0.0,0.5,0,11.8,4.6,135.8,9.7,6,28,1
CUST-4332,47,Standard,East,Enterprise,1,Low,0,0,3,Call,1,0,1,60.6,62.5,1,0.0,1.6,76.2,-15.4,2,21,0
CUST-4333,55,Basic,East,Individual,1,Medium,0,1,1,Call,0,0,1,12.2,14.1,0,4.9,3.9,148.2,-6.7,0,13,1
CUST-4334,64,Basic,South,Small Business,2,Medium,0,2,2,Email,0,0,0,26.7,38.1,0,8.9,4.7,103.0,-7.2,3,7,0
CUST-4335,65,Premium,South,Individual,1,Medium,0,0,3,Ticket,1,0,0,40.5,41.2,0,0.0,3.5,111.9,-5.2,6,15,1
CUST-4336,67,Standard,South,Small Business,0,Medium,1,0,1,Email,1,0,1,2.4,13.1,0,0.0,5.0,87.9,-26.7,3,104,0
CUST-4337,15,Standard,South,Enterprise,0,Low,0,2,0,Call,0,0,0,6.1,27.0,0,1.5,3.4,83.6,-17.5,1,159,1
CUST-4338,32,Basic,East,Small Business,0,Low,0,0,0,Call,0,0,0,13.9,19.3,0,0.0,3.9,46.8,-2.3,0,75,0
CUST-4339,68,Basic,West,Individual,2,Low,0,0,2,Email,0,0,1,7.1,16.6,0,0.0,2.7,158.1,-3.0,17,19,0
CUST-4340,18,Premium,North,Individual,0,Low,1,0,0,Call,0,0,0,1.1,2.6,0,0.0,4.6,34.9,-8.9,12,143,1
CUST-4341,43,Basic,South,Individual,1,High,1,2,1,Chat,0,0,0,44.7,45.7,0,2.6,2.6,53.6,-22.8,1,26,0
CUST-4342,35,Standard,South,Individual,1,Low,0,0,1,Chat,0,1,1,5.7,17.2,0,0.0,2.4,95.2,27.5,16,19,0
CUST-4343,58,Premium,East,Individual,1,Low,0,0,2,Call,0,0,1,1.5,1.7,0,0.0,2.5,96.3,2.3,4,25,1
CUST-4344,33,Basic,South,Individual,2,Low,0,0,3,Ticket,0,0,0,11.0,29.2,0,0.0,2.2,50.6,-10.8,1,19,1
CUST-4345,14,Standard,West,Individual,1,Medium,0,2,2,Call,1,0,1,32.6,34.9,0,0.7,3.3,85.8,20.7,1,20,0
CUST-4346,34,Standard,West,Individual,0,Medium,3,0,0,Email,0,0,1,3.7,37.4,0,0.0,4.5,80.4,-9.4,11,151,0
CUST-4347,61,Standard,South,Individual,1,Medium,0,2,1,Ticket,0,0,0,11.5,40.0,0,0.9,4.8,90.5,-4.5,2,28,1
CUST-4348,4,Standard,East,Individual,2,High,0,0,3,Chat,1,0,0,4.1,8.0,0,0.0,4.1,128.0,-25.7,0,20,0
CUST-4349,59,Basic,South,Individual,0,Low,0,0,0,Chat,0,0,1,34.1,38.1,0,0.0,3.1,142.8,-13.5,6,111,0
CUST-4350,29,Standard,South,Small Business,3,Low,0,0,4,Chat,0,0,0,14.8,15.4,0,0.0,1.2,149.8,14.9,0,12,1
CUST-4351,6,Standard,East,Individual,1,Medium,0,0,1,Chat,0,0,0,17.3,78.9,0,0.0,2.8,116.9,-25.9,5,26,1
CUST-4352,49,Standard,West,Individual,3,Medium,1,0,5,Chat,1,0,1,27.5,28.4,0,0.0,2.7,55.5,4.4,5,2,0
CUST-4353,40,Basic,North,Individual,3,Low,2,1,3,Ticket,0,0,1,56.2,66.0,1,1.3,4.4,114.9,-9.8,4,27,1
CUST-4354,65,Standard,South,Individual,1,Low,1,0,2,Chat,0,1,1,2.2,30.6,0,0.0,3.6,113.3,-9.5,4,26,0
CUST-4355,69,Premium,West,Small Business,1,Medium,0,0,1,Ticket,0,0,0,37.4,40.0,0,0.0,2.5,112.1,-12.9,2,6,1
CUST-4356,27,Standard,South,Individual,0,Low,0,1,2,Email,1,0,0,12.9,35.0,0,1.6,5.0,124.9,12.2,2,79,0
CUST-4357,6,Standard,North,Individual,3,Low,0,1,3,Call,0,0,1,20.5,23.2,0,1.4,3.4,78.7,-11.2,0,5,1
CUST-4358,13,Standard,East,Small Business,2,Medium,0,0,2,Ticket,0,1,1,38.3,43.8,0,0.0,2.3,61.3,-33.3,4,28,1
CUST-4359,64,Premium,West,Enterprise,1,Low,0,0,1,Chat,0,0,1,7.9,12.3,0,0.0,3.6,64.4,17.6,8,22,0
CUST-4360,62,Premium,North,Individual,1,Medium,2,1,1,Email,0,0,1,40.7,41.5,0,4.3,2.1,79.5,-17.5,0,11,0
CUST-4361,19,Basic,South,Individual,0,Low,0,2,0,Email,0,0,0,20.0,21.9,0,11.5,5.0,90.2,-15.5,6,82,1
CUST-4362,43,Standard,North,Individual,0,Low,0,1,0,Call,0,1,1,6.5,23.4,0,0.8,4.8,109.3,-8.6,0,153,1
CUST-4363,20,Basic,West,Individual,1,Medium,0,0,1,Call,1,0,0,50.5,51.8,1,0.0,5.0,80.8,9.6,8,13,0
CUST-4364,68,Standard,East,Individual,1,Low,0,0,1,Ticket,0,0,0,1.2,56.9,0,0.0,3.8,141.4,-15.0,0,25,1
CUST-4365,44,Basic,South,Small Business,1,Medium,0,0,1,Ticket,0,0,1,17.9,22.4,0,0.0,2.7,100.9,-20.7,0,26,0
CUST-4366,23,Premium,East,Individual,1,Low,0,0,1,Call,0,0,0,0.3,2.1,0,0.0,2.2,81.0,2.7,8,12,1
CUST-4367,2,Basic,East,Enterprise,1,Low,0,2,2,Call,0,0,1,1.7,8.7,0,1.2,4.8,134.5,-6.2,1,2,1
CUST-4368,22,Standard,North,Individual,1,Low,0,0,2,Call,1,0,0,2.1,7.0,0,0.0,3.5,87.8,-29.7,11,19,0
CUST-4369,57,Standard,North,Individual,1,Medium,0,1,2,Email,0,0,0,44.9,46.2,0,0.8,1.6,79.8,-20.4,7,4,1
CUST-4370,7,Basic,West,Small Business,1,Low,0,0,1,Call,0,0,0,16.4,32.4,0,0.0,2.8,141.8,-7.2,5,20,0
CUST-4371,56,Premium,West,Individual,0,Low,1,0,3,Email,0,0,0,6.0,28.6,0,0.0,4.4,106.4,1.8,1,37,0
CUST-4372,67,Premium,East,Individual,2,Low,0,0,2,Chat,0,0,0,9.9,9.9,0,0.0,2.5,164.3,-7.2,9,28,0
CUST-4373,16,Standard,West,Individual,0,Medium,0,0,0,Chat,0,1,1,36.4,49.1,0,0.0,2.4,63.0,17.7,1,69,0
CUST-4374,51,Standard,East,Individual,1,Low,0,0,2,Ticket,1,0,0,16.9,32.4,0,0.0,4.0,56.5,-28.6,11,9,0
CUST-4375,12,Basic,South,Individual,1,High,0,1,1,Ticket,0,0,1,0.6,62.1,0,2.1,5.0,108.2,-14.5,7,8,0
CUST-4376,53,Standard,East,Individual,2,High,1,2,2,Call,0,0,1,41.0,57.2,0,9.6,3.5,157.7,3.5,2,12,1
CUST-4377,5,Basic,West,Individual,4,Low,1,0,4,Ticket,1,0,0,15.5,20.8,0,0.0,2.6,78.5,12.6,0,26,1
CUST-4378,27,Standard,West,Individual,2,Low,1,1,2,Chat,0,0,1,4.4,21.0,0,5.1,5.0,103.7,-4.0,2,7,1
CUST-4379,12,Premium,East,Enterprise,0,High,0,0,0,Ticket,0,1,0,25.1,30.0,0,0.0,3.0,83.3,-26.9,0,159,1
CUST-4380,17,Basic,North,Individual,0,Low,0,0,1,Email,0,0,0,15.3,17.5,0,0.0,3.6,87.7,-18.5,3,158,0
CUST-4381,6,Premium,East,Individual,0,High,1,1,0,Ticket,0,0,1,4.2,24.5,0,0.6,3.4,115.4,-8.6,1,34,0
CUST-4382,5,Basic,East,Enterprise,1,Low,0,0,2,Chat,0,0,0,21.0,30.9,0,0.0,2.5,71.5,-12.8,0,12,1
CUST-4383,57,Premium,North,Small Business,0,Low,1,0,0,Chat,0,1,1,20.5,66.0,0,0.0,3.1,51.0,-26.2,3,66,0
CUST-4384,28,Basic,South,Individual,1,High,0,1,2,Chat,0,0,1,61.9,62.9,1,0.6,3.3,110.5,9.6,1,4,0
CUST-4385,69,Standard,North,Individual,2,Low,1,1,2,Chat,0,0,0,6.1,15.9,0,1.8,1.3,91.7,-5.9,4,17,0
CUST-4386,59,Basic,West,Small Business,1,Low,0,1,1,Email,0,0,0,15.9,20.2,0,0.6,3.9,127.0,7.9,1,27,1
CUST-4387,33,Premium,North,Individual,1,Medium,0,0,1,Ticket,1,0,1,7.7,18.3,0,0.0,4.4,129.8,-17.8,5,22,1
CUST-4388,62,Standard,West,Small Business,1,High,0,1,1,Chat,0,0,0,7.1,7.7,0,2.1,3.4,68.3,-21.0,5,18,0
CUST-4389,50,Basic,West,Enterprise,1,Low,0,1,1,Ticket,0,0,0,14.1,14.7,0,3.0,4.9,93.8,6.3,0,22,1
CUST-4390,19,Standard,East,Individual,0,High,0,1,0,Call,1,0,1,25.1,36.6,0,4.3,3.1,116.2,8.0,5,142,0
CUST-4391,69,Standard,East,Individual,1,Medium,0,1,2,Email,0,0,1,18.6,25.1,0,0.3,3.6,124.9,-12.8,1,4,1
CUST-4392,66,Standard,South,Small Business,3,High,0,1,3,Call,0,0,1,2.5,2.8,0,2.1,3.1,143.7,4.5,8,22,1
CUST-4393,47,Premium,West,Individual,3,Medium,1,0,5,Email,1,0,1,51.1,65.2,1,0.0,2.7,118.8,-16.4,0,26,0
CUST-4394,39,Standard,East,Individual,0,Medium,1,1,1,Chat,1,0,1,24.7,33.5,0,0.5,3.5,124.5,-10.7,1,152,0
CUST-4395,68,Basic,West,Individual,0,Medium,1,0,1,Ticket,0,0,1,17.3,73.9,0,0.0,4.1,125.7,-14.8,4,117,1
CUST-4396,33,Basic,South,Small Business,3,Low,0,1,4,Email,1,1,0,3.1,29.9,0,5.9,2.0,153.0,-8.9,2,25,1
CUST-4397,13,Standard,West,Individual,1,High,0,0,1,Call,0,0,0,2.9,22.5,0,0.0,3.9,29.4,-38.5,23,16,1
CUST-4398,54,Standard,South,Enterprise,3,Low,1,1,5,Call,0,0,0,6.9,16.7,0,4.2,2.1,158.2,-15.1,6,4,1
CUST-4399,7,Basic,South,Small Business,1,Low,0,0,1,Ticket,2,0,1,51.3,61.3,1,0.0,4.0,104.8,-3.6,1,1,0
CUST-4400,14,Basic,South,Individual,0,Medium,2,2,0,Email,1,0,0,3.2,45.4,0,5.5,2.5,20.0,-62.1,6,176,1
CUST-4401,19,Standard,East,Small Business,1,Low,0,1,2,Call,0,0,0,21.3,41.0,0,0.5,3.0,107.0,-18.7,2,15,1
CUST-4402,54,Premium,North,Individual,1,Medium,0,0,1,Call,2,0,0,20.7,22.1,0,0.0,4.5,84.8,23.8,0,14,1
CUST-4403,20,Basic,North,Small Business,2,Medium,0,1,3,Email,0,0,1,1.9,10.5,0,3.3,2.2,112.1,-6.6,1,6,0
CUST-4404,29,Standard,East,Individual,3,Low,2,0,4,Chat,0,0,1,24.6,32.7,0,0.0,2.0,163.7,-7.0,14,13,0
CUST-4405,24,Standard,West,Individual,0,Low,0,2,0,Chat,0,1,0,12.9,14.7,0,0.1,3.9,60.2,-9.3,0,44,1
CUST-4406,63,Standard,East,Small Business,2,Medium,0,2,2,Ticket,0,0,0,13.9,41.9,0,4.4,3.6,119.4,-19.1,4,21,1
CUST-4407,57,Basic,West,Individual,0,High,0,0,0,Chat,0,0,1,0.1,5.1,0,0.0,4.9,110.5,-7.1,18,148,1
CUST-4408,8,Standard,South,Small Business,0,Medium,1,1,0,Ticket,0,0,1,45.4,52.4,0,5.3,3.1,91.2,-17.9,3,38,0
CUST-4409,62,Premium,East,Small Business,1,Low,0,2,1,Call,0,0,1,18.9,77.3,0,10.6,1.9,65.2,-11.5,2,10,0
CUST-4410,29,Basic,North,Individual,0,High,0,2,1,Call,0,0,0,18.6,35.7,0,7.5,3.5,108.0,4.8,4,131,0
CUST-4411,17,Standard,West,Individual,1,Low,1,1,1,Chat,0,0,0,9.9,34.4,0,0.4,4.3,54.6,57.7,1,23,1
CUST-4412,66,Basic,East,Enterprise,3,Low,0,0,3,Email,0,0,1,24.2,25.9,0,0.0,2.0,80.6,13.2,7,16,0
CUST-4413,6,Basic,East,Individual,0,Low,0,2,1,Chat,0,0,1,35.8,47.4,0,8.9,3.1,78.0,-25.5,9,32,1
CUST-4414,58,Standard,West,Small Business,1,Low,0,1,2,Ticket,0,0,1,13.7,32.5,0,1.3,2.8,105.2,1.9,2,12,0
CUST-4415,69,Standard,South,Small Business,3,Medium,1,0,3,Ticket,0,1,1,15.8,40.9,0,0.0,3.7,69.6,2.1,7,29,1
CUST-4416,28,Basic,South,Enterprise,0,Medium,1,1,0,Email,0,2,1,4.7,37.1,0,3.9,3.5,90.7,10.3,9,165,0
CUST-4417,62,Standard,South,Small Business,1,Medium,0,0,1,Call,0,1,0,8.7,10.1,0,0.0,3.5,107.5,-6.1,2,28,0
CUST-4418,41,Standard,South,Individual,2,Medium,0,1,2,Call,0,0,1,12.6,32.8,0,0.5,1.9,180.0,-3.2,14,12,1
CUST-4419,69,Standard,West,Enterprise,4,Low,1,1,4,Chat,1,0,1,21.7,23.2,0,2.2,3.6,49.3,-21.9,5,21,0
CUST-4420,41,Standard,North,Small Business,0,Medium,0,1,3,Ticket,0,2,0,53.7,61.5,1,5.6,3.5,123.5,-13.2,3,160,0
CUST-4421,49,Basic,East,Small Business,1,Low,0,0,1,Ticket,0,0,1,2.9,11.8,0,0.0,2.2,124.5,1.4,4,19,1
CUST-4422,49,Premium,East,Individual,1,Medium,0,1,2,Email,0,0,0,15.1,20.1,0,2.2,4.4,104.8,14.0,3,3,1
CUST-4423,71,Standard,South,Individual,0,Low,1,0,1,Email,0,0,1,18.9,48.7,0,0.0,4.9,71.5,-7.1,0,153,0
CUST-4424,3,Standard,West,Small Business,0,Low,0,1,0,Chat,0,0,1,34.9,48.2,0,0.6,4.9,139.0,-6.8,3,77,1
CUST-4425,10,Premium,North,Individual,0,Low,1,2,0,Email,1,0,0,37.1,39.4,0,6.7,4.5,100.3,-17.4,4,112,0
CUST-4426,35,Basic,North,Individual,2,High,2,1,2,Call,1,0,0,21.6,28.6,0,0.4,1.8,110.9,-0.7,0,25,1
CUST-4427,2,Basic,East,Individual,1,Medium,1,1,1,Email,0,2,0,4.3,5.6,0,0.2,3.9,72.5,-21.7,11,14,1
CUST-4428,24,Standard,South,Individual,1,High,0,1,2,Ticket,0,0,0,30.3,40.5,0,0.6,4.0,103.8,-16.3,4,20,0
CUST-4429,38,Standard,East,Individual,0,Low,0,0,1,Ticket,0,0,1,17.3,23.9,0,0.0,3.9,128.4,7.1,3,105,1
CUST-4430,22,Premium,East,Individual,0,High,1,0,0,Ticket,0,1,1,65.1,70.9,1,0.0,5.0,115.8,32.4,7,141,0
CUST-4431,26,Premium,North,Individual,1,Low,0,0,1,Ticket,0,0,0,61.2,89.0,1,0.0,2.7,89.7,0.6,7,24,0
CUST-4432,43,Basic,West,Small Business,4,Medium,2,1,4,Call,0,1,1,16.0,44.5,0,4.8,4.3,124.7,-0.5,2,28,0
CUST-4433,55,Standard,North,Individual,1,Low,0,1,1,Chat,1,0,1,57.4,74.5,1,1.6,3.0,112.5,-0.0,2,23,1
CUST-4434,39,Standard,East,Individual,1,Low,0,0,1,Email,0,0,0,0.5,38.3,0,0.0,3.3,78.1,-28.2,3,7,1
CUST-4435,29,Basic,South,Individual,2,Medium,0,1,2,Chat,0,1,1,49.4,65.4,1,0.6,2.6,57.5,24.3,0,5,0
CUST-4436,20,Standard,South,Individual,1,Medium,0,1,2,Chat,1,0,0,66.8,81.3,1,3.7,4.2,143.1,-5.5,6,19,0
CUST-4437,41,Standard,West,Small Business,1,Medium,0,0,1,Email,0,0,1,77.3,78.8,1,0.0,4.0,117.5,-2.4,0,17,0
CUST-4438,54,Standard,West,Small Business,1,Low,0,0,1,Ticket,0,0,0,30.1,30.3,0,0.0,4.8,165.1,-1.6,0,15,1
CUST-4439,20,Basic,West,Individual,2,Medium,0,1,2,Ticket,0,0,0,4.0,7.5,0,3.0,1.0,156.5,-17.5,5,17,1
CUST-4440,19,Basic,East,Individual,2,Low,0,1,4,Ticket,2,0,1,73.5,96.7,1,0.1,3.2,94.2,3.2,0,15,0
CUST-4441,66,Basic,East,Small Business,2,Low,1,0,3,Email,0,0,1,11.2,50.9,0,0.0,3.7,109.0,-10.8,10,25,0
CUST-4442,30,Premium,West,Individual,1,High,0,1,1,Email,1,0,0,12.7,16.7,0,2.6,4.1,98.1,5.8,2,27,1
CUST-4443,53,Basic,South,Individual,3,Medium,0,2,4,Ticket,1,0,1,0.3,3.1,0,3.4,2.5,63.0,-21.1,1,17,1
CUST-4444,34,Premium,South,Individual,3,High,2,0,4,Call,0,0,1,8.4,35.5,0,0.0,3.1,149.4,-15.9,2,1,0
CUST-4445,22,Standard,South,Individual,0,Low,1,0,0,Chat,0,1,1,5.9,13.1,0,0.0,4.3,115.7,-8.7,3,173,1
CUST-4446,67,Standard,East,Individual,1,High,0,0,1,Call,0,0,1,11.9,69.1,0,0.0,2.6,128.2,-4.3,0,19,0
CUST-4447,6,Standard,North,Individual,1,Medium,0,0,4,Chat,0,0,1,6.3,54.9,0,0.0,2.6,64.6,14.8,11,1,0
CUST-4448,27,Standard,South,Individual,2,Medium,0,1,2,Chat,0,0,0,11.9,18.0,0,0.9,4.0,99.2,-9.2,0,18,1
CUST-4449,10,Standard,South,Individual,0,Low,0,0,0,Call,1,1,1,3.2,15.5,0,0.0,3.8,51.1,-24.4,3,53,1
CUST-4450,48,Standard,South,Individual,2,Medium,0,1,3,Chat,0,0,1,60.7,77.8,1,0.2,3.1,96.4,-0.8,4,1,1
CUST-4451,70,Standard,West,Individual,1,Medium,0,0,1,Call,0,0,0,21.8,37.1,0,0.0,4.1,90.8,-12.3,5,14,0
CUST-4452,59,Standard,East,Individual,2,Low,0,0,2,Ticket,0,0,0,89.2,144.8,1,0.0,2.2,71.9,-34.1,3,21,1
CUST-4453,59,Standard,West,Individual,3,Medium,0,0,4,Email,0,0,1,0.1,6.8,0,0.0,1.3,84.5,-9.4,1,15,0
CUST-4454,2,Basic,West,Individual,3,Low,0,0,4,Chat,0,0,1,36.1,55.5,0,0.0,2.3,141.1,-13.3,0,12,1
CUST-4455,29,Standard,North,Small Business,1,Medium,0,0,1,Call,0,0,1,1.8,14.8,0,0.0,3.0,121.5,16.3,14,16,0
CUST-4456,68,Premium,West,Small Business,2,High,1,1,2,Email,1,0,1,29.7,40.8,0,0.2,2.1,101.8,7.9,8,25,1
CUST-4457,65,Basic,North,Individual,0,Low,0,1,0,Chat,0,0,0,51.1,53.6,1,0.3,4.7,70.3,-16.6,1,148,1
CUST-4458,26,Basic,West,Individual,1,Medium,0,1,2,Chat,1,0,0,3.0,24.0,0,0.1,3.0,112.2,-11.4,0,1,1
CUST-4459,10,Basic,South,Small Business,0,Low,0,0,1,Chat,0,0,1,62.5,70.1,1,0.0,4.5,51.5,-39.9,18,34,1
CUST-4460,53,Standard,East,Individual,3,Medium,1,0,3,Chat,1,0,0,11.5,13.5,0,0.0,4.7,59.2,-3.8,10,21,1
CUST-4461,59,Basic,West,Individual,1,High,0,0,1,Email,0,0,0,8.4,8.6,0,0.0,3.9,144.8,9.4,4,25,1
CUST-4462,22,Standard,North,Small Business,4,Low,0,1,5,Chat,0,0,0,31.8,34.2,0,1.2,1.8,147.4,-4.9,3,1,0
CUST-4463,51,Basic,East,Enterprise,3,Low,0,1,3,Chat,0,0,1,38.4,55.9,0,0.7,3.2,34.6,-32.1,1,13,1
CUST-4464,48,Basic,North,Individual,1,Medium,1,1,2,Email,0,0,0,36.2,56.9,0,2.4,5.0,107.5,-10.5,2,11,0
CUST-4465,21,Standard,South,Individual,1,Medium,2,0,2,Email,0,0,0,19.6,20.3,0,0.0,4.9,161.1,-4.3,10,10,1
CUST-4466,22,Basic,West,Small Business,2,Low,1,0,2,Chat,1,0,0,7.0,9.5,0,0.0,5.0,85.7,-12.3,4,8,1
CUST-4467,30,Premium,East,Individual,1,Low,0,0,2,Email,0,0,1,6.5,113.7,0,0.0,3.1,108.3,-3.3,11,8,0
CUST-4468,25,Basic,South,Small Business,2,Low,0,0,4,Email,0,0,1,5.2,13.2,0,0.0,2.8,81.7,-7.2,10,28,0
CUST-4469,28,Standard,West,Individual,2,Low,0,1,2,Call,0,0,0,3.2,37.0,0,3.1,3.8,117.1,-27.8,2,14,1
CUST-4470,65,Basic,West,Individual,2,Medium,0,0,3,Email,0,0,0,10.0,17.8,0,0.0,2.1,69.2,27.0,0,24,1
CUST-4471,45,Basic,North,Individual,2,Low,0,0,2,Ticket,0,0,1,38.8,50.1,0,0.0,3.3,110.3,-14.3,14,5,1
CUST-4472,68,Premium,North,Enterprise,0,Medium,0,0,1,Call,1,1,1,111.3,142.6,1,0.0,3.0,160.7,-4.8,8,46,0
CUST-4473,7,Premium,South,Small Business,2,Low,0,1,2,Ticket,0,0,1,23.7,92.5,0,2.1,2.2,105.5,-11.5,2,26,1
CUST-4474,49,Basic,North,Individual,2,Low,0,0,4,Call,2,0,0,3.4,4.5,0,0.0,2.4,87.2,-4.8,10,17,1
CUST-4475,9,Standard,South,Small Business,3,Low,1,1,4,Call,0,0,1,22.4,37.4,0,0.2,3.4,64.2,-36.4,2,24,1
CUST-4476,36,Standard,South,Individual,1,Medium,1,0,1,Call,0,0,1,6.4,15.9,0,0.0,2.9,105.7,25.7,5,18,0
CUST-4477,1,Basic,South,Small Business,0,Low,0,1,0,Call,0,0,0,25.3,36.9,0,1.2,4.1,72.1,-18.1,1,73,1
CUST-4478,10,Basic,North,Small Business,2,High,0,1,2,Email,1,0,0,5.4,8.8,0,7.3,4.3,62.2,33.7,11,9,0
CUST-4479,36,Premium,East,Individual,4,Low,0,0,5,Ticket,0,0,1,3.6,37.3,0,0.0,3.3,59.9,14.0,0,9,0
CUST-4480,46,Premium,South,Individual,0,Low,0,0,1,Email,1,0,1,20.1,25.2,0,0.0,5.0,50.7,-44.0,5,66,0
CUST-4481,32,Premium,East,Enterprise,4,Low,1,1,4,Email,1,0,1,23.1,25.4,0,3.3,3.2,92.0,-27.1,1,11,0
CUST-4482,32,Standard,West,Enterprise,1,Low,0,1,2,Chat,0,0,1,4.1,22.6,0,6.9,3.3,146.5,-4.7,0,8,0
CUST-4483,6,Standard,North,Individual,1,Medium,2,2,2,Email,0,0,0,14.3,73.4,0,0.9,5.0,131.7,0.1,4,7,0
CUST-4484,48,Basic,North,Individual,1,High,0,0,1,Call,0,0,1,42.5,46.6,0,0.0,2.8,124.5,-6.2,6,15,0
CUST-4485,38,Basic,East,Enterprise,3,Low,1,1,3,Chat,0,0,1,23.1,32.6,0,1.8,2.5,77.5,-22.1,23,26,0
CUST-4486,17,Basic,West,Individual,1,Medium,0,1,3,Chat,0,0,1,22.5,23.5,0,0.2,1.4,104.0,-0.8,0,3,1
CUST-4487,27,Standard,West,Individual,2,Medium,0,0,2,Email,2,0,1,25.7,31.8,0,0.0,3.1,90.7,-7.1,1,11,1
CUST-4488,54,Standard,South,Individual,0,High,0,0,0,Ticket,0,0,1,8.6,33.2,0,0.0,1.7,160.0,-8.6,19,98,0
CUST-4489,50,Premium,North,Small Business,1,Low,2,0,1,Chat,0,1,1,4.6,36.6,0,0.0,2.8,67.8,-29.2,1,16,1
CUST-4490,35,Premium,West,Individual,1,Low,0,0,1,Email,0,0,0,26.4,30.5,0,0.0,3.6,50.7,-9.7,4,2,1
CUST-4491,25,Premium,West,Individual,2,Medium,0,0,3,Email,0,0,1,33.4,45.3,0,0.0,4.3,58.9,15.5,5,9,1
CUST-4492,28,Premium,South,Individual,3,Low,0,1,3,Call,0,0,0,45.2,68.3,0,0.3,2.2,113.3,3.6,8,13,1
CUST-4493,15,Basic,South,Enterprise,1,Medium,0,0,1,Ticket,0,0,0,31.7,32.0,0,0.0,4.5,77.8,-23.3,2,13,1
CUST-4494,4,Standard,East,Small Business,2,High,0,1,2,Chat,0,0,0,8.5,12.1,0,1.1,1.7,81.7,-40.0,0,22,1
CUST-4495,27,Standard,North,Small Business,1,Low,0,1,1,Ticket,0,0,1,12.6,13.2,0,4.1,2.7,47.5,8.7,0,20,1
CUST-4496,26,Basic,West,Individual,0,Medium,1,1,1,Ticket,1,0,1,30.3,32.3,0,0.2,3.7,76.6,-19.5,0,94,0
CUST-4497,19,Premium,East,Enterprise,1,High,1,0,1,Ticket,1,0,0,15.4,18.4,0,0.0,4.0,122.4,-22.4,4,26,1
CUST-4498,17,Premium,North,Small Business,1,High,0,1,1,Chat,0,0,1,16.3,16.7,0,2.5,4.6,42.6,27.4,2,22,1
CUST-4499,43,Basic,East,Small Business,0,Medium,1,1,1,Chat,0,1,0,57.1,65.8,1,2.1,3.5,84.4,-8.1,8,123,1
CUST-4500,41,Basic,North,Enterprise,0,Medium,1,0,1,Ticket,0,0,1,63.2,71.2,1,0.0,4.0,99.9,4.1,2,124,1
CUST-4501,42,Standard,North,Individual,0,Low,0,0,0,Email,0,0,1,28.6,33.8,0,0.0,3.9,119.4,12.5,3,172,0
CUST-4502,50,Standard,West,Small Business,1,High,0,0,1,Chat,0,0,1,33.2,38.9,0,0.0,2.8,83.2,-14.1,15,24,0
CUST-4503,40,Premium,North,Enterprise,0,Low,1,0,0,Call,1,0,0,6.1,17.7,0,0.0,5.0,90.2,-18.0,3,99,0
CUST-4504,39,Basic,South,Small Business,1,Low,0,3,1,Ticket,0,0,1,18.0,42.5,0,4.6,4.6,133.6,-13.7,7,3,0
CUST-4505,23,Basic,West,Individual,0,Low,1,0,0,Chat,0,1,1,13.0,68.4,0,0.0,2.7,89.5,-38.4,7,56,0
CUST-4506,52,Basic,South,Individual,3,Medium,0,0,3,Chat,0,0,0,0.8,26.3,0,0.0,3.5,133.0,6.3,1,1,0
CUST-4507,47,Basic,East,Small Business,1,Low,0,1,1,Ticket,0,0,0,43.0,50.4,0,2.1,4.7,186.6,-9.8,3,6,1
CUST-4508,63,Basic,East,Individual,2,Medium,0,0,2,Call,0,0,0,7.0,38.3,0,0.0,3.9,107.4,-24.9,0,9,0
CUST-4509,69,Premium,North,Individual,2,Medium,0,0,2,Email,1,0,1,53.7,79.8,1,0.0,2.1,66.3,39.1,1,22,1
CUST-4510,43,Basic,North,Small Business,4,Low,0,0,5,Email,0,0,0,20.2,56.7,0,0.0,1.5,116.5,-2.1,16,14,0
CUST-4511,48,Standard,South,Individual,0,Low,0,1,1,Chat,0,0,1,33.5,34.6,0,2.4,2.8,134.0,-5.5,0,66,1
CUST-4512,34,Basic,South,Individual,1,Low,0,1,1,Call,0,1,1,12.3,18.8,0,2.7,3.6,77.9,8.8,16,3,0
CUST-4513,40,Basic,South,Small Business,0,Low,1,0,1,Call,1,0,1,4.2,4.9,0,0.0,2.0,119.6,-5.4,6,134,0
CUST-4514,61,Premium,East,Individual,2,Low,1,0,3,Ticket,2,0,0,41.5,47.4,0,0.0,4.3,39.6,-20.8,10,10,1
CUST-4515,50,Standard,South,Individual,1,Low,1,0,1,Ticket,1,1,1,30.5,35.5,0,0.0,3.6,129.2,-20.1,1,14,0
CUST-4516,67,Standard,West,Individual,1,High,0,1,1,Call,0,0,0,28.1,64.3,0,1.7,1.0,75.0,-10.3,2,10,1
CUST-4517,62,Standard,West,Individual,2,Medium,1,2,2,Email,0,0,0,4.8,48.3,0,2.6,5.0,45.1,-25.0,9,11,1
CUST-4518,58,Basic,East,Individual,2,Medium,1,0,3,Ticket,0,0,1,14.7,32.6,0,0.0,1.8,83.8,5.1,7,14,1
CUST-4519,33,Standard,South,Individual,2,Low,1,0,2,Ticket,1,0,0,7.8,12.8,0,0.0,4.6,137.6,12.0,6,11,1
CUST-4520,16,Basic,South,Individual,1,Low,0,0,1,Email,0,0,0,19.0,19.1,0,0.0,4.0,98.2,-17.6,1,25,0
CUST-4521,48,Premium,North,Individual,1,Medium,0,0,2,Email,0,0,0,15.2,31.9,0,0.0,4.6,93.6,-20.9,3,29,0
CUST-4522,10,Basic,West,Individual,1,Medium,0,0,1,Ticket,0,0,1,3.9,14.3,0,0.0,2.4,126.2,-14.5,3,8,0
CUST-4523,38,Standard,East,Enterprise,2,Low,0,0,2,Call,0,0,0,19.5,23.0,0,0.0,3.6,112.3,-6.1,14,12,1
CUST-4524,19,Basic,South,Individual,2,Low,0,1,2,Ticket,1,0,1,0.8,3.7,0,2.9,3.6,82.5,-34.0,5,20,1
CUST-4525,36,Standard,North,Small Business,1,High,1,0,1,Email,0,2,0,1.5,13.8,0,0.0,4.7,98.8,-17.5,2,23,0
CUST-4526,59,Premium,East,Individual,2,Low,2,0,5,Ticket,0,0,1,4.0,6.1,0,0.0,2.1,158.6,-10.9,3,13,1
CUST-4527,63,Standard,East,Small Business,3,Low,0,0,3,Chat,0,0,1,17.3,29.2,0,0.0,3.0,100.9,-19.2,10,26,0
CUST-4528,46,Standard,West,Small Business,0,Low,0,0,0,Email,0,3,1,28.5,65.7,0,0.0,4.6,104.9,-7.8,6,104,1
CUST-4529,3,Premium,South,Individual,4,Medium,0,2,4,Ticket,1,0,1,30.5,54.0,0,1.0,1.5,164.4,5.0,4,17,1
CUST-4530,65,Standard,East,Individual,2,Medium,1,0,3,Chat,0,0,1,6.5,49.0,0,0.0,1.9,54.1,-3.0,3,27,0
CUST-4531,8,Basic,North,Individual,2,Low,0,0,2,Email,0,0,0,9.7,14.0,0,0.0,1.9,121.2,-9.0,3,13,0
CUST-4532,51,Basic,North,Small Business,3,Low,0,0,4,Chat,0,1,1,5.3,50.9,0,0.0,2.4,109.3,-16.5,3,10,1
CUST-4533,6,Standard,East,Individual,2,Low,0,2,2,Call,0,0,1,0.7,10.4,0,6.4,2.6,93.1,0.5,11,6,0
CUST-4534,39,Standard,North,Small Business,4,Low,0,1,4,Email,0,0,1,13.7,28.6,0,0.3,3.2,130.2,-15.9,0,8,1
CUST-4535,60,Basic,East,Individual,2,Low,0,0,2,Chat,0,0,1,15.8,21.0,0,0.0,3.4,66.8,-27.9,1,14,1
CUST-4536,28,Basic,North,Individual,4,Low,1,0,4,Call,0,0,1,54.7,132.0,1,0.0,2.6,91.5,6.5,6,29,0
CUST-4537,54,Premium,East,Individual,1,Low,0,1,1,Chat,0,0,0,24.9,33.5,0,8.5,2.8,61.4,-29.6,10,13,1
CUST-4538,37,Basic,East,Small Business,3,Medium,1,0,3,Email,1,0,1,54.5,57.6,1,0.0,2.9,86.9,10.8,17,21,0
CUST-4539,9,Standard,East,Individual,1,Medium,0,0,1,Email,0,0,1,6.6,19.4,0,0.0,4.1,77.2,-5.9,15,17,0
CUST-4540,56,Basic,North,Small Business,0,Medium,0,0,0,Email,0,0,1,25.8,30.2,0,0.0,2.1,126.8,-1.1,2,176,0
CUST-4541,59,Premium,East,Individual,0,Medium,0,0,1,Call,0,0,1,18.2,26.8,0,0.0,3.2,109.2,-8.0,10,81,1
CUST-4542,2,Basic,West,Individual,2,High,0,2,2,Ticket,0,0,0,7.0,10.5,0,2.6,3.6,69.6,-11.8,3,11,1
CUST-4543,61,Standard,East,Small Business,1,High,0,0,1,Email,0,0,0,4.7,12.1,0,0.0,3.8,102.9,7.3,2,17,1
CUST-4544,58,Basic,South,Small Business,1,Low,0,1,1,Call,2,0,1,6.9,8.3,0,0.6,3.9,-10.5,-144.5,11,12,0
CUST-4545,60,Standard,South,Individual,3,Low,0,1,3,Call,0,0,1,77.9,83.0,1,5.5,2.3,112.7,-3.5,4,29,0
CUST-4546,40,Premium,West,Individual,2,Medium,0,2,2,Email,0,0,0,0.5,4.8,0,1.9,3.3,38.3,626.5,7,4,0
CUST-4547,36,Basic,East,Small Business,2,Medium,0,0,3,Email,0,0,0,47.0,91.3,0,0.0,3.3,120.1,-15.3,1,24,0
CUST-4548,37,Standard,South,Individual,0,High,2,0,2,Email,0,0,1,29.5,43.0,0,0.0,4.3,87.3,-3.9,2,38,1
CUST-4549,18,Standard,East,Small Business,3,Medium,0,0,3,Email,1,1,1,15.7,16.1,0,0.0,3.0,160.6,0.5,0,13,1
CUST-4550,63,Basic,South,Individual,1,Low,0,0,2,Ticket,2,0,1,39.1,75.8,0,0.0,3.2,47.5,-4.8,0,26,1
CUST-4551,22,Premium,North,Individual,0,Low,0,0,3,Ticket,1,0,0,1.1,16.6,0,0.0,3.1,118.9,-8.8,5,53,0
CUST-4552,11,Basic,North,Small Business,1,Low,1,0,1,Chat,0,0,1,15.7,21.9,0,0.0,2.7,152.1,2.2,1,17,0
CUST-4553,58,Standard,West,Individual,0,High,2,0,1,Ticket,0,0,1,6.7,13.6,0,0.0,2.2,85.4,-4.3,2,153,1
CUST-4554,57,Basic,West,Enterprise,3,High,0,1,3,Chat,0,0,1,0.2,0.7,0,9.7,2.6,103.7,-7.2,2,11,1
CUST-4555,4,Basic,East,Small Business,1,Low,0,1,2,Chat,0,0,1,19.3,74.2,0,0.9,1.8,95.2,1.6,7,15,1
CUST-4556,7,Basic,West,Small Business,0,Medium,0,0,1,Call,1,0,0,21.4,51.0,0,0.0,3.5,111.6,-15.0,4,115,1
CUST-4557,61,Standard,East,Individual,2,Medium,0,0,3,Ticket,0,0,1,17.9,18.9,0,0.0,1.1,98.1,20.1,5,12,1
CUST-4558,54,Standard,North,Enterprise,2,Low,0,1,3,Ticket,0,0,0,9.9,27.1,0,0.6,4.2,79.4,-10.1,0,7,0
CUST-4559,68,Standard,North,Small Business,0,High,0,0,1,Ticket,0,0,0,32.6,41.6,0,0.0,4.7,101.5,-2.5,4,154,0
CUST-4560,1,Basic,South,Individual,0,Medium,0,0,2,Call,0,0,1,8.4,33.2,0,0.0,3.9,193.3,-8.2,4,43,0
CUST-4561,55,Basic,East,Individual,1,Low,3,1,1,Chat,0,0,1,18.5,33.2,0,0.5,1.5,135.7,-5.2,3,1,1
CUST-4562,3,Standard,North,Individual,1,Low,0,0,2,Ticket,0,0,1,110.7,118.7,1,0.0,3.3,71.1,-25.9,0,9,0
CUST-4563,38,Premium,North,Enterprise,2,Low,0,0,2,Email,0,0,0,37.4,46.0,0,0.0,3.4,114.3,-16.9,7,21,0
CUST-4564,1,Basic,East,Small Business,2,Low,0,1,2,Call,0,0,1,20.7,36.5,0,1.8,2.2,28.8,-32.6,3,12,1
CUST-4565,38,Standard,South,Enterprise,0,Low,1,1,0,Call,0,0,1,22.4,38.4,0,1.1,1.8,85.3,11.0,3,106,0
CUST-4566,29,Basic,South,Small Business,2,Low,0,2,4,Call,0,0,0,36.8,49.0,0,3.6,5.0,92.9,-11.1,9,23,1
CUST-4567,5,Standard,South,Individual,0,Medium,0,0,0,Call,0,0,0,3.9,36.2,0,0.0,3.7,114.6,13.4,1,69,0
CUST-4568,21,Premium,South,Individual,4,Medium,0,0,4,Chat,0,0,0,2.3,25.0,0,0.0,2.9,99.9,-5.4,3,2,1
CUST-4569,71,Premium,North,Individual,1,Medium,3,1,2,Chat,1,0,0,5.0,6.9,0,1.7,3.5,88.5,-25.0,6,12,0
CUST-4570,67,Standard,East,Individual,3,Medium,1,1,5,Ticket,0,0,0,27.3,58.1,0,7.0,4.0,103.2,1.1,12,22,1
CUST-4571,47,Basic,East,Individual,0,High,1,0,1,Ticket,0,0,1,29.4,32.8,0,0.0,4.1,110.3,5.4,9,117,1
CUST-4572,35,Premium,North,Enterprise,0,High,0,0,1,Call,0,0,1,0.6,45.6,0,0.0,4.4,134.7,-18.6,7,108,0
CUST-4573,68,Standard,North,Enterprise,1,Low,1,0,2,Email,0,0,0,1.2,25.9,0,0.0,3.5,110.5,-7.8,10,22,1
CUST-4574,69,Basic,North,Individual,1,Low,0,0,1,Chat,0,0,1,79.9,115.8,1,0.0,3.2,87.4,-15.9,1,8,0
CUST-4575,1,Standard,West,Small Business,1,Low,0,0,1,Call,0,0,0,13.5,30.5,0,0.0,3.1,70.3,-14.5,2,6,0
CUST-4576,68,Premium,East,Individual,2,Medium,1,0,3,Chat,0,0,0,15.4,31.2,0,0.0,2.1,84.9,-25.5,19,10,0
CUST-4577,12,Premium,East,Individual,0,High,1,1,0,Call,1,1,1,18.9,23.2,0,3.1,3.8,61.9,-28.5,0,107,1
CUST-4578,60,Basic,East,Small Business,1,Medium,0,0,1,Email,0,0,1,66.7,81.5,1,0.0,3.9,96.3,-24.0,23,14,0
CUST-4579,27,Standard,South,Individual,0,Medium,1,1,1,Call,0,0,1,3.5,11.7,0,4.8,4.3,81.5,-14.7,0,153,0
CUST-4580,56,Premium,North,Enterprise,2,Medium,0,1,2,Call,0,0,0,20.1,22.6,0,4.0,2.9,110.6,-17.8,12,8,1
CUST-4581,23,Basic,North,Small Business,3,Medium,0,1,3,Call,1,2,1,1.6,8.3,0,0.2,4.0,69.2,2.8,4,3,0
CUST-4582,25,Standard,North,Small Business,1,High,0,1,1,Email,1,0,1,14.4,30.7,0,0.4,2.1,162.1,-8.1,1,2,0
CUST-4583,21,Standard,West,Individual,1,Medium,0,0,1,Ticket,0,1,0,11.6,42.9,0,0.0,4.7,92.7,18.4,14,19,0
CUST-4584,61,Standard,East,Individual,1,Medium,0,4,3,Ticket,0,0,1,6.2,14.9,0,18.0,2.6,161.6,-8.5,4,5,1
CUST-4585,63,Basic,North,Individual,1,Medium,1,0,1,Ticket,0,0,0,11.6,16.8,0,0.0,2.8,71.5,0.8,10,24,1
CUST-4586,52,Standard,West,Small Business,2,Low,1,1,2,Call,0,0,0,24.0,26.6,0,0.3,1.3,105.2,-13.6,2,10,0
CUST-4587,25,Premium,North,Enterprise,0,Low,0,0,0,Ticket,0,0,1,36.8,44.5,0,0.0,2.7,84.1,-18.9,5,72,1
CUST-4588,55,Standard,South,Individual,2,Low,0,1,2,Call,0,1,1,30.7,35.8,0,1.2,3.4,130.0,6.5,2,1,0
CUST-4589,46,Standard,East,Small Business,3,Low,0,0,3,Chat,0,1,0,17.6,26.5,0,0.0,3.2,106.7,-6.9,23,16,1
CUST-4590,32,Basic,West,Individual,1,High,0,0,2,Call,0,1,0,45.5,47.0,0,0.0,4.6,57.8,-1.1,4,15,0
CUST-4591,55,Basic,North,Individual,1,Low,1,2,1,Chat,0,0,0,23.7,43.6,0,0.3,4.9,112.7,-23.7,6,6,1
CUST-4592,5,Standard,East,Small Business,1,Low,0,1,2,Call,0,0,0,36.4,36.5,0,0.0,2.7,121.1,6.7,1,12,1
CUST-4593,36,Basic,West,Small Business,1,Low,0,0,2,Email,0,0,0,10.2,28.2,0,0.0,3.4,74.4,-4.6,7,9,1
CUST-4594,49,Premium,East,Individual,1,Low,1,0,1,Email,0,0,1,24.0,29.5,0,0.0,1.4,98.4,37.7,2,24,0
CUST-4595,58,Basic,East,Individual,1,High,1,0,1,Ticket,1,0,1,1.5,8.2,0,0.0,2.7,138.0,-2.5,11,18,0
CUST-4596,39,Standard,South,Individual,1,Low,2,0,1,Email,0,0,0,63.0,65.8,1,0.0,3.5,87.1,-11.3,3,24,0
CUST-4597,61,Basic,East,Individual,0,High,1,0,0,Call,0,1,0,19.8,71.6,0,0.0,1.4,111.5,28.1,2,118,0
CUST-4598,9,Premium,West,Enterprise,0,Low,0,0,1,Email,1,0,0,38.9,39.7,0,0.0,2.3,45.4,-7.1,8,144,1
CUST-4599,6,Basic,East,Individual,0,High,0,0,2,Email,1,0,0,13.3,18.3,0,0.0,3.9,178.9,-16.0,4,76,1
CUST-4600,35,Basic,West,Individual,1,Medium,0,0,2,Call,1,0,0,0.6,3.0,0,0.0,2.6,106.1,-5.6,7,12,0
CUST-4601,39,Basic,East,Individual,0,Medium,0,0,0,Ticket,0,1,1,13.5,23.4,0,0.0,3.1,71.6,-4.9,6,34,0
CUST-4602,22,Premium,North,Enterprise,1,Low,1,0,3,Ticket,0,0,1,25.9,38.2,0,0.0,4.1,79.0,-7.2,3,2,0
CUST-4603,41,Basic,South,Small Business,1,Medium,0,0,1,Ticket,0,0,1,1.4,4.6,0,0.0,3.1,23.5,-18.6,5,16,0
CUST-4604,5,Basic,North,Small Business,2,Medium,0,0,2,Chat,0,0,1,2.1,18.1,0,0.0,2.3,114.6,-7.1,7,15,0
CUST-4605,42,Basic,South,Individual,4,Low,0,0,4,Ticket,0,0,1,1.1,13.2,0,0.0,3.7,128.6,-8.2,5,11,1
CUST-4606,67,Standard,West,Small Business,0,Low,1,0,4,Call,0,0,1,2.6,30.2,0,0.0,5.0,185.9,2.3,1,67,0
CUST-4607,30,Basic,South,Individual,1,High,0,0,1,Ticket,1,1,1,19.1,54.6,0,0.0,4.0,111.2,-19.0,2,2,1
CUST-4608,57,Basic,East,Small Business,1,Low,1,0,1,Call,0,0,1,41.5,59.3,0,0.0,3.7,106.1,-11.4,15,1,1
CUST-4609,29,Basic,East,Enterprise,1,High,1,1,1,Chat,2,0,1,12.7,27.7,0,0.2,5.0,106.4,-17.1,1,5,0
CUST-4610,37,Standard,North,Individual,0,Medium,1,0,0,Email,0,0,1,33.1,47.0,0,0.0,2.5,76.4,-15.8,8,141,0
CUST-4611,13,Standard,South,Individual,1,Low,0,0,1,Call,0,0,0,10.2,12.9,0,0.0,4.6,90.4,-30.8,1,5,1
CUST-4612,32,Standard,West,Individual,1,Low,0,2,1,Chat,0,0,0,38.7,70.9,0,4.6,4.5,86.0,-17.2,2,3,0
CUST-4613,46,Premium,West,Individual,3,High,1,0,4,Chat,0,0,0,3.4,10.1,0,0.0,1.7,73.0,-7.4,2,2,1
CUST-4614,23,Premium,East,Individual,1,Medium,0,0,1,Email,1,0,1,17.1,34.7,0,0.0,3.7,104.3,-9.4,4,28,0
CUST-4615,45,Basic,West,Enterprise,0,Low,1,0,1,Call,1,0,0,14.7,23.4,0,0.0,3.4,127.0,-6.9,13,96,0
CUST-4616,17,Standard,East,Individual,2,Medium,0,0,3,Ticket,0,0,0,2.2,37.2,0,0.0,2.4,50.2,-4.6,6,22,0
CUST-4617,66,Standard,East,Small Business,0,Low,0,2,1,Chat,1,1,1,5.4,13.3,0,6.7,1.4,99.6,-7.5,0,98,0
CUST-4618,6,Premium,East,Small Business,0,High,0,0,1,Ticket,0,0,0,13.3,25.6,0,0.0,4.5,122.6,12.4,6,39,1
CUST-4619,18,Standard,North,Enterprise,1,Low,1,0,1,Call,0,0,1,29.6,32.7,0,0.0,2.5,110.6,-21.4,0,25,0
CUST-4620,22,Standard,North,Individual,0,Low,0,0,1,Call,1,1,1,47.0,59.1,0,0.0,3.7,114.3,-26.4,5,153,1
CUST-4621,33,Standard,East,Individual,0,Low,2,1,0,Email,0,0,1,26.6,30.0,0,0.7,4.2,118.7,-0.9,10,37,1
CUST-4622,30,Premium,East,Individual,1,Low,0,0,1,Ticket,0,0,0,6.9,30.7,0,0.0,3.9,113.5,-8.4,2,7,0
CUST-4623,32,Basic,East,Individual,2,Medium,1,1,4,Call,0,1,1,2.2,9.0,0,2.6,3.9,54.4,-4.0,6,24,0
CUST-4624,42,Basic,West,Small Business,0,Medium,0,0,0,Email,0,0,0,14.9,23.2,0,0.0,3.5,119.8,-2.2,5,161,1
CUST-4625,10,Basic,East,Individual,1,Medium,0,1,1,Chat,0,0,0,8.4,23.8,0,0.2,4.6,82.0,-14.2,0,14,0
CUST-4626,36,Basic,East,Individual,0,Medium,0,0,0,Ticket,1,0,1,16.6,17.9,0,0.0,2.5,93.4,-27.8,1,59,1
CUST-4627,34,Standard,South,Individual,2,Low,2,2,2,Email,0,0,1,10.1,15.8,0,1.7,4.8,112.8,-8.8,5,21,0
CUST-4628,28,Basic,South,Small Business,1,Medium,1,0,1,Email,1,0,0,9.5,50.2,0,0.0,4.4,98.2,3.3,0,3,0
CUST-4629,11,Basic,South,Individual,2,High,0,0,2,Chat,1,0,1,48.6,78.3,1,0.0,1.5,68.9,-1.5,3,23,0
CUST-4630,39,Premium,South,Individual,0,Low,1,0,0,Email,0,0,1,22.0,26.0,0,0.0,4.5,128.2,-17.1,3,159,1
CUST-4631,47,Standard,East,Individual,1,Low,1,0,1,Email,0,0,1,22.2,32.9,0,0.0,2.6,72.1,-22.0,7,1,1
CUST-4632,19,Standard,South,Individual,2,Medium,0,1,2,Chat,0,0,1,2.9,16.0,0,0.6,2.0,88.9,14.8,18,1,1
CUST-4633,15,Basic,West,Small Business,2,Low,1,0,2,Email,0,0,1,9.9,15.3,0,0.0,4.9,127.1,-1.4,0,9,1
CUST-4634,28,Basic,West,Individual,3,Low,0,0,3,Ticket,2,0,1,28.8,35.2,0,0.0,2.0,73.0,-12.9,0,5,1
CUST-4635,24,Premium,South,Small Business,0,Medium,0,0,0,Call,0,1,0,16.7,74.0,0,0.0,2.4,148.9,-12.0,1,59,1
CUST-4636,9,Standard,North,Individual,2,High,1,1,2,Email,1,0,1,12.3,14.6,0,0.7,2.2,76.1,-32.3,4,26,0
CUST-4637,47,Basic,West,Individual,0,Medium,1,0,1,Email,0,0,0,72.1,108.4,1,0.0,2.4,83.3,-9.6,0,138,0
CUST-4638,33,Premium,West,Individual,0,Medium,0,0,1,Call,0,0,1,2.9,9.5,0,0.0,2.6,106.3,-4.8,1,131,0
CUST-4639,62,Premium,South,Individual,1,Low,1,0,1,Email,1,0,1,3.5,7.6,0,0.0,5.0,53.2,-26.9,0,20,0
CUST-4640,19,Premium,South,Small Business,3,Medium,0,0,5,Chat,0,0,1,16.6,21.1,0,0.0,3.2,55.9,-16.0,4,14,1
CUST-4641,67,Standard,East,Individual,0,Medium,1,1,0,Ticket,0,0,1,10.4,15.4,0,0.9,2.5,160.0,-6.7,6,176,1
CUST-4642,40,Basic,West,Small Business,1,Low,0,0,1,Chat,1,0,1,13.1,18.2,0,0.0,5.0,104.0,-15.2,0,11,0
CUST-4643,47,Standard,South,Individual,1,Low,1,0,1,Call,0,1,1,15.9,20.3,0,0.0,2.4,127.5,-11.7,13,25,0
CUST-4644,65,Standard,South,Enterprise,2,Medium,0,0,2,Chat,0,0,1,2.7,30.5,0,0.0,2.7,123.4,-1.1,6,18,0
CUST-4645,29,Basic,East,Small Business,3,Medium,0,1,5,Ticket,1,0,1,6.3,11.0,0,1.8,2.8,104.6,-14.7,2,4,0
CUST-4646,50,Standard,West,Small Business,0,Medium,1,0,0,Email,0,1,0,15.4,45.1,0,0.0,4.4,97.2,10.7,6,140,0
CUST-4647,13,Basic,South,Individual,3,Low,0,0,3,Chat,0,0,0,4.3,56.5,0,0.0,3.1,73.0,-20.5,3,16,1
CUST-4648,1,Standard,East,Enterprise,0,Low,0,0,0,Email,0,0,0,36.6,41.5,0,0.0,3.4,140.8,-7.9,5,72,1
CUST-4649,34,Basic,South,Enterprise,1,Low,0,0,2,Email,0,0,1,30.6,43.1,0,0.0,4.3,85.8,13.7,2,18,0
CUST-4650,48,Standard,North,Individual,1,Low,1,1,1,Ticket,1,1,1,16.8,25.9,0,0.9,4.4,84.0,-20.4,2,19,1
CUST-4651,48,Basic,North,Individual,1,Medium,0,2,1,Ticket,0,0,0,13.7,41.8,0,0.7,1.8,20.8,-1.5,1,16,1
CUST-4652,49,Premium,South,Individual,3,Medium,2,0,5,Email,0,0,0,53.1,58.6,1,0.0,3.4,143.7,-17.5,10,7,1
CUST-4653,64,Standard,West,Individual,0,Medium,0,0,2,Ticket,0,0,0,27.9,49.6,0,0.0,2.6,95.7,-12.0,12,97,0
CUST-4654,61,Standard,North,Individual,1,High,2,1,2,Email,0,0,1,0.8,10.5,0,1.7,2.9,76.8,-2.0,2,21,1
CUST-4655,29,Premium,East,Individual,2,Low,0,1,2,Email,1,0,1,5.1,20.0,0,2.9,3.8,154.7,-4.1,2,26,0
CUST-4656,39,Standard,South,Enterprise,4,Medium,0,1,5,Chat,1,0,0,1.5,14.4,0,0.4,2.6,40.4,-10.4,0,2,1
CUST-4657,26,Premium,East,Individual,1,Low,0,0,1,Email,0,0,1,104.7,105.7,1,0.0,4.1,62.4,3.4,1,11,0
CUST-4658,17,Basic,North,Small Business,0,Low,0,1,1,Call,0,1,0,11.0,24.3,0,1.0,3.6,59.7,-19.7,8,101,0
CUST-4659,71,Basic,West,Individual,0,Low,1,0,0,Ticket,0,0,1,2.9,29.2,0,0.0,2.0,113.7,6.9,2,107,1
CUST-4660,13,Basic,East,Small Business,0,High,0,1,1,Call,0,0,0,8.9,14.0,0,4.3,2.4,101.8,-3.7,7,151,0
CUST-4661,69,Basic,North,Individual,0,Low,0,0,0,Call,0,1,1,78.2,85.9,1,0.0,3.7,105.4,-12.9,9,78,1
CUST-4662,26,Premium,North,Small Business,2,Low,0,0,2,Chat,0,0,0,3.1,6.5,0,0.0,4.0,130.1,-9.7,2,7,0
CUST-4663,49,Basic,North,Individual,1,Medium,0,0,1,Call,0,0,0,8.8,12.4,0,0.0,2.4,104.4,-8.8,22,6,0
CUST-4664,67,Standard,East,Individual,0,Low,0,0,0,Ticket,0,0,1,6.5,12.0,0,0.0,3.5,103.6,10.2,4,149,1
CUST-4665,7,Standard,North,Small Business,0,Low,0,0,1,Email,0,0,1,31.2,52.3,0,0.0,4.0,38.0,-32.5,2,71,0
CUST-4666,58,Standard,South,Individual,3,Medium,2,0,4,Ticket,0,0,1,0.5,10.4,0,0.0,3.5,109.1,9.5,0,10,0
CUST-4667,49,Standard,North,Individual,0,Low,1,0,0,Chat,0,0,1,58.6,76.3,1,0.0,4.0,69.1,-28.0,1,136,1
CUST-4668,53,Standard,South,Individual,1,High,2,2,2,Chat,1,1,1,40.6,81.7,0,0.7,3.6,108.0,-27.9,0,5,0
CUST-4669,65,Basic,West,Small Business,1,Medium,1,1,3,Email,0,1,0,9.1,28.7,0,1.1,3.1,113.0,-21.2,7,13,0
CUST-4670,62,Basic,South,Individual,1,Low,0,0,2,Call,0,0,0,46.3,53.3,0,0.0,2.0,122.3,-4.2,1,27,1
CUST-4671,17,Standard,West,Small Business,2,Low,0,1,2,Email,1,0,0,11.1,21.8,0,0.1,3.7,179.3,4.1,2,15,0
CUST-4672,43,Standard,West,Individual,1,Medium,1,1,2,Call,0,0,1,6.9,11.8,0,0.3,3.7,149.7,-14.9,1,1,1
CUST-4673,25,Standard,South,Individual,1,Low,1,1,1,Call,0,0,1,10.5,11.5,0,2.0,4.2,139.3,-8.2,4,23,1
CUST-4674,3,Premium,West,Small Business,0,Medium,0,0,0,Call,0,0,1,34.9,51.3,0,0.0,5.0,79.6,-19.4,2,84,0
CUST-4675,29,Standard,South,Individual,0,Medium,1,0,0,Call,0,0,0,16.5,32.7,0,0.0,3.7,169.3,-13.2,0,42,0
CUST-4676,32,Standard,East,Small Business,1,Medium,0,0,2,Call,0,0,1,4.9,34.0,0,0.0,2.5,111.5,0.8,4,13,0
CUST-4677,26,Basic,West,Individual,0,Medium,0,0,0,Email,1,2,1,1.4,4.1,0,0.0,4.0,169.2,-10.4,3,166,0
CUST-4678,16,Standard,South,Individual,4,High,0,0,5,Chat,0,0,1,18.7,51.0,0,0.0,3.5,121.9,6.6,7,11,1
CUST-4679,25,Standard,West,Individual,1,Low,0,0,1,Chat,1,0,1,34.1,57.8,0,0.0,3.2,22.0,113.9,1,12,0
CUST-4680,54,Basic,North,Individual,0,Low,1,0,0,Chat,0,0,1,38.7,40.4,0,0.0,3.5,128.3,-23.8,9,68,0
CUST-4681,28,Basic,South,Small Business,0,Medium,0,0,0,Email,0,0,0,34.6,95.2,0,0.0,4.9,110.8,3.8,2,33,0
CUST-4682,56,Standard,North,Small Business,1,Low,0,0,1,Ticket,2,0,0,14.4,15.0,0,0.0,5.0,85.9,7.3,4,21,1
CUST-4683,65,Basic,West,Individual,2,Medium,0,0,3,Email,0,1,1,9.5,33.2,0,0.0,2.9,115.6,29.5,23,13,0
CUST-4684,41,Basic,West,Individual,2,Medium,1,0,4,Chat,2,0,0,74.1,82.5,1,0.0,2.3,98.4,-22.7,5,5,1
CUST-4685,51,Standard,East,Individual,1,Low,0,0,1,Ticket,1,0,0,51.1,81.2,1,0.0,3.4,113.5,-12.1,3,5,1
CUST-4686,71,Basic,South,Small Business,1,Low,0,1,2,Call,0,0,0,27.9,47.4,0,2.7,4.3,88.4,-31.9,1,29,0
CUST-4687,29,Premium,North,Small Business,3,Medium,0,0,4,Chat,0,1,1,11.2,12.2,0,0.0,4.2,98.4,2.5,2,10,1
CUST-4688,19,Basic,East,Individual,0,Medium,1,0,1,Chat,0,0,0,72.6,76.7,1,0.0,4.4,84.7,-11.9,0,39,0
CUST-4689,66,Standard,West,Individual,1,Low,0,2,2,Call,0,0,0,9.4,55.0,0,2.3,2.9,84.3,-10.5,1,11,0
CUST-4690,41,Standard,West,Individual,0,Medium,0,0,0,Ticket,1,0,0,23.1,25.5,0,0.0,3.2,103.7,-9.5,2,101,0
CUST-4691,45,Premium,East,Enterprise,1,Low,1,0,1,Call,0,1,0,7.0,8.0,0,0.0,4.2,119.6,-14.4,9,17,1
CUST-4692,15,Basic,North,Small Business,0,Low,0,0,0,Call,0,1,1,36.1,38.6,0,0.0,3.5,63.9,-18.5,0,38,0
CUST-4693,3,Standard,West,Individual,1,Low,1,1,1,Email,0,0,0,39.3,58.5,0,1.2,3.1,90.6,-13.3,2,23,1
CUST-4694,11,Standard,West,Individual,0,Low,0,1,0,Call,0,0,0,14.2,14.8,0,0.1,1.8,94.3,-12.8,3,56,0
CUST-4695,53,Standard,South,Individual,0,Medium,1,0,1,Chat,0,0,1,16.5,25.0,0,0.0,3.7,132.1,-9.8,15,153,1
CUST-4696,46,Standard,East,Individual,2,Medium,1,0,2,Chat,0,0,1,59.3,60.8,1,0.0,3.4,108.2,12.6,2,3,0
CUST-4697,30,Standard,West,Small Business,2,High,0,0,2,Chat,0,0,0,3.1,20.5,0,0.0,5.0,64.0,-19.5,19,7,1
CUST-4698,57,Premium,North,Individual,1,Low,1,0,2,Ticket,0,0,0,12.7,17.1,0,0.0,2.4,108.7,-22.5,3,5,1
CUST-4699,18,Basic,South,Small Business,0,High,0,0,0,Chat,0,0,1,15.0,32.3,0,0.0,4.5,113.7,-8.2,6,73,0
CUST-4700,51,Basic,East,Individual,1,Medium,1,0,1,Call,2,1,1,33.9,36.8,0,0.0,4.5,123.3,-10.4,0,9,1
CUST-4701,48,Premium,North,Individual,1,Low,1,0,2,Email,1,1,0,30.1,37.7,0,0.0,3.7,81.8,-10.5,5,20,0
CUST-4702,66,Basic,West,Small Business,1,Low,0,0,1,Chat,0,0,0,18.4,57.4,0,0.0,5.0,109.8,-10.5,0,5,0
CUST-4703,8,Premium,East,Individual,1,Medium,0,1,2,Ticket,0,0,1,3.4,10.7,0,1.7,4.3,104.8,-7.2,3,12,0
CUST-4704,22,Standard,East,Enterprise,1,Medium,0,0,2,Call,0,1,0,10.4,12.2,0,0.0,4.1,105.3,-18.4,2,6,0
CUST-4705,6,Standard,North,Individual,2,Medium,0,0,2,Call,0,0,1,1.9,8.8,0,0.0,2.6,101.3,-2.7,1,11,1
CUST-4706,57,Basic,East,Individual,0,Medium,0,1,0,Ticket,0,0,1,3.3,12.4,0,5.1,4.1,164.9,-14.7,0,63,0
CUST-4707,36,Basic,North,Small Business,1,Low,0,0,2,Email,0,0,0,5.1,14.3,0,0.0,2.6,171.6,-3.6,5,18,0
CUST-4708,57,Standard,West,Individual,3,Low,0,0,3,Ticket,0,0,0,8.1,26.6,0,0.0,2.0,131.7,-14.6,4,11,1
CUST-4709,49,Premium,South,Individual,0,Low,0,1,0,Email,0,0,1,11.6,13.6,0,1.7,4.2,94.1,-11.9,2,86,0
CUST-4710,45,Premium,North,Enterprise,1,Low,1,0,2,Ticket,0,1,0,25.5,34.8,0,0.0,4.3,120.3,-15.0,18,8,0
CUST-4711,66,Basic,South,Individual,0,Medium,0,1,1,Call,0,1,0,0.5,4.9,0,3.2,3.9,94.6,-9.1,0,55,0
CUST-4712,45,Basic,East,Individual,1,High,0,0,1,Chat,0,0,0,41.1,49.9,0,0.0,4.4,97.6,-12.1,5,6,1
CUST-4713,20,Basic,North,Small Business,1,Low,0,1,1,Chat,2,0,1,96.8,99.6,1,3.4,2.9,87.5,-6.3,3,17,1
CUST-4714,64,Premium,West,Individual,1,Medium,0,2,3,Email,0,1,0,66.5,70.6,1,1.5,4.9,51.8,0.9,9,12,1
CUST-4715,67,Basic,North,Individual,1,Low,0,0,4,Call,1,0,1,11.1,23.1,0,0.0,4.6,25.9,3.3,7,13,1
CUST-4716,3,Basic,North,Individual,2,Low,1,0,4,Chat,0,0,0,10.2,15.6,0,0.0,4.2,85.5,-12.1,0,28,1
CUST-4717,54,Basic,North,Individual,1,Low,0,1,1,Ticket,0,0,0,14.8,17.4,0,4.3,2.7,78.6,-7.9,2,2,1
CUST-4718,64,Basic,South,Enterprise,1,Low,0,0,1,Call,1,0,0,21.8,36.3,0,0.0,3.9,77.8,15.7,6,29,1
CUST-4719,40,Premium,South,Individual,2,Low,0,2,3,Call,1,1,1,6.5,33.7,0,2.1,5.0,137.5,-16.9,2,19,0
CUST-4720,59,Standard,East,Individual,1,Low,0,1,1,Chat,0,0,0,21.3,47.1,0,3.6,1.6,75.1,1.9,5,27,0
CUST-4721,55,Basic,East,Individual,1,Low,1,2,1,Ticket,1,0,1,7.4,34.3,0,1.0,3.4,63.2,-26.7,10,18,0
CUST-4722,62,Basic,East,Individual,4,Low,1,1,4,Ticket,1,0,1,21.6,21.9,0,0.6,3.2,133.4,-8.8,6,5,0
CUST-4723,4,Basic,East,Small Business,0,Medium,1,2,0,Chat,1,0,0,21.2,38.5,0,3.9,3.1,94.2,-1.2,3,74,1
CUST-4724,60,Basic,North,Individual,1,Low,0,0,2,Ticket,0,0,0,0.0,100.7,0,0.0,3.0,80.0,-1.9,7,6,1
CUST-4725,30,Basic,South,Small Business,4,High,0,0,5,Chat,2,0,1,41.0,60.4,0,0.0,2.2,93.7,25.9,10,20,1
CUST-4726,2,Standard,South,Individual,3,Medium,0,1,4,Email,1,0,0,4.3,8.9,0,0.2,2.1,126.9,-1.1,2,26,1
CUST-4727,62,Basic,South,Small Business,1,High,1,2,1,Email,0,1,0,98.6,111.0,1,10.6,4.1,96.9,-8.9,9,17,1
CUST-4728,49,Basic,South,Individual,3,Medium,0,0,5,Call,0,0,0,16.0,25.7,0,0.0,1.6,99.1,-1.5,8,26,1
CUST-4729,9,Basic,East,Individual,0,Medium,0,0,0,Chat,0,0,1,9.8,19.0,0,0.0,2.7,98.5,-9.7,2,140,1
CUST-4730,31,Standard,North,Small Business,0,Low,0,0,0,Ticket,0,0,0,1.9,21.2,0,0.0,3.1,106.9,-14.9,0,156,0
CUST-4731,61,Standard,South,Individual,0,Medium,1,1,1,Ticket,1,0,0,22.9,24.9,0,2.4,5.0,80.9,3.5,11,158,1
CUST-4732,48,Standard,West,Individual,2,Low,0,1,2,Chat,0,0,0,8.9,10.8,0,0.7,4.7,49.3,-18.1,1,8,1
CUST-4733,25,Standard,North,Individual,1,Low,0,0,1,Call,0,1,0,65.9,76.5,1,0.0,3.7,105.7,-13.9,10,4,0
CUST-4734,36,Standard,West,Individual,3,Low,0,0,3,Chat,0,0,0,38.9,93.7,0,0.0,4.7,75.7,-28.1,6,9,1
CUST-4735,8,Basic,North,Small Business,1,Low,0,1,1,Ticket,0,0,1,2.7,3.6,0,4.2,3.4,108.6,15.0,22,16,1
CUST-4736,58,Premium,North,Individual,1,Low,1,1,1,Chat,0,0,1,12.2,19.2,0,0.2,5.0,62.7,-12.4,1,20,0
CUST-4737,45,Basic,North,Enterprise,1,High,0,0,1,Ticket,0,0,0,11.7,22.4,0,0.0,4.0,124.0,6.6,1,19,1
CUST-4738,62,Standard,West,Individual,2,Low,3,0,2,Ticket,2,0,1,24.7,24.7,0,0.0,3.4,77.4,-25.2,0,14,0
CUST-4739,39,Standard,South,Enterprise,1,High,0,0,2,Chat,0,0,0,6.4,11.6,0,0.0,2.8,90.6,-24.7,22,17,0
CUST-4740,58,Standard,South,Individual,2,Low,2,0,2,Email,0,0,1,36.2,37.9,0,0.0,3.2,71.8,-7.7,4,18,0
CUST-4741,64,Premium,West,Enterprise,1,Medium,0,0,1,Ticket,1,0,0,56.8,75.1,1,0.0,3.1,130.4,-11.9,1,14,1
CUST-4742,44,Standard,South,Individual,1,Medium,0,0,1,Ticket,0,0,1,16.1,24.7,0,0.0,2.5,112.4,-6.0,3,28,1
CUST-4743,29,Premium,East,Individual,2,Medium,0,0,3,Call,1,0,0,52.4,67.0,1,0.0,2.4,66.9,-0.7,17,2,1
CUST-4744,59,Premium,South,Enterprise,1,Low,0,0,1,Ticket,0,1,1,7.9,21.7,0,0.0,3.7,167.8,-5.7,2,2,1
CUST-4745,71,Premium,East,Individual,2,Medium,1,0,2,Chat,0,0,1,7.6,14.3,0,0.0,2.1,73.2,-12.7,8,8,0
CUST-4746,9,Premium,East,Individual,1,Low,1,1,2,Email,0,0,1,25.7,26.2,0,0.4,4.2,73.4,-21.3,0,28,0
CUST-4747,6,Premium,East,Small Business,0,Medium,0,0,0,Ticket,0,0,0,11.8,16.4,0,0.0,3.4,112.1,-18.0,6,62,0
CUST-4748,29,Standard,West,Individual,1,Medium,1,1,2,Email,1,0,0,6.5,16.3,0,0.1,3.4,137.9,-17.4,2,1,0
CUST-4749,58,Basic,South,Individual,2,Low,1,0,3,Call,0,0,0,7.4,10.8,0,0.0,3.9,103.0,-11.0,1,28,0
CUST-4750,17,Basic,South,Individual,0,Low,0,0,0,Chat,1,1,0,35.7,77.4,0,0.0,2.3,108.9,-8.8,10,94,0
CUST-4751,16,Standard,West,Small Business,4,Low,1,1,4,Ticket,1,1,1,20.8,28.8,0,5.2,1.0,105.3,-19.0,3,22,1
CUST-4752,3,Premium,West,Individual,0,High,0,0,0,Email,0,1,1,31.4,37.9,0,0.0,2.9,84.5,-4.0,2,172,0
CUST-4753,21,Standard,South,Enterprise,0,Medium,0,0,1,Ticket,0,0,1,10.6,12.4,0,0.0,4.7,104.9,-21.2,2,93,0
CUST-4754,64,Premium,West,Small Business,4,Low,1,0,4,Email,0,0,0,55.9,60.7,1,0.0,3.3,133.6,-4.8,0,27,1
CUST-4755,36,Premium,West,Small Business,0,Low,0,2,0,Call,1,0,1,44.3,57.2,0,16.4,2.5,147.4,10.0,3,86,0
CUST-4756,62,Basic,East,Individual,0,Low,0,0,1,Email,0,0,0,0.7,26.4,0,0.0,3.0,119.2,-0.7,6,154,0
CUST-4757,42,Basic,West,Small Business,0,Low,0,0,2,Ticket,1,0,0,9.1,31.4,0,0.0,3.9,132.5,9.4,8,113,0
CUST-4758,42,Basic,East,Individual,1,Medium,1,1,1,Chat,0,0,1,1.5,18.9,0,3.9,3.2,119.2,5.3,8,5,1
CUST-4759,61,Basic,North,Small Business,1,Medium,0,1,2,Email,1,0,1,5.4,45.9,0,0.0,4.1,88.8,-16.0,9,22,1
CUST-4760,13,Standard,East,Individual,3,Medium,0,1,3,Email,0,0,1,52.0,56.2,1,4.4,3.4,127.4,-12.4,9,13,0
CUST-4761,11,Premium,East,Small Business,2,High,1,0,3,Chat,0,0,1,45.3,49.3,0,0.0,4.7,62.0,-19.0,3,19,0
CUST-4762,54,Standard,West,Individual,1,Medium,0,0,1,Ticket,0,0,0,1.2,1.9,0,0.0,4.6,94.4,-13.2,2,20,1
CUST-4763,16,Standard,South,Individual,1,Medium,0,1,1,Email,0,0,0,0.7,19.0,0,1.2,3.7,156.2,-5.4,0,3,1
CUST-4764,8,Basic,North,Individual,2,Medium,0,0,2,Call,1,0,0,20.8,45.0,0,0.0,3.4,91.0,-18.4,1,25,1
CUST-4765,59,Basic,North,Individual,1,Medium,0,2,1,Ticket,1,0,0,5.4,9.9,0,2.4,4.5,102.6,-26.2,1,18,0
CUST-4766,57,Standard,North,Individual,0,High,0,0,0,Email,0,0,1,0.0,23.5,0,0.0,5.0,78.1,-22.1,4,52,0
CUST-4767,40,Basic,South,Individual,3,Medium,0,2,3,Call,0,0,1,35.8,54.3,0,4.5,1.7,68.2,-9.8,1,5,1
CUST-4768,59,Basic,North,Individual,0,Low,0,1,0,Call,0,1,1,9.7,21.4,0,0.9,3.6,108.1,-15.1,3,44,0
CUST-4769,2,Standard,North,Small Business,0,High,1,0,0,Chat,0,0,1,10.8,22.9,0,0.0,2.8,104.8,-17.6,2,75,0
CUST-4770,10,Basic,South,Individual,0,Medium,0,0,1,Ticket,1,0,0,2.3,20.6,0,0.0,5.0,140.9,3.7,11,124,0
CUST-4771,44,Premium,North,Individual,3,Low,1,1,3,Call,0,0,0,12.9,107.3,0,0.3,3.6,54.5,4.2,2,17,0
CUST-4772,11,Basic,West,Small Business,2,Medium,0,0,3,Email,0,1,0,29.9,35.7,0,0.0,2.4,116.2,-7.0,9,7,0
CUST-4773,2,Basic,West,Enterprise,1,Low,0,1,2,Ticket,0,2,1,7.1,8.3,0,1.4,4.1,113.0,-3.6,0,25,1
CUST-4774,50,Basic,East,Individual,1,Medium,0,1,1,Chat,0,0,1,35.2,53.2,0,0.6,2.7,84.4,-13.9,0,25,1
CUST-4775,12,Basic,East,Individual,2,High,0,0,2,Call,0,0,1,21.0,21.4,0,0.0,3.4,123.7,-11.0,6,11,0
CUST-4776,23,Standard,East,Individual,1,Low,1,1,1,Call,0,0,1,10.7,44.5,0,0.5,5.0,54.8,-37.4,6,11,1
CUST-4777,18,Standard,West,Small Business,2,High,2,0,2,Call,0,0,0,14.0,68.1,0,0.0,3.8,59.5,-23.2,0,18,1
CUST-4778,62,Standard,West,Small Business,1,Medium,0,1,1,Email,0,1,1,2.4,21.8,0,2.7,4.9,44.7,-47.5,3,15,1
CUST-4779,62,Standard,West,Small Business,0,Medium,0,0,0,Ticket,0,0,0,44.9,51.2,0,0.0,5.0,86.5,-4.7,0,111,0
CUST-4780,38,Basic,East,Individual,1,Low,1,0,3,Email,0,1,0,44.9,48.7,0,0.0,2.5,108.4,7.3,0,13,1
CUST-4781,67,Standard,East,Small Business,1,Low,0,1,1,Call,0,0,0,9.6,11.4,0,0.8,5.0,107.8,-11.1,16,25,0
CUST-4782,38,Basic,East,Individual,2,Low,0,0,2,Chat,0,0,1,21.5,21.6,0,0.0,2.2,82.4,-7.0,2,7,0
CUST-4783,67,Basic,East,Individual,2,Low,0,1,3,Email,2,1,1,28.9,37.4,0,2.2,1.1,150.4,-8.2,3,14,1
CUST-4784,61,Standard,East,Individual,1,Medium,0,0,1,Chat,2,0,1,34.9,50.6,0,0.0,3.3,104.2,-16.0,5,5,1
CUST-4785,1,Premium,East,Individual,3,Medium,0,0,3,Email,2,0,1,25.8,32.9,0,0.0,1.5,42.9,24.9,12,17,1
CUST-4786,45,Standard,West,Small Business,3,High,0,1,3,Chat,2,0,1,13.9,22.6,0,0.5,2.6,159.6,-7.6,0,19,1
CUST-4787,28,Basic,South,Small Business,1,Low,1,0,1,Chat,1,0,1,23.9,41.3,0,0.0,4.0,151.8,-15.6,1,18,0
CUST-4788,21,Basic,South,Enterprise,1,Low,0,1,1,Call,1,0,1,58.9,66.8,1,3.7,5.0,126.7,3.8,4,20,0
CUST-4789,13,Premium,East,Individual,1,Medium,1,0,1,Call,0,0,1,12.8,35.0,0,0.0,2.6,110.7,4.7,5,16,0
CUST-4790,27,Basic,South,Enterprise,1,Low,0,0,1,Ticket,1,0,1,1.7,17.1,0,0.0,2.6,104.7,-11.3,2,9,0
CUST-4791,7,Basic,South,Small Business,2,High,0,1,2,Call,1,0,1,33.1,49.8,0,0.6,3.6,67.8,18.6,5,22,1
CUST-4792,22,Basic,West,Individual,1,Medium,0,0,1,Ticket,1,0,1,25.5,40.0,0,0.0,2.9,103.7,-11.1,0,16,0
CUST-4793,53,Basic,East,Small Business,1,Medium,0,0,2,Call,1,0,0,7.0,9.0,0,0.0,3.9,101.5,-6.8,1,25,0
CUST-4794,4,Basic,East,Small Business,1,Low,0,0,1,Chat,0,0,0,17.7,35.0,0,0.0,5.0,108.1,-20.8,9,13,1
CUST-4795,23,Standard,South,Individual,1,Low,0,1,3,Ticket,1,0,1,1.5,15.0,0,0.1,1.6,85.5,-20.7,7,18,0
CUST-4796,70,Standard,East,Small Business,0,Low,1,1,1,Call,0,0,1,13.0,25.9,0,1.6,4.2,46.1,-27.3,5,57,1
CUST-4797,33,Premium,East,Small Business,4,Low,0,1,5,Email,3,0,0,10.2,23.9,0,0.2,1.4,128.2,-12.0,3,18,1
CUST-4798,28,Basic,East,Small Business,0,Medium,0,0,1,Call,0,0,1,5.8,71.0,0,0.0,3.1,95.8,10.7,1,146,0
CUST-4799,8,Basic,East,Small Business,3,Low,1,1,4,Call,0,1,0,3.3,11.9,0,0.4,3.0,88.8,-11.8,1,29,0
CUST-4800,1,Standard,South,Individual,0,Medium,1,1,0,Email,0,0,0,8.4,10.1,0,1.1,3.8,113.5,-13.5,16,43,1
CUST-4801,37,Standard,North,Small Business,1,Medium,0,0,1,Call,0,0,1,55.0,65.8,1,0.0,3.6,132.7,-2.6,0,13,0
CUST-4802,63,Standard,South,Small Business,3,Low,0,0,4,Ticket,0,0,0,14.4,16.9,0,0.0,3.4,77.4,14.9,2,19,1
CUST-4803,22,Premium,West,Individual,0,Medium,0,0,2,Call,2,0,1,4.5,29.1,0,0.0,3.2,117.9,-5.9,0,148,0
CUST-4804,70,Basic,North,Individual,0,Medium,0,3,0,Call,0,1,1,36.1,40.4,0,7.7,5.0,117.1,-12.7,2,169,0
CUST-4805,21,Premium,North,Small Business,2,Low,2,0,2,Email,0,0,0,6.3,87.9,0,0.0,2.2,114.6,-11.2,1,12,0
CUST-4806,35,Standard,North,Individual,0,Low,0,0,0,Email,0,0,1,32.5,35.4,0,0.0,3.9,111.5,-14.1,0,140,0
CUST-4807,5,Basic,South,Small Business,0,Medium,0,1,1,Call,2,0,1,0.3,7.5,0,0.3,4.9,117.8,-10.3,0,115,1
CUST-4808,60,Premium,West,Enterprise,4,Medium,0,1,4,Email,0,0,0,51.4,53.7,1,1.1,1.7,100.0,-1.9,9,22,1
CUST-4809,46,Standard,South,Individual,3,Medium,0,1,4,Chat,1,0,1,15.3,23.4,0,0.6,2.5,123.7,14.5,1,27,1
CUST-4810,50,Basic,West,Individual,2,Low,0,1,2,Email,0,1,0,28.8,38.7,0,2.6,3.1,100.8,-25.7,4,16,1
CUST-4811,48,Basic,South,Individual,0,Low,2,0,0,Ticket,0,0,0,7.5,27.9,0,0.0,3.5,148.4,2.2,7,143,0
CUST-4812,6,Basic,South,Individual,0,Low,0,0,1,Call,0,1,1,37.4,37.4,0,0.0,3.3,141.1,-0.5,3,122,1
CUST-4813,56,Standard,South,Enterprise,0,Low,0,0,1,Email,0,0,1,23.5,27.5,0,0.0,4.3,139.3,-10.7,2,150,1
CUST-4814,59,Basic,North,Individual,0,Medium,0,1,0,Call,0,0,0,1.0,5.7,0,1.4,3.8,37.9,-31.9,3,162,1
CUST-4815,29,Basic,South,Individual,1,Medium,2,1,2,Ticket,1,0,0,0.8,14.6,0,0.9,3.2,79.8,-36.2,9,28,1
CUST-4816,71,Basic,West,Small Business,0,Medium,0,0,0,Chat,0,0,0,9.0,13.8,0,0.0,2.7,159.1,-10.8,3,62,0
CUST-4817,18,Standard,West,Small Business,2,Low,0,0,2,Chat,0,1,1,1.1,11.1,0,0.0,1.1,53.3,-29.6,1,4,0
CUST-4818,2,Premium,West,Individual,1,Low,0,1,1,Call,0,0,1,0.9,10.9,0,1.0,4.7,165.7,9.7,1,12,0
CUST-4819,8,Standard,North,Small Business,1,Medium,0,0,1,Email,1,0,0,9.5,34.4,0,0.0,3.3,112.6,-8.2,3,24,1
CUST-4820,54,Basic,South,Individual,3,Medium,0,1,3,Chat,0,0,0,5.2,36.5,0,0.6,1.8,98.4,-18.8,1,3,0
CUST-4821,38,Premium,South,Small Business,0,High,0,1,0,Call,0,0,1,8.6,65.2,0,0.0,4.8,81.8,10.2,7,169,0
CUST-4822,48,Standard,East,Individual,1,Low,0,1,2,Call,0,0,0,10.3,37.9,0,5.1,1.2,100.9,4.6,10,24,1
CUST-4823,27,Premium,North,Individual,0,Medium,0,0,0,Chat,0,0,1,1.8,33.3,0,0.0,5.0,98.6,-10.1,0,168,1
CUST-4824,20,Standard,West,Small Business,0,Medium,0,1,0,Call,0,0,1,18.6,71.7,0,1.2,4.6,74.6,8.0,2,152,0
CUST-4825,12,Standard,West,Individual,1,High,0,1,2,Chat,1,0,1,8.6,34.9,0,1.5,2.0,61.8,-13.2,6,3,1
CUST-4826,43,Standard,South,Individual,0,High,0,1,1,Chat,1,0,1,28.6,32.0,0,0.8,3.0,61.4,-8.2,0,35,0
CUST-4827,61,Basic,West,Enterprise,1,High,0,0,1,Email,0,0,1,94.7,118.3,1,0.0,3.8,138.8,-1.9,4,25,0
CUST-4828,31,Standard,South,Small Business,3,High,0,1,3,Call,1,0,1,9.6,28.2,0,0.6,2.8,119.9,-20.4,3,5,0
CUST-4829,61,Premium,South,Individual,2,Medium,1,0,3,Chat,0,0,0,27.1,39.3,0,0.0,4.1,112.6,-9.6,7,17,0
CUST-4830,67,Premium,East,Small Business,1,Low,0,0,1,Chat,0,1,0,7.0,9.9,0,0.0,4.6,69.4,-15.1,15,16,1
CUST-4831,35,Premium,North,Small Business,2,Medium,0,1,3,Email,0,0,1,33.3,34.1,0,0.7,2.3,112.2,-12.6,3,27,0
CUST-4832,15,Standard,South,Small Business,1,Low,0,1,2,Chat,0,0,1,23.0,26.6,0,0.8,3.3,150.5,-12.3,1,25,1
CUST-4833,16,Basic,South,Individual,1,Low,0,0,2,Email,0,0,0,5.7,37.2,0,0.0,3.4,89.0,-3.9,0,4,0
CUST-4834,13,Basic,South,Small Business,0,Medium,1,0,0,Chat,0,0,1,12.3,17.1,0,0.0,1.8,95.1,9.1,8,76,0
CUST-4835,35,Standard,East,Small Business,1,Medium,3,0,1,Call,0,0,0,32.8,41.7,0,0.0,3.7,113.5,18.4,0,25,1
CUST-4836,59,Standard,South,Small Business,1,Medium,0,1,1,Call,0,0,1,24.7,115.0,0,1.2,1.6,55.1,-17.5,9,18,0
CUST-4837,21,Basic,North,Individual,1,Low,0,0,2,Call,0,0,1,0.6,11.3,0,0.0,4.4,145.8,-15.2,4,9,0
CUST-4838,54,Basic,North,Small Business,1,Medium,0,1,1,Email,1,0,1,0.0,21.9,0,2.3,2.7,126.1,5.5,0,9,1
CUST-4839,30,Standard,West,Individual,2,High,0,0,2,Call,0,0,1,28.0,51.8,0,0.0,3.0,120.1,-4.4,3,8,1
CUST-4840,48,Standard,North,Small Business,2,Medium,2,2,3,Email,0,0,0,12.1,43.8,0,6.1,3.0,102.3,-25.4,5,13,1
CUST-4841,35,Premium,West,Enterprise,1,Medium,0,2,1,Ticket,1,0,0,14.3,20.4,0,1.1,2.5,62.0,-4.9,4,2,1
CUST-4842,38,Standard,North,Individual,0,Medium,0,0,2,Email,0,0,1,66.8,69.3,1,0.0,3.5,117.9,-17.8,0,123,0
CUST-4843,31,Standard,West,Individual,3,High,0,2,5,Ticket,0,1,0,2.8,35.8,0,5.1,2.5,93.5,-17.9,4,26,1
CUST-4844,24,Standard,South,Individual,0,Low,0,0,1,Email,0,0,1,0.7,14.8,0,0.0,4.2,130.4,0.4,12,169,0
CUST-4845,49,Premium,East,Small Business,1,Low,1,0,3,Chat,0,0,1,4.2,17.8,0,0.0,1.2,93.4,-23.9,4,28,1
CUST-4846,32,Standard,East,Individual,3,Low,1,0,5,Email,0,1,1,24.9,37.6,0,0.0,2.4,168.5,-3.6,4,21,0
CUST-4847,55,Premium,East,Small Business,3,Low,0,0,3,Chat,0,1,0,4.0,4.6,0,0.0,5.0,78.5,-23.8,7,19,1
CUST-4848,58,Premium,South,Small Business,0,Low,2,0,1,Email,2,0,0,15.0,19.3,0,0.0,4.1,81.3,-16.8,3,95,1
CUST-4849,3,Premium,East,Small Business,2,Medium,0,1,2,Email,0,0,1,38.7,55.5,0,1.2,2.9,75.9,-24.6,6,19,0
CUST-4850,69,Basic,North,Small Business,1,Low,1,0,1,Ticket,0,0,1,36.7,37.2,0,0.0,3.8,171.4,-4.2,0,2,0
CUST-4851,10,Basic,West,Individual,1,Low,2,1,1,Ticket,0,0,0,4.7,18.7,0,0.7,2.9,69.4,14.8,12,18,1
CUST-4852,25,Basic,South,Enterprise,1,Low,1,0,2,Chat,0,0,1,45.5,46.3,0,0.0,4.9,144.3,-4.8,2,27,0
CUST-4853,68,Basic,East,Individual,3,High,1,0,3,Chat,0,1,1,101.8,101.9,1,0.0,3.4,19.8,-11.8,2,16,1
CUST-4854,61,Basic,North,Individual,2,Medium,0,0,2,Call,1,1,1,73.0,106.4,1,0.0,1.9,98.5,-15.6,6,12,0
CUST-4855,29,Basic,North,Individual,5,Low,0,2,6,Call,1,0,0,44.4,80.6,0,6.2,2.5,75.2,-3.2,4,17,1
CUST-4856,19,Basic,South,Small Business,2,Low,0,1,2,Ticket,0,1,1,1.3,6.4,0,0.9,3.1,107.8,-7.6,1,7,0
CUST-4857,43,Standard,South,Small Business,1,Low,1,0,1,Chat,0,0,1,19.7,49.8,0,0.0,4.5,144.3,-6.9,1,6,0
CUST-4858,66,Standard,East,Individual,1,Medium,1,0,1,Call,0,0,1,11.6,12.8,0,0.0,2.1,76.6,-32.1,5,29,0
CUST-4859,61,Basic,West,Small Business,0,Medium,0,1,0,Chat,0,0,1,6.6,14.5,0,3.6,3.4,98.8,-12.7,2,39,0
CUST-4860,43,Standard,East,Small Business,1,High,1,0,2,Ticket,1,1,1,7.6,17.3,0,0.0,2.7,101.0,-1.9,2,14,0
CUST-4861,25,Standard,East,Individual,0,Medium,0,0,2,Chat,0,2,1,57.3,65.2,1,0.0,2.4,111.3,-9.9,5,80,0
CUST-4862,20,Standard,South,Small Business,2,High,0,0,2,Ticket,1,1,0,60.7,67.2,1,0.0,2.0,76.7,-3.7,4,16,1
CUST-4863,48,Premium,East,Individual,2,Low,1,1,2,Call,0,1,0,2.1,16.3,0,0.6,2.8,97.2,9.5,0,22,0
CUST-4864,24,Basic,East,Individual,2,High,0,0,2,Chat,0,0,0,4.6,21.5,0,0.0,4.8,73.0,-8.7,10,13,1
CUST-4865,11,Basic,West,Small Business,2,Medium,1,1,3,Chat,0,1,0,50.0,97.7,1,1.2,3.2,128.5,25.8,1,1,0
CUST-4866,55,Standard,North,Individual,1,Low,0,1,2,Call,0,0,0,19.0,21.1,0,2.0,4.0,106.4,-10.1,5,1,1
CUST-4867,28,Basic,North,Individual,3,Low,1,0,4,Email,0,0,0,24.5,59.1,0,0.0,2.5,87.7,-6.7,12,21,0
CUST-4868,69,Standard,West,Small Business,5,Medium,1,0,6,Email,1,0,1,8.5,32.5,0,0.0,1.3,79.4,-18.7,2,23,1
CUST-4869,63,Basic,North,Small Business,1,Low,0,1,1,Ticket,1,0,0,5.5,10.5,0,1.8,3.3,99.1,-9.8,3,1,0
CUST-4870,59,Basic,East,Small Business,1,Medium,0,2,1,Chat,0,0,0,11.8,15.1,0,9.5,3.4,94.7,5.0,5,1,0
CUST-4871,5,Basic,West,Individual,2,Medium,0,1,3,Call,1,0,0,8.3,10.2,0,0.6,4.7,134.9,2.5,1,12,0
CUST-4872,51,Basic,West,Individual,2,Low,0,1,2,Ticket,0,0,1,57.8,66.1,1,2.6,4.0,87.7,-17.3,2,21,1
CUST-4873,21,Standard,South,Small Business,1,Low,0,1,2,Call,0,0,1,3.6,15.6,0,0.0,3.7,72.9,38.7,4,24,0
CUST-4874,12,Standard,North,Individual,2,High,0,1,2,Email,0,1,1,95.9,108.5,1,1.8,1.6,95.6,7.2,1,27,1
CUST-4875,50,Basic,South,Individual,0,Low,1,0,0,Chat,0,0,0,47.4,55.5,0,0.0,4.3,51.8,13.7,1,68,1
CUST-4876,4,Basic,East,Individual,0,Low,1,0,0,Ticket,0,0,1,16.9,34.3,0,0.0,4.7,126.0,-21.6,8,158,0
CUST-4877,42,Basic,West,Small Business,0,Low,0,1,1,Email,1,0,1,8.4,26.8,0,2.0,3.4,141.7,-6.6,0,45,0
CUST-4878,38,Basic,East,Individual,5,High,0,1,5,Email,3,0,1,25.7,36.6,0,0.1,2.9,151.4,-4.4,0,20,0
CUST-4879,25,Premium,North,Individual,2,Medium,1,1,3,Chat,0,0,1,13.1,25.1,0,0.3,4.0,35.3,50.8,1,20,1
CUST-4880,14,Basic,South,Individual,1,Low,0,1,1,Chat,0,0,1,9.4,12.6,0,0.9,3.2,88.2,23.1,5,22,0
CUST-4881,32,Standard,North,Individual,2,Low,0,1,2,Chat,1,1,0,8.1,20.2,0,1.2,2.9,124.4,-15.2,1,9,1
CUST-4882,11,Premium,East,Individual,1,Low,0,1,2,Chat,0,0,1,1.7,2.8,0,4.8,2.4,108.2,4.5,4,29,1
CUST-4883,61,Basic,South,Individual,0,Low,2,1,0,Ticket,0,1,1,11.4,24.1,0,0.8,4.8,75.0,-2.0,1,67,1
CUST-4884,18,Standard,North,Individual,1,Medium,0,0,1,Chat,2,0,0,5.7,21.1,0,0.0,4.5,107.4,-19.4,0,15,1
CUST-4885,27,Premium,East,Individual,1,Low,0,1,1,Ticket,0,1,0,0.4,60.5,0,6.6,4.6,116.7,-6.2,6,10,1
CUST-4886,55,Premium,North,Individual,2,Medium,1,1,2,Chat,0,0,0,5.3,13.6,0,3.6,3.4,94.7,-2.7,3,27,1
CUST-4887,54,Standard,West,Individual,1,Medium,1,2,2,Ticket,1,0,0,5.4,15.6,0,1.0,3.5,80.9,10.4,5,2,0
CUST-4888,21,Standard,South,Individual,1,Low,0,0,2,Ticket,0,0,1,7.2,16.2,0,0.0,4.2,71.4,-28.1,0,16,0
CUST-4889,44,Premium,South,Individual,1,High,0,0,3,Chat,0,0,0,58.1,62.7,1,0.0,4.0,124.3,13.3,4,16,0
CUST-4890,5,Basic,South,Individual,2,Low,0,0,2,Call,0,0,0,46.0,47.5,0,0.0,3.2,132.0,-26.2,8,14,1
CUST-4891,41,Premium,West,Individual,1,Low,0,0,3,Ticket,0,0,1,0.7,16.0,0,0.0,4.6,154.3,-3.7,0,5,0
CUST-4892,59,Standard,South,Enterprise,1,High,0,1,1,Ticket,0,0,0,5.4,6.6,0,1.3,5.0,107.8,-14.1,1,5,0
CUST-4893,54,Standard,West,Individual,1,Low,0,1,2,Call,1,2,1,11.7,20.1,0,3.5,5.0,86.8,-7.9,7,16,1
CUST-4894,22,Premium,South,Enterprise,0,Low,1,0,1,Ticket,0,0,1,6.5,6.7,0,0.0,2.7,64.0,-38.1,5,122,1
CUST-4895,65,Premium,North,Individual,1,Low,1,0,1,Email,1,1,0,10.1,52.4,0,0.0,3.9,93.4,5.8,1,19,0
CUST-4896,64,Basic,North,Individual,0,Low,0,1,0,Email,1,0,0,35.5,53.4,0,2.6,4.3,103.7,11.0,1,128,1
CUST-4897,71,Basic,North,Small Business,1,High,0,0,1,Call,1,0,1,16.8,20.6,0,0.0,3.8,106.4,-1.6,11,6,1
CUST-4898,4,Standard,North,Individual,0,Low,1,0,1,Call,0,0,0,10.9,15.7,0,0.0,5.0,87.8,-7.9,2,58,0
CUST-4899,65,Standard,West,Individual,0,Low,0,0,0,Chat,0,0,0,13.3,19.1,0,0.0,4.2,151.5,9.7,0,69,0
CUST-4900,15,Standard,East,Enterprise,0,Medium,0,2,2,Ticket,0,1,1,6.4,17.4,0,8.5,5.0,140.0,-7.0,5,149,1
CUST-4901,22,Premium,East,Individual,1,Low,0,0,1,Email,0,0,1,4.7,19.7,0,0.0,4.5,140.9,-2.7,2,2,1
CUST-4902,47,Premium,North,Individual,1,High,0,1,1,Call,0,1,0,4.8,6.0,0,0.0,1.9,91.3,-7.8,6,26,1
CUST-4903,46,Standard,East,Individual,1,Low,0,1,1,Chat,0,0,0,32.1,48.2,0,6.1,4.0,107.6,-20.9,0,16,1
CUST-4904,14,Basic,East,Enterprise,2,Low,0,0,2,Call,0,0,1,4.3,5.5,0,0.0,2.7,85.3,-16.2,1,11,1
CUST-4905,50,Standard,South,Small Business,0,Low,0,0,0,Email,0,0,0,48.4,85.2,1,0.0,5.0,93.9,11.2,2,169,1
CUST-4906,20,Standard,West,Individual,2,Low,0,1,2,Call,0,1,1,11.9,22.3,0,0.9,3.2,138.2,2.0,4,28,1
CUST-4907,50,Standard,North,Individual,1,Low,0,0,1,Call,0,0,1,15.2,55.9,0,0.0,2.8,74.2,3.4,1,15,0
CUST-4908,33,Standard,East,Small Business,1,Low,0,0,1,Ticket,0,0,0,18.9,34.3,0,0.0,3.7,100.1,-31.4,1,11,0
CUST-4909,59,Standard,East,Individual,1,Medium,0,0,1,Email,0,0,0,7.3,15.0,0,0.0,3.2,94.9,-12.6,7,17,0
CUST-4910,43,Basic,North,Individual,0,Low,0,0,0,Ticket,0,2,1,45.2,68.1,0,0.0,2.7,88.0,18.9,1,129,0
CUST-4911,12,Basic,South,Small Business,2,Low,0,0,2,Call,1,0,1,18.7,19.8,0,0.0,2.1,123.3,-10.2,2,26,1
CUST-4912,40,Standard,North,Individual,1,Low,1,1,1,Email,0,0,0,46.0,59.2,0,1.2,4.4,97.1,-13.4,2,20,1
CUST-4913,20,Basic,South,Small Business,1,Medium,0,0,1,Chat,0,0,1,14.2,18.6,0,0.0,3.2,101.4,-14.2,1,23,1
CUST-4914,38,Basic,East,Small Business,2,Low,0,2,3,Ticket,3,1,1,0.8,28.5,0,2.7,4.3,130.9,8.7,10,20,1
CUST-4915,3,Basic,West,Small Business,0,Low,1,1,1,Ticket,0,0,0,0.6,33.8,0,1.0,1.8,104.7,-23.2,3,174,1
CUST-4916,28,Standard,South,Individual,1,High,0,0,1,Chat,0,0,0,7.4,20.6,0,0.0,3.3,152.2,-15.4,2,28,0
CUST-4917,56,Basic,South,Individual,0,Low,0,1,1,Call,0,0,1,37.6,42.1,0,1.7,5.0,60.9,4.4,7,169,1
CUST-4918,13,Premium,North,Individual,1,Low,0,0,1,Chat,1,0,1,6.2,13.6,0,0.0,4.2,141.0,-7.3,0,7,0
CUST-4919,66,Standard,East,Individual,1,Low,0,0,1,Email,1,1,1,13.2,27.8,0,0.0,4.1,123.7,-14.0,31,28,1
CUST-4920,37,Standard,West,Individual,0,Low,0,2,0,Ticket,0,0,0,4.5,12.8,0,6.3,4.4,122.4,-7.6,16,75,0
CUST-4921,49,Standard,North,Individual,0,Medium,1,0,0,Email,1,0,1,27.7,50.2,0,0.0,2.5,75.4,5.5,0,51,0
CUST-4922,66,Basic,North,Individual,1,Low,1,0,1,Call,0,0,1,22.2,29.1,0,0.0,4.0,116.0,-18.2,10,13,1
CUST-4923,36,Standard,West,Individual,1,Low,0,1,1,Chat,1,0,0,46.6,57.1,0,1.8,4.6,57.2,45.2,1,18,0
CUST-4924,54,Premium,East,Individual,2,Low,2,0,2,Email,2,0,0,8.8,11.9,0,0.0,2.3,114.9,-7.1,0,13,0
CUST-4925,26,Standard,West,Individual,1,High,0,0,1,Ticket,0,0,1,83.8,101.8,1,0.0,2.4,78.6,-23.4,4,27,0
CUST-4926,40,Premium,North,Individual,1,Low,2,1,1,Email,1,0,0,42.0,72.1,0,1.0,4.3,128.1,-6.8,10,16,1
CUST-4927,43,Standard,North,Individual,1,Medium,1,0,1,Ticket,1,0,1,11.9,18.8,0,0.0,3.7,60.6,-33.3,0,25,0
CUST-4928,22,Basic,South,Small Business,2,Low,1,1,3,Call,0,0,0,39.4,85.8,0,4.8,2.3,86.4,-9.8,17,3,1
CUST-4929,20,Basic,West,Small Business,3,Medium,0,0,3,Chat,1,0,1,11.1,11.6,0,0.0,4.7,82.6,-19.1,1,13,0
CUST-4930,8,Standard,West,Individual,3,Medium,1,2,4,Email,0,0,0,31.0,34.7,0,0.6,2.5,105.5,-4.1,4,4,0
CUST-4931,29,Basic,West,Individual,3,Low,0,0,3,Call,0,0,1,8.9,16.9,0,0.0,3.6,91.9,-28.7,5,2,1
CUST-4932,40,Basic,North,Individual,1,Low,0,0,1,Call,0,1,1,5.9,14.2,0,0.0,1.6,112.5,-22.2,2,23,1
CUST-4933,30,Premium,East,Individual,0,Low,1,0,0,Email,0,0,0,26.8,50.4,0,0.0,4.1,75.2,-1.8,10,166,0
CUST-4934,55,Basic,North,Individual,4,Low,0,1,4,Email,0,1,0,66.8,99.6,1,0.3,2.0,146.1,1.5,24,1,1
CUST-4935,16,Basic,South,Enterprise,2,Low,0,2,2,Ticket,0,0,1,25.9,31.3,0,4.1,3.8,119.9,-14.6,2,19,0
CUST-4936,46,Premium,North,Individual,1,Low,0,0,2,Call,0,0,1,75.0,90.2,1,0.0,4.8,70.6,-11.6,0,9,0
CUST-4937,62,Premium,North,Small Business,0,Low,1,1,0,Chat,1,1,0,50.6,62.7,1,1.5,5.0,142.7,-6.5,10,126,1
CUST-4938,7,Basic,North,Individual,1,Low,0,0,1,Call,0,0,1,11.1,14.0,0,0.0,3.4,100.4,-8.3,3,17,0
CUST-4939,45,Premium,South,Individual,0,Medium,0,0,0,Chat,0,0,1,14.1,20.0,0,0.0,4.5,120.2,-8.1,6,153,0
CUST-4940,59,Premium,West,Individual,1,Low,0,1,2,Email,0,0,0,4.2,4.5,0,0.3,5.0,97.6,-18.6,2,9,1
CUST-4941,56,Standard,East,Small Business,1,Low,0,0,2,Ticket,1,0,0,11.6,17.0,0,0.0,3.4,109.6,36.5,0,8,0
CUST-4942,48,Basic,East,Individual,1,Medium,0,0,1,Ticket,0,0,0,29.2,30.8,0,0.0,3.4,175.1,-10.2,9,16,1
CUST-4943,27,Basic,South,Individual,0,Medium,0,1,0,Email,0,0,1,14.8,49.1,0,0.3,2.7,124.3,-4.3,3,145,1
CUST-4944,53,Standard,West,Enterprise,0,High,0,0,0,Ticket,0,0,1,72.6,106.9,1,0.0,4.2,157.5,-9.1,0,173,0
CUST-4945,35,Basic,West,Individual,1,Medium,1,0,1,Email,1,0,1,2.4,19.5,0,0.0,3.0,122.5,-7.6,1,3,0
CUST-4946,51,Premium,South,Individual,0,Medium,0,1,0,Ticket,0,0,0,14.2,88.2,0,1.7,3.1,90.5,-0.0,6,36,1
CUST-4947,37,Standard,North,Individual,0,Low,0,1,0,Call,1,1,0,15.2,28.2,0,0.3,1.9,95.3,-6.4,10,74,0
CUST-4948,57,Standard,West,Individual,2,Medium,0,1,4,Ticket,0,1,1,3.2,6.6,0,5.0,2.2,108.2,-17.0,1,24,0
CUST-4949,8,Premium,East,Individual,1,Medium,1,0,2,Chat,2,0,0,31.9,64.3,0,0.0,2.6,59.0,-20.8,1,16,1
CUST-4950,20,Premium,South,Individual,0,Medium,0,0,0,Call,0,1,0,34.1,37.6,0,0.0,5.0,97.6,-13.3,0,123,1
CUST-4951,53,Basic,East,Individual,0,Low,1,0,0,Ticket,0,0,1,45.5,50.2,0,0.0,3.6,134.5,-5.9,2,60,0
CUST-4952,12,Basic,North,Individual,0,Medium,0,0,0,Call,0,0,0,55.3,71.4,1,0.0,2.9,134.8,-9.1,11,108,0
CUST-4953,49,Standard,South,Small Business,2,Medium,0,1,3,Call,0,0,0,27.5,29.6,0,0.4,4.9,73.1,-22.4,0,8,1
CUST-4954,17,Basic,East,Small Business,0,Low,0,1,2,Chat,0,0,1,36.9,51.0,0,1.0,4.5,135.6,-7.5,7,42,0
CUST-4955,64,Standard,East,Individual,2,Medium,0,0,2,Chat,0,0,1,1.5,6.9,0,0.0,2.3,88.4,7.1,1,26,0
CUST-4956,42,Standard,North,Individual,0,Low,1,0,0,Email,0,0,1,9.7,24.4,0,0.0,4.1,21.0,-15.0,1,125,0
CUST-4957,29,Premium,South,Individual,1,Medium,2,0,1,Call,0,0,0,6.7,30.7,0,0.0,4.8,81.2,-2.6,0,10,1
CUST-4958,19,Standard,West,Individual,1,Medium,1,0,1,Ticket,0,0,0,31.6,39.1,0,0.0,2.9,125.1,-8.4,5,24,1
CUST-4959,11,Standard,West,Individual,0,Low,0,0,0,Chat,0,0,1,7.4,13.4,0,0.0,4.0,81.2,-2.3,2,113,0
CUST-4960,50,Basic,East,Individual,2,Medium,0,0,3,Call,2,1,0,13.9,19.9,0,0.0,1.4,106.9,-20.5,18,8,1
CUST-4961,71,Standard,North,Enterprise,0,High,1,4,0,Email,0,1,0,11.0,17.7,0,20.0,4.3,86.7,39.5,0,111,0
CUST-4962,58,Basic,East,Individual,2,Low,0,0,2,Email,0,1,0,28.4,51.4,0,0.0,5.0,91.6,25.7,0,7,0
CUST-4963,34,Premium,North,Enterprise,1,Low,0,0,1,Call,1,0,0,17.2,25.6,0,0.0,4.8,125.8,-29.4,1,5,1
CUST-4964,20,Basic,West,Individual,1,Medium,2,0,2,Email,0,0,0,10.0,28.8,0,0.0,3.4,164.5,-3.8,3,12,0
CUST-4965,50,Standard,East,Individual,2,Low,0,0,4,Ticket,0,1,1,2.8,23.0,0,0.0,2.4,86.8,-4.8,6,16,1
CUST-4966,10,Basic,East,Individual,1,Low,0,1,2,Ticket,0,0,1,3.6,15.0,0,1.2,3.8,75.7,-3.4,1,21,0
CUST-4967,32,Basic,North,Individual,1,Medium,0,1,1,Ticket,1,0,1,25.6,34.7,0,1.6,5.0,113.3,-12.3,2,10,0
CUST-4968,52,Standard,South,Individual,2,High,0,2,2,Ticket,0,0,1,0.7,7.8,0,14.5,2.9,103.6,-18.0,6,18,1
CUST-4969,15,Standard,North,Individual,0,Low,0,0,0,Chat,0,1,1,11.5,27.5,0,0.0,3.9,122.5,-18.2,2,83,0
CUST-4970,3,Basic,South,Enterprise,1,Low,0,3,1,Ticket,0,0,1,26.2,37.0,0,6.3,2.5,150.7,-12.3,5,8,0
CUST-4971,37,Basic,West,Individual,1,Medium,1,0,2,Chat,2,0,0,9.1,14.3,0,0.0,2.8,135.6,-1.9,1,20,1
CUST-4972,40,Standard,East,Individual,1,Medium,0,0,1,Chat,1,0,0,21.0,32.5,0,0.0,3.2,88.5,26.9,23,16,0
CUST-4973,40,Standard,East,Small Business,3,Medium,1,1,5,Chat,0,0,0,29.3,45.4,0,2.1,2.6,114.0,-14.7,12,2,1
CUST-4974,56,Basic,North,Small Business,0,Low,0,0,0,Email,0,0,1,42.4,54.2,0,0.0,3.1,102.1,-11.2,4,159,0
CUST-4975,23,Standard,North,Small Business,1,Medium,0,0,2,Chat,1,1,1,5.1,5.3,0,0.0,2.8,103.1,7.7,16,2,0
CUST-4976,11,Basic,West,Individual,1,Low,0,1,1,Email,0,1,0,24.4,99.2,0,2.1,4.7,120.0,13.9,4,24,1
CUST-4977,64,Standard,West,Individual,1,Medium,0,0,2,Ticket,0,0,0,16.4,37.6,0,0.0,4.1,81.5,-9.3,9,24,0
CUST-4978,8,Basic,South,Individual,1,Low,0,0,4,Email,0,0,1,12.3,16.5,0,0.0,4.4,182.3,-14.9,15,29,0
CUST-4979,56,Standard,West,Individual,3,High,0,0,3,Call,0,0,0,10.8,32.3,0,0.0,3.7,104.7,-19.6,18,14,1
CUST-4980,60,Basic,West,Individual,1,Medium,0,2,2,Email,0,0,1,41.2,63.1,0,3.1,4.5,103.7,-27.5,17,14,1
CUST-4981,10,Premium,West,Individual,2,High,0,0,2,Call,2,0,0,4.0,17.7,0,0.0,4.0,107.2,-15.4,10,10,1
CUST-4982,39,Basic,West,Enterprise,1,Low,0,1,1,Email,0,1,1,30.1,44.8,0,0.5,5.0,138.7,-10.4,2,28,0
CUST-4983,28,Basic,South,Enterprise,1,Medium,0,0,1,Chat,0,0,1,1.6,4.2,0,0.0,5.0,74.4,-7.8,24,10,0
CUST-4984,49,Basic,West,Individual,0,High,1,0,0,Call,0,0,1,15.9,22.9,0,0.0,4.2,101.9,-13.0,7,41,0
CUST-4985,36,Premium,South,Individual,3,High,0,1,4,Email,0,0,0,3.5,16.8,0,0.0,4.1,56.8,-11.6,9,12,0
CUST-4986,13,Standard,North,Individual,2,High,0,1,2,Ticket,1,0,1,12.3,13.5,0,3.8,1.5,84.1,-30.6,8,10,1
CUST-4987,36,Standard,East,Individual,0,Low,1,0,1,Email,1,0,0,13.2,70.5,0,0.0,3.7,117.2,-5.7,4,100,0
CUST-4988,26,Premium,North,Individual,0,Low,0,0,2,Call,0,0,1,26.3,28.0,0,0.0,4.9,83.2,-22.7,3,87,1
CUST-4989,4,Premium,West,Enterprise,2,Low,0,2,2,Ticket,0,0,1,4.7,12.4,0,1.0,1.2,102.2,6.0,2,26,0
CUST-4990,64,Standard,East,Individual,0,Low,0,0,1,Call,0,0,1,7.0,43.7,0,0.0,5.0,86.5,-13.3,0,66,0
CUST-4991,38,Basic,West,Individual,0,Low,0,0,1,Chat,0,0,1,13.9,14.1,0,0.0,2.1,130.3,-16.4,4,175,0
CUST-4992,22,Premium,West,Individual,3,Medium,2,0,4,Chat,0,0,0,28.3,45.5,0,0.0,4.7,64.8,-9.6,1,20,1
CUST-4993,2,Basic,North,Enterprise,2,Medium,0,1,3,Email,0,0,1,15.7,23.1,0,1.7,5.0,75.1,-22.2,1,23,0
CUST-4994,31,Standard,West,Enterprise,1,Medium,1,0,2,Email,0,0,0,31.6,50.5,0,0.0,1.7,75.5,18.6,1,14,0
CUST-4995,11,Standard,North,Small Business,3,Medium,2,2,3,Email,0,0,1,21.3,37.6,0,4.2,3.6,116.5,-15.8,2,11,0
CUST-4996,46,Standard,West,Individual,0,Low,0,0,0,Email,0,0,1,50.3,63.9,1,0.0,3.9,88.1,-7.1,0,123,1
CUST-4997,62,Standard,South,Individual,0,Medium,1,0,0,Call,1,0,1,22.1,52.2,0,0.0,4.9,104.3,-5.9,2,107,1
CUST-4998,69,Standard,East,Individual,1,Low,2,0,1,Call,0,0,1,8.5,8.6,0,0.0,3.5,139.6,-12.8,5,11,1
CUST-4999,64,Premium,North,Individual,2,Low,0,0,2,Email,1,0,1,2.1,4.5,0,0.0,3.1,90.6,-8.7,1,29,1
CUST-5000,10,Basic,North,Small Business,3,Low,0,1,3,Email,1,0,1,24.4,47.5,0,0.3,3.8,145.8,-1.1,1,7,0
CUST-5001,40,Basic,East,Individual,4,High,0,0,4,Chat,0,0,0,80.9,96.1,1,0.0,3.8,36.1,-13.9,0,12,0
CUST-5002,24,Standard,North,Individual,1,High,3,3,1,Email,0,1,0,13.4,52.4,0,0.9,2.0,62.8,12.3,1,17,1
CUST-5003,44,Premium,East,Individual,0,Low,0,0,1,Chat,0,0,0,2.9,11.6,0,0.0,4.9,91.7,-7.5,0,105,0
CUST-5004,60,Basic,South,Individual,0,Low,0,0,0,Chat,1,0,1,7.7,19.7,0,0.0,4.5,56.8,-20.6,19,149,0
CUST-5005,62,Basic,West,Individual,0,Medium,0,2,0,Email,0,0,1,10.6,25.2,0,1.4,3.6,122.9,-26.0,0,175,1
CUST-5006,17,Basic,South,Individual,1,Medium,1,0,2,Call,0,0,1,3.0,5.9,0,0.0,2.0,114.8,-5.5,6,18,0
CUST-5007,65,Basic,West,Individual,0,Medium,1,0,0,Chat,1,0,1,8.1,10.4,0,0.0,3.4,116.3,-6.2,1,179,1
CUST-5008,57,Premium,East,Individual,0,Low,1,1,1,Chat,0,0,1,32.1,36.5,0,5.4,4.2,59.4,-15.4,3,74,0
CUST-5009,55,Standard,South,Enterprise,2,Medium,1,1,2,Email,0,0,0,7.6,14.9,0,0.0,1.1,94.2,-17.7,2,27,0
CUST-5010,53,Standard,West,Individual,2,Low,0,0,4,Call,0,0,1,132.1,142.1,1,0.0,4.1,99.0,-7.8,17,26,0
CUST-5011,56,Standard,East,Individual,1,Low,1,0,1,Ticket,1,0,0,6.9,16.2,0,0.0,3.3,81.1,8.3,2,9,0
CUST-5012,9,Standard,West,Individual,1,Low,0,0,2,Chat,1,0,0,2.1,25.6,0,0.0,5.0,88.5,-27.3,2,4,1
CUST-5013,22,Basic,North,Small Business,2,High,1,1,4,Email,0,0,1,31.0,33.2,0,3.2,3.5,84.1,-22.3,22,8,0
CUST-5014,13,Basic,North,Small Business,2,Low,0,0,2,Call,1,0,0,2.6,9.5,0,0.0,1.9,88.5,-13.7,0,6,0
CUST-5015,48,Standard,East,Individual,0,Medium,0,1,0,Call,0,0,0,1.0,44.8,0,4.4,4.7,144.7,-1.4,1,165,0
CUST-5016,18,Basic,West,Individual,1,Low,0,1,1,Call,1,0,0,10.1,32.3,0,2.3,3.7,59.8,-1.5,2,23,1
CUST-5017,40,Standard,North,Enterprise,0,Low,0,2,0,Chat,0,0,1,46.4,54.8,0,4.4,3.7,58.4,-33.1,2,115,0
CUST-5018,17,Basic,South,Small Business,0,High,0,0,1,Ticket,0,0,1,16.9,30.0,0,0.0,5.0,171.0,0.2,15,109,0
CUST-5019,15,Basic,West,Individual,0,Low,1,0,2,Call,0,0,1,50.0,59.5,1,0.0,2.9,159.7,-8.2,2,177,0
CUST-5020,15,Basic,West,Individual,0,High,1,0,0,Chat,1,1,1,41.3,48.6,0,0.0,5.0,135.7,-12.6,1,85,0
CUST-5021,63,Standard,North,Individual,1,High,2,0,1,Email,0,1,1,1.6,3.7,0,0.0,3.5,67.6,1.6,1,19,0
CUST-5022,39,Basic,North,Small Business,1,Medium,0,1,1,Call,0,0,1,1.1,3.9,0,3.0,3.9,70.8,-14.1,0,2,0
CUST-5023,13,Premium,East,Individual,3,Low,0,0,4,Chat,1,0,0,7.1,12.2,0,0.0,3.9,76.1,-34.5,0,6,1
CUST-5024,32,Basic,West,Individual,1,Medium,0,0,2,Ticket,1,0,0,42.9,49.7,0,0.0,1.9,101.9,-31.4,1,9,1
CUST-5025,9,Standard,South,Individual,1,High,0,2,2,Call,0,0,0,14.1,18.4,0,1.3,3.7,113.6,-8.4,0,12,1
CUST-5026,40,Premium,North,Individual,2,High,0,0,2,Ticket,0,0,0,63.4,76.3,1,0.0,3.4,61.1,-16.9,2,15,0
CUST-5027,20,Premium,West,Small Business,2,Medium,2,0,2,Chat,0,0,1,7.1,20.8,0,0.0,2.9,89.4,-22.9,0,5,1
CUST-5028,63,Premium,North,Enterprise,1,Low,0,0,1,Email,0,2,1,11.8,12.5,0,0.0,2.7,89.5,-16.1,4,6,1
CUST-5029,44,Basic,East,Individual,3,Medium,1,0,6,Chat,0,0,0,0.5,16.3,0,0.0,3.1,90.4,-11.2,15,18,1
CUST-5030,38,Basic,West,Small Business,2,Low,0,0,4,Ticket,0,0,0,41.4,50.8,0,0.0,4.1,100.8,7.8,3,10,0
CUST-5031,60,Standard,West,Individual,1,Low,1,1,1,Ticket,0,1,1,3.5,15.4,0,0.4,5.0,104.8,-10.8,2,21,1
CUST-5032,71,Basic,East,Small Business,3,Medium,2,1,4,Email,1,0,1,86.1,119.7,1,4.3,4.0,164.8,-14.4,1,20,0
CUST-5033,48,Basic,South,Small Business,0,Medium,0,4,1,Call,1,0,0,7.3,10.3,0,8.0,3.5,75.9,-5.6,1,88,1
CUST-5034,18,Premium,North,Enterprise,2,Medium,1,0,4,Chat,0,0,0,58.1,65.9,1,0.0,4.3,109.0,-1.6,4,9,1
CUST-5035,16,Standard,East,Enterprise,2,Medium,0,2,3,Email,0,0,1,22.2,32.2,0,0.7,2.7,80.4,-22.8,0,4,0
CUST-5036,55,Standard,West,Individual,1,Low,0,1,1,Call,0,0,1,17.1,30.5,0,2.7,1.8,163.6,1.0,0,8,1
CUST-5037,39,Premium,East,Small Business,2,Low,0,0,2,Email,1,1,1,2.6,19.5,0,0.0,4.7,92.1,-27.5,4,11,1
CUST-5038,68,Standard,West,Individual,0,Low,1,0,1,Ticket,0,0,0,2.2,4.3,0,0.0,2.5,73.9,-14.8,6,43,0
CUST-5039,59,Standard,East,Individual,1,Low,0,0,2,Call,0,0,0,6.2,26.9,0,0.0,2.7,74.1,28.4,14,29,1
CUST-5040,62,Standard,South,Individual,1,Low,1,0,1,Email,0,0,0,8.8,12.6,0,0.0,3.5,93.0,-24.3,0,28,1
CUST-5041,13,Basic,West,Individual,0,High,0,1,0,Chat,0,0,1,19.2,64.5,0,2.0,3.7,128.9,-6.8,6,161,0
CUST-5042,6,Basic,East,Small Business,0,Medium,1,0,1,Email,0,0,1,3.7,5.3,0,0.0,1.8,84.6,7.9,1,47,1
CUST-5043,60,Premium,South,Individual,1,Low,1,2,3,Call,0,0,0,23.6,88.4,0,0.8,2.9,110.7,-19.5,0,9,0
CUST-5044,14,Premium,South,Small Business,0,Low,0,0,1,Email,0,0,1,1.2,40.6,0,0.0,4.6,115.1,-12.3,8,170,0
CUST-5045,54,Premium,North,Small Business,3,Medium,0,1,3,Email,0,2,1,40.1,73.1,0,2.1,3.3,113.5,-20.3,1,6,1
CUST-5046,4,Standard,West,Small Business,1,Low,1,0,1,Chat,0,0,1,41.9,42.4,0,0.0,4.1,61.9,-29.5,2,7,0
CUST-5047,39,Premium,North,Individual,1,Medium,0,1,2,Call,1,0,0,45.3,48.7,0,0.8,1.4,112.8,-1.5,2,4,0
CUST-5048,25,Basic,South,Individual,1,Low,0,0,1,Call,0,0,0,11.1,23.6,0,0.0,2.0,97.5,-2.3,0,19,0
CUST-5049,32,Basic,North,Individual,3,Low,0,0,4,Ticket,0,0,1,2.8,22.0,0,0.0,3.5,141.2,-5.2,10,6,1
CUST-5050,59,Standard,North,Individual,1,Medium,1,0,3,Email,0,0,0,14.3,34.2,0,0.0,5.0,106.5,-6.8,17,1,1
CUST-5051,63,Standard,East,Small Business,1,Medium,2,1,1,Call,1,1,1,28.4,29.1,0,1.3,3.3,101.7,-20.0,1,24,1
CUST-5052,38,Basic,North,Small Business,4,Low,0,0,4,Call,0,0,1,6.3,23.8,0,0.0,2.8,127.7,-12.9,0,12,0
CUST-5053,53,Basic,South,Individual,0,High,0,1,1,Call,0,0,1,22.0,32.3,0,0.7,4.1,87.1,-6.6,3,114,0
CUST-5054,67,Basic,North,Small Business,2,Low,1,1,3,Chat,0,1,0,0.4,6.0,0,1.1,4.1,176.7,-8.8,5,28,0
CUST-5055,28,Standard,West,Individual,3,Low,0,0,3,Chat,0,0,1,33.5,51.0,0,0.0,2.0,76.0,-23.6,3,19,1
CUST-5056,3,Standard,East,Individual,1,Medium,0,0,2,Chat,0,0,0,4.9,9.2,0,0.0,5.0,91.9,-30.2,5,18,1
CUST-5057,22,Standard,South,Individual,5,Medium,1,0,5,Call,1,0,1,48.7,64.2,1,0.0,3.7,67.5,-6.2,15,4,0
CUST-5058,38,Basic,North,Individual,2,Low,1,0,2,Chat,0,1,1,15.6,29.8,0,0.0,4.0,47.9,-36.2,2,23,1
CUST-5059,62,Standard,West,Small Business,0,Medium,0,1,2,Call,0,2,1,9.4,22.8,0,1.8,3.3,89.0,-12.6,10,33,1
CUST-5060,57,Standard,South,Small Business,1,Low,0,0,2,Chat,0,0,0,26.7,38.1,0,0.0,4.1,92.4,-19.7,3,4,1
CUST-5061,6,Standard,North,Small Business,2,High,1,0,2,Email,2,0,0,7.5,12.3,0,0.0,3.7,79.3,-25.4,6,8,1
CUST-5062,32,Basic,East,Individual,0,Medium,0,0,1,Call,0,0,0,25.1,28.5,0,0.0,3.0,52.9,-25.8,8,44,1
CUST-5063,10,Standard,North,Individual,1,Low,0,0,1,Ticket,0,0,1,7.5,14.7,0,0.0,2.4,140.8,4.6,1,1,0
CUST-5064,3,Premium,South,Individual,1,Low,0,0,2,Email,0,0,1,37.6,90.6,0,0.0,4.0,78.9,-29.5,2,2,1
CUST-5065,59,Basic,South,Enterprise,2,Medium,0,0,2,Email,0,0,1,79.4,102.6,1,0.0,3.0,81.4,-9.8,0,10,1
CUST-5066,49,Basic,South,Individual,2,Medium,0,1,2,Email,0,1,0,21.4,28.7,0,0.2,4.3,112.7,-6.4,7,13,0
CUST-5067,59,Standard,West,Individual,0,Medium,0,0,0,Ticket,2,0,1,15.4,32.7,0,0.0,2.5,97.5,59.6,0,70,0
CUST-5068,31,Standard,North,Small Business,3,High,0,1,5,Ticket,2,0,0,12.3,17.3,0,1.8,3.2,75.5,-15.5,2,7,1
CUST-5069,69,Basic,North,Small Business,0,Low,0,1,0,Ticket,1,1,0,53.0,56.6,1,1.3,5.0,108.1,-7.9,8,106,1
CUST-5070,62,Basic,North,Small Business,2,Medium,0,0,4,Chat,0,0,0,11.5,24.7,0,0.0,3.7,108.2,-16.9,0,21,1
CUST-5071,52,Basic,East,Enterprise,0,Medium,0,0,1,Chat,0,0,1,33.2,37.7,0,0.0,5.0,68.8,-15.6,25,44,0
CUST-5072,41,Premium,West,Individual,1,Low,0,1,2,Email,1,0,1,0.1,11.9,0,0.6,4.7,120.3,-11.4,4,15,1
CUST-5073,31,Standard,West,Individual,4,Medium,0,0,5,Ticket,0,0,1,44.6,45.8,0,0.0,2.5,84.6,-17.6,0,17,0
CUST-5074,22,Standard,East,Individual,0,Low,1,0,0,Email,0,0,1,9.8,36.8,0,0.0,3.4,142.8,-28.8,0,118,0
CUST-5075,4,Premium,West,Individual,1,Low,0,0,1,Email,0,0,1,6.5,13.7,0,0.0,4.7,136.8,-10.2,2,24,0
CUST-5076,13,Basic,East,Individual,1,Medium,1,0,2,Ticket,0,0,1,3.3,3.5,0,0.0,4.0,121.0,0.4,1,24,0
CUST-5077,45,Premium,South,Individual,0,Medium,1,1,0,Chat,0,0,1,1.5,49.1,0,0.3,4.2,112.2,-18.0,3,90,0
CUST-5078,42,Standard,South,Small Business,1,High,0,0,3,Email,0,1,0,42.8,54.6,0,0.0,4.4,80.7,-8.9,3,21,1
CUST-5079,49,Basic,West,Individual,1,Low,0,0,2,Email,1,0,0,8.1,45.2,0,0.0,3.4,56.0,-1.6,0,28,1
CUST-5080,20,Premium,South,Individual,1,Low,1,0,3,Call,0,0,0,71.8,75.0,1,0.0,2.8,53.6,13.8,5,20,0
CUST-5081,54,Premium,South,Small Business,2,Low,1,1,3,Ticket,0,0,1,10.9,16.3,0,0.0,5.0,62.9,-14.9,2,2,1
CUST-5082,36,Premium,South,Individual,0,Low,1,0,1,Email,0,0,1,59.0,66.3,1,0.0,4.0,133.6,-14.5,5,79,1
CUST-5083,1,Basic,North,Small Business,2,High,0,1,2,Ticket,0,1,1,21.5,24.7,0,3.2,2.2,119.1,-16.2,9,25,1
CUST-5084,15,Premium,South,Enterprise,1,Low,1,1,2,Call,0,0,0,3.3,12.4,0,0.5,4.0,100.0,3.6,0,12,0
CUST-5085,17,Premium,North,Small Business,0,Medium,0,0,2,Ticket,0,0,0,7.3,12.3,0,0.0,4.1,101.0,-21.3,2,122,1
CUST-5086,24,Basic,East,Individual,1,Medium,1,0,1,Call,0,0,0,56.6,58.6,1,0.0,3.2,103.8,10.2,9,13,1
CUST-5087,58,Basic,East,Enterprise,2,Medium,0,0,2,Call,0,0,1,11.2,12.5,0,0.0,3.7,95.8,-9.3,6,19,1
CUST-5088,23,Basic,East,Individual,2,Medium,1,2,2,Chat,1,1,1,1.2,5.6,0,1.7,3.1,125.3,-12.9,1,10,0
CUST-5089,46,Premium,East,Small Business,2,Medium,0,0,2,Email,0,0,1,8.3,68.0,0,0.0,2.4,122.9,-6.7,7,7,1
CUST-5090,8,Standard,East,Individual,0,Medium,1,0,1,Email,0,0,1,41.8,46.2,0,0.0,2.9,114.6,-5.4,2,131,0
CUST-5091,59,Basic,South,Individual,1,Low,0,0,1,Ticket,0,1,0,120.3,149.3,1,0.0,2.4,80.5,-9.6,17,28,0
CUST-5092,59,Basic,South,Enterprise,1,High,0,1,1,Ticket,0,0,0,0.6,9.8,0,2.1,4.7,82.8,-22.1,1,10,0
CUST-5093,13,Basic,South,Individual,1,Medium,1,0,1,Call,0,0,1,12.7,17.1,0,0.0,4.3,103.5,-2.3,0,2,1
CUST-5094,39,Standard,East,Small Business,2,Low,0,0,2,Call,0,0,0,5.6,31.6,0,0.0,4.0,71.1,-21.9,10,1,1
CUST-5095,28,Standard,East,Individual,1,Medium,1,0,2,Ticket,0,0,0,79.9,101.0,1,0.0,4.1,78.5,-10.9,3,15,1
CUST-5096,61,Premium,North,Small Business,1,Medium,0,0,3,Ticket,0,0,1,9.7,24.1,0,0.0,2.3,72.5,-22.0,6,3,1
CUST-5097,16,Standard,West,Enterprise,2,High,0,0,2,Ticket,1,1,1,54.2,59.3,1,0.0,1.8,80.8,-26.6,14,22,1
CUST-5098,2,Standard,South,Individual,1,Low,1,1,1,Call,0,1,0,18.9,40.4,0,0.3,2.2,59.8,8.1,1,2,0
CUST-5099,17,Basic,West,Individual,1,Medium,0,0,1,Ticket,0,1,0,44.5,44.8,0,0.0,4.1,85.5,-22.0,0,14,0
CUST-5100,30,Basic,East,Small Business,5,Low,0,0,5,Call,0,0,0,59.6,64.5,1,0.0,1.1,93.8,-25.2,1,1,1
CUST-5101,13,Standard,East,Enterprise,2,Low,0,1,2,Email,0,0,0,2.2,31.9,0,0.7,4.1,98.7,22.9,0,2,1
CUST-5102,13,Basic,East,Individual,2,Medium,0,0,2,Email,0,0,1,4.5,8.5,0,0.0,4.1,75.2,2.1,16,28,1
CUST-5103,43,Basic,West,Small Business,1,Medium,1,1,1,Call,0,0,0,6.2,21.1,0,2.3,4.1,138.2,-16.1,6,14,1
CUST-5104,21,Premium,North,Individual,2,Medium,0,3,3,Call,1,0,1,15.3,25.1,0,2.6,3.0,122.0,-16.2,5,19,1
CUST-5105,55,Standard,East,Individual,2,Medium,0,1,2,Call,1,0,1,5.5,13.9,0,0.9,4.1,87.0,41.2,15,25,0
CUST-5106,40,Basic,North,Individual,1,Medium,0,0,1,Call,0,0,0,54.3,71.7,1,0.0,3.3,117.7,0.6,19,4,1
CUST-5107,15,Basic,North,Small Business,0,High,0,2,0,Chat,1,0,1,4.0,4.6,0,1.7,5.0,112.1,-10.5,12,79,1
CUST-5108,52,Basic,South,Small Business,1,Low,1,1,1,Email,0,1,1,3.8,14.1,0,0.9,4.3,111.5,5.8,5,27,1
CUST-5109,53,Premium,West,Individual,2,Low,1,1,2,Email,0,1,1,3.3,12.0,0,1.8,2.3,118.6,-2.2,3,5,1
CUST-5110,52,Basic,East,Individual,2,Medium,0,1,2,Chat,0,0,0,11.5,32.3,0,0.1,2.3,97.1,-8.7,0,9,0
CUST-5111,30,Basic,North,Small Business,3,Low,1,1,6,Ticket,0,0,1,0.9,9.3,0,0.8,2.4,95.1,-7.8,10,24,0
CUST-5112,33,Standard,West,Individual,1,Low,0,0,2,Call,0,0,1,22.8,58.1,0,0.0,3.2,46.9,-10.7,0,10,1
CUST-5113,57,Basic,West,Enterprise,0,Medium,0,0,0,Call,0,0,1,5.7,79.4,0,0.0,2.8,123.0,-11.4,0,113,1
CUST-5114,52,Basic,East,Individual,1,Medium,2,2,1,Ticket,0,0,1,54.2,85.5,1,1.6,4.2,116.2,-17.6,5,9,0
CUST-5115,9,Basic,South,Individual,2,Low,1,0,4,Email,0,0,1,4.0,27.8,0,0.0,3.8,134.0,-11.7,8,6,0
CUST-5116,54,Basic,South,Individual,0,High,2,2,1,Chat,0,0,1,1.6,20.6,0,0.4,3.5,61.5,-10.4,5,49,0
CUST-5117,1,Basic,North,Small Business,1,Low,1,1,2,Call,0,0,1,10.3,22.6,0,1.4,4.7,139.8,-20.4,2,2,1
CUST-5118,44,Basic,South,Enterprise,5,Low,0,2,5,Email,0,0,1,5.6,28.8,0,4.3,2.3,144.9,-3.3,8,6,1
CUST-5119,9,Premium,South,Individual,2,Low,0,0,3,Email,0,1,0,40.7,54.5,0,0.0,1.8,119.2,-12.7,0,28,1
CUST-5120,32,Basic,South,Individual,0,Low,1,0,1,Email,2,1,0,14.7,63.7,0,0.0,2.9,110.8,17.1,0,156,0
CUST-5121,15,Standard,West,Individual,3,Medium,0,0,4,Chat,0,0,0,13.0,46.0,0,0.0,3.2,101.2,32.0,3,20,0
CUST-5122,12,Standard,East,Small Business,1,Low,1,1,1,Chat,0,0,0,30.1,43.0,0,11.2,4.9,76.5,7.4,10,8,1
CUST-5123,57,Standard,West,Small Business,2,Medium,0,3,3,Chat,0,1,0,21.1,29.4,0,8.7,3.6,104.9,4.9,0,29,1
CUST-5124,8,Basic,West,Enterprise,0,Medium,0,0,0,Chat,0,1,1,0.2,3.5,0,0.0,2.9,112.0,-3.0,3,85,0
CUST-5125,27,Basic,East,Small Business,1,Low,0,0,1,Chat,0,0,0,23.1,27.3,0,0.0,2.9,128.0,-21.9,1,10,1
CUST-5126,62,Standard,West,Small Business,2,Low,1,0,2,Chat,0,0,1,24.9,28.6,0,0.0,3.6,145.7,-22.5,1,19,0
CUST-5127,12,Standard,North,Individual,0,Low,0,2,1,Ticket,1,0,1,3.8,37.2,0,0.9,2.8,102.8,-7.7,9,86,1
CUST-5128,65,Standard,North,Individual,0,Medium,1,0,0,Email,0,0,0,24.7,62.0,0,0.0,5.0,108.8,-21.9,0,128,1
CUST-5129,42,Basic,West,Small Business,1,Low,0,1,1,Email,0,0,0,101.8,107.6,1,1.1,4.7,103.7,-13.3,0,25,1
CUST-5130,62,Premium,South,Individual,0,Medium,0,0,1,Ticket,0,0,1,7.0,25.1,0,0.0,3.9,154.5,-11.3,0,104,1
CUST-5131,11,Basic,West,Individual,2,Low,1,0,3,Call,0,0,0,0.8,2.8,0,0.0,4.1,90.7,8.3,2,3,1
CUST-5132,43,Basic,South,Individual,4,High,0,2,4,Ticket,0,0,1,38.0,50.4,0,0.8,2.7,47.4,-34.9,3,8,1
CUST-5133,17,Standard,West,Individual,2,Medium,1,2,3,Call,0,0,0,4.6,9.9,0,3.9,2.9,90.3,-3.4,0,9,1
CUST-5134,32,Basic,North,Individual,0,Medium,2,0,0,Call,0,0,0,30.1,75.2,0,0.0,3.9,125.9,0.4,25,128,0
CUST-5135,40,Standard,South,Individual,1,Medium,2,0,2,Ticket,0,0,0,10.5,12.6,0,0.0,1.3,49.2,-14.8,13,7,0
CUST-5136,23,Standard,North,Individual,3,Medium,1,0,4,Ticket,0,0,1,46.8,49.0,0,0.0,3.5,100.7,-31.1,3,21,1
CUST-5137,56,Premium,West,Individual,0,Medium,0,0,0,Chat,0,0,0,56.9,79.1,1,0.0,3.4,59.9,-24.7,0,112,1
CUST-5138,6,Premium,East,Individual,1,Medium,2,0,2,Ticket,0,0,1,10.1,15.7,0,0.0,5.0,110.7,-1.7,0,5,0
CUST-5139,50,Standard,South,Small Business,3,Medium,0,0,4,Chat,0,0,1,79.1,83.6,1,0.0,3.4,156.9,-4.0,2,26,1
CUST-5140,37,Standard,South,Individual,0,Medium,1,1,2,Ticket,0,0,0,0.6,4.1,0,0.8,4.0,57.3,-19.5,12,32,0
CUST-5141,64,Basic,West,Small Business,0,Low,0,0,0,Ticket,0,0,1,16.8,21.2,0,0.0,2.7,109.3,-23.8,2,100,0
CUST-5142,54,Standard,West,Small Business,2,Low,0,0,5,Call,0,0,1,26.8,94.7,0,0.0,2.8,131.4,-0.9,2,21,0
CUST-5143,49,Basic,South,Small Business,0,Low,0,1,0,Ticket,1,0,0,11.2,20.2,0,1.2,4.0,150.8,-1.2,12,44,1
CUST-5144,11,Basic,East,Small Business,1,Medium,0,0,1,Call,0,0,1,21.5,25.8,0,0.0,4.6,156.8,13.2,25,20,0
CUST-5145,49,Basic,West,Individual,1,Low,0,0,1,Chat,1,1,1,7.3,8.3,0,0.0,3.9,109.7,-13.3,2,22,1
CUST-5146,21,Standard,West,Individual,3,Medium,0,0,4,Ticket,0,0,1,1.6,3.5,0,0.0,3.0,131.8,4.6,16,24,1
CUST-5147,66,Standard,West,Small Business,1,Low,0,0,2,Chat,0,0,1,36.0,52.1,0,0.0,3.5,133.2,-18.3,0,5,0
CUST-5148,63,Premium,East,Individual,2,Low,0,0,2,Ticket,0,0,0,7.0,11.6,0,0.0,4.7,107.9,0.5,1,3,0
CUST-5149,28,Basic,South,Individual,1,Low,0,0,1,Ticket,0,0,0,4.4,16.5,0,0.0,4.6,68.1,-12.0,2,2,1
CUST-5150,17,Premium,North,Individual,0,Low,0,0,0,Email,0,0,0,4.5,16.5,0,0.0,4.5,125.6,-4.6,2,115,1
CUST-5151,6,Standard,West,Enterprise,0,Medium,1,1,1,Ticket,1,0,0,34.6,41.3,0,1.7,4.4,146.9,-6.2,1,140,0
CUST-5152,19,Standard,East,Individual,0,Low,0,0,1,Call,0,1,0,1.4,20.1,0,0.0,4.1,60.0,22.4,3,137,0
CUST-5153,56,Standard,South,Individual,1,Low,0,0,1,Chat,0,0,0,13.8,14.3,0,0.0,4.0,115.5,4.9,6,26,1
CUST-5154,28,Basic,South,Enterprise,1,High,0,0,1,Email,0,0,0,4.3,12.4,0,0.0,1.9,90.0,-19.5,0,3,0
CUST-5155,66,Premium,East,Small Business,0,Low,1,1,2,Email,0,0,0,21.1,29.6,0,1.8,3.5,110.2,-16.2,2,48,0
CUST-5156,38,Standard,West,Individual,1,Low,0,1,1,Chat,1,0,1,32.1,34.1,0,3.8,4.2,86.5,-15.2,0,19,1
CUST-5157,37,Premium,North,Enterprise,1,Medium,0,0,1,Chat,0,0,0,16.5,16.7,0,0.0,3.3,113.3,-7.4,15,13,1
CUST-5158,68,Standard,West,Individual,1,Low,0,2,1,Email,1,0,1,19.1,30.5,0,3.5,3.1,126.1,0.2,7,8,0
CUST-5159,49,Premium,South,Small Business,3,Low,0,0,4,Ticket,0,1,1,19.5,24.8,0,0.0,3.8,84.0,-2.7,1,25,1
CUST-5160,43,Standard,North,Individual,1,Low,1,0,2,Email,0,0,1,17.0,57.4,0,0.0,1.8,90.6,-10.5,0,22,0
CUST-5161,36,Basic,West,Individual,1,Low,1,0,1,Ticket,0,0,0,4.9,23.3,0,0.0,2.9,89.3,-25.4,3,20,1
CUST-5162,58,Basic,North,Small Business,2,Low,0,1,3,Chat,1,0,0,21.2,22.6,0,1.6,1.7,139.7,-0.9,1,27,1
CUST-5163,13,Standard,East,Individual,1,Low,1,0,1,Ticket,1,0,1,29.8,45.7,0,0.0,4.8,146.0,4.2,3,3,0
CUST-5164,52,Standard,West,Individual,2,Low,0,1,3,Ticket,0,0,0,34.8,66.0,0,1.1,3.1,51.9,-21.5,2,27,0
CUST-5165,58,Basic,South,Small Business,1,Low,0,0,1,Ticket,0,0,1,1.7,48.8,0,0.0,4.9,107.6,-1.2,4,17,0
CUST-5166,32,Premium,South,Individual,0,Low,2,0,2,Call,0,1,1,10.1,15.8,0,0.0,3.5,98.3,-35.0,3,126,1
CUST-5167,60,Standard,North,Enterprise,1,Low,0,0,1,Ticket,0,0,0,9.2,17.9,0,0.0,2.0,83.9,-8.6,0,21,1
CUST-5168,58,Premium,East,Individual,0,Low,1,1,1,Call,1,0,0,51.4,66.9,1,0.7,3.5,121.5,-9.8,6,135,1
CUST-5169,56,Premium,West,Individual,1,Low,1,1,2,Ticket,0,0,0,21.5,57.6,0,0.6,5.0,100.3,-3.1,4,11,1
CUST-5170,28,Standard,East,Small Business,1,Medium,0,1,1,Ticket,1,0,0,12.8,29.7,0,0.7,4.3,146.1,1.6,4,1,1
CUST-5171,1,Premium,East,Individual,0,High,1,2,2,Call,0,0,1,64.2,71.5,1,7.1,3.9,111.3,-2.2,1,55,0
CUST-5172,42,Standard,North,Individual,1,Medium,0,0,1,Ticket,0,1,0,3.5,4.9,0,0.0,3.6,75.5,-26.1,15,22,0
CUST-5173,48,Premium,North,Individual,1,Medium,2,2,2,Ticket,1,1,1,9.0,11.3,0,1.1,3.3,96.6,-6.3,2,29,1
CUST-5174,40,Basic,West,Enterprise,2,Medium,0,1,2,Call,0,0,0,19.8,31.7,0,4.4,2.7,80.7,3.3,1,18,1
CUST-5175,63,Basic,South,Individual,1,Medium,0,1,1,Call,0,0,1,14.3,18.4,0,4.5,3.8,147.4,-3.8,0,27,1
CUST-5176,4,Standard,West,Individual,4,Low,1,0,4,Call,0,0,1,17.9,26.8,0,0.0,1.1,110.6,-10.1,4,18,0
CUST-5177,38,Standard,East,Individual,0,Low,0,0,0,Call,1,1,1,28.7,36.5,0,0.0,3.9,129.1,-12.2,8,118,0
CUST-5178,27,Standard,North,Individual,2,Low,0,0,3,Ticket,0,0,0,23.8,36.5,0,0.0,2.9,61.3,-25.2,1,25,1
CUST-5179,9,Standard,East,Individual,3,Low,0,1,3,Ticket,0,0,1,21.4,27.5,0,2.4,2.7,95.6,19.2,5,25,1
CUST-5180,16,Basic,North,Small Business,0,High,0,1,0,Chat,0,1,0,25.1,34.4,0,1.3,2.9,84.2,-12.5,0,148,1
CUST-5181,56,Premium,South,Enterprise,0,High,0,0,0,Ticket,0,1,0,30.4,43.5,0,0.0,4.1,68.5,4.3,4,165,0
CUST-5182,31,Standard,East,Individual,3,Low,1,1,3,Email,1,0,1,4.7,18.3,0,0.8,4.4,98.2,-5.5,0,10,0
CUST-5183,14,Standard,North,Individual,2,Medium,0,0,3,Email,0,0,0,23.3,32.8,0,0.0,2.6,95.8,-12.6,11,20,1
CUST-5184,25,Standard,West,Enterprise,1,Low,0,0,3,Email,1,0,0,21.8,40.6,0,0.0,3.9,74.5,-14.8,1,25,1
CUST-5185,34,Standard,West,Individual,1,Medium,0,0,1,Ticket,1,1,1,24.4,31.8,0,0.0,3.8,104.7,-21.4,3,11,0
CUST-5186,67,Premium,West,Individual,0,Medium,0,0,0,Email,0,0,1,5.6,28.9,0,0.0,5.0,121.5,-1.3,2,50,0
CUST-5187,24,Standard,East,Enterprise,1,Low,0,0,1,Ticket,0,0,0,6.6,69.2,0,0.0,2.2,131.5,-0.7,4,2,1
CUST-5188,26,Basic,North,Small Business,0,Medium,0,1,1,Call,0,1,0,29.5,50.8,0,2.5,4.1,83.6,-9.7,1,102,1
CUST-5189,20,Standard,North,Individual,2,Medium,0,0,2,Ticket,0,0,0,9.5,32.2,0,0.0,4.2,104.0,-19.6,12,20,1
CUST-5190,64,Standard,North,Individual,3,Medium,0,0,4,Chat,0,0,1,51.3,82.2,1,0.0,3.7,68.9,7.1,1,27,1
CUST-5191,10,Premium,East,Individual,0,Low,0,2,0,Ticket,0,0,1,2.4,4.1,0,1.5,3.2,58.3,5.0,3,166,1
CUST-5192,67,Basic,North,Individual,0,High,1,0,0,Email,0,0,1,3.8,16.1,0,0.0,2.9,92.6,-24.8,2,125,1
CUST-5193,24,Premium,South,Small Business,1,Medium,2,0,2,Call,0,0,0,4.1,20.8,0,0.0,3.6,80.5,-3.2,1,26,1
CUST-5194,5,Standard,East,Individual,1,Medium,1,0,1,Call,0,0,1,6.7,43.7,0,0.0,4.4,44.7,-34.1,23,17,1
CUST-5195,67,Premium,South,Small Business,2,Low,0,0,2,Call,0,0,0,46.2,73.1,0,0.0,1.3,120.6,-6.4,5,13,1
CUST-5196,58,Basic,South,Individual,3,Low,1,0,4,Chat,1,1,1,9.5,16.8,0,0.0,1.8,94.7,-12.8,3,17,0
CUST-5197,27,Premium,West,Individual,1,Medium,0,0,1,Chat,0,1,0,12.4,18.0,0,0.0,3.9,110.6,-12.2,5,21,1
CUST-5198,15,Premium,East,Individual,1,Low,1,1,2,Chat,0,0,0,11.0,16.3,0,0.4,3.7,116.1,10.8,3,5,1
CUST-5199,35,Premium,North,Small Business,1,Low,0,0,2,Email,0,0,1,32.9,37.2,0,0.0,4.7,162.8,-2.0,7,16,0
CUST-5200,53,Basic,South,Small Business,0,Low,0,0,0,Email,0,0,1,9.4,15.0,0,0.0,5.0,110.0,-10.8,1,126,1
CUST-5201,44,Basic,East,Individual,3,Low,0,0,3,Chat,0,0,1,35.7,55.6,0,0.0,4.5,97.3,-8.5,22,25,1
CUST-5202,26,Standard,North,Individual,2,Low,0,1,2,Ticket,0,1,1,13.2,15.0,0,3.5,3.1,90.0,-22.9,1,25,1
CUST-5203,47,Basic,West,Small Business,3,Low,2,0,4,Chat,0,0,1,5.6,25.5,0,0.0,2.1,112.0,12.0,2,28,0
CUST-5204,34,Basic,East,Individual,1,Low,0,1,1,Chat,0,0,1,11.3,14.5,0,0.2,2.1,60.5,-22.3,17,23,0
CUST-5205,50,Basic,East,Individual,2,High,1,0,2,Chat,0,0,1,10.1,24.8,0,0.0,3.6,57.8,-39.8,1,10,0
CUST-5206,12,Standard,East,Individual,7,Low,0,0,7,Call,0,0,1,5.5,19.1,0,0.0,1.0,110.5,-15.5,0,16,0
CUST-5207,4,Standard,North,Individual,2,Low,0,4,2,Email,0,1,0,2.6,16.1,0,30.7,3.0,95.8,-18.6,4,6,1
CUST-5208,48,Basic,South,Small Business,1,Medium,0,0,1,Call,1,0,0,36.8,42.4,0,0.0,3.8,101.4,-5.8,16,14,1
CUST-5209,55,Basic,South,Individual,0,Low,0,0,0,Ticket,0,0,1,14.5,16.9,0,0.0,5.0,69.4,-22.6,24,63,0
CUST-5210,1,Standard,East,Small Business,2,Low,0,0,2,Ticket,0,0,0,5.6,29.1,0,0.0,3.4,144.3,-17.8,1,16,1
CUST-5211,66,Standard,East,Small Business,0,Low,0,0,1,Email,0,0,1,11.1,15.3,0,0.0,3.0,43.2,-26.6,1,62,0
CUST-5212,30,Basic,North,Enterprise,4,Medium,0,0,4,Ticket,0,0,1,18.6,19.9,0,0.0,3.2,109.1,-14.1,7,27,1
CUST-5213,3,Basic,West,Individual,1,Medium,0,0,1,Call,0,0,1,25.4,28.0,0,0.0,3.7,75.8,-10.7,0,3,0
CUST-5214,21,Premium,East,Individual,0,Low,0,0,0,Call,0,0,0,19.4,21.2,0,0.0,4.8,71.6,-13.9,1,59,0
CUST-5215,49,Premium,East,Individual,0,Medium,0,1,0,Call,0,0,0,5.3,24.2,0,0.1,5.0,180.3,-13.4,4,32,1
CUST-5216,62,Premium,West,Individual,2,High,0,0,2,Ticket,3,1,0,2.3,22.8,0,0.0,2.9,85.7,-10.6,1,28,1
CUST-5217,38,Premium,East,Small Business,1,Low,1,0,2,Chat,1,0,1,1.5,7.7,0,0.0,4.1,101.3,8.3,0,5,1
CUST-5218,15,Basic,South,Small Business,0,Medium,1,0,1,Call,0,0,1,2.3,24.0,0,0.0,5.0,124.6,-2.8,0,166,1
CUST-5219,52,Standard,East,Small Business,1,Low,0,2,2,Call,0,0,1,8.5,35.8,0,5.0,5.0,131.3,8.2,17,10,0
CUST-5220,46,Standard,South,Individual,4,Medium,0,0,5,Chat,0,0,0,8.8,18.5,0,0.0,1.8,142.3,-13.3,3,18,0
CUST-5221,25,Standard,North,Individual,2,Medium,0,0,3,Chat,2,1,1,76.5,102.8,1,0.0,1.9,82.4,-1.3,17,19,0
CUST-5222,21,Basic,North,Individual,0,Medium,1,1,0,Email,0,0,1,0.5,11.0,0,0.3,4.8,145.7,-11.4,2,92,1
CUST-5223,5,Standard,South,Small Business,1,Medium,1,1,2,Ticket,2,1,0,20.0,44.9,0,0.6,3.1,78.5,19.6,8,19,1
CUST-5224,70,Standard,South,Individual,2,Medium,1,2,2,Call,0,0,1,14.3,23.0,0,1.1,4.6,102.1,28.6,0,15,0
CUST-5225,47,Basic,West,Individual,1,Low,1,0,2,Email,0,0,1,3.1,4.1,0,0.0,2.0,99.6,11.0,0,12,1
CUST-5226,68,Standard,South,Individual,2,Low,0,2,2,Ticket,0,0,0,59.4,63.1,1,11.2,2.5,107.9,-24.9,2,23,1
CUST-5227,18,Basic,South,Enterprise,2,Medium,1,2,4,Email,0,1,0,33.3,38.8,0,2.3,3.0,72.6,-2.9,0,23,1
CUST-5228,21,Basic,East,Small Business,2,Low,1,0,3,Ticket,0,0,1,5.0,13.7,0,0.0,2.2,104.1,-24.7,3,23,1
CUST-5229,23,Basic,West,Enterprise,1,Low,0,0,2,Call,1,0,1,6.9,16.6,0,0.0,2.5,115.8,-2.5,5,25,1
CUST-5230,64,Basic,South,Small Business,1,Low,0,1,1,Email,0,0,1,4.5,60.2,0,2.9,2.9,83.5,-37.3,0,5,1
CUST-5231,67,Basic,South,Individual,0,Low,0,0,0,Ticket,0,0,0,7.4,17.1,0,0.0,4.7,82.6,-15.4,2,89,1
CUST-5232,40,Premium,South,Individual,1,Low,0,1,2,Ticket,0,0,1,5.2,12.1,0,0.0,3.2,97.7,-17.7,12,4,0
CUST-5233,10,Standard,East,Individual,0,Medium,0,0,1,Ticket,0,0,1,6.0,12.7,0,0.0,4.3,92.5,-27.7,4,173,0
CUST-5234,52,Standard,East,Individual,0,Low,1,0,1,Chat,0,0,0,14.5,47.1,0,0.0,5.0,138.4,-16.0,3,102,1
CUST-5235,61,Basic,East,Small Business,0,Medium,1,0,1,Ticket,0,0,0,8.2,15.5,0,0.0,5.0,110.5,-6.9,5,59,1
CUST-5236,64,Standard,North,Individual,0,Low,0,1,0,Chat,0,0,0,13.5,36.5,0,0.7,4.3,124.5,-5.2,10,69,1
CUST-5237,5,Standard,East,Individual,3,Medium,0,1,3,Call,0,0,1,0.6,4.9,0,0.4,1.4,104.9,-13.4,8,14,0
CUST-5238,53,Standard,South,Individual,1,Low,1,0,3,Email,0,0,1,27.1,35.5,0,0.0,3.1,115.4,-15.5,1,15,0
CUST-5239,55,Standard,East,Individual,1,High,0,0,1,Call,0,1,0,52.7,65.5,1,0.0,4.3,155.6,-9.6,0,6,1
CUST-5240,37,Premium,East,Small Business,1,Low,0,0,2,Chat,0,0,1,112.8,125.3,1,0.0,3.2,118.7,-25.7,1,14,1
CUST-5241,56,Premium,West,Individual,1,Medium,1,1,1,Call,0,0,0,4.5,17.5,0,1.9,2.7,80.8,12.5,11,21,0
CUST-5242,59,Standard,South,Individual,4,Low,0,0,4,Chat,1,0,1,9.7,30.0,0,0.0,4.4,68.0,-20.1,2,23,1
CUST-5243,69,Basic,East,Individual,3,Medium,0,0,4,Chat,1,0,1,72.7,83.4,1,0.0,1.7,64.8,-15.9,6,29,1
CUST-5244,59,Standard,North,Individual,0,Low,0,1,1,Ticket,0,0,1,4.8,7.8,0,0.1,3.6,68.8,-32.3,7,147,0
CUST-5245,2,Standard,West,Individual,3,Low,0,1,5,Chat,0,0,1,15.5,28.6,0,1.6,2.4,96.3,-8.1,4,3,0
CUST-5246,65,Standard,East,Individual,2,Low,0,0,2,Ticket,0,0,1,32.1,37.4,0,0.0,2.1,129.1,-10.5,1,6,0
CUST-5247,60,Premium,West,Small Business,2,Medium,0,0,2,Email,0,0,1,0.6,5.9,0,0.0,4.9,86.1,11.7,3,6,1
CUST-5248,51,Standard,West,Individual,3,Low,2,2,4,Ticket,0,0,1,2.2,4.3,0,0.1,1.8,132.4,10.9,3,6,1
CUST-5249,30,Premium,North,Individual,0,Medium,0,0,0,Ticket,0,0,0,4.4,40.5,0,0.0,2.9,54.2,-10.3,5,139,0
CUST-5250,11,Basic,North,Small Business,0,High,0,0,1,Ticket,0,0,0,12.2,13.2,0,0.0,5.0,96.3,-9.9,9,165,1
CUST-5251,39,Basic,North,Individual,0,Low,1,0,1,Ticket,1,0,0,0.3,0.9,0,0.0,4.0,103.7,-6.3,0,60,0
CUST-5252,63,Basic,South,Individual,0,High,1,1,0,Email,0,1,0,11.3,30.6,0,0.1,2.8,102.6,-14.8,1,43,1
CUST-5253,64,Premium,West,Enterprise,1,Low,0,0,1,Email,1,0,1,3.5,21.8,0,0.0,3.4,119.2,-13.1,6,1,0
CUST-5254,61,Premium,East,Small Business,1,Medium,0,0,1,Email,0,0,0,37.9,44.4,0,0.0,2.6,119.7,6.9,8,15,0
CUST-5255,54,Standard,North,Small Business,1,High,3,2,2,Chat,0,0,1,13.3,33.6,0,0.4,3.4,112.9,-3.3,0,7,0
CUST-5256,58,Standard,North,Individual,1,High,0,0,1,Chat,0,0,0,1.5,11.5,0,0.0,3.3,78.7,-8.9,2,3,1
CUST-5257,56,Standard,West,Individual,0,Low,0,0,2,Ticket,0,0,1,12.4,32.0,0,0.0,2.5,123.0,-13.1,3,89,0
CUST-5258,34,Premium,West,Individual,1,High,0,0,1,Ticket,0,0,0,13.1,24.9,0,0.0,3.8,78.4,-26.1,4,19,1
CUST-5259,31,Premium,West,Individual,2,Low,1,0,3,Chat,0,0,0,7.1,26.9,0,0.0,2.4,83.3,19.4,2,3,0
CUST-5260,52,Standard,East,Enterprise,2,Low,0,0,2,Ticket,0,0,1,9.2,31.4,0,0.0,1.2,116.4,19.9,6,25,0
CUST-5261,1,Standard,South,Individual,0,Low,0,1,0,Email,1,0,1,70.5,75.5,1,0.0,4.4,83.6,1.5,3,125,0
CUST-5262,55,Basic,South,Individual,2,Low,2,0,3,Call,0,0,0,5.7,13.0,0,0.0,3.2,68.4,7.6,2,21,0
CUST-5263,22,Standard,North,Enterprise,1,Medium,1,0,1,Ticket,0,1,1,22.6,33.1,0,0.0,2.3,105.1,15.5,2,19,1
CUST-5264,40,Standard,South,Small Business,2,Low,0,0,2,Call,0,0,1,21.6,24.8,0,0.0,3.8,85.0,-0.3,0,5,1
CUST-5265,1,Basic,East,Enterprise,1,High,1,0,1,Email,0,1,0,11.0,63.7,0,0.0,4.3,93.2,2.0,0,23,1
CUST-5266,65,Premium,South,Small Business,1,Medium,0,0,1,Ticket,0,1,0,53.8,92.5,1,0.0,3.5,112.0,-24.1,4,24,1
CUST-5267,63,Standard,East,Individual,3,High,0,0,3,Email,2,0,0,29.4,51.9,0,0.0,3.4,134.1,0.0,2,26,1
CUST-5268,54,Premium,North,Small Business,3,Medium,0,1,4,Email,0,0,0,0.4,3.7,0,4.4,1.6,109.5,-6.6,14,28,1
CUST-5269,42,Basic,West,Individual,1,Medium,0,1,1,Email,1,1,1,13.3,22.3,0,1.3,4.2,90.6,-18.6,2,19,0
CUST-5270,21,Standard,East,Individual,1,Low,0,0,2,Chat,0,0,0,2.4,41.7,0,0.0,3.5,109.2,-26.4,5,1,1
CUST-5271,22,Standard,West,Small Business,0,Medium,2,0,0,Ticket,0,0,1,6.8,21.0,0,0.0,5.0,117.8,-7.0,6,36,0
CUST-5272,38,Basic,North,Small Business,0,Low,0,0,0,Email,0,0,1,5.5,12.8,0,0.0,1.9,146.8,-25.2,7,82,0
CUST-5273,8,Standard,East,Small Business,0,Low,1,0,1,Chat,0,0,0,28.2,29.6,0,0.0,3.5,99.6,1.6,2,121,0
CUST-5274,62,Basic,East,Enterprise,0,Low,0,0,2,Ticket,0,0,1,5.7,7.3,0,0.0,2.8,71.2,1.5,3,70,0
CUST-5275,47,Basic,South,Small Business,2,Medium,0,0,2,Email,1,0,1,98.7,115.8,1,0.0,2.6,36.2,-19.3,7,2,1
CUST-5276,17,Basic,East,Individual,2,Low,1,0,3,Ticket,0,1,1,2.7,8.3,0,0.0,3.1,111.9,-0.6,10,6,0
CUST-5277,17,Basic,North,Small Business,0,Low,1,0,0,Chat,0,0,0,10.6,20.9,0,0.0,3.3,98.2,-10.1,1,41,1
CUST-5278,13,Standard,West,Small Business,2,Low,0,2,3,Chat,1,1,0,13.4,34.3,0,0.3,2.3,98.7,-12.8,1,25,1
CUST-5279,17,Basic,East,Enterprise,2,Low,0,0,2,Ticket,0,0,1,11.3,14.4,0,0.0,2.4,37.6,-1.0,2,13,0
CUST-5280,38,Standard,North,Individual,2,Medium,0,0,2,Ticket,0,0,0,2.0,3.2,0,0.0,4.8,129.9,-26.2,4,7,1
CUST-5281,45,Standard,North,Individual,2,Medium,0,0,2,Chat,1,0,1,5.1,12.2,0,0.0,3.4,74.9,30.8,8,1,0
CUST-5282,6,Standard,East,Small Business,1,High,0,0,1,Email,0,0,0,14.7,17.4,0,0.0,1.7,111.8,-13.6,5,1,0
CUST-5283,35,Premium,South,Individual,3,Low,0,1,3,Chat,0,0,0,32.2,42.9,0,6.4,2.0,149.3,2.6,1,2,1
CUST-5284,14,Standard,East,Individual,1,Low,1,0,1,Email,0,1,0,23.3,35.4,0,0.0,3.9,67.2,-11.1,0,15,0
CUST-5285,61,Standard,East,Individual,2,Low,0,1,2,Chat,0,0,1,15.7,17.5,0,0.6,3.0,129.5,-5.2,4,25,1
CUST-5286,15,Basic,South,Individual,1,High,0,0,1,Chat,2,0,1,76.0,99.6,1,0.0,3.6,87.4,0.1,7,2,1
CUST-5287,54,Standard,North,Small Business,2,Low,0,0,2,Email,0,0,0,28.6,29.0,0,0.0,3.9,104.1,-14.2,3,7,1
CUST-5288,27,Premium,East,Individual,1,Low,1,1,1,Call,1,0,1,40.3,46.6,0,1.5,1.7,117.0,-11.7,2,19,1
CUST-5289,13,Basic,South,Small Business,2,Low,0,0,2,Email,0,0,1,0.3,1.0,0,0.0,3.8,75.3,-26.4,1,14,1
CUST-5290,31,Basic,West,Individual,0,Low,1,0,0,Call,1,0,0,4.9,23.3,0,0.0,4.9,110.1,-21.7,4,179,1
CUST-5291,35,Basic,West,Individual,1,Low,0,0,2,Email,0,0,0,25.4,57.1,0,0.0,1.9,103.0,-12.9,4,7,1
CUST-5292,60,Standard,South,Individual,0,Medium,1,0,0,Chat,1,0,1,6.5,12.9,0,0.0,4.0,92.8,5.7,8,167,0
CUST-5293,6,Standard,North,Small Business,1,Medium,0,0,1,Email,2,0,1,8.7,14.7,0,0.0,1.1,96.6,-21.0,6,10,0
CUST-5294,69,Standard,South,Individual,2,Low,0,2,3,Call,0,1,0,17.9,35.6,0,1.2,3.4,90.3,5.0,3,10,1
CUST-5295,58,Basic,North,Small Business,0,Low,0,1,1,Chat,2,0,1,15.6,46.4,0,0.1,4.1,62.1,-28.3,8,145,0
CUST-5296,49,Premium,West,Small Business,1,Low,1,1,1,Email,0,0,0,5.0,37.7,0,0.1,2.5,123.6,11.7,0,6,1
CUST-5297,23,Basic,East,Small Business,0,Medium,1,2,0,Email,0,0,1,42.2,55.4,0,8.1,3.3,74.6,-11.4,1,122,1
CUST-5298,34,Basic,South,Small Business,2,Medium,1,0,2,Chat,0,1,0,19.8,33.3,0,0.0,3.0,117.2,7.4,6,16,1
CUST-5299,26,Standard,West,Individual,2,High,0,0,2,Call,0,0,1,23.1,37.6,0,0.0,3.2,45.3,-30.3,2,3,0
CUST-5300,47,Basic,East,Individual,2,Low,1,0,4,Email,0,0,1,35.3,45.9,0,0.0,2.7,115.6,-3.9,4,20,0
CUST-5301,5,Basic,West,Individual,0,Medium,0,0,1,Call,0,1,1,2.2,13.5,0,0.0,4.9,47.5,-3.4,9,44,1
CUST-5302,20,Basic,South,Individual,0,High,0,0,0,Email,0,0,1,12.9,14.3,0,0.0,4.1,132.3,-15.5,13,79,0
CUST-5303,6,Standard,South,Small Business,0,Medium,1,0,1,Email,1,0,1,1.8,62.6,0,0.0,3.2,76.6,-6.1,13,178,0
CUST-5304,70,Premium,East,Small Business,0,Low,0,0,0,Ticket,0,2,0,1.5,2.5,0,0.0,4.9,124.4,5.1,2,77,1
CUST-5305,59,Premium,South,Individual,1,Medium,1,0,1,Ticket,1,0,1,25.5,35.4,0,0.0,4.0,120.3,-20.5,4,23,1
CUST-5306,64,Standard,West,Individual,0,Medium,0,2,0,Email,0,0,1,31.2,54.3,0,4.6,2.6,87.8,8.7,4,107,1
CUST-5307,18,Basic,East,Enterprise,1,Low,1,0,1,Ticket,0,0,0,1.1,14.2,0,0.0,3.5,133.7,1.0,1,28,0
CUST-5308,4,Standard,East,Individual,5,Low,0,1,5,Call,1,0,0,37.0,38.5,0,4.3,2.9,68.7,-22.6,3,18,1
CUST-5309,17,Standard,West,Small Business,1,Medium,0,1,1,Ticket,0,1,1,6.6,18.8,0,0.3,4.4,78.8,-10.6,2,21,1
CUST-5310,14,Basic,North,Individual,1,Medium,0,0,1,Chat,1,0,1,21.3,56.6,0,0.0,5.0,37.7,-35.3,5,25,0
CUST-5311,13,Basic,East,Individual,1,High,1,1,1,Ticket,0,0,0,23.1,37.7,0,1.8,4.6,71.6,-26.1,4,16,1
CUST-5312,7,Basic,North,Small Business,0,Low,1,0,1,Email,0,0,0,23.8,46.5,0,0.0,3.5,111.2,-3.5,11,99,1
CUST-5313,44,Standard,West,Individual,0,Medium,0,0,0,Chat,0,1,1,17.3,26.6,0,0.0,1.8,99.0,28.2,1,68,1
CUST-5314,15,Basic,West,Small Business,1,Low,0,0,1,Email,1,0,0,2.4,8.0,0,0.0,4.2,104.7,-16.5,4,26,1
CUST-5315,19,Premium,East,Enterprise,2,High,0,1,2,Ticket,1,0,1,2.4,5.7,0,1.2,3.0,102.5,-0.6,6,19,1
CUST-5316,63,Basic,South,Small Business,1,Low,0,3,2,Email,1,0,0,3.0,31.4,0,3.2,4.4,109.9,-22.5,0,17,1
CUST-5317,35,Basic,East,Small Business,1,Low,0,1,4,Ticket,0,0,1,50.7,69.1,1,0.9,3.6,100.0,-6.9,5,29,0
CUST-5318,35,Standard,South,Individual,1,Low,1,0,2,Call,1,0,0,4.7,7.7,0,0.0,2.4,107.3,-5.6,4,4,1
CUST-5319,19,Standard,North,Small Business,1,Medium,0,1,2,Chat,0,0,0,3.3,15.4,0,0.4,3.0,58.5,-3.0,1,9,1
CUST-5320,20,Basic,South,Small Business,1,Low,0,0,1,Chat,0,0,0,89.2,107.8,1,0.0,3.8,74.4,-14.5,20,19,1
CUST-5321,35,Basic,East,Enterprise,3,Medium,0,0,3,Call,1,0,0,0.1,12.7,0,0.0,2.9,77.4,2.8,2,2,1
CUST-5322,32,Basic,South,Small Business,1,Low,0,0,1,Chat,1,0,0,30.0,74.8,0,0.0,3.0,103.6,-18.4,0,18,0
CUST-5323,48,Basic,West,Small Business,1,Low,0,0,2,Email,1,0,0,37.3,40.4,0,0.0,3.7,120.7,-14.5,4,2,1
CUST-5324,44,Basic,North,Individual,1,Low,0,0,1,Email,0,0,0,21.7,40.5,0,0.0,3.4,93.3,4.9,2,18,1
CUST-5325,24,Premium,West,Small Business,2,Low,1,0,2,Ticket,1,0,1,73.7,88.0,1,0.0,2.7,79.0,-5.8,1,27,1
CUST-5326,61,Standard,West,Small Business,1,Low,0,0,1,Chat,0,1,1,8.1,45.8,0,0.0,4.3,85.5,10.0,2,3,1
CUST-5327,17,Standard,West,Small Business,0,Medium,0,1,0,Chat,0,1,0,1.8,31.6,0,1.6,4.6,106.1,6.1,6,39,1
CUST-5328,71,Basic,West,Individual,2,Low,0,0,2,Chat,0,1,0,5.5,21.2,0,0.0,3.6,102.5,-15.6,1,15,1
CUST-5329,50,Basic,South,Enterprise,2,Low,1,0,2,Call,0,0,1,2.1,10.7,0,0.0,2.9,149.3,-10.3,4,20,0
CUST-5330,65,Basic,West,Individual,1,Medium,1,1,2,Ticket,0,0,0,13.4,16.0,0,0.1,4.0,129.1,4.0,0,29,1
CUST-5331,32,Standard,South,Individual,2,Low,0,0,2,Chat,0,0,1,67.0,91.3,1,0.0,2.5,52.7,10.1,0,25,1
CUST-5332,36,Standard,West,Small Business,1,Medium,2,0,2,Chat,1,0,0,14.6,40.7,0,0.0,4.6,78.1,-22.1,6,15,0
CUST-5333,13,Basic,East,Small Business,0,High,1,0,0,Email,1,0,1,7.9,14.6,0,0.0,4.1,86.9,-15.9,1,96,1
CUST-5334,70,Standard,West,Individual,0,Low,0,0,0,Call,2,2,1,47.4,51.2,0,0.0,4.1,136.4,5.7,7,93,0
CUST-5335,58,Standard,East,Small Business,1,Medium,0,1,1,Chat,0,0,1,19.0,59.3,0,0.8,4.7,98.6,-20.8,1,5,1
CUST-5336,14,Basic,South,Individual,0,Medium,1,0,0,Chat,1,0,1,53.2,62.7,1,0.0,3.7,131.3,-6.6,1,62,0
CUST-5337,37,Basic,North,Individual,1,Low,1,0,2,Call,0,1,1,67.1,87.1,1,0.0,3.9,120.3,-16.2,5,25,0
CUST-5338,68,Standard,South,Individual,1,Medium,0,0,1,Email,0,1,1,55.2,69.8,1,0.0,3.0,100.6,-16.5,0,25,0
CUST-5339,40,Standard,North,Small Business,1,Low,0,1,1,Call,1,1,0,23.6,41.6,0,0.1,2.5,75.8,8.7,2,14,1
CUST-5340,59,Basic,North,Individual,1,Low,0,1,1,Ticket,1,0,1,13.9,14.2,0,9.3,4.2,137.7,-6.2,0,12,1
CUST-5341,16,Basic,West,Individual,1,Medium,0,1,2,Email,0,0,0,6.9,21.6,0,2.9,3.0,47.7,8.0,1,29,0
CUST-5342,62,Standard,North,Small Business,0,Medium,0,1,1,Chat,2,1,0,56.7,68.7,1,8.5,3.2,88.6,-12.4,0,126,0
CUST-5343,4,Basic,South,Individual,2,High,1,0,2,Chat,0,0,0,15.7,36.8,0,0.0,2.8,74.6,-19.6,8,29,1
CUST-5344,45,Standard,West,Small Business,0,Medium,0,1,1,Ticket,0,0,0,107.6,149.2,1,4.3,4.9,70.9,-20.2,4,87,0
CUST-5345,28,Standard,North,Small Business,0,Low,0,0,3,Call,0,0,0,50.1,76.7,1,0.0,3.2,111.6,-15.8,8,125,0
CUST-5346,66,Basic,South,Small Business,3,Medium,0,1,3,Chat,1,0,0,9.5,18.3,0,0.9,4.6,109.1,-12.6,25,9,0
CUST-5347,31,Basic,North,Individual,3,Medium,0,1,3,Call,0,1,0,41.7,55.2,0,10.2,1.5,88.4,7.9,4,16,0
CUST-5348,3,Standard,North,Individual,0,Medium,0,0,0,Call,0,0,1,15.3,19.4,0,0.0,4.5,119.0,-14.7,16,80,0
CUST-5349,8,Basic,West,Small Business,2,Medium,0,0,2,Call,0,0,0,27.1,27.2,0,0.0,2.7,131.1,-15.5,0,13,0
CUST-5350,24,Basic,West,Individual,0,High,1,1,0,Chat,0,0,1,13.1,15.5,0,2.2,3.3,146.1,-9.7,0,85,0
CUST-5351,15,Standard,South,Individual,1,Low,2,0,2,Email,0,0,1,90.9,92.0,1,0.0,3.7,44.0,-15.2,3,18,1
CUST-5352,43,Basic,West,Individual,1,Low,1,0,1,Chat,0,1,1,10.2,31.0,0,0.0,2.8,146.7,-3.8,0,25,0
CUST-5353,31,Standard,West,Individual,3,Medium,1,0,4,Email,1,0,1,2.0,5.1,0,0.0,2.2,130.0,8.8,12,10,0
CUST-5354,45,Basic,East,Enterprise,2,Medium,0,1,2,Email,0,0,1,39.1,40.8,0,0.6,4.1,102.8,-18.5,3,11,1
CUST-5355,66,Standard,East,Small Business,2,Medium,0,1,3,Email,0,0,0,28.2,33.3,0,1.4,1.9,52.5,-11.7,10,29,0
CUST-5356,8,Basic,South,Individual,0,Low,0,0,1,Chat,1,0,0,2.7,43.4,0,0.0,1.7,130.9,-13.1,1,159,0
CUST-5357,71,Premium,West,Individual,0,Low,0,0,0,Ticket,0,1,0,14.1,18.9,0,0.0,3.9,116.4,0.4,5,65,0
CUST-5358,57,Standard,South,Enterprise,0,Low,0,1,1,Ticket,1,0,1,22.7,38.7,0,0.1,3.2,129.5,-25.8,1,137,0
CUST-5359,30,Basic,East,Individual,1,Medium,0,1,2,Email,1,1,0,10.5,37.4,0,2.7,3.0,125.6,-14.0,4,12,0
CUST-5360,18,Standard,East,Small Business,0,Low,0,1,1,Chat,0,3,1,47.9,74.4,0,5.1,2.8,83.7,-6.9,10,101,0
CUST-5361,69,Basic,East,Individual,1,Medium,0,0,3,Ticket,0,0,1,57.3,100.5,1,0.0,2.0,135.1,10.3,1,28,0
CUST-5362,39,Standard,South,Small Business,0,High,0,0,0,Ticket,0,0,1,40.6,47.3,0,0.0,4.4,128.2,-12.5,3,36,0
CUST-5363,60,Premium,West,Small Business,1,Low,0,1,1,Chat,0,0,0,15.1,25.2,0,1.2,2.3,101.4,-8.6,3,28,0
CUST-5364,43,Standard,North,Individual,2,Low,0,0,2,Call,0,0,1,12.1,16.2,0,0.0,3.6,88.9,42.1,4,10,0
CUST-5365,45,Basic,West,Individual,0,Low,1,0,0,Ticket,0,0,0,17.6,18.6,0,0.0,4.4,91.1,6.1,8,30,0
CUST-5366,23,Standard,South,Individual,0,Low,0,0,0,Ticket,0,0,0,14.6,71.9,0,0.0,3.5,153.6,-2.0,0,133,0
CUST-5367,69,Basic,East,Enterprise,2,Low,0,0,2,Chat,1,0,1,2.1,32.3,0,0.0,2.9,126.5,-20.4,3,23,1
CUST-5368,6,Standard,North,Individual,1,Low,2,0,1,Chat,0,0,1,31.0,36.7,0,0.0,3.4,88.2,-11.3,0,12,0
CUST-5369,56,Standard,South,Small Business,1,Medium,0,0,3,Chat,0,0,0,56.6,80.0,1,0.0,4.3,97.3,-21.0,0,11,1
CUST-5370,4,Basic,East,Individual,3,Low,0,0,3,Ticket,0,0,0,13.5,40.0,0,0.0,3.3,92.9,-14.3,3,9,0
CUST-5371,23,Basic,South,Small Business,2,Medium,0,0,2,Chat,1,0,0,1.3,5.5,0,0.0,4.1,87.5,-20.4,0,24,1
CUST-5372,6,Standard,North,Small Business,2,High,0,0,2,Email,0,0,1,7.8,48.5,0,0.0,2.4,79.1,-22.2,0,6,0
CUST-5373,32,Standard,East,Individual,0,Low,1,0,1,Email,0,0,1,2.6,8.4,0,0.0,4.4,68.4,-36.3,0,132,0
CUST-5374,18,Basic,West,Individual,0,Medium,0,3,0,Chat,0,0,1,78.7,91.2,1,1.9,3.4,79.8,43.5,3,47,0
CUST-5375,15,Basic,South,Individual,0,Low,1,0,0,Ticket,0,0,0,2.9,26.9,0,0.0,5.0,101.8,-8.2,1,116,1
CUST-5376,40,Standard,North,Small Business,1,Low,2,1,2,Ticket,1,0,1,1.7,15.1,0,0.5,4.9,120.2,-13.1,2,19,0
CUST-5377,6,Basic,West,Individual,1,Medium,0,0,1,Ticket,0,0,0,14.8,19.3,0,0.0,2.0,81.6,-25.2,10,6,1
CUST-5378,63,Basic,North,Individual,5,Low,2,1,5,Chat,0,0,1,1.3,41.8,0,1.0,1.3,84.3,-14.5,13,18,0
CUST-5379,67,Basic,South,Enterprise,2,Low,0,2,2,Call,0,0,1,20.1,20.2,0,0.4,2.3,74.1,-0.4,4,16,1
CUST-5380,11,Basic,North,Individual,2,Low,2,0,4,Email,0,0,1,40.7,51.8,0,0.0,3.0,63.1,1.9,21,24,0
CUST-5381,43,Standard,East,Small Business,1,High,1,0,1,Chat,0,0,1,5.8,6.5,0,0.0,2.8,95.3,-4.8,6,4,0
CUST-5382,17,Premium,North,Individual,0,Low,0,0,0,Call,2,0,0,52.4,68.3,1,0.0,2.3,143.6,-10.3,0,132,0
CUST-5383,4,Standard,South,Individual,0,Medium,0,0,1,Call,1,0,1,20.8,21.4,0,0.0,4.5,33.2,-23.0,6,145,0
CUST-5384,63,Basic,East,Individual,2,Medium,0,2,3,Chat,0,0,0,3.5,4.4,0,14.9,3.3,111.2,-5.0,5,7,1
CUST-5385,68,Standard,North,Small Business,1,Low,1,1,4,Call,1,2,1,20.7,30.9,0,3.2,2.3,77.6,-9.8,10,8,0
CUST-5386,41,Standard,North,Individual,1,Low,0,1,1,Call,0,0,0,1.5,19.0,0,1.2,2.7,103.8,-22.5,3,18,1
CUST-5387,5,Basic,East,Small Business,1,Low,0,1,2,Call,0,0,0,8.6,16.8,0,0.2,1.9,73.0,13.2,4,16,0
CUST-5388,32,Premium,West,Individual,2,Low,0,2,3,Email,0,0,0,0.3,37.1,0,1.2,1.4,137.5,-13.1,2,27,1
CUST-5389,70,Standard,West,Individual,2,Low,1,0,2,Call,0,0,0,11.7,50.9,0,0.0,1.1,108.2,11.0,0,23,1
CUST-5390,35,Premium,East,Enterprise,2,Low,0,1,3,Call,1,0,1,35.7,44.6,0,4.2,1.7,71.8,-9.1,4,8,1
CUST-5391,22,Standard,North,Individual,1,Low,1,0,2,Chat,0,1,1,23.9,37.7,0,0.0,2.2,137.9,-1.5,14,14,0
CUST-5392,65,Standard,West,Individual,2,Low,0,0,2,Chat,0,0,1,4.4,62.4,0,0.0,3.0,79.1,20.4,0,19,0
CUST-5393,22,Basic,East,Individual,1,Medium,0,1,1,Email,1,0,0,4.0,29.9,0,0.9,2.8,99.0,4.1,0,7,0
CUST-5394,11,Standard,South,Small Business,0,Low,0,1,1,Chat,0,0,0,24.4,26.5,0,0.9,3.8,93.2,-31.1,2,73,0
CUST-5395,3,Basic,North,Small Business,1,High,0,1,2,Email,0,0,0,21.9,23.1,0,1.4,3.8,128.8,-5.9,9,3,0
CUST-5396,9,Premium,South,Individual,1,Low,0,2,1,Call,0,0,1,3.1,15.7,0,5.2,4.8,100.4,53.4,4,13,0
CUST-5397,60,Standard,North,Individual,1,Medium,0,0,1,Call,0,0,0,22.3,50.0,0,0.0,2.8,157.5,-6.0,3,5,0
CUST-5398,14,Premium,West,Small Business,2,High,0,0,2,Call,0,0,0,30.4,51.6,0,0.0,3.5,126.5,-16.0,10,16,1
CUST-5399,18,Standard,South,Enterprise,0,Low,1,0,0,Chat,0,0,1,29.1,43.8,0,0.0,4.6,70.5,-19.1,1,170,0
CUST-5400,23,Premium,South,Individual,1,Medium,0,1,1,Email,1,0,1,10.4,37.4,0,2.2,2.3,175.4,5.3,15,26,1
CUST-5401,47,Basic,East,Small Business,0,Low,1,0,0,Chat,0,0,1,33.7,35.7,0,0.0,2.1,92.9,45.4,16,32,1
CUST-5402,69,Standard,West,Individual,0,High,2,1,1,Chat,0,0,0,9.9,19.4,0,1.0,2.9,87.7,-5.4,8,151,1
CUST-5403,47,Standard,West,Individual,0,Medium,3,0,0,Email,0,0,1,20.8,44.1,0,0.0,3.6,107.0,-7.8,1,86,0
CUST-5404,30,Standard,North,Individual,2,Low,1,1,2,Email,0,1,1,28.6,31.2,0,0.0,1.9,79.6,15.9,2,12,1
CUST-5405,25,Standard,East,Individual,1,Medium,1,1,1,Ticket,0,0,0,28.2,35.2,0,0.1,3.7,153.2,0.5,2,4,1
CUST-5406,28,Basic,East,Individual,3,Medium,1,1,3,Ticket,0,0,0,8.5,17.7,0,2.8,4.1,124.9,10.8,0,11,1
CUST-5407,25,Basic,North,Enterprise,1,Low,2,0,1,Ticket,0,0,0,16.9,18.1,0,0.0,4.3,127.0,-26.8,0,24,1
CUST-5408,58,Premium,South,Individual,1,Medium,0,0,1,Email,0,0,1,19.0,19.4,0,0.0,1.9,106.3,-9.5,0,9,1
CUST-5409,41,Standard,North,Individual,1,Medium,0,0,1,Call,0,0,1,5.4,16.0,0,0.0,4.1,108.2,4.1,4,6,0
CUST-5410,25,Basic,North,Individual,0,Low,2,1,1,Chat,3,0,0,0.2,35.8,0,3.4,3.3,136.6,-3.6,17,171,0
CUST-5411,48,Standard,North,Small Business,0,High,1,0,0,Chat,0,0,0,2.1,3.7,0,0.0,4.3,68.4,-15.1,0,50,1
CUST-5412,10,Premium,East,Enterprise,0,Low,0,0,0,Ticket,0,0,1,0.7,2.8,0,0.0,3.3,107.9,4.1,5,156,0
CUST-5413,11,Basic,North,Individual,0,Medium,0,0,0,Call,2,2,1,7.1,8.0,0,0.0,3.4,109.3,-10.2,0,125,0
CUST-5414,21,Premium,North,Individual,1,Low,0,0,1,Email,0,0,0,7.9,14.6,0,0.0,3.8,102.1,-16.9,4,9,1
CUST-5415,45,Premium,North,Individual,0,High,0,0,0,Chat,0,1,1,40.2,47.7,0,0.0,5.0,171.1,-8.9,2,37,0
CUST-5416,7,Premium,West,Individual,3,Medium,1,1,3,Call,1,0,0,2.7,64.1,0,1.6,3.1,92.6,-16.1,0,24,1
CUST-5417,64,Premium,South,Individual,0,Medium,1,0,0,Chat,1,0,1,4.1,30.1,0,0.0,2.9,82.8,-15.5,2,64,0
CUST-5418,64,Standard,South,Individual,2,High,2,0,2,Chat,0,0,1,19.4,26.2,0,0.0,3.0,141.4,27.2,7,19,0
CUST-5419,2,Basic,South,Small Business,3,Low,0,0,3,Chat,0,0,1,12.7,19.9,0,0.0,4.0,155.8,20.7,1,21,1
CUST-5420,42,Basic,South,Individual,2,Low,1,1,3,Email,0,0,1,100.0,108.1,1,0.5,3.7,116.0,-15.8,3,7,1
CUST-5421,54,Basic,East,Individual,0,Medium,0,0,1,Email,0,1,0,28.7,42.1,0,0.0,2.2,110.6,-12.3,1,150,1
CUST-5422,16,Standard,East,Individual,1,Low,0,1,1,Chat,0,2,0,6.3,37.7,0,5.3,3.7,159.5,-3.1,12,24,1
CUST-5423,18,Basic,North,Small Business,2,Low,3,0,2,Email,0,0,0,25.6,29.5,0,0.0,4.1,125.8,9.5,13,22,0
CUST-5424,59,Basic,East,Individual,1,Medium,0,0,1,Call,0,0,1,5.2,9.4,0,0.0,5.0,80.3,3.0,6,28,1
CUST-5425,16,Basic,South,Individual,2,Medium,1,0,3,Call,1,0,1,22.9,92.6,0,0.0,1.9,96.7,-20.2,5,17,0
CUST-5426,6,Basic,West,Small Business,1,Low,0,1,1,Chat,1,0,1,0.7,10.8,0,3.8,2.6,113.6,-6.7,4,28,1
CUST-5427,57,Premium,North,Individual,3,High,0,0,4,Ticket,0,0,0,4.5,21.8,0,0.0,3.8,40.5,-1.8,7,26,1
CUST-5428,47,Basic,North,Individual,0,Medium,0,0,0,Call,1,0,1,2.2,26.9,0,0.0,3.5,185.6,-5.6,20,45,0
CUST-5429,48,Standard,South,Individual,1,High,1,1,2,Email,0,0,1,11.2,21.3,0,1.7,3.1,90.5,-12.5,16,13,0
CUST-5430,42,Standard,South,Enterprise,2,High,0,1,3,Email,2,0,1,16.1,16.4,0,6.7,2.6,81.1,-6.7,8,26,0
CUST-5431,60,Basic,South,Individual,0,Low,1,1,1,Call,0,0,0,6.0,26.8,0,1.0,4.1,105.5,-10.9,0,111,0
CUST-5432,4,Premium,East,Enterprise,0,Medium,0,2,2,Ticket,0,2,1,76.8,89.9,1,0.9,4.7,38.4,-40.2,9,148,0
CUST-5433,2,Standard,North,Individual,1,Low,1,0,1,Chat,1,0,1,10.6,42.1,0,0.0,3.0,114.7,-8.9,4,23,1
CUST-5434,59,Basic,South,Individual,1,Medium,1,1,2,Call,1,1,1,16.5,40.7,0,1.2,2.1,155.1,-7.3,3,26,1
CUST-5435,27,Basic,West,Small Business,1,Medium,0,1,3,Email,0,0,0,12.5,20.0,0,0.6,4.1,132.6,-8.2,3,4,0
CUST-5436,27,Basic,North,Individual,1,Low,0,0,1,Ticket,0,1,0,39.8,40.4,0,0.0,2.5,109.8,-21.2,1,5,1
CUST-5437,7,Basic,North,Individual,4,High,0,0,4,Chat,0,0,1,9.3,21.2,0,0.0,3.2,63.6,-29.1,1,6,1
CUST-5438,63,Basic,East,Individual,2,Medium,0,0,5,Email,0,0,0,57.3,116.9,1,0.0,3.2,65.4,-15.2,2,14,1
CUST-5439,46,Standard,North,Small Business,0,High,0,0,1,Chat,1,0,1,32.7,35.5,0,0.0,3.6,82.9,-21.2,5,179,1
CUST-5440,63,Premium,South,Individual,1,Low,0,1,2,Chat,0,0,0,1.6,12.2,0,1.9,2.7,106.7,-16.1,5,21,0
CUST-5441,12,Standard,South,Individual,1,High,0,1,1,Ticket,0,0,1,43.0,44.9,0,3.0,3.2,110.8,-6.9,3,16,0
CUST-5442,13,Basic,West,Individual,3,Medium,0,1,4,Chat,0,0,1,4.0,46.0,0,2.3,2.8,77.8,-9.1,8,28,1
CUST-5443,43,Basic,North,Individual,0,Medium,0,0,0,Email,0,1,1,1.2,27.6,0,0.0,3.5,65.4,20.5,12,144,1
CUST-5444,17,Standard,North,Individual,0,Medium,1,0,0,Chat,0,0,1,5.0,16.6,0,0.0,5.0,41.0,40.9,1,135,0
CUST-5445,63,Basic,East,Individual,2,Medium,0,1,4,Chat,0,0,1,1.8,17.1,0,0.7,3.3,62.7,-26.8,6,19,0
CUST-5446,36,Basic,South,Individual,4,Medium,1,0,5,Call,0,1,0,19.5,35.0,0,0.0,1.3,144.3,-21.2,1,23,1
CUST-5447,8,Premium,West,Small Business,3,Low,0,0,3,Call,0,0,1,11.9,58.0,0,0.0,1.8,122.8,-11.5,9,13,1
CUST-5448,69,Basic,South,Individual,1,Medium,0,0,2,Email,0,0,1,12.9,65.9,0,0.0,3.7,139.8,-4.8,3,16,0
CUST-5449,36,Premium,North,Individual,2,Medium,0,0,3,Chat,0,0,0,19.2,35.6,0,0.0,1.4,78.6,-13.4,2,8,1
CUST-5450,28,Basic,North,Small Business,0,Medium,0,0,1,Call,0,0,1,13.8,19.0,0,0.0,5.0,118.5,-8.9,7,83,0
CUST-5451,47,Premium,West,Enterprise,2,Low,0,0,2,Email,0,0,1,95.6,110.9,1,0.0,4.6,109.1,11.0,0,15,0
CUST-5452,30,Standard,North,Small Business,0,Low,0,0,1,Chat,0,0,1,19.5,31.7,0,0.0,2.4,80.8,-19.7,4,127,0
CUST-5453,23,Standard,West,Individual,1,Low,0,0,2,Email,0,0,0,17.6,41.0,0,0.0,3.8,110.4,-12.3,3,23,1
CUST-5454,16,Basic,West,Small Business,2,Medium,0,0,2,Chat,2,0,1,10.7,40.5,0,0.0,3.6,156.9,12.9,10,3,1
CUST-5455,14,Premium,South,Enterprise,1,Low,0,0,2,Ticket,0,0,0,11.8,27.1,0,0.0,5.0,120.7,-12.0,1,26,0
CUST-5456,71,Premium,West,Individual,0,Low,0,0,1,Call,1,0,0,91.1,102.0,1,0.0,5.0,111.0,-14.5,1,90,1
CUST-5457,52,Standard,North,Individual,0,Medium,0,0,1,Ticket,0,0,1,0.1,29.3,0,0.0,2.7,135.5,9.5,0,55,0
CUST-5458,37,Standard,East,Individual,0,Low,0,1,1,Chat,1,0,1,3.4,12.2,0,0.8,3.4,69.8,-24.5,3,178,1
CUST-5459,29,Standard,East,Small Business,0,High,0,0,0,Ticket,1,0,0,8.4,18.1,0,0.0,2.8,111.7,-3.2,0,41,0
CUST-5460,67,Basic,North,Individual,1,Medium,0,0,1,Ticket,1,0,1,47.0,47.2,0,0.0,3.0,91.1,-19.4,13,23,0
CUST-5461,15,Standard,East,Individual,1,High,2,2,1,Call,1,0,1,55.6,56.7,1,5.9,2.3,54.5,-11.9,1,4,1
CUST-5462,47,Premium,East,Individual,2,Low,0,1,2,Ticket,0,1,0,1.2,9.6,0,0.0,1.5,52.9,-40.5,2,5,1
CUST-5463,46,Basic,West,Small Business,2,Low,1,0,3,Chat,0,1,0,3.1,3.2,0,0.0,5.0,74.6,-8.8,0,2,0
CUST-5464,52,Basic,East,Individual,1,Low,1,1,1,Chat,0,0,0,42.8,46.2,0,3.8,1.7,93.9,-14.2,2,16,0
CUST-5465,19,Standard,East,Small Business,2,Medium,1,0,2,Ticket,0,0,0,6.4,23.4,0,0.0,3.8,66.4,48.7,12,22,1
CUST-5466,21,Standard,East,Small Business,2,Low,0,0,2,Call,0,0,0,10.3,25.1,0,0.0,2.1,99.8,4.6,19,25,0
CUST-5467,64,Basic,South,Individual,2,Low,0,0,2,Call,0,0,1,0.1,12.6,0,0.0,1.4,115.6,-14.0,1,18,0
CUST-5468,37,Basic,North,Individual,2,High,0,1,4,Ticket,0,0,0,13.5,39.7,0,1.3,2.2,78.7,-24.8,8,24,0
CUST-5469,27,Basic,West,Individual,1,Low,2,0,1,Call,0,0,0,40.1,46.8,0,0.0,4.5,143.3,13.0,0,11,0
CUST-5470,55,Standard,East,Enterprise,0,Medium,0,0,0,Ticket,0,0,1,9.1,25.2,0,0.0,4.6,129.5,-3.9,0,167,1
CUST-5471,29,Basic,North,Small Business,2,Medium,0,1,2,Ticket,0,0,1,42.6,58.1,0,7.2,4.7,66.2,-32.2,0,11,0
CUST-5472,20,Standard,East,Enterprise,1,Low,0,0,2,Email,1,1,1,8.5,24.7,0,0.0,3.7,70.7,-7.9,14,20,0
CUST-5473,25,Basic,South,Individual,0,Medium,0,0,2,Ticket,0,0,0,21.5,38.3,0,0.0,2.1,141.7,-0.7,6,164,0
CUST-5474,70,Standard,South,Individual,3,Medium,0,1,3,Call,0,0,1,7.0,31.3,0,3.8,2.5,96.3,16.4,4,20,1
CUST-5475,63,Premium,East,Individual,0,Low,2,0,1,Chat,0,1,1,14.5,28.5,0,0.0,4.3,116.5,-5.4,1,73,0
CUST-5476,36,Basic,East,Individual,3,Low,0,0,3,Ticket,0,0,1,35.2,66.6,0,0.0,2.9,139.0,-15.4,3,20,0
CUST-5477,2,Basic,East,Small Business,1,Medium,2,0,3,Email,0,1,1,37.7,46.1,0,0.0,2.7,83.1,-18.5,25,25,0
CUST-5478,22,Premium,South,Individual,1,Low,2,0,1,Email,0,1,1,1.6,56.0,0,0.0,2.6,82.5,-15.7,8,21,0
CUST-5479,16,Basic,South,Individual,2,Medium,1,3,3,Email,0,0,0,53.0,53.5,1,13.5,3.5,126.0,-20.2,21,20,1
CUST-5480,18,Basic,North,Individual,1,Medium,1,0,1,Email,0,0,1,14.8,16.9,0,0.0,4.0,130.9,-14.2,0,6,0
CUST-5481,69,Premium,West,Individual,1,Low,0,0,2,Call,0,0,0,4.9,6.3,0,0.0,3.7,142.0,-5.8,4,22,1
CUST-5482,54,Premium,West,Individual,1,High,0,0,1,Chat,0,0,0,35.6,44.2,0,0.0,4.6,124.2,-7.8,1,29,0
CUST-5483,30,Standard,South,Individual,1,Low,0,3,1,Ticket,0,0,0,20.2,33.5,0,0.8,1.6,87.3,6.4,2,3,1
CUST-5484,45,Basic,West,Small Business,2,Low,1,1,2,Ticket,1,0,1,14.2,23.0,0,1.9,2.9,104.8,-1.2,0,28,1
CUST-5485,19,Basic,East,Individual,0,Medium,0,1,3,Chat,1,0,0,33.4,36.9,0,9.4,3.7,88.6,26.3,5,139,0
CUST-5486,34,Basic,North,Small Business,1,Low,1,0,1,Ticket,0,1,0,4.6,8.5,0,0.0,4.1,103.5,-19.8,9,14,1
CUST-5487,13,Standard,South,Individual,3,Medium,1,0,3,Ticket,0,0,1,17.4,42.1,0,0.0,4.3,149.1,-20.3,1,27,1
CUST-5488,43,Standard,South,Small Business,1,High,0,1,2,Email,0,0,1,65.3,66.1,1,4.0,4.1,96.1,-28.9,3,1,0
CUST-5489,62,Premium,West,Individual,2,Low,0,0,2,Email,0,1,1,20.3,91.8,0,0.0,3.4,120.1,-5.5,0,9,0
CUST-5490,22,Basic,East,Enterprise,2,Low,0,1,3,Call,1,0,1,18.3,37.4,0,0.7,2.8,103.0,-5.4,1,28,0
CUST-5491,52,Standard,North,Small Business,1,Low,0,0,1,Chat,1,0,0,0.6,38.7,0,0.0,4.2,85.2,-13.3,1,21,1
CUST-5492,52,Basic,West,Individual,1,Medium,0,0,1,Call,0,0,1,4.0,7.1,0,0.0,3.6,83.8,-20.8,18,10,1
CUST-5493,36,Basic,South,Individual,2,Low,0,0,4,Ticket,0,0,0,18.9,31.2,0,0.0,2.8,124.8,14.6,3,6,0
CUST-5494,19,Standard,South,Individual,0,Low,0,0,2,Email,0,1,1,24.3,35.6,0,0.0,4.8,134.1,10.0,1,142,0
CUST-5495,38,Basic,West,Small Business,1,Medium,1,0,1,Email,0,0,0,46.0,60.6,0,0.0,3.2,63.6,26.2,0,20,0
CUST-5496,70,Standard,East,Individual,0,Low,0,0,0,Email,1,0,0,41.0,63.6,0,0.0,4.0,91.3,-3.3,7,104,0
CUST-5497,57,Standard,North,Individual,1,Low,0,0,1,Chat,1,0,0,8.9,27.7,0,0.0,2.6,140.3,-1.2,0,7,1
CUST-5498,20,Premium,North,Individual,0,High,1,0,1,Ticket,0,0,1,23.4,30.9,0,0.0,4.2,106.3,-18.8,0,148,0
CUST-5499,9,Standard,North,Small Business,0,Low,1,0,1,Chat,0,1,1,12.5,43.0,0,0.0,4.1,89.4,5.7,0,79,0
CUST-5500,32,Premium,North,Small Business,2,Low,0,2,3,Email,0,0,0,13.0,13.2,0,17.5,2.5,125.2,9.1,2,17,1
CUST-5501,4,Standard,East,Individual,2,Low,2,1,2,Chat,0,0,0,58.1,62.5,1,1.8,4.0,95.5,-4.0,14,9,1
CUST-5502,50,Basic,South,Individual,4,High,0,1,5,Email,0,0,0,26.4,37.4,0,1.2,3.1,92.6,-11.0,1,16,0
CUST-5503,5,Standard,South,Small Business,0,Low,2,0,3,Chat,2,0,1,68.9,98.3,1,0.0,3.6,50.5,0.9,2,43,1
CUST-5504,20,Standard,North,Small Business,2,Low,0,1,3,Chat,0,1,1,29.8,37.5,0,0.0,2.9,69.9,-18.7,6,8,0
CUST-5505,37,Standard,North,Individual,6,Low,1,0,7,Email,0,0,1,25.9,48.3,0,0.0,2.1,124.6,8.7,1,22,1
CUST-5506,22,Standard,North,Individual,0,High,1,1,0,Ticket,0,0,0,11.2,15.8,0,0.3,5.0,122.4,19.6,1,136,1
CUST-5507,58,Basic,West,Small Business,0,Low,0,0,1,Ticket,0,0,0,2.3,54.5,0,0.0,3.3,73.2,-20.0,2,150,0
CUST-5508,68,Basic,West,Individual,0,Low,0,0,1,Chat,2,2,0,19.9,20.1,0,0.0,3.1,96.7,-4.5,15,155,0
CUST-5509,44,Basic,South,Individual,1,Medium,0,0,1,Email,2,0,0,12.6,15.6,0,0.0,5.0,97.3,15.0,3,5,1
CUST-5510,34,Standard,South,Small Business,1,Low,1,2,1,Call,0,0,1,17.9,18.2,0,4.9,5.0,122.5,7.6,2,20,0
CUST-5511,42,Standard,North,Individual,2,Medium,1,1,2,Chat,0,0,1,6.6,6.9,0,5.2,2.4,83.0,11.2,2,12,1
CUST-5512,9,Standard,West,Small Business,0,Medium,0,0,0,Call,0,0,1,4.4,39.8,0,0.0,3.8,99.1,-10.7,2,174,0
CUST-5513,7,Basic,East,Individual,0,Low,0,1,0,Email,0,1,0,6.2,11.0,0,0.6,2.5,120.2,-13.9,11,66,1
CUST-5514,68,Basic,West,Enterprise,2,Medium,0,0,3,Ticket,1,0,1,21.4,25.4,0,0.0,2.6,102.2,6.4,7,27,0
CUST-5515,19,Standard,South,Individual,1,Low,0,0,1,Ticket,1,0,0,61.1,65.8,1,0.0,3.3,32.2,-36.4,1,12,1
CUST-5516,31,Standard,West,Small Business,0,Low,0,1,0,Email,0,0,0,96.4,120.7,1,4.8,3.8,143.7,9.4,1,103,1
CUST-5517,35,Standard,South,Individual,1,Medium,0,0,4,Chat,0,0,0,33.1,38.7,0,0.0,2.1,111.3,-0.7,9,22,1
CUST-5518,57,Standard,North,Individual,2,Low,0,0,2,Ticket,0,1,0,63.2,76.7,1,0.0,3.0,116.9,-7.0,6,17,0
CUST-5519,61,Basic,East,Individual,3,Low,0,0,3,Chat,2,0,0,6.7,36.0,0,0.0,3.1,6.8,-76.1,0,22,1
CUST-5520,31,Standard,North,Small Business,1,Low,1,2,2,Ticket,1,0,1,0.1,5.8,0,2.8,3.0,96.2,-9.5,2,10,0
CUST-5521,53,Premium,North,Individual,1,High,0,1,1,Ticket,0,0,1,4.3,6.7,0,2.3,4.5,151.2,-13.2,3,6,1
CUST-5522,32,Standard,East,Individual,0,High,1,0,1,Chat,1,1,1,20.1,21.2,0,0.0,4.0,94.5,-28.3,9,87,1
CUST-5523,66,Standard,East,Individual,1,Low,0,1,2,Email,0,0,0,45.9,58.3,0,3.0,4.2,91.2,-21.4,9,15,1
CUST-5524,59,Standard,East,Individual,1,Low,0,0,1,Chat,0,0,1,49.3,63.2,1,0.0,2.7,101.6,-11.9,0,17,1
CUST-5525,10,Standard,South,Small Business,1,High,1,1,1,Call,1,0,1,35.5,66.2,0,3.1,3.1,161.1,1.3,4,24,1
CUST-5526,2,Standard,North,Enterprise,3,Medium,1,1,3,Ticket,0,0,1,28.7,38.4,0,2.5,2.2,86.0,-22.7,14,27,1
CUST-5527,66,Standard,South,Individual,1,Low,0,0,1,Ticket,0,0,1,7.3,37.5,0,0.0,3.8,138.6,0.7,0,19,0
CUST-5528,60,Standard,East,Individual,2,Medium,1,0,2,Chat,0,1,0,1.8,12.7,0,0.0,3.2,89.9,-21.7,2,5,1
CUST-5529,17,Basic,South,Enterprise,3,Low,0,0,3,Email,0,0,0,14.9,28.3,0,0.0,1.7,83.3,-6.8,2,12,0
CUST-5530,16,Premium,East,Small Business,2,Medium,0,1,3,Ticket,0,0,1,8.2,19.7,0,0.2,2.8,98.5,12.3,0,19,1
CUST-5531,16,Standard,West,Small Business,2,High,1,1,5,Call,1,1,1,2.7,8.1,0,0.6,5.0,70.2,4.6,19,20,0
CUST-5532,46,Basic,East,Individual,2,Low,1,2,2,Call,0,0,0,12.3,40.1,0,3.1,1.1,76.2,93.9,6,9,0
CUST-5533,39,Standard,North,Individual,1,Medium,0,1,1,Chat,0,0,1,14.9,47.3,0,6.1,2.4,98.6,-13.7,5,7,0
CUST-5534,31,Basic,North,Individual,0,Medium,1,0,1,Ticket,0,0,1,29.8,58.1,0,0.0,4.8,90.6,3.1,0,34,0
CUST-5535,1,Basic,North,Individual,2,High,0,0,2,Email,0,0,0,33.0,34.7,0,0.0,3.2,89.3,36.5,2,8,1
CUST-5536,11,Basic,South,Small Business,3,Low,0,0,4,Email,0,0,1,12.6,29.1,0,0.0,4.0,96.0,-8.1,4,12,1
CUST-5537,4,Standard,North,Individual,2,High,1,0,5,Chat,0,0,1,50.7,59.5,1,0.0,3.9,58.5,-15.5,3,18,0
CUST-5538,71,Premium,East,Individual,0,Low,0,2,0,Ticket,0,0,1,31.1,32.6,0,0.8,5.0,76.3,2.8,6,80,0
CUST-5539,26,Standard,West,Enterprise,3,Low,1,1,3,Email,0,0,1,11.3,12.3,0,0.4,1.0,114.7,0.6,8,25,1
CUST-5540,50,Standard,North,Individual,0,Low,0,0,0,Chat,0,0,0,8.6,26.6,0,0.0,3.8,75.9,-26.5,7,42,1
CUST-5541,12,Standard,South,Enterprise,1,High,1,1,1,Ticket,0,0,1,7.7,15.3,0,4.9,4.6,95.2,-10.6,14,7,1
CUST-5542,65,Basic,West,Individual,2,Low,0,0,4,Email,0,0,0,12.5,19.7,0,0.0,4.6,66.5,39.9,4,26,0
CUST-5543,47,Basic,North,Individual,1,High,0,0,2,Call,0,0,0,8.0,11.6,0,0.0,3.2,158.8,-4.0,9,1,0
CUST-5544,53,Standard,North,Individual,2,Low,0,1,2,Ticket,0,0,1,12.7,26.5,0,2.1,5.0,108.2,-4.9,20,9,0
CUST-5545,71,Premium,West,Individual,2,Medium,1,0,3,Chat,0,0,1,17.2,19.6,0,0.0,2.4,106.4,18.8,3,11,1
CUST-5546,2,Standard,North,Individual,2,Low,0,0,4,Email,0,0,1,3.6,3.7,0,0.0,3.0,83.3,-1.1,0,9,1
CUST-5547,24,Standard,South,Individual,1,Low,0,0,2,Email,0,0,1,32.0,32.2,0,0.0,4.4,56.7,62.2,1,17,0
CUST-5548,4,Premium,East,Individual,3,Medium,3,0,3,Chat,0,1,0,2.4,9.3,0,0.0,3.3,105.2,18.0,3,5,1
CUST-5549,19,Basic,East,Small Business,0,Medium,0,0,0,Ticket,0,2,1,10.4,29.4,0,0.0,3.9,100.0,27.4,5,155,0
CUST-5550,26,Standard,West,Individual,1,Low,1,0,3,Ticket,0,0,1,3.6,17.5,0,0.0,3.6,168.0,4.1,4,23,1
CUST-5551,40,Standard,East,Individual,2,Medium,1,1,2,Call,3,0,0,7.2,11.6,0,5.3,3.4,61.4,-34.4,5,28,1
CUST-5552,50,Standard,North,Individual,3,Low,0,0,3,Email,0,1,0,12.3,13.9,0,0.0,5.0,111.5,-13.5,6,10,1
CUST-5553,43,Basic,North,Individual,0,Medium,0,0,0,Chat,1,1,0,27.6,34.4,0,0.0,3.9,65.4,-21.4,3,137,1
CUST-5554,67,Standard,South,Individual,1,Low,0,0,1,Call,0,0,1,19.7,53.7,0,0.0,3.8,133.1,-2.9,8,23,0
CUST-5555,12,Standard,East,Individual,3,Low,0,2,3,Email,1,0,0,8.9,15.3,0,3.6,3.5,130.7,-4.3,5,2,1
CUST-5556,67,Basic,West,Individual,2,High,0,1,2,Email,0,0,1,17.9,19.8,0,0.6,2.5,135.2,-14.8,7,20,0
CUST-5557,27,Standard,North,Individual,2,Low,0,1,2,Email,0,1,0,7.0,40.3,0,2.4,2.6,86.0,-15.3,5,7,0
CUST-5558,54,Basic,West,Individual,0,Medium,1,2,0,Chat,0,0,1,36.5,42.3,0,1.8,4.1,98.4,-20.3,0,143,0
CUST-5559,66,Premium,North,Enterprise,4,Low,1,0,4,Chat,0,0,0,13.2,35.4,0,0.0,1.4,113.8,6.3,0,21,1
CUST-5560,49,Standard,North,Individual,2,Low,0,0,2,Chat,0,1,0,25.2,30.0,0,0.0,2.5,107.0,-16.5,0,11,0
CUST-5561,16,Premium,South,Individual,2,Low,2,0,4,Call,1,2,1,7.5,38.0,0,0.0,3.4,113.1,-26.4,0,26,0
CUST-5562,2,Basic,East,Enterprise,4,Low,0,1,5,Email,2,1,0,22.6,23.9,0,2.2,2.9,90.1,-2.6,1,10,0
CUST-5563,60,Basic,South,Enterprise,0,Low,0,0,0,Email,0,0,1,52.3,56.7,1,0.0,5.0,75.5,-4.7,4,144,1
CUST-5564,54,Basic,East,Small Business,0,Low,0,0,0,Call,1,0,1,2.3,21.8,0,0.0,3.9,89.5,-17.4,0,56,1
CUST-5565,30,Basic,West,Individual,3,Low,1,0,3,Call,0,0,0,17.9,25.4,0,0.0,2.9,148.8,-16.2,1,11,1
CUST-5566,38,Basic,East,Small Business,1,Low,0,0,2,Chat,1,1,1,13.9,25.9,0,0.0,1.0,136.4,-2.8,4,24,1
CUST-5567,28,Standard,West,Small Business,3,High,0,0,3,Email,1,0,0,15.6,20.4,0,0.0,2.1,121.9,15.6,1,22,1
CUST-5568,25,Basic,North,Small Business,2,Low,0,2,2,Ticket,0,1,0,4.3,11.1,0,12.8,5.0,133.1,0.3,1,17,1
CUST-5569,10,Standard,West,Individual,1,Medium,0,1,2,Ticket,0,0,0,0.5,14.5,0,3.0,1.6,83.0,6.7,8,20,0
CUST-5570,60,Basic,West,Individual,1,Low,1,1,3,Call,0,0,1,1.5,25.1,0,0.3,5.0,144.0,27.4,3,11,0
CUST-5571,42,Standard,North,Enterprise,0,Medium,0,1,1,Call,0,0,0,6.7,40.1,0,6.0,3.6,61.6,-26.1,1,64,0
CUST-5572,40,Standard,West,Individual,0,Low,1,0,0,Call,0,0,0,38.5,45.2,0,0.0,4.6,100.6,3.1,3,140,1
CUST-5573,42,Standard,West,Individual,1,Low,1,1,4,Ticket,0,0,1,32.9,47.8,0,1.2,3.5,107.2,-11.6,2,3,0
CUST-5574,47,Premium,North,Individual,3,Low,0,0,4,Ticket,0,0,0,107.7,118.1,1,0.0,4.8,50.9,-41.4,15,17,1
CUST-5575,37,Basic,North,Individual,1,Low,1,0,2,Chat,1,0,0,27.0,43.0,0,0.0,1.5,86.7,34.3,1,16,0
CUST-5576,22,Standard,North,Individual,0,High,2,0,1,Chat,0,1,1,8.7,23.2,0,0.0,4.5,108.3,-7.0,5,56,1
CUST-5577,57,Standard,East,Individual,6,Low,1,0,8,Email,2,0,1,50.1,64.6,1,0.0,3.8,23.9,-39.5,12,19,1
CUST-5578,27,Standard,North,Enterprise,1,High,0,1,1,Chat,0,0,1,31.3,39.9,0,0.7,3.2,62.6,-2.9,6,7,0
CUST-5579,41,Standard,North,Individual,3,High,1,2,3,Email,1,0,0,24.0,29.2,0,8.8,3.5,97.5,-8.3,2,1,1
CUST-5580,34,Standard,West,Individual,0,Low,1,0,0,Chat,0,0,1,15.4,23.6,0,0.0,4.1,91.9,-7.3,6,49,0
CUST-5581,32,Standard,South,Small Business,1,Low,0,1,2,Chat,0,0,0,25.2,52.5,0,3.9,2.9,66.9,25.9,1,17,1
CUST-5582,66,Standard,South,Individual,1,High,0,0,1,Chat,0,0,1,63.8,70.1,1,0.0,3.0,124.0,-16.8,6,14,0
CUST-5583,12,Premium,East,Individual,1,Low,0,0,1,Ticket,0,0,1,39.7,69.3,0,0.0,3.7,150.2,-8.1,7,25,0
CUST-5584,40,Premium,East,Individual,0,Medium,0,2,0,Ticket,0,0,0,4.3,7.1,0,0.8,2.2,92.8,-1.5,2,174,0
CUST-5585,10,Basic,South,Individual,0,High,0,0,0,Call,0,0,1,2.1,14.2,0,0.0,3.5,86.2,5.1,4,45,1
CUST-5586,48,Basic,South,Individual,5,Medium,1,0,5,Chat,0,0,1,0.3,2.1,0,0.0,1.0,47.1,32.3,4,16,1
CUST-5587,20,Premium,North,Small Business,1,Medium,0,1,2,Ticket,0,1,0,25.0,33.7,0,0.8,2.9,73.1,-16.3,4,17,1
CUST-5588,39,Premium,West,Enterprise,0,Medium,0,0,1,Email,0,0,0,6.5,59.4,0,0.0,5.0,38.8,-27.9,1,93,0
CUST-5589,60,Basic,North,Small Business,0,Medium,0,0,1,Chat,0,1,1,25.3,40.1,0,0.0,2.7,46.9,-28.7,4,96,0
CUST-5590,66,Basic,East,Individual,1,Low,0,0,2,Ticket,0,0,1,4.1,4.3,0,0.0,3.1,110.2,-24.5,2,15,0
CUST-5591,65,Premium,South,Individual,2,Low,0,0,2,Call,0,1,0,11.5,37.4,0,0.0,2.7,110.2,-8.0,0,18,1
CUST-5592,51,Standard,East,Individual,2,Medium,0,0,2,Call,0,0,0,0.3,10.7,0,0.0,3.9,101.1,-6.8,0,16,1
CUST-5593,36,Basic,North,Individual,1,High,0,2,1,Email,0,0,0,2.3,19.0,0,1.7,3.7,121.3,3.2,8,1,1
CUST-5594,24,Standard,East,Individual,0,Medium,0,2,0,Email,0,0,1,1.7,17.1,0,11.2,4.0,128.4,-20.5,7,115,1
CUST-5595,27,Premium,East,Small Business,1,Medium,0,0,1,Ticket,0,0,0,31.3,34.4,0,0.0,4.6,66.9,-36.8,13,1,1
CUST-5596,2,Premium,West,Individual,0,Low,2,0,0,Call,1,0,0,47.0,54.8,0,0.0,2.9,79.0,32.8,3,131,0
CUST-5597,31,Standard,East,Individual,3,High,0,2,4,Ticket,0,0,0,3.8,7.5,0,7.0,2.0,136.7,-0.1,4,2,0
CUST-5598,57,Standard,North,Individual,2,Low,0,0,3,Chat,0,0,0,14.9,17.8,0,0.0,4.9,116.3,-29.7,0,17,1
CUST-5599,66,Basic,West,Individual,2,Medium,1,2,3,Email,0,0,1,3.3,15.5,0,1.3,5.0,127.2,24.5,1,27,0
CUST-5600,29,Premium,East,Small Business,2,High,0,1,2,Email,0,0,0,30.2,33.6,0,2.5,1.2,98.1,3.2,6,26,0
CUST-5601,15,Basic,North,Enterprise,0,Low,0,0,1,Chat,1,0,0,34.4,37.8,0,0.0,4.7,105.7,-14.3,1,73,1
CUST-5602,12,Premium,South,Individual,0,High,1,0,0,Chat,0,1,1,30.8,45.5,0,0.0,3.1,93.3,-28.3,0,48,0
CUST-5603,28,Basic,West,Individual,1,High,1,1,1,Chat,0,0,0,5.8,13.5,0,2.0,5.0,118.5,-23.1,0,4,1
CUST-5604,24,Premium,East,Enterprise,1,High,2,0,2,Call,0,1,0,8.2,11.6,0,0.0,3.6,88.3,-14.8,3,14,1
CUST-5605,21,Basic,East,Small Business,3,Low,0,0,3,Call,0,0,0,4.7,11.9,0,0.0,1.0,124.9,-6.3,10,3,1
CUST-5606,10,Standard,West,Enterprise,3,Low,2,0,5,Chat,0,0,0,0.1,13.1,0,0.0,3.2,83.0,-21.6,2,11,1
CUST-5607,18,Basic,North,Individual,0,Medium,0,0,0,Email,0,0,0,1.3,15.0,0,0.0,4.4,96.4,-20.6,5,108,1
CUST-5608,14,Standard,East,Individual,0,Low,1,0,0,Email,0,1,1,85.8,120.1,1,0.0,3.9,53.9,-7.8,2,94,0
CUST-5609,34,Premium,North,Individual,0,Low,0,1,0,Call,0,0,1,48.9,88.8,1,2.2,5.0,45.5,-33.1,7,61,0
CUST-5610,58,Standard,West,Individual,5,High,1,1,5,Call,0,0,1,1.7,5.1,0,2.1,3.4,122.1,-4.2,8,4,1
CUST-5611,22,Standard,East,Small Business,0,Medium,1,1,1,Email,0,0,1,12.4,22.5,0,3.9,3.9,84.6,15.5,14,111,0
CUST-5612,70,Basic,South,Individual,4,Low,1,0,4,Ticket,1,0,0,73.4,82.3,1,0.0,1.0,116.9,-19.7,2,19,1
CUST-5613,36,Premium,South,Individual,0,Low,1,0,0,Call,0,1,1,1.1,23.0,0,0.0,4.0,72.1,-36.5,3,171,1
CUST-5614,45,Standard,South,Individual,2,Medium,0,0,2,Call,0,0,1,22.1,25.3,0,0.0,3.0,94.6,0.9,5,6,0
CUST-5615,36,Standard,West,Small Business,1,High,0,1,1,Email,1,0,1,2.3,6.1,0,0.7,3.4,111.9,2.8,3,14,0
CUST-5616,22,Standard,East,Individual,1,Low,0,0,1,Chat,1,0,1,8.6,11.1,0,0.0,2.9,102.1,67.2,0,4,0
CUST-5617,61,Standard,West,Individual,0,Low,0,2,0,Email,0,0,0,1.0,20.7,0,2.7,2.1,93.3,-16.3,5,58,0
CUST-5618,56,Standard,East,Small Business,4,Medium,1,1,4,Call,1,0,1,18.2,22.1,0,0.3,1.5,104.1,-22.0,0,10,1
CUST-5619,33,Standard,South,Individual,1,Low,1,0,2,Chat,0,0,0,24.2,32.4,0,0.0,4.5,126.1,-1.6,9,1,1
CUST-5620,45,Standard,South,Individual,1,Low,0,0,2,Ticket,0,0,0,0.8,5.4,0,0.0,4.6,96.8,-19.9,0,16,1
CUST-5621,36,Premium,North,Individual,0,Medium,0,0,0,Chat,1,0,1,14.0,74.5,0,0.0,5.0,105.9,7.3,7,59,0
CUST-5622,20,Premium,West,Small Business,2,Low,0,1,2,Ticket,1,0,1,7.1,22.8,0,1.5,3.0,114.4,2.5,0,26,1
CUST-5623,18,Basic,West,Small Business,0,Medium,0,0,0,Email,0,0,0,24.7,29.8,0,0.0,3.8,94.5,37.4,6,165,0
CUST-5624,38,Basic,North,Small Business,0,Medium,0,1,0,Chat,0,0,0,14.3,16.1,0,0.7,2.9,54.1,-15.6,0,40,1
CUST-5625,67,Basic,South,Enterprise,2,Low,0,1,3,Chat,0,0,0,0.3,9.0,0,0.7,3.4,90.6,-10.8,0,28,0
CUST-5626,23,Basic,South,Enterprise,0,High,0,0,0,Email,0,0,1,6.2,9.2,0,0.0,3.7,46.1,-14.0,0,126,1
CUST-5627,16,Standard,West,Small Business,0,Medium,1,0,1,Ticket,1,0,0,13.4,16.1,0,0.0,2.4,69.3,-24.0,1,77,1
CUST-5628,59,Premium,East,Individual,1,Medium,0,0,3,Ticket,1,0,0,2.0,7.3,0,0.0,4.0,87.4,-27.1,0,16,1
CUST-5629,69,Basic,South,Small Business,0,Low,0,0,1,Ticket,1,1,0,43.4,94.3,0,0.0,2.1,140.8,-3.5,0,68,0
CUST-5630,68,Standard,North,Individual,0,High,0,0,1,Chat,0,1,1,45.4,53.0,0,0.0,2.6,105.4,-26.7,0,91,1
CUST-5631,21,Premium,North,Enterprise,0,High,0,0,0,Chat,0,0,1,2.4,5.9,0,0.0,4.1,78.4,-7.0,2,92,1
CUST-5632,70,Premium,North,Small Business,1,Low,0,0,2,Ticket,0,0,0,43.0,48.9,0,0.0,2.5,90.3,-5.6,0,10,0
CUST-5633,12,Standard,West,Individual,3,Medium,0,0,3,Ticket,0,0,0,17.0,26.7,0,0.0,2.3,99.6,-6.9,1,29,1
CUST-5634,16,Standard,West,Individual,0,Low,0,0,0,Email,0,1,1,40.1,41.3,0,0.0,3.7,77.2,-34.0,1,104,1
CUST-5635,14,Standard,West,Individual,1,Low,0,1,4,Ticket,0,0,0,19.8,25.2,0,0.5,4.3,171.2,0.4,8,7,0
CUST-5636,61,Basic,West,Individual,1,Low,0,0,3,Email,0,0,1,49.8,52.1,1,0.0,4.8,105.0,-16.5,0,1,0
CUST-5637,71,Basic,North,Individual,0,Low,0,0,0,Ticket,1,0,0,12.3,13.7,0,0.0,3.0,107.1,-8.9,3,61,1
CUST-5638,46,Basic,North,Individual,0,Low,0,1,0,Ticket,0,0,0,126.2,162.1,1,2.2,4.7,114.1,-12.5,0,98,1
CUST-5639,32,Basic,West,Individual,1,Low,0,0,1,Ticket,0,1,1,39.0,44.0,0,0.0,3.1,53.8,5.2,2,22,0
CUST-5640,15,Premium,West,Small Business,0,High,1,2,3,Call,0,0,1,19.9,23.4,0,4.6,3.5,112.5,9.4,8,167,1
CUST-5641,44,Standard,North,Individual,0,Medium,0,0,2,Call,0,0,1,10.0,28.0,0,0.0,3.9,115.1,-18.2,3,69,0
CUST-5642,17,Standard,West,Individual,2,High,0,0,5,Email,0,0,1,19.1,20.0,0,0.0,4.5,97.3,-11.6,1,18,1
CUST-5643,41,Standard,West,Individual,1,Low,1,1,1,Ticket,2,0,1,26.1,80.4,0,3.1,3.7,139.3,0.4,2,8,0
CUST-5644,54,Basic,West,Small Business,3,Medium,0,0,4,Call,0,0,0,8.4,71.4,0,0.0,2.7,95.1,23.0,4,18,0
CUST-5645,44,Standard,West,Individual,0,Medium,1,1,0,Ticket,1,0,0,15.6,37.3,0,2.4,4.1,97.4,-1.6,11,107,0
CUST-5646,5,Premium,South,Individual,1,Medium,1,1,1,Email,0,0,1,44.2,109.4,0,0.9,3.9,109.9,-2.7,9,27,0
CUST-5647,27,Basic,West,Individual,1,Low,0,1,1,Ticket,0,0,1,60.9,65.3,1,1.7,1.7,96.2,-24.1,16,18,1
CUST-5648,43,Basic,North,Individual,1,Low,1,0,1,Ticket,1,1,1,19.3,23.7,0,0.0,4.0,107.8,11.6,0,3,0
CUST-5649,31,Standard,North,Individual,0,High,1,1,1,Call,0,1,0,3.3,33.7,0,1.9,4.2,95.8,-17.4,1,131,1
CUST-5650,17,Standard,North,Individual,1,Low,0,0,1,Ticket,1,1,0,29.2,43.2,0,0.0,4.3,84.8,-26.5,0,4,1
CUST-5651,54,Standard,North,Individual,1,Low,0,0,4,Call,1,0,1,5.7,25.0,0,0.0,3.3,61.7,2.7,3,16,0
CUST-5652,62,Standard,West,Small Business,1,Low,1,2,2,Chat,0,0,1,1.3,1.6,0,2.8,3.6,94.9,21.9,0,3,1
CUST-5653,32,Standard,South,Small Business,1,High,1,1,1,Call,0,0,0,9.3,18.6,0,0.6,3.4,104.8,-21.5,5,23,1
CUST-5654,40,Basic,East,Individual,1,Low,0,0,2,Chat,0,0,0,6.3,11.2,0,0.0,3.6,53.5,-47.3,15,10,0
CUST-5655,13,Basic,East,Small Business,1,Medium,1,0,1,Call,1,1,0,14.5,17.0,0,0.0,3.9,110.8,1.8,4,23,0
CUST-5656,35,Standard,East,Individual,0,Low,0,1,1,Chat,1,0,1,0.0,11.0,0,0.1,4.6,118.1,-1.7,6,106,0
CUST-5657,5,Premium,East,Individual,1,Medium,0,0,1,Call,0,0,1,22.8,27.6,0,0.0,4.0,140.4,1.1,1,9,0
CUST-5658,29,Premium,North,Individual,1,Medium,0,0,1,Ticket,0,1,1,11.7,23.4,0,0.0,3.7,122.0,-1.6,8,5,0
CUST-5659,70,Premium,West,Individual,2,Low,1,1,3,Call,0,0,0,6.0,7.2,0,3.7,1.8,106.2,-4.9,9,9,1
CUST-5660,25,Standard,West,Individual,0,High,1,0,0,Chat,1,1,1,6.3,30.3,0,0.0,3.6,73.5,-16.1,10,48,0
CUST-5661,22,Standard,East,Small Business,1,Medium,0,1,1,Chat,1,1,1,0.9,45.7,0,0.4,4.0,113.0,10.4,10,21,0
CUST-5662,66,Standard,East,Small Business,0,Low,1,0,0,Email,0,0,1,5.0,19.9,0,0.0,2.1,83.6,-16.4,1,32,0
CUST-5663,45,Premium,South,Individual,1,Low,0,0,1,Ticket,2,1,1,2.5,4.8,0,0.0,5.0,76.2,17.8,3,2,0
CUST-5664,69,Basic,South,Individual,1,Low,0,3,2,Ticket,0,0,1,11.5,32.2,0,5.0,3.2,96.7,-23.9,1,6,1
CUST-5665,1,Standard,South,Individual,1,High,1,0,2,Email,0,0,0,13.6,45.2,0,0.0,2.5,88.8,-29.4,10,18,1
CUST-5666,44,Standard,North,Individual,0,Low,0,0,0,Chat,0,0,0,34.7,41.5,0,0.0,3.3,144.9,-13.1,11,84,1
CUST-5667,39,Standard,West,Individual,1,Low,0,1,3,Call,0,0,0,16.7,27.5,0,0.7,2.8,74.9,18.2,5,25,1
CUST-5668,54,Basic,North,Enterprise,1,Low,1,0,2,Email,1,0,1,17.7,18.7,0,0.0,4.7,126.1,-11.2,1,20,0
CUST-5669,29,Standard,North,Individual,1,Low,0,1,1,Email,0,0,0,2.0,13.9,0,5.3,4.6,87.4,-4.2,0,16,1
CUST-5670,54,Standard,West,Small Business,1,Low,0,0,1,Email,0,0,0,8.6,9.4,0,0.0,5.0,130.1,-4.9,11,2,1
CUST-5671,16,Standard,South,Individual,1,Medium,1,0,1,Email,0,0,1,31.8,38.4,0,0.0,2.9,98.1,17.5,2,26,0
CUST-5672,20,Standard,West,Small Business,3,Low,0,2,3,Email,1,0,1,17.6,22.4,0,0.5,3.8,181.0,-6.0,5,25,0
CUST-5673,46,Basic,East,Small Business,2,High,0,1,3,Chat,0,0,1,9.4,12.4,0,0.6,3.0,171.1,-10.1,8,10,0
CUST-5674,67,Premium,South,Small Business,3,High,0,1,3,Email,1,0,1,11.3,40.0,0,1.7,3.8,89.5,-20.0,5,20,0
CUST-5675,65,Standard,West,Enterprise,3,Low,2,2,4,Chat,0,0,1,2.5,16.3,0,1.6,1.3,60.4,-27.4,22,25,1
CUST-5676,58,Standard,North,Individual,2,Medium,0,1,3,Chat,1,1,0,0.5,17.5,0,1.6,3.2,166.6,1.4,4,4,0
CUST-5677,53,Basic,West,Individual,2,Medium,1,1,3,Call,2,0,1,3.1,13.3,0,1.3,2.2,108.3,-5.6,4,12,1
CUST-5678,1,Basic,South,Small Business,1,Medium,0,1,2,Email,0,0,1,7.0,27.7,0,1.5,2.1,69.0,-8.7,4,15,0
CUST-5679,66,Standard,East,Individual,3,Low,0,0,3,Email,1,0,0,6.7,13.6,0,0.0,2.2,72.9,-10.8,3,12,1
CUST-5680,29,Standard,North,Small Business,0,Low,0,2,0,Call,0,0,1,24.3,33.0,0,0.9,2.7,99.5,-7.4,7,164,0
CUST-5681,70,Standard,East,Individual,1,High,0,1,1,Ticket,0,0,1,3.5,4.8,0,2.2,2.3,137.2,-6.6,13,27,0
CUST-5682,8,Basic,East,Individual,1,Low,0,2,1,Ticket,0,0,1,28.5,34.3,0,2.6,4.7,105.9,-9.5,11,3,1
CUST-5683,29,Premium,North,Individual,2,Medium,2,3,2,Email,0,0,1,24.7,26.4,0,6.8,3.1,114.0,-2.8,3,7,1
CUST-5684,51,Standard,West,Small Business,3,Medium,1,2,4,Ticket,0,0,1,3.3,13.1,0,3.6,1.4,90.7,-12.3,13,24,1
CUST-5685,33,Basic,West,Enterprise,2,Low,0,1,2,Email,2,0,0,21.6,63.5,0,2.8,3.1,111.9,17.0,0,28,0
CUST-5686,3,Standard,East,Individual,1,Medium,0,0,1,Ticket,0,0,0,7.9,32.9,0,0.0,3.3,103.9,2.8,4,5,1
CUST-5687,60,Premium,West,Individual,0,High,0,0,1,Chat,0,0,1,2.2,10.9,0,0.0,3.2,111.7,-18.5,3,159,1
CUST-5688,35,Standard,South,Small Business,0,Low,0,0,0,Ticket,0,0,0,19.5,24.9,0,0.0,4.1,81.4,-8.8,1,73,0
CUST-5689,69,Basic,East,Small Business,0,High,0,0,0,Ticket,0,0,1,31.5,37.5,0,0.0,3.5,104.2,-10.0,20,155,0
CUST-5690,20,Standard,East,Individual,1,Low,0,0,3,Chat,0,0,1,65.6,75.2,1,0.0,2.8,33.6,3.5,15,26,1
CUST-5691,39,Basic,East,Small Business,0,Medium,0,0,0,Call,0,0,1,16.0,20.2,0,0.0,3.6,132.6,-20.5,0,83,0
CUST-5692,4,Basic,South,Individual,0,Medium,0,1,0,Chat,0,0,0,16.7,22.9,0,0.2,4.8,71.5,-4.2,3,165,0
CUST-5693,19,Basic,East,Individual,0,Medium,0,2,2,Ticket,1,0,0,12.4,22.6,0,7.9,5.0,86.3,60.4,0,121,1
CUST-5694,45,Standard,West,Individual,4,Low,1,2,6,Email,1,0,0,7.4,35.0,0,0.8,3.2,114.2,1.1,2,12,1
CUST-5695,43,Basic,West,Small Business,1,Low,0,0,1,Email,0,0,1,3.1,4.6,0,0.0,4.3,132.3,-16.4,2,15,0
CUST-5696,13,Premium,West,Small Business,1,High,1,0,1,Ticket,1,0,1,7.1,14.9,0,0.0,4.4,107.2,-11.2,2,25,1
CUST-5697,13,Basic,West,Small Business,3,Low,1,1,3,Call,0,0,1,8.1,11.3,0,1.7,4.0,75.6,36.7,4,4,1
CUST-5698,60,Basic,East,Small Business,4,Medium,0,0,5,Email,0,1,1,26.7,41.9,0,0.0,4.6,106.1,-3.8,3,2,1
CUST-5699,57,Standard,South,Individual,0,High,1,0,0,Call,0,0,1,2.8,15.4,0,0.0,2.7,139.6,12.2,3,159,0
CUST-5700,52,Basic,North,Small Business,0,Low,1,0,0,Email,1,0,0,4.1,17.0,0,0.0,4.5,65.7,5.4,3,51,1
CUST-5701,53,Standard,West,Individual,1,Low,0,1,2,Call,2,0,1,71.6,83.0,1,3.4,5.0,81.1,4.3,4,18,0
CUST-5702,43,Basic,North,Small Business,0,High,0,0,2,Email,0,2,1,1.5,21.3,0,0.0,2.3,82.4,-29.5,1,91,1
CUST-5703,42,Basic,North,Individual,0,High,2,0,0,Email,1,0,1,53.0,55.5,1,0.0,5.0,143.7,4.6,8,160,0
CUST-5704,26,Basic,East,Small Business,1,Low,0,0,1,Email,0,0,1,3.2,6.2,0,0.0,2.4,115.1,3.3,4,5,0
CUST-5705,23,Standard,West,Small Business,0,Medium,1,0,0,Email,0,0,1,15.4,33.9,0,0.0,4.5,119.0,16.5,1,140,0
CUST-5706,43,Basic,West,Small Business,1,High,1,1,1,Ticket,1,0,1,10.1,12.2,0,4.6,3.6,123.0,18.5,0,19,0
CUST-5707,28,Standard,West,Small Business,0,Low,0,0,0,Email,0,2,0,10.2,29.7,0,0.0,3.9,119.7,2.0,7,156,1
CUST-5708,9,Standard,North,Individual,3,Low,0,2,4,Call,1,0,1,24.2,26.9,0,3.7,1.0,144.1,-1.9,3,19,0
CUST-5709,20,Standard,West,Small Business,3,Medium,3,0,4,Call,0,0,0,21.3,93.0,0,0.0,1.0,108.8,-6.0,1,1,1
CUST-5710,56,Standard,West,Individual,0,Low,1,0,0,Chat,1,2,1,57.3,58.0,1,0.0,3.3,89.0,-31.1,9,102,0
CUST-5711,39,Standard,South,Enterprise,2,Medium,0,0,2,Call,0,0,1,25.3,47.8,0,0.0,3.1,121.0,-13.2,6,5,1
CUST-5712,51,Premium,East,Small Business,0,Medium,1,1,0,Email,0,1,0,18.7,22.6,0,0.9,4.2,91.9,17.5,1,114,0
CUST-5713,12,Basic,West,Individual,1,Low,0,0,1,Call,1,0,0,3.9,9.7,0,0.0,2.8,51.0,-37.2,1,17,1
CUST-5714,55,Basic,West,Small Business,1,High,0,0,2,Email,0,0,1,12.9,49.4,0,0.0,3.2,86.4,-12.4,1,25,0
CUST-5715,11,Basic,East,Individual,1,Low,0,2,2,Email,0,1,1,13.8,19.2,0,18.0,2.4,101.5,-1.3,0,17,0
CUST-5716,26,Basic,East,Enterprise,1,Low,0,1,2,Chat,0,0,1,20.4,27.5,0,2.6,2.3,144.8,-9.7,14,19,1
CUST-5717,42,Basic,North,Small Business,1,Low,0,1,2,Ticket,0,1,1,9.1,12.1,0,0.5,2.9,110.2,-1.4,15,13,1
CUST-5718,27,Standard,North,Individual,4,Medium,0,0,4,Call,0,0,0,3.1,4.3,0,0.0,1.0,106.8,-3.3,2,12,1
CUST-5719,11,Standard,North,Individual,1,Low,1,2,1,Call,0,0,1,42.2,43.9,0,0.7,4.0,137.8,-9.3,0,24,1
CUST-5720,38,Premium,East,Individual,1,Low,0,0,1,Email,0,0,1,0.7,14.2,0,0.0,4.2,103.0,-17.8,2,16,1
CUST-5721,43,Basic,South,Small Business,4,High,0,3,5,Call,0,0,1,2.9,3.6,0,11.2,3.9,84.8,-1.7,2,1,0
CUST-5722,19,Basic,West,Small Business,1,High,0,1,1,Call,0,0,0,12.2,16.0,0,4.9,5.0,132.6,-17.3,1,23,0
CUST-5723,64,Premium,East,Individual,3,Low,0,0,3,Ticket,0,0,1,43.9,51.4,0,0.0,2.2,90.6,-4.9,0,5,0
CUST-5724,6,Premium,South,Small Business,0,Low,0,0,0,Call,0,0,0,2.2,3.9,0,0.0,5.0,147.6,-12.4,0,113,0
CUST-5725,46,Standard,East,Individual,1,Medium,0,0,1,Email,0,0,0,26.8,47.5,0,0.0,3.2,79.6,-4.6,13,13,0
CUST-5726,42,Standard,South,Individual,1,Medium,0,1,2,Ticket,0,0,1,6.8,60.1,0,0.6,3.9,98.1,-3.1,7,3,1
CUST-5727,65,Premium,East,Individual,2,High,0,0,2,Call,0,0,1,1.6,35.4,0,0.0,3.7,97.1,-18.2,1,27,0
CUST-5728,59,Standard,East,Individual,0,Low,0,0,1,Email,0,0,1,45.1,91.1,0,0.0,4.9,87.6,16.0,6,163,0
CUST-5729,52,Basic,South,Individual,0,Low,0,1,0,Email,2,0,0,71.8,83.6,1,1.7,3.5,86.6,-7.6,0,125,1
CUST-5730,47,Premium,South,Individual,1,Medium,1,0,2,Call,0,0,0,2.8,5.2,0,0.0,1.5,74.4,15.6,1,23,0
CUST-5731,7,Standard,South,Individual,2,Medium,1,1,3,Ticket,0,0,1,45.3,61.8,0,2.1,2.8,176.1,-4.8,5,2,1
CUST-5732,11,Basic,South,Small Business,2,Medium,2,1,3,Chat,0,0,0,20.9,21.8,0,6.9,5.0,127.8,-21.9,4,29,1
CUST-5733,61,Standard,South,Individual,3,High,0,0,3,Email,0,1,1,4.5,14.2,0,0.0,3.2,120.3,-11.7,4,28,1
CUST-5734,68,Standard,South,Individual,1,Medium,0,0,2,Call,0,2,1,22.3,45.6,0,0.0,5.0,176.3,-8.8,2,12,1
CUST-5735,25,Premium,South,Individual,2,Low,0,1,2,Chat,0,0,1,33.4,62.3,0,1.7,4.7,113.7,8.5,1,9,1
CUST-5736,12,Basic,South,Individual,1,Medium,0,0,1,Email,0,0,0,13.6,18.9,0,0.0,3.8,94.6,0.4,2,6,0
CUST-5737,26,Premium,East,Individual,3,Low,2,0,4,Ticket,0,0,0,48.0,51.8,1,0.0,2.4,103.6,-9.6,1,10,1
CUST-5738,12,Standard,South,Individual,3,Low,1,2,3,Chat,0,0,0,15.0,32.6,0,3.1,2.3,133.0,0.7,0,18,1
CUST-5739,43,Standard,South,Small Business,0,High,0,0,1,Call,0,1,1,4.1,6.3,0,0.0,4.1,23.2,-27.8,1,167,0
CUST-5740,51,Basic,East,Small Business,1,Medium,1,1,1,Chat,2,0,1,24.7,101.5,0,1.5,4.1,129.7,-14.8,0,13,0
CUST-5741,37,Standard,East,Individual,0,Low,1,0,0,Chat,1,1,1,22.6,28.7,0,0.0,5.0,168.4,-2.9,0,123,1
CUST-5742,46,Premium,North,Individual,4,Low,0,0,6,Email,0,0,1,20.5,41.2,0,0.0,1.5,60.3,-3.2,1,14,1
CUST-5743,53,Basic,North,Individual,0,Low,1,0,0,Email,0,0,1,42.4,61.8,0,0.0,2.9,72.1,-31.3,2,171,0
CUST-5744,13,Basic,South,Individual,1,Low,1,2,2,Call,0,0,0,15.0,20.6,0,11.2,3.8,78.3,13.3,14,28,1
CUST-5745,54,Standard,South,Small Business,1,Medium,0,0,3,Ticket,0,0,1,24.4,31.7,0,0.0,2.5,97.0,13.1,8,13,0
CUST-5746,57,Standard,North,Small Business,0,Medium,0,1,1,Email,0,0,1,61.9,89.5,1,0.9,4.5,115.7,-4.6,3,127,0
CUST-5747,4,Basic,North,Small Business,0,Low,0,1,0,Chat,0,0,1,3.0,6.8,0,2.0,3.9,99.0,5.1,5,89,1
CUST-5748,49,Standard,West,Individual,3,Low,0,0,4,Chat,0,0,0,9.8,10.7,0,0.0,2.1,142.9,-15.8,0,21,0
CUST-5749,7,Standard,West,Enterprise,3,Low,1,0,4,Call,0,0,1,4.9,7.3,0,0.0,5.0,127.0,-10.1,3,9,0
CUST-5750,11,Basic,South,Individual,2,Low,0,2,2,Email,0,0,0,7.8,25.1,0,10.1,3.4,125.4,-17.2,8,9,0
CUST-5751,54,Standard,West,Individual,0,Low,1,0,0,Ticket,0,0,0,14.3,18.4,0,0.0,4.6,98.5,-24.0,0,54,0
CUST-5752,45,Basic,North,Individual,0,Medium,0,0,0,Email,0,0,1,37.3,49.9,0,0.0,4.7,70.3,-21.0,7,80,0
CUST-5753,23,Standard,South,Small Business,2,Medium,0,0,3,Call,0,0,1,10.2,17.7,0,0.0,4.6,98.6,-23.1,2,7,0
CUST-5754,28,Standard,East,Small Business,3,High,0,1,4,Ticket,0,1,0,16.3,46.7,0,1.0,3.6,159.3,-3.7,1,6,1
CUST-5755,57,Standard,East,Individual,3,Medium,0,0,4,Email,0,1,1,33.5,43.5,0,0.0,3.1,15.3,-38.4,0,5,0
CUST-5756,26,Basic,North,Individual,1,Medium,1,0,1,Chat,2,0,0,52.7,54.9,1,0.0,3.1,124.6,-12.0,15,14,1
CUST-5757,25,Basic,West,Small Business,3,Low,1,0,5,Call,0,1,1,8.6,35.4,0,0.0,3.9,95.8,-29.5,0,29,0
CUST-5758,54,Premium,East,Enterprise,1,Low,1,1,2,Ticket,0,0,1,3.9,5.2,0,5.0,5.0,158.1,-7.9,8,4,0
CUST-5759,29,Standard,West,Individual,1,Medium,0,0,2,Ticket,0,1,1,17.5,43.9,0,0.0,5.0,93.7,-2.6,3,12,1
CUST-5760,36,Standard,East,Small Business,2,Low,0,0,2,Email,0,0,1,45.2,45.9,0,0.0,4.9,153.3,-5.1,12,15,0
CUST-5761,14,Standard,West,Individual,3,Medium,1,2,5,Ticket,0,0,1,5.7,5.8,0,4.8,3.2,102.0,19.0,8,22,1
CUST-5762,35,Standard,East,Small Business,0,Low,0,0,0,Chat,1,1,0,13.8,35.0,0,0.0,3.4,53.3,15.8,1,100,1
CUST-5763,30,Basic,East,Individual,0,High,0,0,1,Ticket,0,0,0,13.3,25.6,0,0.0,3.3,127.1,6.4,23,98,0
CUST-5764,17,Basic,South,Individual,0,Low,1,0,1,Call,1,0,1,52.4,56.0,1,0.0,3.7,123.1,-8.4,2,104,0
CUST-5765,67,Basic,South,Small Business,1,Low,0,0,3,Chat,0,0,0,12.2,62.9,0,0.0,4.8,74.0,-11.2,8,1,0
CUST-5766,30,Standard,North,Enterprise,4,High,1,0,5,Chat,0,0,1,15.4,30.6,0,0.0,4.6,88.9,-11.3,21,16,0
CUST-5767,45,Basic,East,Individual,0,Low,0,2,0,Email,0,0,1,3.0,7.1,0,3.4,4.9,49.5,-38.8,1,50,0
CUST-5768,51,Basic,West,Individual,1,High,1,0,1,Chat,1,0,1,12.3,20.3,0,0.0,2.5,130.4,-6.3,6,6,0
CUST-5769,47,Standard,East,Individual,6,Low,0,0,7,Ticket,0,0,0,8.4,45.0,0,0.0,1.0,109.9,-15.6,0,9,0
CUST-5770,53,Basic,West,Individual,1,Medium,2,0,1,Ticket,1,0,1,5.0,8.4,0,0.0,3.7,115.0,-19.1,4,21,1
CUST-5771,64,Standard,West,Small Business,2,Low,0,2,3,Email,1,2,0,14.2,53.4,0,5.9,1.9,129.5,1.8,2,25,0
CUST-5772,38,Basic,East,Individual,0,Low,1,0,1,Ticket,1,0,1,29.5,33.1,0,0.0,3.4,78.3,9.6,1,135,0
CUST-5773,64,Basic,West,Small Business,2,Medium,0,1,2,Ticket,1,1,1,3.9,4.2,0,0.6,2.7,84.9,-6.2,0,13,0
CUST-5774,7,Standard,North,Individual,2,Low,0,0,2,Chat,0,0,1,3.1,7.7,0,0.0,3.3,130.6,-9.0,0,24,1
CUST-5775,22,Basic,South,Enterprise,2,Low,1,1,2,Email,0,1,0,2.7,3.5,0,1.7,4.1,103.6,11.4,14,22,1
CUST-5776,41,Premium,West,Individual,3,Medium,0,0,5,Email,0,0,1,28.8,32.8,0,0.0,1.9,146.0,33.6,4,11,1
CUST-5777,10,Standard,East,Individual,1,High,0,1,3,Ticket,0,0,1,31.0,35.8,0,0.5,3.8,82.2,-20.9,0,24,0
CUST-5778,57,Basic,South,Individual,1,Low,0,0,1,Ticket,0,1,1,43.9,52.0,0,0.0,3.4,84.3,16.5,3,4,1
CUST-5779,7,Basic,North,Small Business,1,Low,0,1,2,Call,0,0,1,66.6,71.5,1,1.9,3.4,122.0,5.5,6,18,0
CUST-5780,50,Standard,West,Individual,1,Medium,0,0,2,Email,0,1,1,9.5,28.1,0,0.0,4.1,152.1,-10.9,8,7,1
CUST-5781,52,Basic,West,Individual,0,Medium,0,1,0,Chat,0,1,0,8.3,61.3,0,3.9,3.4,127.7,3.9,6,105,1
CUST-5782,33,Basic,South,Small Business,1,High,0,1,1,Ticket,0,1,0,95.3,96.0,1,5.6,3.8,163.4,17.8,0,4,1
CUST-5783,1,Standard,West,Small Business,0,Low,0,0,0,Call,0,0,0,3.1,13.9,0,0.0,4.5,127.6,-7.8,12,154,1
CUST-5784,53,Premium,East,Small Business,1,Medium,0,0,3,Call,0,0,0,0.9,5.4,0,0.0,3.3,86.2,-18.1,3,11,0
CUST-5785,60,Standard,South,Individual,0,Low,1,2,1,Chat,0,0,1,9.7,19.0,0,9.9,4.1,88.8,-24.5,5,82,1
CUST-5786,34,Standard,South,Individual,0,Low,0,0,1,Ticket,0,0,1,1.8,20.1,0,0.0,4.2,101.1,-17.0,1,124,1
CUST-5787,4,Premium,West,Small Business,0,Low,0,0,2,Chat,0,0,0,9.7,41.1,0,0.0,3.2,95.2,-23.4,5,81,0
CUST-5788,17,Basic,North,Individual,2,Low,2,1,2,Ticket,1,0,0,10.6,43.3,0,1.4,2.7,106.7,9.0,3,29,1
CUST-5789,4,Premium,North,Individual,0,Medium,1,0,0,Call,0,0,1,20.4,23.0,0,0.0,2.3,115.8,-24.1,1,147,0
CUST-5790,43,Standard,North,Individual,2,Low,0,0,2,Ticket,2,0,1,27.3,39.7,0,0.0,2.4,113.7,3.7,11,13,1
CUST-5791,4,Basic,North,Enterprise,1,High,0,1,2,Call,0,0,0,20.9,25.9,0,9.7,2.2,163.6,0.9,5,4,1
CUST-5792,1,Premium,South,Individual,0,Medium,0,1,1,Email,0,0,1,24.6,34.9,0,1.8,3.9,143.8,-5.9,2,41,0
CUST-5793,71,Basic,South,Small Business,1,Low,0,0,3,Call,1,0,1,9.2,47.1,0,0.0,4.3,123.2,-8.4,4,20,0
CUST-5794,50,Basic,West,Individual,1,High,1,0,1,Chat,0,0,0,12.2,13.1,0,0.0,4.1,114.0,4.9,10,2,0
CUST-5795,61,Standard,North,Small Business,3,High,0,0,3,Call,1,0,1,25.1,38.6,0,0.0,3.8,78.8,-19.0,4,28,1
CUST-5796,35,Standard,North,Small Business,0,Medium,1,0,0,Ticket,0,0,0,3.2,9.9,0,0.0,3.7,85.6,-14.1,2,96,1
CUST-5797,8,Basic,West,Individual,1,Low,1,0,1,Chat,1,0,1,24.9,55.3,0,0.0,3.5,75.9,-8.3,5,4,0
CUST-5798,24,Basic,West,Individual,2,Low,0,0,3,Chat,0,0,1,60.5,64.2,1,0.0,4.5,62.1,-19.4,2,26,0
CUST-5799,36,Standard,West,Small Business,0,Low,2,1,0,Email,0,1,1,3.9,9.9,0,0.8,2.4,71.6,-0.5,4,96,0
CUST-5800,50,Standard,East,Individual,2,Low,0,1,3,Email,1,0,0,10.0,10.3,0,1.3,1.6,179.7,-9.3,2,27,1
CUST-5801,43,Standard,West,Small Business,1,Low,1,3,1,Email,0,0,1,17.4,25.8,0,0.5,3.4,135.5,-7.0,1,15,0
CUST-5802,27,Premium,West,Small Business,1,Medium,0,0,3,Chat,0,0,0,25.3,40.4,0,0.0,4.2,109.1,1.4,0,20,1
CUST-5803,32,Basic,East,Individual,4,Low,1,0,4,Chat,0,0,0,5.8,9.1,0,0.0,1.6,137.8,-6.4,3,6,0
CUST-5804,18,Basic,North,Individual,1,Low,0,0,1,Ticket,0,0,0,17.6,32.7,0,0.0,3.6,120.5,-3.5,1,11,1
CUST-5805,28,Standard,South,Individual,0,Low,1,0,1,Chat,0,0,1,54.7,75.2,1,0.0,3.5,62.9,2.9,4,136,0
CUST-5806,29,Standard,North,Small Business,0,Low,0,0,0,Email,0,0,1,8.8,12.1,0,0.0,2.8,37.3,-33.4,12,133,0
CUST-5807,16,Basic,South,Individual,0,Low,0,1,1,Call,0,0,0,16.8,37.9,0,0.2,3.9,51.5,-15.4,3,123,1
CUST-5808,47,Basic,South,Enterprise,1,Low,1,0,2,Ticket,1,0,1,19.6,60.1,0,0.0,1.8,78.1,-21.7,10,3,1
CUST-5809,59,Premium,West,Enterprise,0,Medium,0,1,0,Ticket,0,1,1,43.7,47.4,0,2.3,4.3,69.6,-12.1,13,99,0
CUST-5810,31,Premium,West,Individual,3,Medium,0,0,3,Call,0,0,0,7.4,9.6,0,0.0,3.8,104.1,-6.6,4,2,1
CUST-5811,4,Standard,East,Individual,0,Low,0,0,1,Ticket,0,0,1,41.3,47.3,0,0.0,3.2,116.2,-11.1,4,79,0
CUST-5812,37,Basic,North,Individual,0,High,1,2,1,Email,0,0,0,22.4,25.6,0,4.4,4.6,65.6,-16.7,6,135,1
CUST-5813,17,Premium,North,Enterprise,1,Medium,0,2,1,Email,0,0,0,25.2,47.6,0,4.9,4.0,154.8,-1.6,0,15,1
CUST-5814,39,Premium,South,Individual,1,Low,1,0,3,Ticket,0,0,1,1.4,3.5,0,0.0,2.5,67.2,18.9,4,6,0
CUST-5815,48,Standard,West,Individual,2,Low,1,1,2,Ticket,0,0,0,8.8,9.2,0,2.0,3.0,111.1,27.5,4,29,1
CUST-5816,46,Premium,West,Small Business,2,Low,0,1,2,Ticket,0,1,0,2.5,9.0,0,0.6,3.7,87.1,-18.5,1,25,0
CUST-5817,48,Premium,North,Individual,0,Low,0,0,1,Chat,0,0,0,16.5,39.5,0,0.0,4.2,118.9,-8.7,6,95,0
CUST-5818,39,Premium,East,Individual,1,Low,0,1,2,Chat,1,0,0,36.4,52.2,0,1.2,2.1,111.3,5.0,8,17,1
CUST-5819,4,Premium,West,Individual,0,Medium,1,0,0,Chat,0,0,1,10.6,21.9,0,0.0,4.2,121.2,-15.0,1,91,0
CUST-5820,30,Standard,East,Small Business,2,High,1,1,2,Call,2,0,0,5.1,14.3,0,1.4,2.1,119.9,11.4,0,18,1
CUST-5821,30,Standard,North,Individual,2,Low,0,1,3,Call,0,0,1,7.3,23.0,0,0.8,1.6,84.9,-15.9,3,21,1
CUST-5822,22,Standard,North,Individual,1,Low,0,1,2,Email,0,0,0,17.0,27.2,0,3.5,3.9,107.8,-4.1,0,7,1
CUST-5823,66,Standard,East,Small Business,0,Low,1,0,2,Ticket,0,0,1,29.2,51.5,0,0.0,3.6,85.3,-8.6,0,143,1
CUST-5824,12,Standard,West,Individual,0,High,0,0,1,Ticket,0,0,0,23.4,53.6,0,0.0,3.9,61.7,-4.5,2,123,1
CUST-5825,36,Premium,North,Small Business,2,Low,0,0,4,Ticket,0,0,1,57.0,59.9,1,0.0,4.5,116.4,-18.1,4,21,0
CUST-5826,18,Standard,South,Individual,2,Low,0,1,2,Email,0,1,1,43.1,47.0,0,2.5,3.0,70.7,-23.5,6,9,1
CUST-5827,53,Standard,North,Individual,1,Low,0,1,2,Chat,1,0,0,2.2,13.0,0,0.4,2.7,97.5,20.3,2,24,1
CUST-5828,71,Standard,West,Individual,3,Medium,2,0,4,Call,0,0,0,24.3,54.5,0,0.0,1.5,130.8,-11.0,1,24,1
CUST-5829,1,Standard,South,Individual,2,Low,0,0,3,Call,0,0,1,10.0,47.6,0,0.0,4.2,122.1,-6.8,1,16,0
CUST-5830,58,Standard,North,Individual,0,Medium,0,0,3,Email,0,1,1,8.2,10.2,0,0.0,4.1,146.0,-4.4,3,166,0
CUST-5831,6,Basic,West,Individual,1,Low,0,1,1,Ticket,0,0,1,12.9,18.3,0,0.0,3.8,116.9,-5.5,5,5,0
CUST-5832,70,Standard,West,Individual,1,Low,0,1,2,Ticket,0,0,0,29.1,51.1,0,1.3,4.1,115.1,0.4,5,18,1
CUST-5833,44,Basic,North,Individual,3,Low,1,0,4,Call,0,0,1,10.8,51.5,0,0.0,4.3,106.8,-10.8,3,20,1
CUST-5834,24,Basic,West,Individual,3,High,0,0,3,Chat,1,1,0,34.4,35.7,0,0.0,2.0,181.7,5.7,1,12,1
CUST-5835,19,Standard,East,Individual,2,Low,0,0,2,Call,0,0,0,12.8,22.3,0,0.0,2.3,54.4,-39.8,4,5,0
CUST-5836,18,Basic,South,Individual,0,Medium,1,1,0,Chat,0,0,1,1.2,11.5,0,4.7,3.6,56.0,-1.5,5,132,0
CUST-5837,30,Basic,East,Small Business,0,Low,0,0,0,Chat,1,0,1,19.9,20.0,0,0.0,2.8,61.8,-20.5,11,70,0
CUST-5838,42,Basic,North,Individual,2,Low,0,0,2,Chat,0,0,1,30.4,59.3,0,0.0,3.4,78.0,-2.0,0,27,0
CUST-5839,33,Basic,East,Individual,1,Medium,1,0,1,Chat,0,0,1,7.6,9.3,0,0.0,3.1,48.1,0.1,4,11,0
CUST-5840,12,Standard,North,Small Business,2,Low,1,0,2,Ticket,0,0,1,5.0,32.3,0,0.0,3.7,128.4,-12.4,4,22,0
CUST-5841,27,Standard,North,Individual,0,Low,1,0,0,Call,0,0,1,20.4,20.8,0,0.0,3.5,88.2,-8.3,1,133,1
CUST-5842,39,Premium,West,Individual,4,Low,2,0,4,Call,0,0,0,8.7,69.8,0,0.0,2.9,101.8,-6.9,4,29,0
CUST-5843,9,Basic,West,Individual,3,Low,0,0,4,Chat,0,0,1,47.2,58.4,0,0.0,2.3,128.9,-19.4,6,23,1
CUST-5844,21,Basic,North,Enterprise,1,Low,0,0,2,Email,0,0,0,29.1,34.4,0,0.0,3.9,60.6,-19.4,8,11,0
CUST-5845,29,Basic,South,Individual,1,Low,1,1,2,Ticket,0,0,1,12.4,26.3,0,1.5,4.2,48.1,11.5,5,11,0
CUST-5846,33,Standard,South,Small Business,1,Low,0,0,2,Email,1,0,1,74.2,79.2,1,0.0,3.3,113.5,1.0,18,11,0
CUST-5847,62,Standard,South,Small Business,1,Low,0,1,1,Chat,0,1,1,8.4,10.2,0,2.3,4.0,114.0,-13.1,8,8,0
CUST-5848,15,Premium,East,Individual,1,Medium,0,0,2,Chat,1,0,1,11.8,16.1,0,0.0,3.1,109.2,-13.7,2,16,1
CUST-5849,2,Standard,North,Small Business,1,Low,0,1,1,Email,0,0,0,20.9,48.5,0,0.1,2.6,108.7,-11.0,10,16,1
CUST-5850,52,Standard,West,Individual,2,Medium,0,0,2,Call,0,0,0,14.4,18.6,0,0.0,3.8,57.1,-9.7,1,18,1
CUST-5851,44,Standard,East,Individual,2,Low,1,0,2,Call,0,1,1,8.4,16.4,0,0.0,3.3,119.3,-5.4,6,25,1
CUST-5852,54,Premium,East,Individual,1,Medium,0,0,1,Email,1,0,0,10.8,22.8,0,0.0,4.5,150.5,-4.1,0,18,1
CUST-5853,18,Basic,West,Small Business,0,Medium,0,0,2,Chat,0,0,1,39.9,70.5,0,0.0,2.7,125.4,-24.7,17,133,0
CUST-5854,3,Basic,North,Individual,2,Medium,0,2,2,Ticket,0,0,0,4.4,4.6,0,2.3,2.9,42.9,-20.1,5,25,0
CUST-5855,7,Standard,East,Individual,0,Medium,0,0,0,Chat,0,0,0,7.6,39.7,0,0.0,3.3,127.6,-17.8,6,123,1
CUST-5856,43,Standard,North,Small Business,0,Low,0,1,1,Call,0,1,0,4.4,24.7,0,0.1,3.7,91.5,-4.3,4,173,0
CUST-5857,38,Premium,North,Small Business,0,Low,0,1,0,Call,0,0,0,14.4,21.7,0,0.2,2.6,94.7,-22.7,2,50,1
CUST-5858,37,Standard,North,Enterprise,1,Medium,0,0,1,Chat,0,0,0,3.5,76.0,0,0.0,4.6,95.0,-2.7,2,12,1
CUST-5859,58,Basic,West,Individual,0,Low,0,0,0,Call,0,0,1,3.8,4.7,0,0.0,3.6,85.1,10.4,1,117,0
CUST-5860,33,Premium,North,Individual,2,Low,1,0,2,Email,0,0,0,36.0,56.0,0,0.0,1.3,99.0,12.2,7,7,1
CUST-5861,59,Premium,East,Individual,0,Low,1,0,3,Email,1,0,1,24.3,43.4,0,0.0,2.3,52.0,9.6,1,143,0
CUST-5862,11,Basic,West,Small Business,0,Low,0,1,0,Call,0,0,0,4.2,48.2,0,0.9,3.4,39.5,-3.1,9,131,1
CUST-5863,68,Premium,West,Individual,0,Medium,0,0,0,Chat,1,0,0,9.8,35.9,0,0.0,2.5,132.0,8.6,7,38,1
CUST-5864,68,Basic,East,Enterprise,4,Low,0,0,4,Email,0,0,1,49.8,62.6,1,0.0,2.8,141.7,-6.5,2,10,0
CUST-5865,22,Basic,West,Individual,2,Low,0,0,2,Call,0,1,1,40.8,44.8,0,0.0,4.3,79.9,-17.7,5,13,1
CUST-5866,66,Premium,East,Small Business,1,High,0,0,1,Call,0,0,0,21.3,31.9,0,0.0,2.8,162.0,-2.5,8,15,0
CUST-5867,44,Standard,South,Small Business,1,Low,0,1,1,Ticket,0,0,0,6.7,8.3,0,2.0,4.0,58.0,-3.3,0,18,0
CUST-5868,6,Basic,East,Small Business,1,Low,0,1,2,Chat,0,0,0,9.3,19.4,0,2.1,4.8,77.3,9.3,1,5,1
CUST-5869,42,Basic,West,Individual,0,Medium,1,0,2,Call,1,0,1,21.2,24.4,0,0.0,1.0,79.9,-2.7,17,138,1
CUST-5870,25,Standard,East,Individual,1,Low,1,0,1,Email,0,1,0,16.4,57.3,0,0.0,3.2,32.7,-40.5,2,7,1
CUST-5871,57,Basic,South,Individual,2,High,0,1,2,Call,0,1,1,16.4,24.3,0,2.5,2.6,103.9,-16.2,5,18,1
CUST-5872,55,Standard,North,Individual,1,Low,1,1,2,Chat,0,1,1,11.0,13.4,0,0.8,2.7,107.4,-11.3,1,2,0
CUST-5873,16,Standard,North,Individual,2,Low,0,1,2,Call,1,0,1,1.9,2.3,0,3.3,3.7,146.6,-15.2,2,14,0
CUST-5874,14,Basic,North,Small Business,1,Low,0,0,1,Email,0,0,1,2.6,8.6,0,0.0,2.8,117.6,-21.1,8,20,1
CUST-5875,39,Standard,West,Individual,1,Medium,0,0,1,Email,0,0,1,36.1,37.0,0,0.0,3.7,127.7,-7.2,3,22,1
CUST-5876,28,Premium,South,Enterprise,1,High,1,0,2,Call,2,0,1,43.1,52.3,0,0.0,3.7,81.9,-27.4,11,8,0
CUST-5877,51,Standard,East,Individual,0,Medium,2,0,0,Ticket,0,0,1,44.8,45.6,0,0.0,3.3,94.3,8.6,0,57,1
CUST-5878,49,Basic,East,Individual,2,Medium,0,0,3,Chat,0,1,0,12.9,39.7,0,0.0,4.7,125.5,-18.7,3,8,0
CUST-5879,9,Basic,East,Individual,0,Low,0,0,0,Email,0,1,0,54.8,64.2,1,0.0,5.0,84.2,0.3,8,78,1
CUST-5880,58,Standard,East,Small Business,0,High,0,0,0,Chat,1,0,0,36.4,60.0,0,0.0,1.4,139.3,-12.4,2,161,0
CUST-5881,45,Premium,West,Individual,0,Medium,0,0,0,Chat,0,0,0,9.7,16.5,0,0.0,4.4,95.3,-21.1,1,145,0
CUST-5882,22,Basic,West,Small Business,0,Low,0,1,1,Email,1,0,1,5.0,27.0,0,3.6,4.0,67.8,8.1,1,42,0
CUST-5883,32,Basic,South,Individual,1,Medium,2,2,1,Call,0,0,0,26.1,33.9,0,15.5,2.4,133.4,-2.5,2,13,1
CUST-5884,69,Standard,East,Enterprise,1,High,1,0,2,Chat,0,0,0,25.8,42.5,0,0.0,3.5,158.8,-12.7,6,12,1
CUST-5885,69,Standard,North,Individual,0,Medium,0,0,0,Call,2,0,0,44.2,62.9,0,0.0,4.7,78.0,-1.5,0,124,0
CUST-5886,42,Basic,West,Individual,0,Low,0,1,1,Ticket,1,0,0,1.0,14.9,0,6.0,3.4,88.7,-20.3,4,36,0
CUST-5887,53,Premium,South,Small Business,0,High,0,2,0,Ticket,0,0,1,8.7,9.5,0,5.4,3.2,75.2,23.9,0,132,1
CUST-5888,59,Basic,South,Small Business,0,Low,0,0,0,Chat,0,0,0,0.7,7.6,0,0.0,3.8,110.3,6.1,0,67,1
CUST-5889,39,Standard,West,Individual,2,Medium,0,1,3,Email,0,0,1,4.7,27.2,0,0.0,3.3,140.9,-15.7,1,26,0
CUST-5890,15,Standard,North,Small Business,1,Low,0,1,1,Chat,0,0,1,10.2,49.0,0,2.1,3.5,92.4,4.6,3,23,0
CUST-5891,71,Standard,North,Individual,0,High,1,0,1,Call,0,0,1,2.6,18.8,0,0.0,4.1,73.5,-18.5,7,53,0
CUST-5892,29,Basic,East,Small Business,3,Low,1,0,4,Call,2,0,0,34.6,85.9,0,0.0,1.9,80.9,-28.2,0,12,1
CUST-5893,3,Standard,West,Individual,4,Medium,1,0,4,Chat,1,1,1,4.5,9.3,0,0.0,3.3,64.2,-30.7,4,12,1
CUST-5894,10,Basic,North,Individual,2,Low,0,0,2,Chat,1,0,1,10.6,12.8,0,0.0,3.6,68.0,46.8,6,12,1
CUST-5895,29,Basic,West,Individual,1,Medium,1,1,2,Chat,2,0,1,32.4,38.3,0,0.2,4.3,58.5,28.9,9,15,0
CUST-5896,35,Standard,South,Small Business,3,High,2,0,4,Ticket,0,1,1,2.5,19.5,0,0.0,1.6,75.7,46.9,1,11,0
CUST-5897,6,Standard,South,Enterprise,1,High,0,0,1,Email,0,0,0,19.3,26.8,0,0.0,4.6,87.1,6.6,0,26,0
CUST-5898,12,Basic,South,Individual,2,Low,0,0,2,Call,1,0,1,56.4,72.6,1,0.0,3.7,87.6,-16.3,4,28,1
CUST-5899,38,Basic,West,Small Business,1,Low,1,0,1,Ticket,0,0,1,12.1,30.3,0,0.0,2.3,125.0,3.9,2,15,1
CUST-5900,19,Premium,East,Individual,1,Low,0,1,1,Ticket,0,0,1,5.5,19.8,0,0.9,3.3,88.9,-3.2,4,18,1
CUST-5901,67,Premium,East,Small Business,0,Low,0,1,1,Chat,1,0,1,57.4,80.0,1,0.7,4.1,112.3,-20.5,1,150,0
CUST-5902,8,Basic,North,Individual,0,Medium,1,1,0,Call,0,0,1,1.1,5.1,0,3.1,5.0,74.0,-7.6,1,178,0
CUST-5903,8,Standard,West,Individual,3,Medium,0,1,6,Call,0,0,1,7.5,9.2,0,2.5,2.0,119.4,-8.1,7,3,0
CUST-5904,47,Standard,East,Individual,3,Low,0,0,3,Call,0,0,1,34.0,34.7,0,0.0,5.0,138.7,-18.1,1,23,1
CUST-5905,4,Standard,West,Individual,0,Low,0,0,0,Call,0,1,1,3.3,59.3,0,0.0,3.4,65.6,12.5,15,124,0
CUST-5906,51,Premium,East,Individual,2,Medium,1,0,2,Chat,0,0,0,1.8,20.7,0,0.0,1.8,49.4,-24.2,6,28,1
CUST-5907,67,Basic,South,Small Business,1,Low,0,1,1,Ticket,0,0,0,12.3,16.3,0,5.9,3.9,110.4,-2.5,14,10,1
CUST-5908,45,Standard,South,Individual,2,Low,0,0,2,Ticket,1,0,0,8.1,17.8,0,0.0,2.7,97.8,-15.6,5,28,0
CUST-5909,8,Standard,North,Enterprise,1,Low,1,0,1,Ticket,2,0,1,31.9,32.9,0,0.0,1.5,131.0,-9.8,7,22,1
CUST-5910,16,Standard,South,Small Business,0,Low,0,1,0,Ticket,0,0,1,8.2,24.6,0,0.9,4.9,113.0,-18.3,2,103,0
CUST-5911,67,Standard,East,Individual,0,Low,0,1,0,Call,0,0,0,22.2,73.4,0,0.3,4.0,110.4,7.4,24,97,1
CUST-5912,9,Premium,North,Individual,0,High,0,1,0,Call,0,2,1,16.4,34.8,0,0.3,5.0,41.0,11.5,1,64,0
CUST-5913,60,Basic,North,Small Business,0,Low,1,0,0,Email,0,0,1,18.2,32.8,0,0.0,3.6,82.3,-5.4,0,103,0
CUST-5914,71,Basic,South,Enterprise,1,Medium,1,1,1,Chat,0,1,0,14.3,52.6,0,0.4,2.5,75.3,-19.5,10,4,1
CUST-5915,15,Basic,West,Enterprise,1,Medium,0,0,1,Call,0,0,0,2.9,13.7,0,0.0,2.3,103.2,-21.9,4,11,1
CUST-5916,71,Premium,South,Small Business,0,Medium,1,1,1,Call,0,0,1,1.3,21.8,0,3.0,2.5,133.2,2.0,2,139,1
CUST-5917,41,Standard,South,Individual,3,Low,0,1,5,Chat,0,0,0,15.7,56.2,0,1.4,3.5,124.0,-12.4,1,14,1
CUST-5918,22,Standard,North,Small Business,2,Low,2,0,3,Chat,0,1,1,21.0,36.6,0,0.0,3.6,90.4,13.1,15,10,0
CUST-5919,24,Basic,South,Individual,1,Low,0,0,1,Call,0,0,1,25.8,37.0,0,0.0,2.6,81.5,-23.9,12,20,0
CUST-5920,44,Premium,East,Individual,1,Medium,0,0,2,Ticket,1,0,0,25.6,38.6,0,0.0,2.9,77.6,-21.6,10,22,0
CUST-5921,1,Premium,North,Small Business,1,Medium,1,0,2,Email,0,0,0,27.0,49.0,0,0.0,4.9,132.6,7.2,5,23,1
CUST-5922,10,Standard,South,Small Business,4,High,2,0,6,Email,0,0,0,0.4,1.2,0,0.0,3.0,143.4,-3.9,1,3,0
CUST-5923,56,Basic,West,Enterprise,2,Low,0,0,3,Chat,1,0,0,5.1,11.0,0,0.0,4.3,148.9,5.4,9,20,0
CUST-5924,50,Basic,East,Individual,1,Low,1,1,1,Ticket,0,1,0,26.2,26.9,0,0.3,3.9,125.6,-18.6,11,8,0
CUST-5925,12,Standard,West,Small Business,2,Low,1,0,4,Chat,0,0,0,2.6,25.8,0,0.0,4.0,76.8,-13.9,1,23,0
CUST-5926,60,Standard,East,Small Business,1,Low,0,1,1,Email,0,0,0,4.1,41.1,0,1.8,3.7,68.6,-18.1,5,27,0
CUST-5927,26,Basic,West,Small Business,1,Low,0,1,1,Email,1,0,1,21.6,29.2,0,0.6,1.2,99.5,21.6,0,3,0
CUST-5928,41,Standard,South,Individual,1,Medium,0,0,1,Ticket,0,0,1,33.0,37.4,0,0.0,4.5,129.0,-11.1,7,2,1
CUST-5929,36,Basic,East,Small Business,2,Low,0,0,3,Email,0,0,1,3.5,4.2,0,0.0,2.9,36.6,22.1,6,14,1
CUST-5930,23,Standard,North,Individual,3,High,1,1,5,Email,0,0,1,16.0,16.1,0,2.9,2.7,140.5,-21.7,1,1,1
CUST-5931,43,Standard,North,Small Business,0,Low,0,0,1,Ticket,1,0,0,4.0,15.8,0,0.0,3.3,125.5,-6.5,1,176,1
CUST-5932,6,Basic,West,Small Business,0,Low,0,1,1,Email,1,0,1,4.7,10.8,0,0.5,3.7,89.3,-16.5,3,175,0
CUST-5933,69,Standard,West,Small Business,1,Medium,0,0,2,Chat,0,0,1,13.2,63.1,0,0.0,2.7,21.5,-17.2,5,16,1
CUST-5934,43,Basic,West,Individual,3,Low,0,0,4,Chat,0,0,1,22.4,47.9,0,0.0,4.6,125.8,-14.8,6,21,0
CUST-5935,25,Basic,East,Individual,0,High,0,1,0,Chat,0,0,1,17.1,26.1,0,2.6,3.9,137.7,-5.9,0,117,0
CUST-5936,18,Premium,North,Individual,1,Medium,0,0,1,Chat,0,0,1,1.9,5.3,0,0.0,2.8,56.1,-23.9,0,25,1
CUST-5937,62,Basic,South,Individual,1,Medium,1,1,1,Call,0,0,1,6.7,14.0,0,4.8,2.8,146.0,-11.3,4,26,0
CUST-5938,13,Basic,East,Enterprise,4,High,1,0,8,Email,0,0,1,55.7,56.8,1,0.0,2.2,89.5,11.5,1,16,0
CUST-5939,43,Basic,West,Individual,0,Low,0,2,0,Email,0,1,1,19.8,34.4,0,5.8,4.3,81.1,-16.5,2,47,0
CUST-5940,28,Basic,North,Individual,0,Low,0,2,1,Chat,0,0,0,21.5,51.5,0,4.2,5.0,142.5,-11.7,0,66,1
CUST-5941,18,Basic,West,Small Business,0,High,0,0,0,Email,1,0,1,4.7,13.3,0,0.0,3.3,41.1,-9.3,3,113,1
CUST-5942,59,Basic,South,Individual,2,Low,3,0,2,Call,0,0,1,63.5,73.3,1,0.0,4.1,94.2,-31.1,0,18,0
CUST-5943,60,Standard,South,Small Business,5,Low,0,0,6,Call,0,1,0,4.6,46.3,0,0.0,2.4,102.5,-7.2,22,23,1
CUST-5944,63,Basic,North,Individual,2,Low,1,1,2,Call,0,0,1,5.8,11.3,0,1.5,1.7,82.8,-21.4,0,29,0
CUST-5945,57,Standard,East,Individual,0,Low,1,1,0,Ticket,0,0,0,14.3,15.9,0,0.2,3.9,100.7,3.6,8,67,1
CUST-5946,51,Basic,South,Enterprise,1,Medium,0,0,1,Chat,0,0,1,13.7,14.8,0,0.0,4.0,107.5,-5.8,2,13,0
CUST-5947,56,Basic,South,Individual,2,Low,3,2,4,Email,0,0,0,0.7,22.6,0,0.4,3.8,76.4,-27.3,1,1,1
CUST-5948,27,Basic,South,Individual,0,Low,1,0,1,Call,0,0,1,27.2,30.9,0,0.0,4.4,79.2,-6.2,0,113,0
CUST-5949,32,Premium,South,Individual,1,Low,0,1,1,Call,0,0,1,2.0,104.9,0,0.3,2.8,86.9,0.2,10,29,0
CUST-5950,9,Standard,West,Individual,0,Low,0,1,0,Email,0,0,1,1.1,50.6,0,0.6,4.5,90.4,-17.1,1,124,0
CUST-5951,68,Standard,West,Small Business,1,High,1,1,1,Email,0,0,0,14.2,43.0,0,3.3,1.7,102.7,-24.5,6,22,1
CUST-5952,46,Basic,East,Small Business,1,Medium,0,1,1,Ticket,0,0,0,1.0,11.5,0,0.5,3.9,76.1,-16.4,0,1,0
CUST-5953,67,Premium,North,Individual,3,Low,0,0,3,Call,1,0,0,4.5,15.1,0,0.0,1.7,108.1,-11.0,19,26,1
CUST-5954,26,Basic,North,Small Business,1,Low,0,0,1,Call,0,0,1,9.9,50.3,0,0.0,4.6,135.4,-17.1,4,21,1
CUST-5955,8,Basic,North,Small Business,1,Low,0,0,2,Ticket,0,0,0,18.5,23.8,0,0.0,3.9,61.8,12.1,7,16,0
CUST-5956,6,Standard,South,Small Business,1,Low,0,0,1,Ticket,0,0,1,30.5,40.5,0,0.0,2.2,129.0,-9.9,0,18,0
CUST-5957,24,Basic,West,Individual,1,Medium,1,1,2,Email,1,0,1,6.8,14.6,0,0.2,3.7,75.8,0.4,5,20,1
CUST-5958,48,Premium,West,Small Business,0,Low,1,0,0,Chat,0,1,1,12.7,19.4,0,0.0,4.0,50.4,-35.5,11,91,1
CUST-5959,45,Basic,East,Individual,4,Low,0,0,6,Email,1,0,0,61.6,95.0,1,0.0,2.4,103.7,-6.6,3,13,1
CUST-5960,13,Premium,North,Small Business,1,Medium,0,0,2,Ticket,0,0,1,9.9,29.2,0,0.0,3.7,85.0,-15.9,9,12,1
CUST-5961,69,Standard,West,Enterprise,0,Medium,0,1,2,Chat,0,0,1,24.7,68.1,0,4.2,4.2,101.8,-2.2,3,148,1
CUST-5962,25,Standard,East,Individual,0,Medium,0,0,0,Ticket,0,1,1,6.3,7.5,0,0.0,3.2,43.5,41.0,18,156,1
CUST-5963,20,Basic,North,Individual,1,Medium,0,0,3,Call,0,0,1,19.5,45.9,0,0.0,2.3,80.2,-35.5,0,27,1
CUST-5964,66,Basic,South,Individual,1,Low,0,0,3,Ticket,0,0,1,32.7,38.6,0,0.0,2.5,154.9,7.3,13,1,1
CUST-5965,45,Premium,West,Individual,0,Low,2,0,0,Chat,0,0,1,49.1,62.5,1,0.0,3.6,59.8,-32.5,4,80,1
CUST-5966,47,Basic,West,Individual,1,Medium,0,1,2,Chat,0,0,1,55.5,73.7,1,3.0,4.4,145.1,-7.3,11,15,0
CUST-5967,63,Standard,North,Small Business,2,Low,0,1,3,Call,0,0,0,7.2,9.5,0,1.9,2.3,36.8,-42.4,0,8,1
CUST-5968,55,Premium,South,Individual,2,Low,0,0,2,Call,1,0,0,4.5,25.2,0,0.0,2.6,90.0,7.6,12,6,1
CUST-5969,19,Basic,South,Individual,2,Medium,0,0,4,Chat,1,0,1,33.6,39.9,0,0.0,3.7,79.5,-12.7,3,17,0
CUST-5970,35,Standard,West,Individual,0,Medium,1,0,1,Email,1,0,0,19.9,24.8,0,0.0,3.7,81.4,15.9,3,48,1
CUST-5971,53,Standard,North,Individual,1,Low,0,2,2,Ticket,0,1,0,10.7,20.3,0,1.0,1.4,96.8,-24.4,4,19,1
CUST-5972,26,Basic,East,Individual,1,Low,0,0,1,Email,0,1,1,0.7,23.7,0,0.0,3.7,133.9,-18.8,10,5,0
CUST-5973,14,Basic,West,Small Business,1,Medium,2,1,1,Call,1,0,1,7.4,15.2,0,6.9,3.3,55.6,9.2,8,28,1
CUST-5974,45,Standard,South,Individual,0,Low,0,0,0,Ticket,0,0,0,2.4,14.2,0,0.0,2.7,178.1,-8.2,0,98,0
CUST-5975,44,Basic,East,Enterprise,1,Low,0,0,1,Ticket,0,0,1,13.5,17.6,0,0.0,2.7,67.1,-22.5,0,11,0
CUST-5976,65,Standard,North,Individual,4,Medium,0,0,5,Call,1,0,1,35.1,40.9,0,0.0,2.9,103.5,-16.7,3,18,0
CUST-5977,51,Basic,South,Enterprise,0,Low,0,0,2,Email,0,0,0,7.5,50.1,0,0.0,4.5,68.9,-18.0,23,98,0
CUST-5978,43,Premium,East,Individual,2,Low,0,1,2,Email,0,3,0,8.9,46.6,0,2.5,2.2,119.3,-10.6,3,2,1
CUST-5979,23,Basic,West,Small Business,0,Low,0,0,0,Call,1,0,1,30.6,63.4,0,0.0,3.8,57.1,-22.9,0,53,0
CUST-5980,56,Standard,South,Small Business,1,Medium,0,2,4,Email,0,1,0,12.2,19.6,0,0.6,3.1,109.3,-1.5,2,8,1
CUST-5981,19,Standard,North,Small Business,0,Medium,1,0,0,Chat,0,1,1,22.1,22.5,0,0.0,3.3,106.2,-16.0,2,119,1
CUST-5982,55,Basic,South,Small Business,1,Medium,2,0,1,Call,0,0,1,4.2,41.9,0,0.0,3.8,100.8,-7.5,15,12,0
CUST-5983,60,Basic,West,Enterprise,0,Low,1,0,1,Chat,0,0,1,5.8,13.5,0,0.0,3.6,84.3,-32.2,14,78,0
CUST-5984,59,Standard,North,Small Business,2,Medium,0,0,2,Chat,0,0,1,20.2,44.6,0,0.0,3.1,58.0,-28.5,0,15,0
CUST-5985,33,Premium,West,Small Business,1,High,0,0,2,Chat,0,0,0,2.4,13.2,0,0.0,4.1,86.0,10.1,1,27,1
CUST-5986,19,Basic,East,Small Business,1,Low,0,1,2,Ticket,2,1,0,3.9,37.4,0,1.9,2.9,122.8,-11.8,3,13,1
CUST-5987,28,Standard,South,Small Business,0,Low,0,0,0,Chat,0,0,1,7.6,9.5,0,0.0,2.9,83.3,-21.4,4,157,0
CUST-5988,52,Basic,West,Individual,3,Medium,0,1,3,Email,0,0,0,4.0,30.5,0,9.9,4.4,113.3,-17.6,1,27,1
CUST-5989,49,Basic,East,Individual,1,High,0,0,2,Call,0,0,1,74.1,104.4,1,0.0,4.6,107.8,-14.6,4,8,0
CUST-5990,37,Standard,North,Small Business,3,High,0,0,3,Email,1,2,1,5.9,11.1,0,0.0,2.8,109.9,-17.3,1,17,0
CUST-5991,26,Premium,North,Individual,2,Low,2,0,2,Chat,1,0,0,61.8,76.6,1,0.0,2.4,78.5,-18.7,2,23,1
CUST-5992,40,Basic,East,Small Business,3,High,0,1,5,Chat,1,0,1,37.5,38.3,0,0.5,4.1,122.7,-7.8,3,15,0
CUST-5993,38,Premium,East,Individual,0,Low,0,0,0,Chat,2,0,1,8.1,13.7,0,0.0,3.6,109.2,-11.0,18,44,0
CUST-5994,54,Basic,North,Individual,2,Low,0,1,2,Chat,1,0,1,15.9,22.9,0,0.6,2.8,176.4,-13.0,0,18,0
CUST-5995,22,Standard,West,Small Business,1,High,0,0,3,Call,1,0,1,8.2,9.7,0,0.0,4.9,127.0,-20.8,13,20,0
CUST-5996,16,Standard,East,Individual,4,High,1,0,6,Call,0,0,0,24.3,32.8,0,0.0,2.2,160.1,-12.1,0,5,1
CUST-5997,28,Standard,West,Individual,1,Medium,0,0,1,Ticket,1,1,0,9.0,24.6,0,0.0,3.7,107.5,-2.0,0,10,1
CUST-5998,35,Standard,North,Individual,0,High,1,0,2,Call,0,0,1,12.6,28.3,0,0.0,3.1,147.8,-10.5,1,48,0
CUST-5999,60,Basic,West,Individual,0,Medium,1,0,0,Chat,0,0,0,25.4,34.9,0,0.0,3.3,55.9,-12.7,4,65,0
